$MeshFormat
4.1 0 8
$EndMeshFormat
$Entities
32 58 40 11
1 0 0 2 0 
2 0 0 3 0 
3 0 10 3 0 
4 0 10 2 0 
5 10 0 2 0 
6 10 0 3 0 
7 10 10 3 0 
8 0.8 1 3 0 
9 8.800000000000001 9 3 0 
10 10 10 2 0 
11 0.8 1 2.5 0 
12 8.800000000000001 9 2.5 0 
13 0 0 3.5 0 
14 0 10 3.5 0 
15 10 0 3.5 0 
16 10 10 3.5 0 
17 0.8 1 3.5 0 
18 8.800000000000001 9 3.5 0 
19 0 0 5 0 
20 0 10 5 0 
21 10 0 5 0 
22 10 10 5 0 
23 0.8 1 5 0 
24 8.800000000000001 9 5 0 
25 0 0 0 0 
26 0 0 1.5 0 
27 0 10 1.5 0 
28 0 10 0 0 
29 10 0 0 0 
30 10 0 1.5 0 
31 10 10 1.5 0 
32 10 10 0 0 
1 -1e-07 -1e-07 1.9999999 1e-07 1e-07 3.0000001 0 2 1 -2 
2 -1e-07 -1.000000002804313e-07 2.9999999 1e-07 10.0000001 3.0000001 0 2 2 -3 
3 -1e-07 9.999999900000001 1.9999999 1e-07 10.0000001 3.0000001 0 2 4 -3 
4 -1e-07 -1.000000002804313e-07 1.9999999 1e-07 10.0000001 2.0000001 0 2 1 -4 
5 -1.000000002804313e-07 -1e-07 1.9999999 10.0000001 1e-07 2.0000001 0 2 1 -5 
6 9.999999900000001 -1e-07 1.9999999 10.0000001 1e-07 3.0000001 0 2 5 -6 
7 -1.000000002804313e-07 -1e-07 2.9999999 10.0000001 1e-07 3.0000001 0 2 2 -6 
8 -1.000000002804313e-07 9.999999900000001 2.9999999 10.0000001 10.0000001 3.0000001 0 2 3 -7 
9 9.999999900000001 -1.000000002804313e-07 2.9999999 10.0000001 10.0000001 3.0000001 0 2 6 -7 
10 0.7999998499999998 0.7999998499999998 2.99999985 1.20000015 1.20000015 3.00000015 0 2 8 -8 
11 8.799999850000001 8.799999850000001 2.99999985 9.200000149999999 9.200000149999999 3.00000015 0 2 9 -9 
12 -1.000000002804313e-07 9.999999900000001 1.9999999 10.0000001 10.0000001 2.0000001 0 2 4 -10 
13 9.999999900000001 9.999999900000001 1.9999999 10.0000001 10.0000001 3.0000001 0 2 10 -7 
14 9.999999900000001 -1.000000002804313e-07 1.9999999 10.0000001 10.0000001 2.0000001 0 2 5 -10 
15 0.7999999000000001 0.9999999000000001 2.4999999 0.8000001 1.0000001 3.0000001 0 2 8 -11 
16 0.7999999000000001 0.7999999000000001 2.4999999 1.2000001 1.2000001 2.5000001 0 2 11 -11 
17 8.799999900000001 8.999999900000001 2.4999999 8.8000001 9.000000099999999 3.0000001 0 2 9 -12 
18 8.799999900000001 8.799999900000001 2.4999999 9.200000099999999 9.200000099999999 2.5000001 0 2 12 -12 
19 -1e-07 -1e-07 2.9999999 1e-07 1e-07 3.5000001 0 2 2 -13 
20 -1e-07 -1.000000002804313e-07 3.4999999 1e-07 10.0000001 3.5000001 0 2 13 -14 
21 -1e-07 9.999999900000001 2.9999999 1e-07 10.0000001 3.5000001 0 2 3 -14 
22 9.999999900000001 -1e-07 2.9999999 10.0000001 1e-07 3.5000001 0 2 6 -15 
23 -1.000000002804313e-07 -1e-07 3.4999999 10.0000001 1e-07 3.5000001 0 2 13 -15 
24 -1.000000002804313e-07 9.999999900000001 3.4999999 10.0000001 10.0000001 3.5000001 0 2 14 -16 
25 9.999999900000001 -1.000000002804313e-07 3.4999999 10.0000001 10.0000001 3.5000001 0 2 15 -16 
26 0.7999998499999998 0.7999998499999998 3.49999985 1.20000015 1.20000015 3.50000015 0 2 17 -17 
27 8.799999850000001 8.799999850000001 3.49999985 9.200000149999999 9.200000149999999 3.50000015 0 2 18 -18 
28 9.999999900000001 9.999999900000001 2.9999999 10.0000001 10.0000001 3.5000001 0 2 7 -16 
29 0.7999999000000001 0.9999999000000001 2.9999999 0.8000001 1.0000001 3.5000001 0 2 17 -8 
30 8.799999900000001 8.999999900000001 2.9999999 8.8000001 9.000000099999999 3.5000001 0 2 18 -9 
31 -1e-07 -1e-07 3.4999999 1e-07 1e-07 5.0000001 0 2 13 -19 
32 -1e-07 -1.000000002804313e-07 4.9999999 1e-07 10.0000001 5.0000001 0 2 19 -20 
33 -1e-07 9.999999900000001 3.4999999 1e-07 10.0000001 5.0000001 0 2 14 -20 
34 9.999999900000001 -1e-07 3.4999999 10.0000001 1e-07 5.0000001 0 2 15 -21 
35 -1.000000002804313e-07 -1e-07 4.9999999 10.0000001 1e-07 5.0000001 0 2 19 -21 
36 -1.000000002804313e-07 9.999999900000001 4.9999999 10.0000001 10.0000001 5.0000001 0 2 20 -22 
37 9.999999900000001 -1.000000002804313e-07 4.9999999 10.0000001 10.0000001 5.0000001 0 2 21 -22 
38 0.7999999000000001 0.7999999000000001 4.9999999 1.2000001 1.2000001 5.0000001 0 2 23 -23 
39 8.799999900000001 8.799999900000001 4.9999999 9.200000099999999 9.200000099999999 5.0000001 0 2 24 -24 
40 9.999999900000001 9.999999900000001 3.4999999 10.0000001 10.0000001 5.0000001 0 2 16 -22 
41 0.7999999000000001 0.9999999000000001 3.4999999 0.8000001 1.0000001 5.0000001 0 2 23 -17 
42 8.799999900000001 8.999999900000001 3.4999999 8.8000001 9.000000099999999 5.0000001 0 2 24 -18 
43 -1e-07 -1e-07 -9.999999994736442e-08 1e-07 1e-07 1.5000001 0 2 25 -26 
44 -1e-07 -1.000000002804313e-07 1.4999999 1e-07 10.0000001 1.5000001 0 2 26 -27 
45 -1e-07 9.999999900000001 -9.999999994736442e-08 1e-07 10.0000001 1.5000001 0 2 28 -27 
46 -1e-07 -1.000000002804313e-07 -1e-07 1e-07 10.0000001 1e-07 0 2 25 -28 
47 9.999999900000001 -1e-07 -9.999999994736442e-08 10.0000001 1e-07 1.5000001 0 2 29 -30 
48 9.999999900000001 -1.000000002804313e-07 1.4999999 10.0000001 10.0000001 1.5000001 0 2 30 -31 
49 9.999999900000001 9.999999900000001 -9.999999994736442e-08 10.0000001 10.0000001 1.5000001 0 2 32 -31 
50 9.999999900000001 -1.000000002804313e-07 -1e-07 10.0000001 10.0000001 1e-07 0 2 29 -32 
51 -1.000000002804313e-07 -1e-07 -1e-07 10.0000001 1e-07 1e-07 0 2 25 -29 
52 -1.000000002804313e-07 -1e-07 1.4999999 10.0000001 1e-07 1.5000001 0 2 26 -30 
53 -1.000000002804313e-07 9.999999900000001 -1e-07 10.0000001 10.0000001 1e-07 0 2 28 -32 
54 -1.000000002804313e-07 9.999999900000001 1.4999999 10.0000001 10.0000001 1.5000001 0 2 27 -31 
55 -1e-07 -1e-07 1.4999999 1e-07 1e-07 2.0000001 0 2 26 -1 
56 -1e-07 9.999999900000001 1.4999999 1e-07 10.0000001 2.0000001 0 2 27 -4 
57 9.999999900000001 -1e-07 1.4999999 10.0000001 1e-07 2.0000001 0 2 30 -5 
58 9.999999900000001 9.999999900000001 1.4999999 10.0000001 10.0000001 2.0000001 0 2 31 -10 
1 -1e-07 -1.000000002804313e-07 1.9999999 1e-07 10.0000001 3.0000001 0 4 -1 4 3 -2 
2 -1.000000002804313e-07 -1e-07 1.9999999 10.0000001 1e-07 3.0000001 0 4 -5 1 7 -6 
3 -1.499999999765578e-07 -1.499999999765578e-07 2.99999985 10.00000015 10.00000015 3.00000015 0 6 -2 7 9 -8 10 11 
4 -1.000000002804313e-07 9.999999900000001 1.9999999 10.0000001 10.0000001 3.0000001 0 4 -12 3 8 -13 
5 -1.000000002804313e-07 -1.000000002804313e-07 1.9999999 10.0000001 10.0000001 2.0000001 0 4 -4 5 14 -12 
6 9.999999900000001 -1.000000002804313e-07 1.9999999 10.0000001 10.0000001 3.0000001 0 4 -6 14 13 -9 
7 0.7999999000000001 0.7999999000000001 2.4999999 1.2000001 1.2000001 3.0000001 0 4 15 -16 -15 10 
8 8.799999900000001 8.799999900000001 2.4999999 9.200000099999999 9.200000099999999 3.0000001 0 4 17 -18 -17 11 
9 0.7999999000000001 0.7999999000000001 2.4999999 1.2000001 1.2000001 2.5000001 0 1 16 
10 8.799999900000001 8.799999900000001 2.4999999 9.200000099999999 9.200000099999999 2.5000001 0 1 18 
11 0.7999998499999998 0.7999998499999998 2.99999985 1.20000015 1.20000015 3.00000015 0 1 -10 
12 8.799999850000001 8.799999850000001 2.99999985 9.200000149999999 9.200000149999999 3.00000015 0 1 -11 
13 -1e-07 -1.000000002804313e-07 2.9999999 1e-07 10.0000001 3.5000001 0 4 -19 2 21 -20 
14 -1.000000002804313e-07 -1e-07 2.9999999 10.0000001 1e-07 3.5000001 0 4 -7 19 23 -22 
15 -1.499999999765578e-07 -1.499999999765578e-07 3.49999985 10.00000015 10.00000015 3.50000015 0 6 -20 23 25 -24 26 27 
16 -1.000000002804313e-07 9.999999900000001 2.9999999 10.0000001 10.0000001 3.5000001 0 4 -8 21 24 -28 
17 9.999999900000001 -1.000000002804313e-07 2.9999999 10.0000001 10.0000001 3.5000001 0 4 -22 9 28 -25 
18 0.7999999000000001 0.7999999000000001 2.9999999 1.2000001 1.2000001 3.5000001 0 4 -10 -29 26 29 
19 8.799999900000001 8.799999900000001 2.9999999 9.200000099999999 9.200000099999999 3.5000001 0 4 -11 -30 27 30 
20 0.7999998499999998 0.7999998499999998 3.49999985 1.20000015 1.20000015 3.50000015 0 1 -26 
21 8.799999850000001 8.799999850000001 3.49999985 9.200000149999999 9.200000149999999 3.50000015 0 1 -27 
22 -1e-07 -1.000000002804313e-07 3.4999999 1e-07 10.0000001 5.0000001 0 4 -31 20 33 -32 
23 -1.000000002804313e-07 -1e-07 3.4999999 10.0000001 1e-07 5.0000001 0 4 -23 31 35 -34 
24 -1.000000002804313e-07 -1.000000002804313e-07 4.9999999 10.0000001 10.0000001 5.0000001 0 6 -32 35 37 -36 38 39 
25 -1.000000002804313e-07 9.999999900000001 3.4999999 10.0000001 10.0000001 5.0000001 0 4 -24 33 36 -40 
26 9.999999900000001 -1.000000002804313e-07 3.4999999 10.0000001 10.0000001 5.0000001 0 4 -34 25 40 -37 
27 0.7999999000000001 0.7999999000000001 3.4999999 1.2000001 1.2000001 5.0000001 0 4 -26 -41 38 41 
28 8.799999900000001 8.799999900000001 3.4999999 9.200000099999999 9.200000099999999 5.0000001 0 4 -27 -42 39 42 
29 0.7999999000000001 0.7999999000000001 4.9999999 1.2000001 1.2000001 5.0000001 0 1 38 
30 8.799999900000001 8.799999900000001 4.9999999 9.200000099999999 9.200000099999999 5.0000001 0 1 39 
31 -1e-07 -1.000000002804313e-07 -9.999999994736442e-08 1e-07 10.0000001 1.5000001 0 4 -43 46 45 -44 
32 9.999999900000001 -1.000000002804313e-07 -9.999999994736442e-08 10.0000001 10.0000001 1.5000001 0 4 -47 50 49 -48 
33 -1.000000002804313e-07 -1e-07 -9.999999994736442e-08 10.0000001 1e-07 1.5000001 0 4 -51 43 52 -47 
34 -1.000000002804313e-07 9.999999900000001 -9.999999994736442e-08 10.0000001 10.0000001 1.5000001 0 4 -53 45 54 -49 
35 -1.000000002804313e-07 -1.000000002804313e-07 -1e-07 10.0000001 10.0000001 1e-07 0 4 -46 51 50 -53 
36 -1.000000002804313e-07 -1.000000002804313e-07 1.4999999 10.0000001 10.0000001 1.5000001 0 4 -44 52 48 -54 
37 -1e-07 -1.000000002804313e-07 1.4999999 1e-07 10.0000001 2.0000001 0 4 -55 44 56 -4 
38 9.999999900000001 -1.000000002804313e-07 1.4999999 10.0000001 10.0000001 2.0000001 0 4 -57 48 58 -14 
39 -1.000000002804313e-07 -1e-07 1.4999999 10.0000001 1e-07 2.0000001 0 4 -52 55 5 -57 
40 -1.000000002804313e-07 9.999999900000001 1.4999999 10.0000001 10.0000001 2.0000001 0 4 -54 56 12 -58 
1 -1.000000002804313e-07 -1.000000002804313e-07 -9.999999994736442e-08 10.0000001 10.0000001 1.5000001 0 6 -31 32 -33 34 -35 36 
2 -1.000000002804313e-07 -1.000000002804313e-07 1.4999999 10.0000001 10.0000001 2.0000001 0 6 -37 38 -39 40 -36 5 
3 -1.499999999765578e-07 -1.499999999765578e-07 1.99999985 10.00000015 10.00000015 3.00000015 0 10 -1 -2 3 4 -5 6 -7 -8 -9 -10 
4 0.7999998499999998 0.7999998499999998 2.49999985 1.20000015 1.20000015 3.00000015 0 3 11 7 9 
5 8.799999850000001 8.799999850000001 2.49999985 9.200000149999999 9.200000149999999 3.00000015 0 3 12 8 10 
6 -1.499999999765578e-07 -1.499999999765578e-07 2.99999985 10.00000015 10.00000015 3.50000015 0 8 -13 -14 15 16 -3 17 -18 -19 
7 0.7999998499999998 0.7999998499999998 2.99999985 1.20000015 1.20000015 3.50000015 0 3 20 18 -11 
8 8.799999850000001 8.799999850000001 2.99999985 9.200000149999999 9.200000149999999 3.50000015 0 3 21 19 -12 
9 -1.499999999765578e-07 -1.499999999765578e-07 3.49999985 10.00000015 10.00000015 5.00000015 0 8 -22 -23 24 25 -15 26 -27 -28 
10 0.7999998499999998 0.7999998499999998 3.49999985 1.20000015 1.20000015 5.00000015 0 3 -29 27 -20 
11 8.799999850000001 8.799999850000001 3.49999985 9.200000149999999 9.200000149999999 5.00000015 0 3 -30 28 -21 
$EndEntities
$Nodes
141 718 1 718
0 1 0 1
1
0 0 2
0 2 0 1
2
0 0 3
0 3 0 1
3
0 10 3
0 4 0 1
4
0 10 2
0 5 0 1
5
10 0 2
0 6 0 1
6
10 0 3
0 7 0 1
7
10 10 3
0 8 0 1
8
0.8 1 3
0 9 0 1
9
8.800000000000001 9 3
0 10 0 1
10
10 10 2
0 11 0 1
11
0.8 1 2.5
0 12 0 1
12
8.800000000000001 9 2.5
0 13 0 1
13
0 0 3.5
0 14 0 1
14
0 10 3.5
0 15 0 1
15
10 0 3.5
0 16 0 1
16
10 10 3.5
0 17 0 1
17
0.8 1 3.5
0 18 0 1
18
8.800000000000001 9 3.5
0 19 0 1
19
0 0 5
0 20 0 1
20
0 10 5
0 21 0 1
21
10 0 5
0 22 0 1
22
10 10 5
0 23 0 1
23
0.8 1 5
0 24 0 1
24
8.800000000000001 9 5
0 25 0 1
25
0 0 0
0 26 0 1
26
0 0 1.5
0 27 0 1
27
0 10 1.5
0 28 0 1
28
0 10 0
0 29 0 1
29
10 0 0
0 30 0 1
30
10 0 1.5
0 31 0 1
31
10 10 1.5
0 32 0 1
32
10 10 0
1 1 0 0
1 2 0 9
33
34
35
36
37
38
39
40
41
0 1 3
0 2 3
0 3 3
0 4 3
0 5 3
0 6 3
0 7 3
0 8 3
0 9 3
1 3 0 0
1 4 0 9
42
43
44
45
46
47
48
49
50
0 1 2
0 2 2
0 3 2
0 4 2
0 5 2
0 6 2
0 7 2
0 8 2
0 9 2
1 5 0 9
51
52
53
54
55
56
57
58
59
1 0 2
2 0 2
3 0 2
4 0 2
5 0 2
6 0 2
7 0 2
8 0 2
9 0 2
1 6 0 0
1 7 0 9
60
61
62
63
64
65
66
67
68
1 0 3
2 0 3
3 0 3
4 0 3
5 0 3
6 0 3
7 0 3
8 0 3
9 0 3
1 8 0 9
69
70
71
72
73
74
75
76
77
1 10 3
2 10 3
3 10 3
4 10 3
5 10 3
6 10 3
7 10 3
8 10 3
9 10 3
1 9 0 9
78
79
80
81
82
83
84
85
86
10 1 3
10 2 3
10 3 3
10 4 3
10 5 3
10 6 3
10 7 3
10 8 3
10 9 3
1 10 0 6
87
88
89
90
91
92
0.8753020396282534 1.156366296493606 3
1.044504186791263 1.194985582436365 3
1.180193773580484 1.086776747823511 3
1.180193773580483 0.9132232521764875 3
1.044504186791261 0.8050144175636349 3
0.8753020396282527 0.8436337035063944 3
1 11 0 6
93
94
95
96
97
98
8.875302039628254 9.156366296493607 3
9.044504186791263 9.194985582436365 3
9.180193773580484 9.08677674782351 3
9.180193773580484 8.913223252176488 3
9.044504186791261 8.805014417563635 3
8.875302039628252 8.843633703506395 3
1 12 0 9
99
100
101
102
103
104
105
106
107
1 10 2
2 10 2
3 10 2
4 10 2
5 10 2
6 10 2
7 10 2
8 10 2
9 10 2
1 13 0 0
1 14 0 9
108
109
110
111
112
113
114
115
116
10 1 2
10 2 2
10 3 2
10 4 2
10 5 2
10 6 2
10 7 2
10 8 2
10 9 2
1 15 0 0
1 16 0 6
117
118
119
120
121
122
0.8753020396282534 1.156366296493606 2.5
1.044504186791263 1.194985582436365 2.5
1.180193773580484 1.086776747823511 2.5
1.180193773580483 0.9132232521764875 2.5
1.044504186791261 0.8050144175636349 2.5
0.8753020396282527 0.8436337035063944 2.5
1 17 0 0
1 18 0 6
123
124
125
126
127
128
8.875302039628254 9.156366296493607 2.5
9.044504186791263 9.194985582436365 2.5
9.180193773580484 9.08677674782351 2.5
9.180193773580484 8.913223252176488 2.5
9.044504186791261 8.805014417563635 2.5
8.875302039628252 8.843633703506395 2.5
1 19 0 0
1 20 0 6
129
130
131
132
133
134
0 0.9292813855804108 3.5
0 1.846291722872622 3.5
0 2.981933487001756 3.5
0 4.53248728264485 3.5
0 6.354730028076615 3.5
0 8.177365014038308 3.5
1 21 0 0
1 22 0 0
1 23 0 6
135
136
137
138
139
140
0.9292813855804108 0 3.5
1.846291722872622 0 3.5
2.981933487001756 0 3.5
4.53248728264485 0 3.5
6.354730028076615 0 3.5
8.177365014038308 0 3.5
1 24 0 6
141
142
143
144
145
146
1.822634985961692 10 3.5
3.645269971923385 10 3.5
5.467512717355149 10 3.5
7.018066512998243 10 3.5
8.153708277127379 10 3.5
9.07071861441959 10 3.5
1 25 0 6
147
148
149
150
151
152
10 1.822634985961692 3.5
10 3.645269971923385 3.5
10 5.467512717355149 3.5
10 7.018066512998243 3.5
10 8.153708277127379 3.5
10 9.07071861441959 3.5
1 26 0 6
153
154
155
156
157
158
0.8753020396282534 1.156366296493606 3.5
1.044504186791263 1.194985582436365 3.5
1.180193773580484 1.086776747823511 3.5
1.180193773580483 0.9132232521764875 3.5
1.044504186791261 0.8050144175636349 3.5
0.8753020396282527 0.8436337035063944 3.5
1 27 0 6
159
160
161
162
163
164
8.875302039628254 9.156366296493607 3.5
9.044504186791263 9.194985582436365 3.5
9.180193773580484 9.08677674782351 3.5
9.180193773580484 8.913223252176488 3.5
9.044504186791261 8.805014417563635 3.5
8.875302039628252 8.843633703506395 3.5
1 28 0 0
1 29 0 0
1 30 0 0
1 31 0 0
1 32 0 4
165
166
167
168
0 2 5
0 4 5
0 6 5
0 8 5
1 33 0 0
1 34 0 0
1 35 0 4
169
170
171
172
2 0 5
4 0 5
6 0 5
8 0 5
1 36 0 4
173
174
175
176
2 10 5
4 10 5
6 10 5
8 10 5
1 37 0 4
177
178
179
180
10 2 5
10 4 5
10 6 5
10 8 5
1 38 0 6
181
182
183
184
185
186
0.8753020396282534 1.156366296493606 5
1.044504186791263 1.194985582436365 5
1.180193773580484 1.086776747823511 5
1.180193773580483 0.9132232521764875 5
1.044504186791261 0.8050144175636349 5
0.8753020396282527 0.8436337035063944 5
1 39 0 6
187
188
189
190
191
192
8.875302039628254 9.156366296493607 5
9.044504186791263 9.194985582436365 5
9.180193773580484 9.08677674782351 5
9.180193773580484 8.913223252176488 5
9.044504186791261 8.805014417563635 5
8.875302039628252 8.843633703506395 5
1 40 0 0
1 41 0 1
193
0.8 1 4.25
1 42 0 1
194
8.800000000000001 9 4.25
1 43 0 0
1 44 0 6
195
196
197
198
199
200
0 0.9292813855804108 1.5
0 1.846291722872622 1.5
0 2.981933487001756 1.5
0 4.53248728264485 1.5
0 6.354730028076615 1.5
0 8.177365014038308 1.5
1 45 0 0
1 46 0 4
201
202
203
204
0 2 0
0 4 0
0 6 0
0 8 0
1 47 0 0
1 48 0 6
205
206
207
208
209
210
10 1.822634985961692 1.5
10 3.645269971923385 1.5
10 5.467512717355149 1.5
10 7.018066512998243 1.5
10 8.153708277127379 1.5
10 9.07071861441959 1.5
1 49 0 0
1 50 0 4
211
212
213
214
10 2 0
10 4 0
10 6 0
10 8 0
1 51 0 4
215
216
217
218
2 0 0
4 0 0
6 0 0
8 0 0
1 52 0 6
219
220
221
222
223
224
0.9292813855804108 0 1.5
1.846291722872622 0 1.5
2.981933487001756 0 1.5
4.53248728264485 0 1.5
6.354730028076615 0 1.5
8.177365014038308 0 1.5
1 53 0 4
225
226
227
228
2 10 0
4 10 0
6 10 0
8 10 0
1 54 0 6
229
230
231
232
233
234
1.822634985961692 10 1.5
3.645269971923385 10 1.5
5.467512717355149 10 1.5
7.018066512998243 10 1.5
8.153708277127379 10 1.5
9.07071861441959 10 1.5
1 55 0 0
1 56 0 0
1 57 0 0
1 58 0 0
2 1 0 10
235
236
237
238
239
240
241
242
243
244
0 0.5 2.5
0 9.5 2.5
0 1.5 2.5
0 2.5 2.5
0 3.5 2.5
0 4.5 2.5
0 5.5 2.5
0 6.5 2.5
0 7.5 2.5
0 8.5 2.5
2 2 0 10
245
246
247
248
249
250
251
252
253
254
0.5 0 2.5
9.5 0 2.5
1.5 0 2.5
2.5 0 2.5
3.5 0 2.5
4.5 0 2.5
5.5 0 2.5
6.5 0 2.5
7.5 0 2.5
8.5 0 2.5
2 3 0 116
255
256
257
258
259
260
261
262
263
264
265
266
267
268
269
270
271
272
273
274
275
276
277
278
279
280
281
282
283
284
285
286
287
288
289
290
291
292
293
294
295
296
297
298
299
300
301
302
303
304
305
306
307
308
309
310
311
312
313
314
315
316
317
318
319
320
321
322
323
324
325
326
327
328
329
330
331
332
333
334
335
336
337
338
339
340
341
342
343
344
345
346
347
348
349
350
351
352
353
354
355
356
357
358
359
360
361
362
363
364
365
366
367
368
369
370
4.5 9.133974596215561 3
4.5 0.8660254037844386 3
0.8889799384792317 3.483304162065733 3
9.25643751992131 6.514531206236644 3
9.133974596215559 3.5 3
0.8660254037844386 6.5 3
6.53546280160135 0.9512133784362791 3
6.5 9.133974596215561 3
2.540211967676215 9.204077431036604 3
2.530339625521253 0.8402951534986454 3
8.408174380942594 0.9056972474407964 3
0.8294974041488169 8.494067683006772 3
3.505056604253542 0.8617370287368062 3
4.008154226654132 1.727114805411636 3
4.969761944059117 1.712985549979798 3
4.5 2.598076211353316 3
5.602013989193897 2.563066326763917 3
4.994022627011172 3.471533972964035 3
4.004095948744389 3.449234811512534 3
4.499686429292595 4.328887944622368 3
5.475971804862818 4.344426571434448 3
4.995943039025905 5.198329169075369 3
3.999271578053085 5.19630870138479 3
5.995319140648123 5.198898472520126 3
5.498543696612343 6.06299829252144 3
6.532304447658264 4.170204590461503 3
6.498977139543415 6.062772245798375 3
5.999586806025968 6.928439044498452 3
4.999688417106395 6.928379276984399 3
6.999760657594905 6.928341602530542 3
7.481840440425266 6.051936987336278 3
5.500000000000021 7.794228634059946 3
4.500000000000021 7.794228634059959 3
3.999948069517743 6.92823257139367 3
3.500000000000021 7.79422863405997 3
2.999991344919633 6.928208120461893 3
2.518931843735559 7.782899152203388 3
7.930295852949902 6.942653849234425 3
7.488342751757477 7.746563614401829 3
8.43343573442958 7.768254252516837 3
8.102123540768417 8.687027063742232 3
1.854019711538938 6.967612157022344 3
2.500000000000002 6.062177826491104 3
4.498899133385912 6.062737639641792 3
3.499685020979395 6.06230288034665 3
2.999826099838744 5.196199311462269 3
2.01792020907091 5.185797266417422 3
2.502376815946676 4.310577995936222 3
1.516476587632699 4.346586004093885 3
1.953638431829916 3.442851132469919 3
1.476489813084175 2.617041877550076 3
2.453410979337462 2.570801935820014 3
1.774995382962077 1.516296697947933 3
1.127134369977465 1.930598337936884 3
0.9691530527932843 5.308284960856072 3
2.992898488588284 3.446056911353064 3
3.5 9.133974596215559 3
5.5 9.133974596215561 3
9.138693290134388 2.508173017612778 3
8.268735641417591 3.001362169602138 3
8.249735732365098 4.008993504438202 3
7.401923788646687 3.500000000000018 3
7.402054863477751 2.500227028267041 3
6.556052874451993 3.046200598696226 3
6.551320959178701 2.030550432725854 3
7.444160366271918 1.509593511324632 3
8.304017550328794 1.995681846654007 3
9.13145904672232 5.525081384398009 3
5.469273697226839 0.8588032660653596 3
0.8615018915723228 7.49361330667152 3
7.000000000000004 5.196152422706623 3
8.120601557550907 5.098630474109079 3
2.969304262399953 1.681499032478756 3
3.499843142896582 4.32557800214822 3
6.499465943677055 7.775026355239645 3
9.105961822142314 4.522117560490881 3
0.8659082815986355 1.587494204422045 3
1.832390188640196 0.674119838897031 3
3.487977317620703 2.578797284654886 3
1.559066101390898 9.061456560230321 3
9.179562218712542 1.530868377726243 3
9.45278347725924 9.380293721709972 3
0.362296529682637 0.5 3
8.308076280023201 9.495141333707718 3
9.638429371532878 8.5 3
1.46938901904255 0.9146383777813449 3
7.454896241714841 4.408249019884435 3
1.619468829961745 7.999999999999999 3
8.438083931972608 6.203336856455715 3
1.631786955194438 6.003410315826715 3
7.485033303465272 9.296205906916727 3
5.854299869437716 3.537297057914323 3
8.66882181386968 9.293187055602619 3
9.288560819397899 7.479535208228079 3
9.157654011431593 8.208019264491101 3
7.5 0.6698729810778195 3
6 8.464101615137762 3
5.000000000000008 8.464101615137759 3
4.000000000000006 8.464101615137771 3
2.999999999999995 8.464101615137778 3
7.01249425661137 8.517149858608958 3
0.6842397610900894 4.43522850366378 3
5.814360909314329 1.622784905643798 3
1.344432793803004 0.5430266931179134 3
0.5263243543174562 1.243784486923773 3
8.540799420566287 8.384216508469887 3
8.835678559437179 8.622537741127468 3
0.7264187338565843 2.436406430329123 3
0.7320508075688774 9.267949192431121 3
9.267949192431121 0.7320508075688774 3
9.224743800992847 8.674799112559775 3
0.5867430051692524 0.8103381625406942 3
0.868879759179068 0.5836688294547728 3
2.247535748552882 8.502506951721619 3
8.688223050525293 7.033347970641532 3
9.446057366157655 8.925848805711624 3
2 4 0 10
371
372
373
374
375
376
377
378
379
380
0.5 10 2.5
9.5 10 2.5
1.5 10 2.5
2.5 10 2.5
3.5 10 2.5
4.5 10 2.5
5.5 10 2.5
6.5 10 2.5
7.5 10 2.5
8.5 10 2.5
2 5 0 104
381
382
383
384
385
386
387
388
389
390
391
392
393
394
395
396
397
398
399
400
401
402
403
404
405
406
407
408
409
410
411
412
413
414
415
416
417
418
419
420
421
422
423
424
425
426
427
428
429
430
431
432
433
434
435
436
437
438
439
440
441
442
443
444
445
446
447
448
449
450
451
452
453
454
455
456
457
458
459
460
461
462
463
464
465
466
467
468
469
470
471
472
473
474
475
476
477
478
479
480
481
482
483
484
4.493188171461044 9.151786817018674 2
4.571901590781108 0.8993950481969245 2
9.133974596215561 4.5 2
0.8660254037844386 4.5 2
1.004097739633878 6.521108380578264 2
6.5 0.8660254037844386 2
6.5 9.133974596215561 2
9.133974596215561 6.5 2
2.41327434529342 0.8962961249554279 2
2.508173017612775 9.138693290134388 2
9.2040774310366 2.540211967676217 2
0.8660254037844386 2.5 2
8.494067683006772 9.170502595851183 2
0.8578523861716618 8.533030857431797 2
8.494067683006772 0.8294974041488167 2
0.8660254037844386 3.5 2
1.732050807568877 4 2
1.713808217006005 4.968402906283429 2
2.595035779592837 4.494733817713905 2
2.562749503230431 5.601067529185078 2
3.470974430415039 4.992987186628689 2
3.464740345723889 3.997953500723766 2
4.331378943232764 4.498490114558745 2
4.344748480778013 5.475599845676766 2
5.198797987067698 4.995681660039255 2
5.196802004151905 3.999028629099668 2
5.206503966249381 5.982268746050411 2
6.064344011141706 5.496325067681615 2
4.198317925400208 6.531084313899743 2
6.071737820363236 6.483487464053079 2
6.930157593362641 5.996635421955789 2
6.928381999006326 4.999694592949013 2
6.93012228976872 6.996687147668151 2
6.083111659630114 7.411086716336709 2
7.794228634059948 5.500000000000014 2
7.794228634059953 4.500000000000012 2
6.928233025063983 3.999949098824843 2
7.794228634059958 3.500000000000012 2
6.928208196073596 2.999991516470815 2
7.78289915679592 2.518931854155329 2
6.972494654779824 8.135508438841075 2
7.788140762883188 7.492212144946858 2
6.967612168480086 1.854019737534787 2
6.062177826491083 2.500000000000007 2
2.597675927824258 3.498781219739612 2
3.464141356313934 2.999455786743896 2
2.614762945488114 2.528712518693361 2
3.473807600203207 2.038758549418504 2
4.31593965713877 2.533755636295846 2
4.328192454877982 3.504780611236987 2
5.193573698642906 3.006260812772085 2
5.125549985004842 1.868207362464102 2
6.062852813869199 4.498890362927905 2
3.484685402396105 1.024686758551455 2
3.49341503630668 9.141662559709854 2
2.993452847114281 8.27394977970728 2
1.849797123719493 8.187332473876241 2
2.499999999999986 7.401923788646685 2
3.533862087937289 7.428641502398905 2
3.056439193875453 6.560122881977637 2
4.543319276579499 7.532756394477554 2
2.069986634434674 6.532680476595543 2
5.49942076287934 9.15314503264074 2
7.494427056297766 9.13675280015768 2
9.133974596215561 3.5 2
9.133974596215559 5.500000000000001 2
9.2040774310366 7.459788032323783 2
5.523506139974518 0.8714028497755784 2
7.493613308581143 0.8615018959049641 2
0.8467720450558318 1.504237369280876 2
0.8660254037844392 5.5 2
0.8976308925336142 7.590485758895221 2
1.81721154448319 1.848713908411113 2
1.748958672155553 2.97936794114068 2
7.794228634059944 6.500000000000014 2
6.061974594048778 3.500686736682553 2
3.99513655814736 8.30711110061168 2
1.491309547145869 0.8323583317699791 2
1.507805331987713 9.18053500443119 2
9.061456560230321 1.5590661013909 2
9.061456560230321 8.440933898609103 2
4.976446121449037 8.368135676743538 2
5.240994657746255 6.922330970586433 2
8 1.619468829961743 2
8 8.380531170038271 2
6.009311022488058 1.603591634211128 2
5.923700614091106 8.33512999524628 2
3.531520118152685 5.840729329016316 2
4.194376847104807 1.672960670985366 2
8.464101615137761 7.000000000000001 2
8.464101615137752 6.000000000000011 2
8.464101615137755 5.000000000000006 2
8.464101615137762 4.000000000000004 2
8.464101615137768 3 2
2.760748367572807 1.667433572005972 2
1.664302478064329 7.246706175718391 2
1.627993597028546 5.814122774234281 2
0.7320508075688774 9.267949192431121 2
0.7320508075688776 0.7320508075688774 2
9.26794919243112 9.26794919243112 2
9.267949192431121 0.7320508075688774 2
5.334354594537492 7.682689170689466 2
8.503555273857575 7.754693049183604 2
8.502506952640122 2.247535750636838 2
2 6 0 10
485
486
487
488
489
490
491
492
493
494
10 0.5 2.5
10 9.5 2.5
10 1.5 2.5
10 2.5 2.5
10 3.5 2.5
10 4.5 2.5
10 5.5 2.5
10 6.5 2.5
10 7.5 2.5
10 8.5 2.5
2 7 0 3
495
496
497
0.9554958132087361 0.8050144175636355 2.692081921762761
0.867386512784298 1.149711933420455 2.700402873097963
1.140756861928082 1.142082742865412 2.735689549446573
2 8 0 3
498
499
500
9.125391310683778 9.155810844311313 2.750340452443211
8.955495813208737 8.805014417563635 2.648991024170913
8.850548315766229 9.132906711943713 2.718401591063503
2 9 0 1
501
0.9999999999999998 0.9999999999999998 2.5
2 10 0 1
502
9 9 2.5
2 11 0 1
503
0.9999999999999997 0.9999999999999998 3
2 12 0 1
504
9 8.999999999999998 3
2 13 0 2
505
506
0 0.4823203463951027 3.25
0 2.5 3.232259885893672
2 14 0 2
507
508
0.4823203463951027 0 3.25
2.5 0 3.232259885893672
2 15 0 42
509
510
511
512
513
514
515
516
517
518
519
520
521
522
523
524
525
526
527
528
529
530
531
532
533
534
535
536
537
538
539
540
541
542
543
544
545
546
547
548
549
550
1.163156797147855 3.757210384823303 3.5
6.331144137057523 8.620658979427148 3.5
5.402637754057172 1.501419992258862 3.5
8.539536256816444 4.556391344639267 3.5
2.417606439899367 1.020395074759387 3.5
9.071375008756817 7.556631325239417 3.5
0.9361227151442999 2.269876985421362 3.5
7.585887395062811 9.111175567518801 3.5
2.762252857612067 8.552687914949617 3.5
8.150387781851395 8.59084831991083 3.5
7.656419543336738 7.614481282074184 3.5
5.713592667311071 6.987938489493737 3.5
9.447218785860104 9.361758556244595 3.5
7.23224813005285 1.468028633760232 3.5
6.564292718999781 3.376939552285449 3.5
4.262261299520194 3.061359166443371 3.5
5.074890678476528 4.945895995536826 3.5
3.044789097047641 4.463560837159319 3.5
0.4519525749962532 0.50343736014546 3.5
1.434271264622644 5.424153693469941 3.5
4.597618856841176 8.513121052826333 3.5
3.440966284159966 6.593343643499034 3.5
6.931535455638137 5.485872297609497 3.5
8.501848608167016 2.699041657572833 3.5
1.493745977210275 7.296215806194422 3.5
0.6031800656581829 1.31695243130791 3.5
0.5610616872472007 0.847061821069099 3.5
1.359876271435236 0.5436475339480238 3.5
8.612213445773484 9.661756967590801 3.5
9.640327955501586 8.572761900386633 3.5
8.83230493269814 6.253298161479259 3.5
3.694365664428251 1.392269340625607 3.5
2.439787464285397 2.501614487269283 3.5
9.240396410663301 8.32515580252846 3.5
8.543819657346484 9.027709288079453 3.5
1.590728703029728 0.8517787050600067 3.5
1.560210236810176 1.546629621652632 3.5
9.387896140369294 8.818070392788121 3.5
1.324985456866974 8.675014543133027 3.5
8.675014543133027 1.324985456866973 3.5
8.684084171752023 8.485996097491595 3.5
8.767380385075658 9.371897352123618 3.5
2 16 0 2
551
552
9.517679653604898 10 3.25
7.5 10 3.232259885893673
2 17 0 2
553
554
10 9.517679653604898 3.25
10 7.5 3.232259885893672
2 18 0 3
555
556
557
0.9554958132087359 0.8050144175636356 3.262510348504003
0.8310798863326458 1.107079387365675 3.242027121864234
1.112451968253029 1.165392124467944 3.239752852468647
2 19 0 3
558
559
560
9.199999999999999 9 3.305891853677661
8.955495813208737 8.805014417563635 3.148991024170913
8.953743206834165 9.194577257370982 3.247850483254979
2 20 0 1
561
0.9999999999999997 0.9999999999999998 3.5
2 21 0 1
562
9 8.999999999999998 3.5
2 22 0 5
563
564
565
566
567
0 1.330610285588874 4.267348472065503
0 0.5649729177923214 4.066837118016376
0 9.044341253509577 4.25
0 2.414112604937189 4.199689565153093
0 7.266047521057461 4.152728889444334
2 23 0 5
568
569
570
571
572
1.330610285588874 0 4.267348472065503
0.5649729177923214 0 4.066837118016376
9.044341253509577 0 4.25
2.414112604937189 0 4.199689565153093
7.266047521057461 0 4.152728889444335
2 24 0 30
573
574
575
576
577
578
579
580
581
582
583
584
585
586
587
588
589
590
591
592
593
594
595
596
597
598
599
600
601
602
4.895251424611351 1.726734385013367 5
5.09188309303001 8.203789413228302 5
8.473713156451076 5.084777203558883 5
1.775773532804834 5.090359199517656 5
8.455953704039832 6.64882778588218 5
6.737879638555157 8.314593552556847 5
1.930254887395632 2.810688060275199 5
3.336689075780699 1.752820856460546 5
3.580977329839689 3.405877451612917 5
4.00972596202397 5.449750641736703 5
5.374990578450308 3.640586266530966 5
2.444043356797996 6.917033471258767 5
6.832235624168349 6.507050994029667 5
6.893579650708941 2.016870705332744 5
8.49482041201669 3.108804397475798 5
3 8.570569883861527 5
2.112333551696702 1.102159041277198 5
0.9730986881100478 1.957032733393384 5
0.5703081108614074 1.400189818600481 5
8.025547163789325 8.027348333707772 5
7.428844470144648 9.047249122028498 5
9.053551451088456 7.846192325965012 5
5.086976619369143 6.537944262001353 5
8.472067869389194 1.527932130610806 5
1.44957255821764 8.550427441782361 5
5.675619844579231 5.196685518146171 5
7.006655663773432 4.191734084990464 5
3.926525806244225 7.135817534417331 5
8.347488693964225 8.978681713457519 5
1.018850864684437 7 5
2 25 0 5
603
604
605
606
607
8.669389714411125 10 4.267348472065503
9.435027082207679 10 4.066837118016376
0.955658746490423 10 4.25
7.585887395062811 10 4.199689565153094
2.733952478942538 10 4.152728889444334
2 26 0 5
608
609
610
611
612
10 8.669389714411125 4.267348472065503
10 9.435027082207679 4.066837118016376
10 0.955658746490423 4.25
10 7.585887395062811 4.199689565153093
10 2.733952478942538 4.152728889444334
2 27 0 5
613
614
615
616
617
1.00301606454638 0.8000227429064692 4.249999487290883
1.054715987867244 1.192369853853746 4.80657355263941
1.054708992808489 1.192371843329217 3.693428316886
0.8366890399299715 0.8845464148629175 4.651367007892414
0.8366890399299715 0.8845464148629175 3.848632992107585
2 28 0 5
618
619
620
621
622
9.003016064546378 8.800022742906469 4.249999487290882
9.054715987867244 9.192369853853746 4.80657355263941
9.054708992808489 9.192371843329218 3.693428316886
8.836689039929972 8.884546414862918 4.651367007892415
8.836689039929972 8.884546414862918 3.848632992107584
2 29 0 1
623
0.9999999999999998 0.9999999999999998 5
2 30 0 1
624
9 9 5
2 31 0 5
625
626
627
628
629
0 1.330610285588874 0.7326515279344962
0 0.5649729177923214 0.9331628819836241
0 9.044341253509577 0.75
0 2.414112604937189 0.8003104348469062
0 7.266047521057461 0.847271110555666
2 32 0 5
630
631
632
633
634
10 8.669389714411125 0.7326515279344961
10 9.435027082207679 0.933162881983624
10 0.9556587464904231 0.75
10 7.585887395062811 0.8003104348469066
10 2.733952478942538 0.8472711105556658
2 33 0 5
635
636
637
638
639
1.330610285588874 0 0.7326515279344962
0.5649729177923214 0 0.9331628819836242
9.044341253509577 0 0.75
2.414112604937189 0 0.8003104348469062
7.266047521057461 0 0.8472711105556655
2 34 0 5
640
641
642
643
644
8.669389714411125 10 0.7326515279344961
9.435027082207679 10 0.933162881983624
0.9556587464904231 10 0.75
7.585887395062811 10 0.8003104348469058
2.733952478942538 10 0.8472711105556658
2 35 0 24
645
646
647
648
649
650
651
652
653
654
655
656
657
658
659
660
661
662
663
664
665
666
667
668
1.732050807568877 5 0
8.66491470389141 5.080519843450139 0
5.113349142587333 1.637066120482572 0
5.096679054948581 8.372448438200788 0
1.693544090111664 3.008474738561753 0
3.294323965174821 3.964488584460976 0
3.272314418431931 6.03109405767754 0
5.196152422706632 4.999999999999998 0
1.696225379235137 6.995295621702624 0
6.998864233952288 1.693821434767737 0
8.119089959777376 6.847650871687176 0
3.163905351026036 1.882451620900602 0
6.942276967358651 8.383692320189352 0
3.141343485281811 8.177657612150016 0
8.254796004571356 3.158900949321986 0
6.146205209259527 3.316223633021805 0
6.111246918096528 6.800969479686982 0
6.823163033936778 5.234115135122344 0
8.535898384862248 8.535898384862248 0
1.464101615137755 8.535898384862245 0
1.464101615137755 1.464101615137755 0
8.535898384862245 1.464101615137755 0
4.582018644170683 3.103030287661162 0
4.581232296219061 6.897502242147206 0
2 36 0 33
669
670
671
672
673
674
675
676
677
678
679
680
681
682
683
684
685
686
687
688
689
690
691
692
693
694
695
696
697
698
699
700
701
3.902634734575009 1.37082167246814 1.5
6.11468016370635 8.615196197533471 1.5
1.484089587739392 5.412945814112143 1.5
8.515910412260606 4.587054185887855 1.5
0.8119466337319968 1.340703628933881 1.5
9.188053366268003 8.659296371066119 1.5
2.67885106804335 8.463672783263025 1.5
7.32114893195665 1.529216800233598 1.5
1.41008068415086 3.706274448864413 1.5
3.223787083391347 4.323568971446428 1.5
8.589919315849139 6.293725551135585 1.5
6.840331071320731 5.646907801148385 1.5
3.392830976082247 6.568935318366727 1.5
6.67128717862983 3.394431037724709 1.5
5.067751088739701 4.967800231852729 1.5
5.395467004028231 6.967089984390999 1.5
4.575964190129262 3.019193869938021 1.5
8.702857279516831 7.705284536184932 1.5
1.297142720483166 2.294715463815066 1.5
2.177046445002514 1.189083112002059 1.5
7.82542711189482 8.808919440855313 1.5
4.449101983523118 8.435815713925702 1.5
1.268706291978689 0.6217504027283688 1.5
8.731788419400777 9.377850107843106 1.5
5.559708724335367 1.552277230060744 1.5
1.459348567208638 7.26604752105746 1.5
8.535502833236253 2.72543866643769 1.5
7.244780324386017 7.339520585208113 1.5
2.764442642955359 2.650609589755688 1.5
1.324985456866975 8.675014543133027 1.5
8.675014543133027 1.324985456866973 1.5
9.421034727294092 9.421034727294092 1.5
0.5789652727059038 0.5789652727059038 1.5
2 37 0 2
702
703
0 0.4823203463951027 1.75
0 2.5 1.767740114106328
2 38 0 2
704
705
10 9.517679653604898 1.75
10 7.5 1.767740114106327
2 39 0 2
706
707
0.4823203463951027 0 1.75
2.5 0 1.767740114106328
2 40 0 2
708
709
9.517679653604898 10 1.75
7.5 10 1.767740114106327
3 1 0 0
3 2 0 0
3 3 0 9
710
711
712
713
714
715
716
717
718
0.8514062178577061 0.348968102858923 2.527184450328051
8.839940925358965 8.298735374280925 2.478875000781503
8.993643381486146 8.866512399007231 2.235652440786877
9.452176945843229 8.432988044307127 2.484579867409626
1.190997604096877 1.211038372645094 2.203921178219576
8.570029863213383 8.784244213960704 2.75
8.853232264090918 9.643031465855644 2.6616372406106
1.448312395224156 1.562165962493655 2.560943263210541
9.376351544620361 9.471929909972021 2.577418201873782
3 4 0 0
3 5 0 0
3 6 0 0
3 7 0 0
3 8 0 0
3 9 0 0
3 10 0 0
3 11 0 0
$EndNodes
$Elements
139 5027 1 5027
0 1 15 1
1 1 
0 2 15 1
2 2 
0 3 15 1
3 3 
0 4 15 1
4 4 
0 5 15 1
5 5 
0 6 15 1
6 6 
0 7 15 1
7 7 
0 8 15 1
8 8 
0 9 15 1
9 9 
0 10 15 1
10 10 
0 11 15 1
11 11 
0 12 15 1
12 12 
0 13 15 1
13 13 
0 14 15 1
14 14 
0 15 15 1
15 15 
0 16 15 1
16 16 
0 17 15 1
17 17 
0 18 15 1
18 18 
0 19 15 1
19 19 
0 20 15 1
20 20 
0 21 15 1
21 21 
0 22 15 1
22 22 
0 23 15 1
23 23 
0 24 15 1
24 24 
0 25 15 1
25 25 
0 26 15 1
26 26 
0 27 15 1
27 27 
0 28 15 1
28 28 
0 29 15 1
29 29 
0 30 15 1
30 30 
0 31 15 1
31 31 
0 32 15 1
32 32 
1 1 1 1
33 1 2 
1 2 1 10
34 2 33 
35 33 34 
36 34 35 
37 35 36 
38 36 37 
39 37 38 
40 38 39 
41 39 40 
42 40 41 
43 41 3 
1 3 1 1
44 4 3 
1 4 1 10
45 1 42 
46 42 43 
47 43 44 
48 44 45 
49 45 46 
50 46 47 
51 47 48 
52 48 49 
53 49 50 
54 50 4 
1 5 1 10
55 1 51 
56 51 52 
57 52 53 
58 53 54 
59 54 55 
60 55 56 
61 56 57 
62 57 58 
63 58 59 
64 59 5 
1 6 1 1
65 5 6 
1 7 1 10
66 2 60 
67 60 61 
68 61 62 
69 62 63 
70 63 64 
71 64 65 
72 65 66 
73 66 67 
74 67 68 
75 68 6 
1 8 1 10
76 3 69 
77 69 70 
78 70 71 
79 71 72 
80 72 73 
81 73 74 
82 74 75 
83 75 76 
84 76 77 
85 77 7 
1 9 1 10
86 6 78 
87 78 79 
88 79 80 
89 80 81 
90 81 82 
91 82 83 
92 83 84 
93 84 85 
94 85 86 
95 86 7 
1 10 1 7
96 8 87 
97 87 88 
98 88 89 
99 89 90 
100 90 91 
101 91 92 
102 92 8 
1 11 1 7
103 9 93 
104 93 94 
105 94 95 
106 95 96 
107 96 97 
108 97 98 
109 98 9 
1 12 1 10
110 4 99 
111 99 100 
112 100 101 
113 101 102 
114 102 103 
115 103 104 
116 104 105 
117 105 106 
118 106 107 
119 107 10 
1 13 1 1
120 10 7 
1 14 1 10
121 5 108 
122 108 109 
123 109 110 
124 110 111 
125 111 112 
126 112 113 
127 113 114 
128 114 115 
129 115 116 
130 116 10 
1 15 1 1
131 8 11 
1 16 1 7
132 11 117 
133 117 118 
134 118 119 
135 119 120 
136 120 121 
137 121 122 
138 122 11 
1 17 1 1
139 9 12 
1 18 1 7
140 12 123 
141 123 124 
142 124 125 
143 125 126 
144 126 127 
145 127 128 
146 128 12 
1 19 1 1
147 2 13 
1 20 1 7
148 13 129 
149 129 130 
150 130 131 
151 131 132 
152 132 133 
153 133 134 
154 134 14 
1 21 1 1
155 3 14 
1 22 1 1
156 6 15 
1 23 1 7
157 13 135 
158 135 136 
159 136 137 
160 137 138 
161 138 139 
162 139 140 
163 140 15 
1 24 1 7
164 14 141 
165 141 142 
166 142 143 
167 143 144 
168 144 145 
169 145 146 
170 146 16 
1 25 1 7
171 15 147 
172 147 148 
173 148 149 
174 149 150 
175 150 151 
176 151 152 
177 152 16 
1 26 1 7
178 17 153 
179 153 154 
180 154 155 
181 155 156 
182 156 157 
183 157 158 
184 158 17 
1 27 1 7
185 18 159 
186 159 160 
187 160 161 
188 161 162 
189 162 163 
190 163 164 
191 164 18 
1 28 1 1
192 7 16 
1 29 1 1
193 17 8 
1 30 1 1
194 18 9 
1 31 1 1
195 13 19 
1 32 1 5
196 19 165 
197 165 166 
198 166 167 
199 167 168 
200 168 20 
1 33 1 1
201 14 20 
1 34 1 1
202 15 21 
1 35 1 5
203 19 169 
204 169 170 
205 170 171 
206 171 172 
207 172 21 
1 36 1 5
208 20 173 
209 173 174 
210 174 175 
211 175 176 
212 176 22 
1 37 1 5
213 21 177 
214 177 178 
215 178 179 
216 179 180 
217 180 22 
1 38 1 7
218 23 181 
219 181 182 
220 182 183 
221 183 184 
222 184 185 
223 185 186 
224 186 23 
1 39 1 7
225 24 187 
226 187 188 
227 188 189 
228 189 190 
229 190 191 
230 191 192 
231 192 24 
1 40 1 1
232 16 22 
1 41 1 2
233 23 193 
234 193 17 
1 42 1 2
235 24 194 
236 194 18 
1 43 1 1
237 25 26 
1 44 1 7
238 26 195 
239 195 196 
240 196 197 
241 197 198 
242 198 199 
243 199 200 
244 200 27 
1 45 1 1
245 28 27 
1 46 1 5
246 25 201 
247 201 202 
248 202 203 
249 203 204 
250 204 28 
1 47 1 1
251 29 30 
1 48 1 7
252 30 205 
253 205 206 
254 206 207 
255 207 208 
256 208 209 
257 209 210 
258 210 31 
1 49 1 1
259 32 31 
1 50 1 5
260 29 211 
261 211 212 
262 212 213 
263 213 214 
264 214 32 
1 51 1 5
265 25 215 
266 215 216 
267 216 217 
268 217 218 
269 218 29 
1 52 1 7
270 26 219 
271 219 220 
272 220 221 
273 221 222 
274 222 223 
275 223 224 
276 224 30 
1 53 1 5
277 28 225 
278 225 226 
279 226 227 
280 227 228 
281 228 32 
1 54 1 7
282 27 229 
283 229 230 
284 230 231 
285 231 232 
286 232 233 
287 233 234 
288 234 31 
1 55 1 1
289 26 1 
1 56 1 1
290 27 4 
1 57 1 1
291 30 5 
1 58 1 1
292 31 10 
2 1 2 40
293 1 2 235 
294 42 1 235 
295 2 33 235 
296 3 4 236 
297 41 3 236 
298 4 50 236 
299 33 34 237 
300 33 42 235 
301 42 33 237 
302 34 35 238 
303 34 43 237 
304 43 34 238 
305 35 36 239 
306 35 44 238 
307 44 35 239 
308 36 37 240 
309 36 45 239 
310 45 36 240 
311 37 38 241 
312 37 46 240 
313 46 37 241 
314 38 39 242 
315 38 47 241 
316 47 38 242 
317 39 40 243 
318 39 48 242 
319 48 39 243 
320 40 41 244 
321 40 49 243 
322 49 40 244 
323 50 41 236 
324 41 50 244 
325 43 42 237 
326 44 43 238 
327 45 44 239 
328 46 45 240 
329 47 46 241 
330 48 47 242 
331 49 48 243 
332 50 49 244 
2 2 2 40
333 2 1 245 
334 1 51 245 
335 60 2 245 
336 5 6 246 
337 59 5 246 
338 6 68 246 
339 51 52 247 
340 51 60 245 
341 60 51 247 
342 52 53 248 
343 52 61 247 
344 61 52 248 
345 53 54 249 
346 53 62 248 
347 62 53 249 
348 54 55 250 
349 54 63 249 
350 63 54 250 
351 55 56 251 
352 55 64 250 
353 64 55 251 
354 56 57 252 
355 56 65 251 
356 65 56 252 
357 57 58 253 
358 57 66 252 
359 66 57 253 
360 58 59 254 
361 58 67 253 
362 67 58 254 
363 68 59 246 
364 59 68 254 
365 61 60 247 
366 62 61 248 
367 63 62 249 
368 64 63 250 
369 65 64 251 
370 66 65 252 
371 67 66 253 
372 68 67 254 
2 3 2 288
373 2 337 33 
374 60 337 2 
375 41 363 3 
376 3 363 69 
377 6 364 68 
378 78 364 6 
379 77 336 7 
380 7 336 86 
381 87 359 8 
382 8 366 92 
383 359 366 8 
384 93 347 9 
385 9 361 98 
386 9 347 295 
387 295 360 9 
388 360 361 9 
389 33 359 34 
390 337 366 33 
391 33 366 359 
392 34 362 35 
393 34 359 331 
394 331 362 34 
395 35 257 36 
396 35 362 257 
397 36 356 37 
398 257 356 36 
399 37 309 38 
400 37 356 309 
401 38 260 39 
402 38 309 260 
403 39 324 40 
404 260 324 39 
405 40 266 41 
406 40 324 266 
407 266 363 41 
408 61 358 60 
409 60 367 337 
410 358 367 60 
411 62 264 61 
412 264 332 61 
413 332 358 61 
414 63 267 62 
415 62 267 264 
416 64 256 63 
417 256 267 63 
418 65 323 64 
419 64 323 256 
420 66 261 65 
421 261 323 65 
422 67 350 66 
423 66 350 261 
424 68 265 67 
425 265 350 67 
426 68 364 265 
427 69 334 70 
428 69 363 334 
429 70 263 71 
430 70 334 263 
431 71 311 72 
432 263 311 71 
433 72 255 73 
434 72 311 255 
435 73 312 74 
436 255 312 73 
437 74 262 75 
438 74 312 262 
439 75 345 76 
440 262 345 75 
441 76 338 77 
442 76 345 338 
443 94 336 77 
444 77 347 94 
445 338 347 77 
446 79 335 78 
447 335 364 78 
448 80 313 79 
449 313 335 79 
450 81 259 80 
451 259 313 80 
452 82 330 81 
453 81 330 259 
454 83 322 82 
455 322 330 82 
456 84 258 83 
457 258 322 83 
458 85 348 84 
459 84 348 258 
460 86 339 85 
461 339 349 85 
462 85 349 348 
463 336 370 86 
464 86 370 339 
465 88 331 87 
466 331 359 87 
467 89 307 88 
468 307 308 88 
469 308 331 88 
470 90 340 89 
471 89 340 307 
472 91 358 90 
473 90 358 340 
474 92 367 91 
475 91 367 358 
476 366 367 92 
477 94 347 93 
478 95 336 94 
479 96 370 95 
480 95 370 336 
481 97 365 96 
482 365 370 96 
483 98 361 97 
484 361 365 97 
485 311 353 255 
486 255 352 312 
487 255 353 352 
488 256 268 267 
489 256 269 268 
490 256 323 269 
491 257 304 303 
492 303 356 257 
493 257 305 304 
494 257 362 305 
495 258 343 322 
496 258 369 343 
497 348 369 258 
498 259 314 313 
499 259 315 314 
500 259 330 315 
501 296 324 260 
502 260 344 296 
503 309 344 260 
504 261 320 319 
505 319 357 261 
506 261 350 320 
507 261 357 323 
508 312 351 262 
509 262 355 345 
510 351 355 262 
511 263 354 311 
512 334 368 263 
513 263 368 354 
514 267 327 264 
515 264 327 307 
516 307 332 264 
517 265 321 320 
518 320 350 265 
519 265 335 321 
520 265 364 335 
521 324 342 266 
522 266 342 334 
523 334 363 266 
524 268 327 267 
525 269 270 268 
526 270 333 268 
527 268 333 327 
528 269 271 270 
529 269 357 271 
530 323 357 269 
531 271 272 270 
532 272 273 270 
533 273 333 270 
534 271 346 272 
535 271 319 318 
536 318 346 271 
537 271 357 319 
538 272 274 273 
539 272 275 274 
540 272 346 275 
541 274 328 273 
542 273 328 310 
543 310 333 273 
544 275 276 274 
545 276 277 274 
546 277 328 274 
547 275 278 276 
548 275 280 278 
549 275 346 280 
550 276 298 277 
551 278 279 276 
552 279 298 276 
553 298 299 277 
554 299 300 277 
555 300 328 277 
556 278 281 279 
557 280 325 278 
558 278 325 281 
559 281 282 279 
560 282 283 279 
561 283 298 279 
562 280 318 316 
563 316 341 280 
564 280 346 318 
565 280 341 325 
566 281 284 282 
567 281 285 284 
568 281 325 285 
569 282 286 283 
570 284 329 282 
571 282 329 286 
572 286 287 283 
573 287 288 283 
574 288 298 283 
575 285 292 284 
576 292 293 284 
577 293 329 284 
578 285 343 292 
579 325 326 285 
580 326 343 285 
581 286 352 287 
582 329 351 286 
583 351 352 286 
584 287 289 288 
585 287 353 289 
586 352 353 287 
587 289 290 288 
588 290 299 288 
589 288 299 298 
590 289 291 290 
591 289 354 291 
592 353 354 289 
593 291 296 290 
594 296 297 290 
595 297 299 290 
596 291 342 296 
597 291 368 342 
598 354 368 291 
599 292 294 293 
600 292 369 294 
601 343 369 292 
602 294 295 293 
603 295 355 293 
604 293 355 329 
605 294 360 295 
606 348 349 294 
607 294 369 348 
608 349 360 294 
609 338 345 295 
610 295 347 338 
611 345 355 295 
612 296 344 297 
613 296 342 324 
614 297 300 299 
615 297 301 300 
616 297 344 301 
617 301 302 300 
618 302 328 300 
619 301 303 302 
620 301 309 303 
621 301 344 309 
622 303 304 302 
623 304 310 302 
624 310 328 302 
625 309 356 303 
626 305 306 304 
627 306 310 304 
628 305 307 306 
629 305 308 307 
630 305 362 308 
631 307 327 306 
632 306 333 310 
633 327 333 306 
634 307 340 332 
635 308 362 331 
636 311 354 353 
637 312 352 351 
638 314 321 313 
639 321 335 313 
640 315 316 314 
641 316 317 314 
642 317 321 314 
643 315 341 316 
644 315 330 326 
645 326 341 315 
646 316 318 317 
647 318 319 317 
648 319 320 317 
649 320 321 317 
650 326 330 322 
651 322 343 326 
652 325 341 326 
653 329 355 351 
654 340 358 332 
655 342 368 334 
656 337 367 366 
657 339 365 349 
658 339 370 365 
659 349 361 360 
660 349 365 361 
2 4 2 40
661 3 371 4 
662 69 371 3 
663 4 371 99 
664 10 372 7 
665 7 372 77 
666 107 372 10 
667 70 373 69 
668 99 371 69 
669 69 373 99 
670 71 374 70 
671 100 373 70 
672 70 374 100 
673 72 375 71 
674 101 374 71 
675 71 375 101 
676 73 376 72 
677 102 375 72 
678 72 376 102 
679 74 377 73 
680 103 376 73 
681 73 377 103 
682 75 378 74 
683 104 377 74 
684 74 378 104 
685 76 379 75 
686 105 378 75 
687 75 379 105 
688 77 380 76 
689 106 379 76 
690 76 380 106 
691 77 372 107 
692 107 380 77 
693 99 373 100 
694 100 374 101 
695 101 375 102 
696 102 376 103 
697 103 377 104 
698 104 378 105 
699 105 379 106 
700 106 380 107 
2 5 2 246
701 1 42 479 
702 51 1 479 
703 50 4 478 
704 4 99 478 
705 5 59 481 
706 108 5 481 
707 107 10 480 
708 10 116 480 
709 42 43 450 
710 42 450 479 
711 43 44 392 
712 43 392 450 
713 44 45 396 
714 392 44 396 
715 45 46 384 
716 45 384 396 
717 46 47 451 
718 384 46 451 
719 47 48 385 
720 47 385 451 
721 48 49 452 
722 385 48 452 
723 49 50 394 
724 49 394 452 
725 394 50 478 
726 52 51 458 
727 458 51 479 
728 53 52 389 
729 389 52 458 
730 54 53 434 
731 53 389 434 
732 55 54 382 
733 382 54 434 
734 56 55 448 
735 55 382 448 
736 57 56 386 
737 386 56 448 
738 58 57 449 
739 57 386 449 
740 59 58 395 
741 395 58 449 
742 59 395 481 
743 99 100 459 
744 99 459 478 
745 100 101 390 
746 100 390 459 
747 101 102 435 
748 390 101 435 
749 102 103 381 
750 102 381 435 
751 103 104 443 
752 381 103 443 
753 104 105 387 
754 104 387 443 
755 105 106 444 
756 387 105 444 
757 106 107 393 
758 106 393 444 
759 393 107 480 
760 109 108 460 
761 460 108 481 
762 110 109 391 
763 391 109 460 
764 111 110 445 
765 110 391 445 
766 112 111 383 
767 383 111 445 
768 113 112 446 
769 112 383 446 
770 114 113 388 
771 388 113 446 
772 115 114 447 
773 114 388 447 
774 116 115 461 
775 115 447 461 
776 116 461 480 
777 435 381 457 
778 381 443 462 
779 457 381 462 
780 382 432 448 
781 432 382 469 
782 382 434 469 
783 383 445 473 
784 446 383 472 
785 472 383 473 
786 396 384 397 
787 397 384 398 
788 398 384 451 
789 442 385 476 
790 385 442 477 
791 451 385 477 
792 385 452 476 
793 386 423 449 
794 423 386 466 
795 386 448 466 
796 421 387 444 
797 387 421 467 
798 443 387 467 
799 388 446 471 
800 447 388 470 
801 470 388 471 
802 434 389 475 
803 453 389 458 
804 389 453 475 
805 390 435 436 
806 390 436 437 
807 390 437 459 
808 445 391 474 
809 391 460 484 
810 474 391 484 
811 392 396 454 
812 450 392 453 
813 453 392 454 
814 444 393 465 
815 393 461 465 
816 461 393 480 
817 394 437 452 
818 437 394 459 
819 459 394 478 
820 395 449 464 
821 460 395 464 
822 395 460 481 
823 396 397 454 
824 397 398 399 
825 397 399 425 
826 397 425 454 
827 399 398 400 
828 400 398 477 
829 398 451 477 
830 399 400 401 
831 399 401 402 
832 399 402 425 
833 401 400 468 
834 440 400 442 
835 400 440 468 
836 442 400 477 
837 402 401 403 
838 403 401 404 
839 404 401 468 
840 402 403 430 
841 425 402 426 
842 426 402 430 
843 403 404 405 
844 403 405 406 
845 403 406 430 
846 405 404 407 
847 407 404 409 
848 409 404 468 
849 406 405 433 
850 405 407 408 
851 405 408 433 
852 430 406 431 
853 431 406 456 
854 406 433 456 
855 408 407 410 
856 407 409 463 
857 410 407 463 
858 408 410 411 
859 408 411 412 
860 408 412 433 
861 439 409 440 
862 409 439 441 
863 440 409 468 
864 409 441 463 
865 411 410 413 
866 413 410 414 
867 414 410 463 
868 412 411 415 
869 411 413 455 
870 415 411 455 
871 412 415 416 
872 412 416 417 
873 412 417 433 
874 413 414 421 
875 413 421 422 
876 413 422 455 
877 421 414 467 
878 414 463 482 
879 467 414 482 
880 416 415 472 
881 415 455 471 
882 415 471 472 
883 417 416 418 
884 418 416 473 
885 416 472 473 
886 417 418 419 
887 417 419 456 
888 433 417 456 
889 419 418 420 
890 420 418 474 
891 418 473 474 
892 419 420 423 
893 419 423 424 
894 419 424 456 
895 423 420 464 
896 464 420 484 
897 420 474 484 
898 422 421 465 
899 421 444 465 
900 455 422 470 
901 422 465 483 
902 470 422 483 
903 424 423 466 
904 449 423 464 
905 431 424 432 
906 424 431 456 
907 432 424 466 
908 425 426 427 
909 425 427 454 
910 427 426 428 
911 428 426 429 
912 429 426 430 
913 427 428 475 
914 427 453 454 
915 453 427 475 
916 428 429 469 
917 434 428 469 
918 428 434 475 
919 429 430 431 
920 429 431 432 
921 429 432 469 
922 448 432 466 
923 436 435 457 
924 437 436 438 
925 438 436 439 
926 439 436 457 
927 437 438 476 
928 452 437 476 
929 438 439 440 
930 438 440 442 
931 438 442 476 
932 441 439 457 
933 441 457 462 
934 441 462 482 
935 463 441 482 
936 462 443 467 
937 473 445 474 
938 471 446 472 
939 461 447 483 
940 447 470 483 
941 450 453 458 
942 450 458 479 
943 455 470 471 
944 460 464 484 
945 465 461 483 
946 462 467 482 
2 6 2 40
947 5 485 6 
948 108 485 5 
949 6 485 78 
950 7 486 10 
951 86 486 7 
952 10 486 116 
953 78 487 79 
954 78 485 108 
955 108 487 78 
956 79 488 80 
957 79 487 109 
958 109 488 79 
959 80 489 81 
960 80 488 110 
961 110 489 80 
962 81 490 82 
963 81 489 111 
964 111 490 81 
965 82 491 83 
966 82 490 112 
967 112 491 82 
968 83 492 84 
969 83 491 113 
970 113 492 83 
971 84 493 85 
972 84 492 114 
973 114 493 84 
974 85 494 86 
975 85 493 115 
976 115 494 85 
977 116 486 86 
978 86 494 116 
979 109 487 108 
980 110 488 109 
981 111 489 110 
982 112 490 111 
983 113 491 112 
984 114 492 113 
985 115 493 114 
986 116 494 115 
2 7 2 20
987 11 8 495 
988 8 11 496 
989 87 8 496 
990 8 92 495 
991 11 117 496 
992 122 11 495 
993 88 87 496 
994 89 88 497 
995 88 496 497 
996 90 89 497 
997 91 90 495 
998 90 120 495 
999 120 90 497 
1000 92 91 495 
1001 117 118 496 
1002 118 119 497 
1003 496 118 497 
1004 119 120 497 
1005 120 121 495 
1006 121 122 495 
2 8 2 20
1007 12 9 499 
1008 9 12 500 
1009 93 9 500 
1010 9 98 499 
1011 12 123 500 
1012 128 12 499 
1013 94 93 500 
1014 95 94 498 
1015 498 94 500 
1016 96 95 498 
1017 97 96 499 
1018 126 96 498 
1019 96 126 499 
1020 98 97 499 
1021 123 124 498 
1022 123 498 500 
1023 124 125 498 
1024 125 126 498 
1025 126 127 499 
1026 127 128 499 
2 9 2 7
1027 117 11 501 
1028 11 122 501 
1029 118 117 501 
1030 119 118 501 
1031 120 119 501 
1032 121 120 501 
1033 122 121 501 
2 10 2 7
1034 123 12 502 
1035 12 128 502 
1036 124 123 502 
1037 125 124 502 
1038 126 125 502 
1039 127 126 502 
1040 128 127 502 
2 11 2 7
1041 8 503 87 
1042 92 503 8 
1043 87 503 88 
1044 88 503 89 
1045 89 503 90 
1046 90 503 91 
1047 91 503 92 
2 12 2 7
1048 9 504 93 
1049 98 504 9 
1050 93 504 94 
1051 94 504 95 
1052 95 504 96 
1053 96 504 97 
1054 97 504 98 
2 13 2 21
1055 2 13 505 
1056 33 2 505 
1057 3 41 14 
1058 13 129 505 
1059 14 41 134 
1060 130 34 33 
1061 130 33 129 
1062 129 33 505 
1063 35 34 506 
1064 34 130 506 
1065 35 131 36 
1066 131 35 506 
1067 37 36 132 
1068 36 131 132 
1069 38 37 133 
1070 37 132 133 
1071 39 38 133 
1072 40 39 134 
1073 39 133 134 
1074 41 40 134 
1075 130 131 506 
2 14 2 21
1076 13 2 507 
1077 2 60 507 
1078 68 6 15 
1079 135 13 507 
1080 68 15 140 
1081 60 61 136 
1082 135 60 136 
1083 60 135 507 
1084 61 62 508 
1085 136 61 508 
1086 62 63 137 
1087 62 137 508 
1088 63 64 138 
1089 137 63 138 
1090 64 65 139 
1091 138 64 139 
1092 65 66 139 
1093 66 67 140 
1094 139 66 140 
1095 67 68 140 
1096 137 136 508 
2 15 2 128
1097 13 527 129 
1098 135 527 13 
1099 134 547 14 
1100 14 547 141 
1101 15 548 140 
1102 147 548 15 
1103 146 521 16 
1104 16 521 152 
1105 153 534 17 
1106 17 535 158 
1107 534 535 17 
1108 159 543 18 
1109 18 543 164 
1110 129 534 130 
1111 527 535 129 
1112 129 535 534 
1113 130 515 131 
1114 130 534 515 
1115 131 509 132 
1116 131 515 509 
1117 132 528 133 
1118 509 528 132 
1119 133 533 134 
1120 528 533 133 
1121 533 547 134 
1122 136 536 135 
1123 157 158 135 
1124 135 536 157 
1125 158 527 135 
1126 137 513 136 
1127 513 544 136 
1128 136 544 536 
1129 138 540 137 
1130 137 540 513 
1131 139 511 138 
1132 511 540 138 
1133 140 522 139 
1134 139 522 511 
1135 140 548 522 
1136 141 517 142 
1137 141 547 517 
1138 142 529 143 
1139 517 529 142 
1140 143 510 144 
1141 143 529 510 
1142 144 516 145 
1143 510 516 144 
1144 145 537 146 
1145 516 537 145 
1146 160 521 146 
1147 146 550 160 
1148 537 550 146 
1149 148 532 147 
1150 532 548 147 
1151 149 512 148 
1152 512 532 148 
1153 150 539 149 
1154 149 539 512 
1155 151 514 150 
1156 514 539 150 
1157 152 538 151 
1158 151 542 514 
1159 538 542 151 
1160 521 546 152 
1161 152 546 538 
1162 154 534 153 
1163 155 545 154 
1164 515 534 154 
1165 154 545 515 
1166 156 544 155 
1167 544 545 155 
1168 157 536 156 
1169 536 544 156 
1170 158 535 527 
1171 160 550 159 
1172 159 550 543 
1173 161 521 160 
1174 162 546 161 
1175 161 546 521 
1176 163 546 162 
1177 164 549 163 
1178 542 546 163 
1179 163 549 542 
1180 543 549 164 
1181 515 541 509 
1182 526 528 509 
1183 509 541 526 
1184 510 519 516 
1185 510 520 519 
1186 510 529 520 
1187 522 523 511 
1188 523 524 511 
1189 524 540 511 
1190 512 531 523 
1191 523 532 512 
1192 512 539 531 
1193 540 541 513 
1194 541 545 513 
1195 513 545 544 
1196 519 539 514 
1197 514 549 519 
1198 542 549 514 
1199 515 545 541 
1200 516 519 518 
1201 518 543 516 
1202 516 543 537 
1203 517 530 529 
1204 517 533 530 
1205 517 547 533 
1206 519 549 518 
1207 518 549 543 
1208 520 531 519 
1209 531 539 519 
1210 520 530 525 
1211 525 531 520 
1212 529 530 520 
1213 522 532 523 
1214 522 548 532 
1215 523 525 524 
1216 523 531 525 
1217 525 526 524 
1218 526 541 524 
1219 524 541 540 
1220 525 530 526 
1221 526 530 528 
1222 530 533 528 
1223 543 550 537 
1224 538 546 542 
2 16 2 21
1225 3 14 69 
1226 7 551 16 
1227 77 551 7 
1228 69 14 141 
1229 16 551 146 
1230 69 141 70 
1231 70 141 71 
1232 71 142 72 
1233 141 142 71 
1234 72 142 73 
1235 73 143 74 
1236 142 143 73 
1237 74 144 75 
1238 74 143 144 
1239 75 552 76 
1240 144 552 75 
1241 76 145 77 
1242 76 552 145 
1243 145 146 77 
1244 146 551 77 
1245 145 552 144 
2 17 2 21
1246 78 15 6 
1247 16 553 7 
1248 7 553 86 
1249 78 147 15 
1250 152 553 16 
1251 79 147 78 
1252 80 147 79 
1253 81 148 80 
1254 80 148 147 
1255 82 148 81 
1256 83 149 82 
1257 82 149 148 
1258 84 150 83 
1259 83 150 149 
1260 85 554 84 
1261 84 554 150 
1262 86 151 85 
1263 151 554 85 
1264 86 152 151 
1265 86 553 152 
1266 150 554 151 
2 18 2 20
1267 8 17 555 
1268 17 8 556 
1269 8 87 556 
1270 92 8 555 
1271 153 17 556 
1272 17 158 555 
1273 87 88 557 
1274 556 87 557 
1275 88 89 557 
1276 89 90 557 
1277 90 91 555 
1278 156 90 555 
1279 90 156 557 
1280 91 92 555 
1281 154 153 557 
1282 153 556 557 
1283 155 154 557 
1284 156 155 557 
1285 157 156 555 
1286 158 157 555 
2 19 2 20
1287 9 18 559 
1288 18 9 560 
1289 9 93 560 
1290 98 9 559 
1291 159 18 560 
1292 18 164 559 
1293 93 94 560 
1294 94 95 560 
1295 95 96 558 
1296 95 558 560 
1297 96 97 559 
1298 558 96 559 
1299 97 98 559 
1300 160 159 560 
1301 161 160 558 
1302 558 160 560 
1303 162 161 558 
1304 163 162 558 
1305 164 163 559 
1306 163 558 559 
2 20 2 7
1307 17 561 153 
1308 158 561 17 
1309 153 561 154 
1310 154 561 155 
1311 155 561 156 
1312 156 561 157 
1313 157 561 158 
2 21 2 7
1314 18 562 159 
1315 164 562 18 
1316 159 562 160 
1317 160 562 161 
1318 161 562 162 
1319 162 562 163 
1320 163 562 164 
2 22 2 22
1321 13 19 564 
1322 129 13 564 
1323 20 14 565 
1324 14 134 565 
1325 19 165 563 
1326 19 563 564 
1327 168 20 565 
1328 130 129 563 
1329 563 129 564 
1330 131 130 566 
1331 130 563 566 
1332 132 131 166 
1333 166 131 566 
1334 133 132 167 
1335 132 166 167 
1336 134 133 567 
1337 133 167 567 
1338 134 168 565 
1339 168 134 567 
1340 165 166 566 
1341 563 165 566 
1342 167 168 567 
2 23 2 22
1343 19 13 569 
1344 13 135 569 
1345 15 21 570 
1346 140 15 570 
1347 169 19 568 
1348 568 19 569 
1349 21 172 570 
1350 135 136 568 
1351 135 568 569 
1352 136 137 571 
1353 568 136 571 
1354 137 138 170 
1355 137 170 571 
1356 138 139 171 
1357 170 138 171 
1358 139 140 572 
1359 171 139 572 
1360 172 140 570 
1361 140 172 572 
1362 170 169 571 
1363 169 568 571 
1364 172 171 572 
2 24 2 96
1365 19 186 23 
1366 23 591 19 
1367 19 591 165 
1368 169 185 19 
1369 185 186 19 
1370 168 597 20 
1371 20 597 173 
1372 21 596 172 
1373 177 596 21 
1374 176 188 22 
1375 22 189 180 
1376 188 189 22 
1377 181 591 23 
1378 187 601 24 
1379 24 601 192 
1380 165 590 166 
1381 165 591 590 
1382 166 576 167 
1383 166 579 576 
1384 166 590 579 
1385 167 602 168 
1386 576 602 167 
1387 168 602 597 
1388 170 589 169 
1389 184 185 169 
1390 169 589 184 
1391 171 573 170 
1392 573 580 170 
1393 580 589 170 
1394 172 586 171 
1395 171 586 573 
1396 172 596 586 
1397 173 588 174 
1398 173 597 588 
1399 174 574 175 
1400 174 588 574 
1401 175 593 176 
1402 574 578 175 
1403 578 593 175 
1404 187 188 176 
1405 176 601 187 
1406 593 601 176 
1407 178 587 177 
1408 587 596 177 
1409 179 575 178 
1410 575 587 178 
1411 180 594 179 
1412 179 577 575 
1413 179 594 577 
1414 189 190 180 
1415 190 191 180 
1416 191 594 180 
1417 182 591 181 
1418 183 590 182 
1419 590 591 182 
1420 184 589 183 
1421 589 590 183 
1422 192 594 191 
1423 592 594 192 
1424 192 601 592 
1425 573 581 580 
1426 573 583 581 
1427 573 586 583 
1428 574 585 578 
1429 574 595 585 
1430 588 600 574 
1431 574 600 595 
1432 577 585 575 
1433 585 599 575 
1434 575 599 587 
1435 579 581 576 
1436 581 582 576 
1437 582 584 576 
1438 584 602 576 
1439 577 592 585 
1440 577 594 592 
1441 585 592 578 
1442 592 593 578 
1443 580 581 579 
1444 579 589 580 
1445 579 590 589 
1446 581 583 582 
1447 583 598 582 
1448 582 600 584 
1449 582 598 595 
1450 595 600 582 
1451 586 599 583 
1452 583 599 598 
1453 588 597 584 
1454 584 600 588 
1455 597 602 584 
1456 595 598 585 
1457 598 599 585 
1458 586 596 587 
1459 587 599 586 
1460 592 601 593 
2 25 2 22
1461 20 605 14 
1462 14 605 141 
1463 16 604 22 
1464 146 604 16 
1465 173 605 20 
1466 22 603 176 
1467 22 604 603 
1468 141 607 142 
1469 141 605 173 
1470 173 607 141 
1471 142 174 143 
1472 142 607 174 
1473 143 175 144 
1474 174 175 143 
1475 144 606 145 
1476 175 606 144 
1477 145 603 146 
1478 145 606 603 
1479 603 604 146 
1480 174 607 173 
1481 176 606 175 
1482 603 606 176 
2 26 2 22
1483 15 610 21 
1484 147 610 15 
1485 22 609 16 
1486 16 609 152 
1487 21 610 177 
1488 180 608 22 
1489 608 609 22 
1490 148 612 147 
1491 177 610 147 
1492 147 612 177 
1493 149 178 148 
1494 178 612 148 
1495 150 179 149 
1496 149 179 178 
1497 151 611 150 
1498 150 611 179 
1499 152 608 151 
1500 608 611 151 
1501 152 609 608 
1502 177 612 178 
1503 179 611 180 
1504 180 611 608 
2 27 2 26
1505 615 17 153 
1506 158 17 617 
1507 193 17 615 
1508 617 17 193 
1509 181 23 614 
1510 616 23 186 
1511 614 23 193 
1512 193 23 616 
1513 615 153 154 
1514 615 154 155 
1515 615 155 156 
1516 156 157 613 
1517 156 613 615 
1518 157 158 617 
1519 617 613 157 
1520 182 181 614 
1521 183 182 614 
1522 184 183 614 
1523 613 185 184 
1524 614 613 184 
1525 616 186 185 
1526 185 613 616 
1527 613 614 193 
1528 193 615 613 
1529 193 616 613 
1530 613 617 193 
2 28 2 26
1531 620 18 159 
1532 164 18 622 
1533 194 18 620 
1534 622 18 194 
1535 187 24 619 
1536 621 24 192 
1537 619 24 194 
1538 194 24 621 
1539 620 159 160 
1540 620 160 161 
1541 620 161 162 
1542 162 163 618 
1543 162 618 620 
1544 163 164 622 
1545 622 618 163 
1546 188 187 619 
1547 189 188 619 
1548 190 189 619 
1549 618 191 190 
1550 619 618 190 
1551 621 192 191 
1552 191 618 621 
1553 618 619 194 
1554 194 620 618 
1555 194 621 618 
1556 618 622 194 
2 29 2 7
1557 181 23 623 
1558 23 186 623 
1559 182 181 623 
1560 183 182 623 
1561 184 183 623 
1562 185 184 623 
1563 186 185 623 
2 30 2 7
1564 187 24 624 
1565 24 192 624 
1566 188 187 624 
1567 189 188 624 
1568 190 189 624 
1569 191 190 624 
1570 192 191 624 
2 31 2 22
1571 25 26 626 
1572 201 25 625 
1573 625 25 626 
1574 26 195 626 
1575 27 28 627 
1576 200 27 627 
1577 28 204 627 
1578 195 196 625 
1579 195 625 626 
1580 196 197 628 
1581 625 196 628 
1582 202 197 198 
1583 197 202 628 
1584 203 198 199 
1585 203 202 198 
1586 199 200 629 
1587 203 199 629 
1588 204 200 627 
1589 200 204 629 
1590 202 201 628 
1591 201 625 628 
1592 204 203 629 
2 32 2 22
1593 29 632 30 
1594 211 632 29 
1595 30 632 205 
1596 31 631 32 
1597 210 631 31 
1598 32 630 214 
1599 32 631 630 
1600 205 634 206 
1601 205 632 211 
1602 211 634 205 
1603 212 207 206 
1604 206 634 212 
1605 213 208 207 
1606 213 207 212 
1607 208 633 209 
1608 213 633 208 
1609 209 630 210 
1610 209 633 630 
1611 630 631 210 
1612 212 634 211 
1613 214 633 213 
1614 630 633 214 
2 33 2 22
1615 26 25 636 
1616 25 215 635 
1617 25 635 636 
1618 219 26 636 
1619 29 30 637 
1620 218 29 637 
1621 30 224 637 
1622 215 216 638 
1623 635 215 638 
1624 216 217 222 
1625 221 216 222 
1626 216 221 638 
1627 217 218 639 
1628 222 217 223 
1629 223 217 639 
1630 224 218 637 
1631 218 224 639 
1632 220 219 635 
1633 635 219 636 
1634 221 220 638 
1635 220 635 638 
1636 224 223 639 
2 34 2 22
1637 27 642 28 
1638 229 642 27 
1639 28 642 225 
1640 32 641 31 
1641 31 641 234 
1642 228 640 32 
1643 640 641 32 
1644 225 644 226 
1645 225 642 229 
1646 229 644 225 
1647 226 231 227 
1648 230 231 226 
1649 226 644 230 
1650 227 643 228 
1651 231 232 227 
1652 232 643 227 
1653 228 643 640 
1654 230 644 229 
1655 233 643 232 
1656 234 640 233 
1657 640 643 233 
1658 234 641 640 
2 35 2 66
1659 25 201 665 
1660 215 25 665 
1661 204 28 664 
1662 28 225 664 
1663 211 29 666 
1664 29 218 666 
1665 32 214 663 
1666 228 32 663 
1667 201 202 649 
1668 201 649 665 
1669 202 203 645 
1670 202 645 649 
1671 203 204 653 
1672 645 203 653 
1673 653 204 664 
1674 212 211 659 
1675 659 211 666 
1676 213 212 646 
1677 646 212 659 
1678 214 213 655 
1679 213 646 655 
1680 214 655 663 
1681 216 215 656 
1682 656 215 665 
1683 217 216 647 
1684 647 216 656 
1685 218 217 654 
1686 217 647 654 
1687 218 654 666 
1688 225 226 658 
1689 225 658 664 
1690 226 227 648 
1691 226 648 658 
1692 227 228 657 
1693 648 227 657 
1694 657 228 663 
1695 649 645 650 
1696 650 645 651 
1697 651 645 653 
1698 655 646 662 
1699 646 659 662 
1700 654 647 660 
1701 647 656 667 
1702 660 647 667 
1703 648 657 661 
1704 658 648 668 
1705 648 661 668 
1706 649 650 656 
1707 649 656 665 
1708 650 651 652 
1709 650 652 667 
1710 656 650 667 
1711 652 651 668 
1712 651 653 658 
1713 651 658 668 
1714 660 652 662 
1715 652 660 667 
1716 652 661 662 
1717 661 652 668 
1718 658 653 664 
1719 659 654 660 
1720 654 659 666 
1721 657 655 661 
1722 655 657 663 
1723 661 655 662 
1724 659 660 662 
2 36 2 92
1725 26 701 195 
1726 219 701 26 
1727 200 698 27 
1728 27 698 229 
1729 205 699 30 
1730 30 699 224 
1731 31 700 210 
1732 234 700 31 
1733 195 673 196 
1734 195 701 673 
1735 196 687 197 
1736 673 687 196 
1737 197 677 198 
1738 197 687 677 
1739 198 671 199 
1740 198 677 671 
1741 199 694 200 
1742 671 694 199 
1743 694 698 200 
1744 206 695 205 
1745 695 699 205 
1746 207 672 206 
1747 672 695 206 
1748 208 679 207 
1749 207 679 672 
1750 209 686 208 
1751 208 686 679 
1752 210 674 209 
1753 674 686 209 
1754 210 700 674 
1755 220 691 219 
1756 691 701 219 
1757 221 688 220 
1758 688 691 220 
1759 222 669 221 
1760 669 688 221 
1761 223 693 222 
1762 222 693 669 
1763 224 676 223 
1764 676 693 223 
1765 224 699 676 
1766 229 675 230 
1767 229 698 675 
1768 230 690 231 
1769 675 690 230 
1770 231 670 232 
1771 231 690 670 
1772 232 689 233 
1773 670 689 232 
1774 233 692 234 
1775 689 692 233 
1776 692 700 234 
1777 669 693 685 
1778 685 697 669 
1779 669 697 688 
1780 670 690 684 
1781 684 696 670 
1782 670 696 689 
1783 677 678 671 
1784 678 681 671 
1785 681 694 671 
1786 679 680 672 
1787 680 682 672 
1788 682 695 672 
1789 673 688 687 
1790 673 691 688 
1791 673 701 691 
1792 674 689 686 
1793 674 692 689 
1794 674 700 692 
1795 681 690 675 
1796 675 694 681 
1797 675 698 694 
1798 682 693 676 
1799 676 695 682 
1800 676 699 695 
1801 677 697 678 
1802 687 697 677 
1803 678 683 681 
1804 678 685 683 
1805 678 697 685 
1806 679 696 680 
1807 686 696 679 
1808 680 683 682 
1809 680 684 683 
1810 680 696 684 
1811 683 684 681 
1812 684 690 681 
1813 683 685 682 
1814 685 693 682 
1815 689 696 686 
1816 688 697 687 
2 37 2 21
1817 26 1 702 
1818 1 42 702 
1819 4 27 50 
1820 195 26 702 
1821 27 200 50 
1822 196 42 43 
1823 196 195 42 
1824 42 195 702 
1825 43 44 703 
1826 196 43 703 
1827 197 44 45 
1828 44 197 703 
1829 198 45 46 
1830 198 197 45 
1831 199 46 47 
1832 199 198 46 
1833 199 47 48 
1834 200 48 49 
1835 200 199 48 
1836 200 49 50 
1837 197 196 703 
2 38 2 21
1838 30 108 5 
1839 10 704 31 
1840 116 704 10 
1841 205 108 30 
1842 31 704 210 
1843 205 109 108 
1844 205 110 109 
1845 206 111 110 
1846 206 110 205 
1847 206 112 111 
1848 207 113 112 
1849 207 112 206 
1850 208 114 113 
1851 208 113 207 
1852 114 705 115 
1853 208 705 114 
1854 209 116 115 
1855 115 705 209 
1856 210 116 209 
1857 210 704 116 
1858 209 705 208 
2 39 2 21
1859 1 26 706 
1860 51 1 706 
1861 30 5 59 
1862 26 219 706 
1863 224 30 59 
1864 51 220 52 
1865 219 220 51 
1866 219 51 706 
1867 53 52 707 
1868 52 220 707 
1869 53 221 54 
1870 221 53 707 
1871 54 222 55 
1872 221 222 54 
1873 55 223 56 
1874 222 223 55 
1875 56 223 57 
1876 57 224 58 
1877 223 224 57 
1878 58 224 59 
1879 220 221 707 
2 40 2 21
1880 4 99 27 
1881 31 708 10 
1882 10 708 107 
1883 27 99 229 
1884 234 708 31 
1885 99 100 229 
1886 229 100 101 
1887 102 230 101 
1888 101 230 229 
1889 103 230 102 
1890 103 104 231 
1891 231 230 103 
1892 104 105 232 
1893 104 232 231 
1894 106 709 105 
1895 105 709 232 
1896 106 107 233 
1897 233 709 106 
1898 233 107 234 
1899 107 708 234 
1900 232 709 233 
3 1 4 308
1901 700 640 641 631 
1902 692 700 674 640 
1903 701 635 673 691 
1904 630 674 700 663 
1905 665 625 701 673 
1906 640 700 674 663 
1907 701 635 665 673 
1908 665 625 635 701 
1909 626 25 665 636 
1910 640 674 692 663 
1911 635 665 673 691 
1912 676 654 639 223 
1913 217 639 654 223 
1914 669 221 638 216 
1915 665 687 688 697 
1916 653 629 203 199 
1917 689 686 696 663 
1918 230 644 658 675 
1919 638 688 221 669 
1920 629 653 694 199 
1921 658 226 644 230 
1922 638 688 669 656 
1923 696 670 657 661 
1924 697 665 687 649 
1925 633 679 686 655 
1926 669 638 656 216 
1927 197 677 628 202 
1928 677 650 697 649 
1929 670 648 657 661 
1930 633 208 679 213 
1931 635 665 25 636 
1932 625 25 665 626 
1933 630 631 32 663 
1934 684 670 696 661 
1935 227 232 670 657 
1936 627 664 28 642 
1937 637 632 29 666 
1938 200 629 204 698 
1939 699 224 639 218 
1940 648 670 684 661 
1941 649 677 650 645 
1942 670 232 689 657 
1943 693 217 654 223 
1944 643 689 232 657 
1945 671 653 203 199 
1946 227 643 232 657 
1947 676 223 693 654 
1948 683 651 668 652 
1949 666 29 637 218 
1950 28 204 664 627 
1951 675 681 694 653 
1952 677 687 628 649 
1953 649 628 677 202 
1954 208 679 686 633 
1955 683 660 685 667 
1956 198 202 203 645 
1957 655 633 679 213 
1958 671 199 694 653 
1959 683 681 668 651 
1960 663 696 689 657 
1961 663 686 696 655 
1962 683 681 684 668 
1963 205 699 634 211 
1964 677 649 202 645 
1965 675 681 653 658 
1966 669 667 685 647 
1967 628 687 677 197 
1968 667 669 656 647 
1969 661 684 668 652 
1970 200 204 627 698 
1971 224 699 637 218 
1972 683 661 652 684 
1973 211 29 632 666 
1974 202 198 677 645 
1975 639 676 699 666 
1976 652 682 683 660 
1977 224 223 676 639 
1978 658 226 230 690 
1979 654 639 217 218 
1980 683 660 667 652 
1981 660 685 667 647 
1982 683 667 650 652 
1983 699 695 634 666 
1984 683 661 684 680 
1985 225 644 229 698 
1986 663 633 686 655 
1987 203 629 653 204 
1988 660 647 654 693 
1989 692 689 640 663 
1990 644 226 658 225 
1991 675 230 690 658 
1992 682 693 660 654 
1993 650 677 697 678 
1994 678 671 651 645 
1995 682 676 693 654 
1996 229 230 675 644 
1997 681 671 694 653 
1998 698 664 644 675 
1999 665 635 688 691 
2000 664 225 28 642 
2001 659 634 206 695 
2002 681 671 653 651 
2003 653 645 651 671 
2004 647 660 685 693 
2005 227 231 226 648 
2006 698 27 642 627 
2007 699 30 637 632 
2008 646 662 679 655 
2009 633 686 674 663 
2010 677 678 650 645 
2011 669 222 216 647 
2012 699 205 632 211 
2013 698 629 664 694 
2014 665 628 673 687 
2015 216 656 669 647 
2016 685 669 697 656 
2017 664 204 629 698 
2018 666 699 639 218 
2019 690 226 231 648 
2020 699 634 695 205 
2021 650 667 685 697 
2022 639 676 224 699 
2023 660 683 685 682 
2024 676 639 654 666 
2025 679 672 680 646 
2026 222 216 647 217 
2027 699 632 637 666 
2028 642 627 664 698 
2029 652 682 660 662 
2030 212 659 634 206 
2031 667 656 669 685 
2032 648 227 670 657 
2033 667 650 656 697 
2034 678 681 683 651 
2035 662 679 680 646 
2036 672 662 659 682 
2037 683 661 680 652 
2038 229 642 225 698 
2039 658 644 664 675 
2040 206 205 695 634 
2041 674 630 633 663 
2042 628 625 665 673 
2043 645 653 203 671 
2044 683 684 652 668 
2045 685 667 656 697 
2046 645 203 198 671 
2047 205 30 699 632 
2048 200 27 698 627 
2049 27 229 698 642 
2050 30 224 699 637 
2051 644 229 698 675 
2052 217 647 222 693 
2053 656 665 688 697 
2054 698 200 629 694 
2055 211 699 634 666 
2056 678 671 681 651 
2057 217 654 647 693 
2058 659 646 662 672 
2059 676 682 659 654 
2060 661 696 680 655 
2061 658 690 681 668 
2062 25 665 201 625 
2063 640 32 663 228 
2064 201 628 649 202 
2065 629 653 664 694 
2066 688 638 665 656 
2067 689 692 674 663 
2068 199 200 694 629 
2069 676 682 695 659 
2070 640 692 233 643 
2071 670 231 227 648 
2072 635 638 691 220 
2073 204 664 627 698 
2074 666 637 699 218 
2075 230 231 690 226 
2076 644 225 664 698 
2077 214 633 655 213 
2078 656 638 215 216 
2079 688 673 665 691 
2080 685 682 693 660 
2081 223 222 693 217 
2082 639 654 666 218 
2083 665 628 687 649 
2084 658 226 690 648 
2085 662 659 682 660 
2086 629 653 204 664 
2087 625 626 701 195 
2088 210 700 631 630 
2089 657 663 696 655 
2090 222 669 693 647 
2091 227 228 643 657 
2092 658 644 225 664 
2093 680 672 682 662 
2094 670 689 696 657 
2095 632 699 211 666 
2096 680 679 662 655 
2097 198 671 677 645 
2098 653 651 658 681 
2099 661 657 696 655 
2100 656 665 697 649 
2101 645 678 650 651 
2102 642 664 225 698 
2103 675 664 653 694 
2104 663 32 630 214 
2105 697 650 656 649 
2106 689 692 640 643 
2107 25 215 665 635 
2108 679 680 696 655 
2109 684 681 690 668 
2110 635 638 688 691 
2111 672 206 695 659 
2112 231 670 690 648 
2113 212 659 206 672 
2114 677 671 678 645 
2115 207 206 672 212 
2116 692 689 233 643 
2117 690 658 681 675 
2118 690 668 658 648 
2119 679 646 655 213 
2120 653 658 664 675 
2121 638 688 691 220 
2122 689 643 663 657 
2123 198 199 671 203 
2124 634 659 212 211 
2125 687 677 697 649 
2126 207 646 212 672 
2127 689 674 686 663 
2128 669 688 697 656 
2129 659 634 695 666 
2130 669 685 693 647 
2131 687 673 665 688 
2132 678 685 697 650 
2133 646 679 207 213 
2134 660 659 682 654 
2135 670 684 690 648 
2136 680 684 696 661 
2137 207 646 213 212 
2138 643 640 689 663 
2139 665 635 638 688 
2140 682 672 695 659 
2141 670 231 232 227 
2142 662 680 661 652 
2143 658 651 668 681 
2144 221 669 222 216 
2145 699 676 695 666 
2146 215 665 638 656 
2147 32 31 641 631 
2148 626 26 25 636 
2149 677 197 198 202 
2150 633 663 214 655 
2151 700 210 674 630 
2152 634 659 211 666 
2153 195 701 625 673 
2154 208 207 679 213 
2155 684 668 690 648 
2156 679 696 686 655 
2157 659 212 646 672 
2158 662 661 680 655 
2159 684 668 648 661 
2160 680 662 646 672 
2161 698 664 675 694 
2162 674 209 686 633 
2163 628 196 673 687 
2164 207 672 679 646 
2165 228 663 643 657 
2166 665 201 628 649 
2167 209 674 630 633 
2168 625 628 196 673 
2169 665 201 625 628 
2170 663 643 640 228 
2171 630 633 663 214 
2172 215 665 635 638 
2173 632 29 30 637 
2174 28 27 627 642 
2175 209 208 686 633 
2176 196 197 687 628 
2177 232 233 689 643 
2178 221 220 688 638 
2179 234 692 233 640 
2180 691 219 635 220 
2181 209 674 210 630 
2182 196 195 625 673 
2183 234 31 700 641 
2184 31 210 700 631 
2185 195 26 626 701 
2186 219 26 701 636 
2187 31 700 641 631 
2188 636 626 26 701 
2189 640 700 234 692 
2190 234 700 640 641 
2191 701 635 219 636 
2192 219 635 701 691 
2193 640 631 32 641 
2194 32 631 640 663 
2195 631 663 700 640 
2196 700 663 631 630 
2197 685 650 683 667 
2198 685 683 650 678 
2199 650 683 651 678 
2200 650 651 683 652 
2201 676 659 666 654 
2202 676 666 659 695 
2203 652 680 682 662 
2204 652 682 680 683 
2205 701 635 626 625 
2206 701 626 635 636 
2207 665 626 635 625 
2208 665 635 626 636 
3 2 4 508
2209 683 409 404 407 
2210 468 678 401 400 
2211 416 680 682 417 
2212 682 433 406 456 
2213 671 678 681 400 
2214 682 680 683 433 
2215 408 407 410 684 
2216 682 683 685 406 
2217 409 683 684 407 
2218 682 418 416 417 
2219 418 672 695 682 
2220 671 681 694 442 
2221 398 677 399 397 
2222 680 416 682 672 
2223 408 684 683 407 
2224 433 682 406 683 
2225 404 403 401 683 
2226 403 430 685 406 
2227 681 678 468 400 
2228 681 675 694 438 
2229 681 683 684 409 
2230 675 681 690 439 
2231 681 671 400 442 
2232 672 418 416 682 
2233 681 684 690 441 
2234 429 685 428 426 
2235 677 425 399 397 
2236 696 414 410 413 
2237 205 30 108 481 
2238 229 27 478 99 
2239 224 30 481 59 
2240 27 200 478 50 
2241 410 680 408 684 
2242 672 679 680 415 
2243 681 690 439 441 
2244 424 682 431 456 
2245 676 682 693 424 
2246 670 684 696 414 
2247 682 676 695 420 
2248 685 430 403 678 
2249 436 675 457 439 
2250 206 205 110 391 
2251 115 114 447 705 
2252 671 677 399 398 
2253 105 106 444 709 
2254 223 224 449 57 
2255 43 44 392 703 
2256 678 677 697 425 
2257 390 230 229 101 
2258 683 678 685 403 
2259 681 684 441 409 
2260 415 680 416 412 
2261 230 675 690 435 
2262 684 680 696 410 
2263 53 52 389 707 
2264 206 672 695 445 
2265 1 42 479 702 
2266 51 1 479 706 
2267 10 107 708 480 
2268 688 669 697 475 
2269 685 428 669 429 
2270 223 676 693 386 
2271 231 230 690 381 
2272 418 672 473 695 
2273 694 477 442 385 
2274 449 223 676 224 
2275 206 391 695 205 
2276 684 408 683 680 
2277 438 681 442 694 
2278 680 679 696 455 
2279 230 390 229 675 
2280 689 670 696 421 
2281 116 10 704 480 
2282 478 698 200 27 
2283 224 699 481 30 
2284 229 698 478 27 
2285 30 205 699 481 
2286 671 677 678 399 
2287 685 678 697 426 
2288 462 690 670 482 
2289 199 671 694 385 
2290 423 419 420 676 
2291 111 112 206 383 
2292 684 670 690 482 
2293 222 223 693 448 
2294 426 685 428 697 
2295 679 471 415 472 
2296 669 685 697 428 
2297 48 694 200 452 
2298 230 102 381 103 
2299 419 682 420 676 
2300 685 403 406 683 
2301 675 690 457 439 
2302 678 399 400 671 
2303 669 475 428 697 
2304 56 55 448 223 
2305 675 439 438 681 
2306 414 670 482 467 
2307 696 410 680 413 
2308 678 401 403 683 
2309 420 418 682 419 
2310 420 418 695 682 
2311 695 473 445 672 
2312 482 670 462 467 
2313 684 414 410 696 
2314 408 680 433 683 
2315 199 47 46 451 
2316 680 415 416 672 
2317 400 399 398 671 
2318 402 403 430 678 
2319 470 447 388 686 
2320 400 477 442 671 
2321 206 207 672 383 
2322 224 481 395 59 
2323 199 198 671 451 
2324 669 469 382 432 
2325 390 230 101 435 
2326 208 209 686 705 
2327 422 696 465 686 
2328 208 388 447 686 
2329 197 196 687 703 
2330 670 231 690 443 
2331 672 207 679 446 
2332 229 478 459 99 
2333 478 200 394 50 
2334 669 222 693 382 
2335 411 680 410 413 
2336 471 679 446 472 
2337 708 10 480 704 
2338 702 1 706 479 
2339 223 449 386 57 
2340 671 198 677 384 
2341 677 687 697 454 
2342 670 684 414 482 
2343 390 230 435 675 
2344 418 473 474 695 
2345 415 455 679 680 
2346 207 206 112 383 
2347 440 681 400 442 
2348 447 705 686 209 
2349 421 387 444 689 
2350 694 48 200 199 
2351 206 445 391 110 
2352 103 381 230 231 
2353 199 46 198 451 
2354 484 695 391 460 
2355 464 695 420 484 
2356 223 449 676 386 
2357 428 469 669 429 
2358 678 425 399 677 
2359 696 422 470 686 
2360 440 438 681 442 
2361 448 55 222 223 
2362 444 387 232 689 
2363 688 475 434 669 
2364 418 672 416 473 
2365 443 690 381 231 
2366 434 221 688 669 
2367 670 232 387 689 
2368 436 675 439 438 
2369 233 232 689 709 
2370 681 441 439 409 
2371 693 424 431 432 
2372 422 470 455 696 
2373 220 221 688 707 
2374 391 206 695 445 
2375 696 470 679 686 
2376 402 426 425 678 
2377 675 457 435 436 
2378 705 686 208 447 
2379 685 669 693 432 
2380 392 396 687 197 
2381 679 455 470 696 
2382 694 442 477 671 
2383 474 473 445 695 
2384 415 679 472 672 
2385 48 694 452 385 
2386 382 222 693 448 
2387 690 441 457 439 
2388 392 687 196 703 
2389 54 221 434 669 
2390 206 445 383 672 
2391 408 680 412 433 
2392 113 388 208 207 
2393 397 398 677 384 
2394 435 230 381 690 
2395 197 45 396 198 
2396 477 694 671 385 
2397 693 466 386 676 
2398 670 690 462 443 
2399 460 108 481 205 
2400 684 690 441 482 
2401 465 483 422 686 
2402 690 457 435 675 
2403 677 697 425 454 
2404 104 231 232 387 
2405 421 696 414 670 
2406 475 389 688 434 
2407 427 687 453 454 
2408 699 224 481 395 
2409 387 421 670 689 
2410 698 478 200 394 
2411 688 687 453 697 
2412 393 461 465 674 
2413 385 199 671 451 
2414 698 229 478 459 
2415 388 113 446 207 
2416 702 706 701 479 
2417 480 700 708 704 
2418 449 224 699 395 
2419 221 688 389 434 
2420 703 687 197 392 
2421 687 454 396 392 
2422 45 384 396 198 
2423 697 425 426 678 
2424 386 448 693 223 
2425 106 444 709 233 
2426 195 26 701 702 
2427 26 219 701 706 
2428 234 31 708 700 
2429 31 210 704 700 
2430 472 679 446 672 
2431 686 696 465 689 
2432 459 698 229 390 
2433 427 475 453 697 
2434 678 399 401 400 
2435 464 699 695 484 
2436 231 104 443 387 
2437 388 208 207 679 
2438 676 695 420 464 
2439 388 208 679 686 
2440 423 386 466 676 
2441 471 455 679 415 
2442 388 679 470 686 
2443 693 431 685 432 
2444 197 396 677 198 
2445 220 389 52 707 
2446 444 106 393 233 
2447 396 677 687 197 
2448 473 383 445 672 
2449 422 696 421 465 
2450 705 447 115 209 
2451 232 231 670 387 
2452 200 698 452 694 
2453 382 54 434 669 
2454 455 415 411 680 
2455 48 694 385 199 
2456 224 676 449 699 
2457 111 206 445 383 
2458 200 49 48 452 
2459 392 196 43 703 
2460 437 675 438 694 
2461 414 421 670 467 
2462 449 699 464 395 
2463 381 462 690 443 
2464 675 437 698 694 
2465 115 447 461 209 
2466 384 398 677 671 
2467 475 688 453 697 
2468 390 698 229 675 
2469 383 446 207 672 
2470 463 409 441 684 
2471 673 450 458 453 
2472 435 230 102 381 
2473 452 698 200 394 
2474 686 465 461 674 
2475 58 57 449 224 
2476 446 388 207 679 
2477 463 407 409 684 
2478 391 110 109 205 
2479 671 198 384 451 
2480 461 483 465 686 
2481 390 229 100 101 
2482 695 676 699 464 
2483 450 196 43 392 
2484 54 221 669 222 
2485 686 461 447 209 
2486 52 458 389 220 
2487 450 673 196 392 
2488 396 384 677 198 
2489 481 699 460 205 
2490 690 462 441 482 
2491 442 476 438 694 
2492 444 232 709 689 
2493 484 699 695 460 
2494 220 688 389 707 
2495 689 709 444 233 
2496 467 670 462 443 
2497 427 453 687 697 
2498 385 47 199 451 
2499 697 687 427 454 
2500 56 448 386 223 
2501 389 688 221 707 
2502 465 696 421 689 
2503 415 472 416 672 
2504 693 669 382 432 
2505 674 465 393 689 
2506 673 450 687 392 
2507 674 686 465 689 
2508 112 446 207 383 
2509 408 433 405 683 
2510 115 461 116 209 
2511 687 453 673 688 
2512 459 437 698 390 
2513 103 443 381 231 
2514 443 670 231 387 
2515 46 384 198 451 
2516 222 382 55 448 
2517 692 674 393 689 
2518 434 475 428 669 
2519 43 42 196 450 
2520 476 437 438 694 
2521 682 417 433 456 
2522 483 470 422 686 
2523 453 458 673 688 
2524 221 53 54 434 
2525 425 677 454 397 
2526 454 677 687 396 
2527 688 458 673 691 
2528 418 474 420 695 
2529 221 389 53 434 
2530 454 687 453 392 
2531 391 109 460 205 
2532 209 686 461 674 
2533 224 449 58 395 
2534 385 671 477 451 
2535 388 114 113 208 
2536 116 210 700 704 
2537 440 681 468 400 
2538 44 45 396 197 
2539 687 196 673 392 
2540 450 453 687 392 
2541 435 381 457 690 
2542 388 447 114 208 
2543 100 459 229 390 
2544 431 429 685 432 
2545 669 382 54 222 
2546 689 444 393 233 
2547 44 396 392 197 
2548 104 232 105 387 
2549 700 480 116 704 
2550 699 676 449 464 
2551 221 53 389 707 
2552 393 692 689 233 
2553 693 466 448 386 
2554 452 437 698 394 
2555 413 696 414 421 
2556 673 450 453 687 
2557 407 408 405 683 
2558 200 49 452 394 
2559 209 461 116 674 
2560 232 105 387 444 
2561 427 425 697 454 
2562 438 439 440 681 
2563 691 688 458 220 
2564 433 406 405 683 
2565 688 389 458 220 
2566 446 383 472 672 
2567 107 234 692 233 
2568 691 51 219 220 
2569 673 195 701 479 
2570 673 196 42 450 
2571 393 107 480 692 
2572 42 195 196 673 
2573 421 444 465 689 
2574 234 700 480 692 
2575 219 701 479 691 
2576 460 109 108 205 
2577 427 428 475 697 
2578 411 680 408 410 
2579 461 480 116 674 
2580 105 232 709 444 
2581 197 392 44 703 
2582 406 430 685 431 
2583 5 30 481 108 
2584 30 59 5 481 
2585 50 27 4 478 
2586 478 27 4 99 
2587 453 389 458 688 
2588 116 209 674 210 
2589 42 195 673 479 
2590 421 670 467 387 
2591 51 479 458 691 
2592 422 696 413 421 
2593 708 700 31 704 
2594 706 701 26 702 
2595 483 461 447 686 
2596 694 442 476 385 
2597 429 430 685 426 
2598 450 42 673 479 
2599 432 382 693 448 
2600 390 437 675 436 
2601 437 675 436 438 
2602 677 397 384 396 
2603 426 428 427 697 
2604 199 48 47 385 
2605 425 426 427 697 
2606 50 49 200 394 
2607 423 449 386 676 
2608 446 388 679 471 
2609 445 391 474 695 
2610 58 59 224 395 
2611 234 480 107 692 
2612 479 51 219 691 
2613 420 423 676 464 
2614 390 437 698 675 
2615 688 453 389 475 
2616 402 401 403 678 
2617 705 114 447 208 
2618 677 454 397 396 
2619 455 422 696 413 
2620 698 437 452 694 
2621 676 423 449 464 
2622 418 682 419 417 
2623 394 437 698 459 
2624 393 480 461 674 
2625 459 229 99 100 
2626 384 398 671 451 
2627 469 382 434 669 
2628 441 463 684 482 
2629 476 452 437 694 
2630 674 393 480 692 
2631 463 410 407 684 
2632 477 400 398 671 
2633 206 445 110 111 
2634 424 693 466 432 
2635 484 464 699 460 
2636 395 699 464 460 
2637 443 467 670 387 
2638 673 450 479 458 
2639 230 101 435 102 
2640 405 406 403 683 
2641 435 390 675 436 
2642 444 393 465 689 
2643 483 447 470 686 
2644 57 56 386 223 
2645 469 434 428 669 
2646 458 479 673 691 
2647 404 407 405 683 
2648 415 411 680 412 
2649 425 399 402 678 
2650 681 439 440 409 
2651 408 680 411 412 
2652 424 419 682 456 
2653 470 455 679 471 
2654 381 462 457 690 
2655 700 674 480 692 
2656 479 701 673 691 
2657 685 430 429 431 
2658 403 404 405 683 
2659 694 476 452 385 
2660 682 419 417 456 
2661 441 457 462 690 
2662 679 388 470 471 
2663 401 402 399 678 
2664 463 414 410 684 
2665 693 466 432 448 
2666 440 681 409 468 
2667 699 395 481 460 
2668 207 113 446 112 
2669 45 46 384 198 
2670 382 55 54 222 
2671 472 473 416 672 
2672 103 104 443 231 
2673 473 472 383 672 
2674 478 394 698 459 
2675 684 463 414 482 
2676 671 398 477 451 
2677 695 474 420 484 
2678 695 391 474 484 
2679 706 26 1 702 
2680 31 10 708 704 
2681 680 417 416 412 
2682 433 417 680 412 
2683 433 680 417 682 
2684 681 683 468 678 
2685 401 683 468 404 
2686 401 468 683 678 
2687 406 682 431 685 
2688 406 431 682 456 
2689 431 693 682 424 
2690 682 693 431 685 
2691 669 429 432 685 
2692 432 429 669 469 
2693 419 676 424 682 
2694 424 676 419 423 
2695 676 466 424 693 
2696 676 424 466 423 
2697 430 678 426 402 
2698 426 678 430 685 
2699 413 680 455 411 
2700 413 455 680 696 
2701 460 695 205 699 
2702 460 205 695 391 
2703 393 233 107 692 
2704 107 233 393 106 
2705 220 458 51 52 
2706 220 51 458 691 
2707 480 234 708 700 
2708 708 234 480 107 
2709 479 195 702 42 
2710 479 702 195 701 
2711 479 219 706 701 
2712 479 706 219 51 
2713 700 116 674 210 
2714 700 674 116 480 
2715 683 468 409 681 
2716 683 409 468 404 
3 3 4 1100
2717 458 119 120 340 
2718 86 370 125 126 
2719 366 235 11 122 
2720 117 450 11 237 
2721 496 118 117 331 
2722 247 120 121 358 
2723 450 117 118 331 
2724 458 119 340 717 
2725 120 121 458 247 
2726 259 490 111 383 
2727 489 445 259 111 
2728 381 72 375 311 
2729 255 381 376 443 
2730 375 435 381 311 
2731 102 376 72 381 
2732 102 72 375 381 
2733 450 117 331 237 
2734 381 376 72 255 
2735 375 435 102 381 
2736 81 111 259 490 
2737 111 81 259 489 
2738 366 337 235 122 
2739 257 44 35 239 
2740 238 44 35 257 
2741 257 396 44 239 
2742 479 11 235 122 
2743 375 435 311 263 
2744 391 445 259 489 
2745 267 249 62 264 
2746 492 258 348 447 
2747 114 492 348 447 
2748 254 58 350 395 
2749 238 35 362 257 
2750 335 313 79 488 
2751 54 267 250 256 
2752 335 79 487 109 
2753 79 335 488 109 
2754 338 123 12 393 
2755 250 267 63 256 
2756 125 116 86 126 
2757 70 459 100 374 
2758 459 373 70 100 
2759 86 370 126 494 
2760 53 249 267 264 
2761 443 312 74 377 
2762 259 330 490 383 
2763 43 450 331 237 
2764 348 493 114 447 
2765 114 84 348 492 
2766 84 114 348 493 
2767 258 348 84 492 
2768 447 492 258 388 
2769 56 65 448 251 
2770 65 56 448 252 
2771 447 114 492 388 
2772 43 331 362 237 
2773 67 58 350 254 
2774 58 67 350 253 
2775 330 490 81 259 
2776 345 75 379 105 
2777 345 75 105 378 
2778 448 252 56 386 
2779 238 392 44 257 
2780 40 452 244 266 
2781 249 53 62 264 
2782 62 53 248 264 
2783 75 345 262 378 
2784 492 113 258 388 
2785 322 491 330 446 
2786 65 252 448 386 
2787 49 40 452 244 
2788 452 40 49 243 
2789 70 373 459 334 
2790 109 487 335 460 
2791 387 104 443 378 
2792 350 265 254 395 
2793 238 362 392 257 
2794 258 491 322 113 
2795 446 322 491 113 
2796 250 382 54 256 
2797 104 443 74 377 
2798 74 443 104 378 
2799 63 54 267 250 
2800 63 54 249 267 
2801 65 251 323 448 
2802 390 100 459 374 
2803 239 257 396 356 
2804 261 252 65 386 
2805 249 434 53 267 
2806 111 445 259 383 
2807 480 123 124 716 
2808 72 381 255 311 
2809 239 396 45 356 
2810 309 240 384 356 
2811 394 244 452 266 
2812 491 83 258 322 
2813 451 38 47 241 
2814 249 54 434 267 
2815 430 403 402 273 
2816 274 402 403 273 
2817 449 58 350 253 
2818 403 430 274 273 
2819 67 350 265 254 
2820 113 83 492 258 
2821 113 83 258 491 
2822 379 345 105 444 
2823 119 497 340 717 
2824 379 338 444 106 
2825 362 34 43 237 
2826 362 43 34 238 
2827 362 331 34 237 
2828 101 435 375 263 
2829 244 452 49 394 
2830 323 251 382 448 
2831 274 328 402 273 
2832 391 259 80 489 
2833 248 53 389 264 
2834 243 452 40 324 
2835 328 402 403 274 
2836 345 379 338 444 
2837 38 451 309 241 
2838 354 457 435 353 
2839 259 314 473 474 
2840 408 276 279 407 
2841 407 408 276 405 
2842 11 33 235 366 
2843 119 497 120 340 
2844 255 376 73 443 
2845 278 276 279 408 
2846 408 278 276 405 
2847 125 370 498 126 
2848 443 73 312 377 
2849 391 80 313 488 
2850 443 381 376 103 
2851 416 325 415 412 
2852 308 450 331 362 
2853 310 402 425 302 
2854 283 287 286 482 
2855 242 47 385 260 
2856 45 384 240 356 
2857 457 462 381 353 
2858 445 391 110 489 
2859 311 71 375 263 
2860 435 354 353 311 
2861 281 282 284 410 
2862 255 312 352 443 
2863 242 38 47 260 
2864 369 348 258 447 
2865 352 381 255 443 
2866 126 494 370 713 
2867 341 325 416 412 
2868 313 335 484 460 
2869 268 434 469 256 
2870 353 381 435 311 
2871 381 353 255 311 
2872 313 335 321 484 
2873 418 341 416 417 
2874 393 106 338 380 
2875 435 354 311 263 
2876 392 396 44 257 
2877 383 445 259 473 
2878 473 445 259 474 
2879 403 274 406 405 
2880 447 258 369 388 
2881 277 403 276 274 
2882 248 389 52 332 
2883 313 259 391 474 
2884 450 43 331 362 
2885 287 283 441 482 
2886 463 286 282 482 
2887 391 259 445 474 
2888 427 426 310 333 
2889 352 287 462 482 
2890 259 314 315 473 
2891 429 426 333 273 
2892 352 462 381 443 
2893 347 500 123 716 
2894 276 404 403 277 
2895 267 434 53 264 
2896 362 392 43 238 
2897 474 314 473 418 
2898 341 325 326 416 
2899 434 268 267 256 
2900 406 274 275 405 
2901 457 354 289 353 
2902 287 352 286 482 
2903 404 468 299 298 
2904 118 496 497 331 
2905 404 299 277 298 
2906 402 399 425 302 
2907 462 457 287 353 
2908 477 385 451 344 
2909 325 281 411 408 
2910 302 310 402 328 
2911 243 48 452 324 
2912 406 433 275 456 
2913 353 287 462 352 
2914 289 439 457 287 
2915 446 491 330 112 
2916 299 468 404 277 
2917 257 396 397 304 
2918 397 384 396 303 
2919 449 350 58 395 
2920 346 275 433 456 
2921 247 52 458 332 
2922 490 330 112 383 
2923 415 326 325 416 
2924 324 242 48 260 
2925 364 254 395 481 
2926 275 346 406 456 
2927 279 281 408 410 
2928 289 288 439 287 
2929 394 334 266 342 
2930 340 332 458 717 
2931 436 457 435 354 
2932 455 285 284 411 
2933 448 323 65 386 
2934 414 282 286 482 
2935 411 284 455 413 
2936 457 381 435 353 
2937 467 462 352 443 
2938 299 400 468 300 
2939 420 316 314 418 
2940 484 391 313 460 
2941 274 403 276 405 
2942 411 325 408 412 
2943 324 39 242 260 
2944 350 252 66 261 
2945 410 284 281 413 
2946 283 298 409 407 
2947 471 446 322 472 
2948 313 314 474 484 
2949 458 247 121 710 
2950 418 316 341 417 
2951 36 257 239 356 
2952 280 278 412 433 
2953 244 394 363 266 
2954 242 385 48 260 
2955 469 429 270 269 
2956 261 65 323 386 
2957 45 36 356 240 
2958 36 45 356 239 
2959 351 312 262 387 
2960 434 382 469 256 
2961 303 397 398 302 
2962 312 351 443 387 
2963 263 101 390 374 
2964 426 429 430 273 
2965 495 366 11 122 
2966 310 426 402 273 
2967 314 317 316 420 
2968 403 404 276 405 
2969 397 399 398 302 
2970 441 439 288 287 
2971 439 441 457 287 
2972 471 322 326 472 
2973 314 259 313 474 
2974 454 397 396 304 
2975 449 350 57 253 
2976 281 411 410 413 
2977 425 397 304 302 
2978 384 45 396 356 
2979 416 315 341 418 
2980 427 426 425 310 
2981 459 373 478 363 
2982 329 284 282 414 
2983 275 274 276 405 
2984 337 235 122 710 
2985 468 299 300 277 
2986 314 315 473 418 
2987 244 394 478 363 
2988 388 446 322 471 
2989 430 403 274 406 
2990 315 472 473 416 
2991 467 351 421 387 
2992 403 277 328 274 
2993 452 40 324 266 
2994 383 259 330 473 
2995 469 270 268 269 
2996 410 282 284 413 
2997 401 403 277 328 
2998 272 430 274 406 
2999 417 280 341 412 
3000 410 279 282 463 
3001 484 335 321 460 
3002 338 444 106 393 
3003 250 64 382 256 
3004 411 281 284 413 
3005 333 429 273 270 
3006 472 330 315 473 
3007 33 42 11 235 
3008 33 11 42 237 
3009 469 429 269 432 
3010 257 397 396 303 
3011 333 428 429 268 
3012 354 435 390 263 
3013 52 61 332 247 
3014 61 52 332 248 
3015 242 48 39 324 
3016 243 39 48 324 
3017 392 450 308 362 
3018 476 438 437 291 
3019 493 447 348 713 
3020 344 301 477 297 
3021 299 409 440 288 
3022 330 82 491 322 
3023 420 321 317 464 
3024 434 389 53 264 
3025 417 341 416 412 
3026 417 318 280 456 
3027 257 454 396 304 
3028 294 369 292 470 
3029 357 323 269 448 
3030 313 259 80 391 
3031 459 390 334 368 
3032 283 441 409 288 
3033 298 283 279 407 
3034 351 355 421 387 
3035 470 369 447 483 
3036 294 295 360 465 
3037 308 392 305 717 
3038 282 414 463 482 
3039 283 286 282 463 
3040 472 383 330 473 
3041 466 357 424 432 
3042 248 389 332 264 
3043 265 364 254 395 
3044 383 330 446 472 
3045 354 436 457 289 
3046 399 300 302 328 
3047 251 382 64 323 
3048 269 268 469 256 
3049 299 297 400 300 
3050 299 468 409 298 
3051 284 292 455 413 
3052 402 399 302 328 
3053 382 269 323 448 
3054 291 437 476 342 
3055 498 370 125 718 
3056 283 282 279 463 
3057 373 459 334 363 
3058 300 399 401 328 
3059 289 436 439 291 
3060 434 475 389 264 
3061 334 394 437 342 
3062 390 459 437 368 
3063 431 346 271 456 
3064 409 283 407 463 
3065 314 313 321 484 
3066 284 329 293 413 
3067 422 455 292 413 
3068 287 441 462 482 
3069 101 375 71 263 
3070 71 101 263 374 
3071 80 110 391 489 
3072 110 80 391 488 
3073 292 284 422 413 
3074 386 320 261 449 
3075 265 321 335 460 
3076 474 391 313 484 
3077 355 351 262 387 
3078 334 437 459 368 
3079 382 269 256 323 
3080 412 278 408 433 
3081 422 294 470 483 
3082 126 116 86 494 
3083 399 400 301 300 
3084 321 265 464 460 
3085 388 369 447 470 
3086 269 469 382 256 
3087 495 366 122 710 
3088 300 401 468 277 
3089 288 283 441 287 
3090 312 255 73 443 
3091 395 464 265 460 
3092 332 389 458 717 
3093 283 286 463 482 
3094 76 106 338 379 
3095 106 76 338 380 
3096 386 261 320 423 
3097 418 420 316 419 
3098 398 301 303 302 
3099 348 483 294 711 
3100 476 296 291 342 
3101 411 415 325 412 
3102 324 385 476 260 
3103 432 357 269 448 
3104 43 450 392 362 
3105 438 439 436 291 
3106 333 427 428 327 
3107 280 278 325 412 
3108 430 402 426 273 
3109 240 384 46 309 
3110 128 465 711 715 
3111 452 394 266 342 
3112 433 280 346 456 
3113 260 451 385 344 
3114 417 419 318 456 
3115 421 329 351 467 
3116 322 343 388 471 
3117 431 271 270 432 
3118 390 263 334 368 
3119 315 326 472 416 
3120 447 483 348 711 
3121 476 324 260 296 
3122 444 338 295 393 
3123 322 343 258 388 
3124 294 369 470 483 
3125 483 422 294 465 
3126 307 389 475 264 
3127 449 386 320 423 
3128 471 285 455 415 
3129 315 316 341 418 
3130 470 292 294 422 
3131 320 317 321 464 
3132 420 317 316 419 
3133 352 351 286 467 
3134 431 406 346 456 
3135 438 476 296 291 
3136 303 257 397 304 
3137 475 434 327 264 
3138 307 475 453 306 
3139 252 66 57 350 
3140 350 66 57 253 
3141 251 55 382 448 
3142 294 465 360 711 
3143 429 469 270 268 
3144 328 310 402 273 
3145 351 467 443 387 
3146 397 425 399 302 
3147 330 322 446 472 
3148 428 469 429 268 
3149 481 395 364 460 
3150 296 385 442 344 
3151 287 457 289 353 
3152 413 329 293 421 
3153 301 398 399 302 
3154 300 301 399 302 
3155 468 404 409 298 
3156 285 281 284 411 
3157 420 314 321 484 
3158 388 343 369 470 
3159 329 284 414 413 
3160 247 358 121 710 
3161 414 284 282 413 
3162 292 284 293 422 
3163 298 276 404 407 
3164 440 299 288 290 
3165 451 385 47 260 
3166 273 429 430 270 
3167 459 394 437 334 
3168 257 392 396 305 
3169 338 123 393 716 
3170 269 382 432 448 
3171 310 306 427 333 
3172 355 329 351 421 
3173 301 400 477 297 
3174 296 442 438 290 
3175 427 453 475 306 
3176 396 454 257 305 
3177 419 317 319 423 
3178 355 262 345 444 
3179 329 286 351 467 
3180 415 471 326 472 
3181 357 271 424 432 
3182 450 42 11 237 
3183 345 338 295 444 
3184 271 269 270 432 
3185 281 279 282 410 
3186 275 278 433 405 
3187 451 47 38 260 
3188 403 401 402 328 
3189 412 417 280 433 
3190 326 330 315 472 
3191 295 393 338 715 
3192 12 338 393 715 
3193 260 385 476 296 
3194 385 476 452 324 
3195 270 333 429 268 
3196 326 343 322 471 
3197 281 325 278 408 
3198 281 411 408 410 
3199 477 442 385 344 
3200 272 274 430 273 
3201 471 326 343 415 
3202 125 480 116 126 
3203 431 270 429 432 
3204 426 427 428 333 
3205 283 409 298 288 
3206 462 457 441 287 
3207 346 275 280 433 
3208 425 426 402 310 
3209 495 121 120 358 
3210 430 272 270 431 
3211 325 341 280 412 
3212 306 307 475 327 
3213 430 272 273 270 
3214 415 325 285 411 
3215 432 466 357 448 
3216 425 304 310 302 
3217 292 285 284 455 
3218 11 33 359 237 
3219 399 402 401 328 
3220 280 316 318 417 
3221 108 481 364 487 
3222 373 69 478 363 
3223 363 69 478 371 
3224 364 481 108 485 
3225 59 364 481 254 
3226 41 478 236 363 
3227 59 364 246 481 
3228 478 41 244 363 
3229 260 309 451 344 
3230 270 429 430 431 
3231 291 436 437 368 
3232 301 477 309 344 
3233 390 435 101 263 
3234 269 429 270 432 
3235 424 431 271 456 
3236 314 420 474 484 
3237 309 384 398 303 
3238 321 464 484 460 
3239 327 307 475 264 
3240 409 439 440 288 
3241 463 441 283 482 
3242 241 46 451 309 
3243 112 330 446 383 
3244 309 398 477 301 
3245 346 272 406 431 
3246 419 318 316 417 
3247 428 434 469 268 
3248 259 315 330 473 
3249 276 298 279 407 
3250 319 318 317 419 
3251 286 329 414 467 
3252 309 37 240 356 
3253 267 327 434 264 
3254 427 475 428 327 
3255 459 478 394 363 
3256 278 408 433 405 
3257 454 396 392 305 
3258 477 442 344 297 
3259 118 450 331 717 
3260 444 295 355 465 
3261 426 310 333 273 
3262 279 408 407 410 
3263 281 278 279 408 
3264 468 409 440 299 
3265 235 479 122 710 
3266 422 293 294 465 
3267 408 325 278 412 
3268 409 299 298 288 
3269 426 428 429 333 
3270 283 409 441 463 
3271 268 428 434 327 
3272 277 276 404 298 
3273 275 433 406 405 
3274 400 398 399 301 
3275 73 103 443 376 
3276 103 73 443 377 
3277 350 261 320 449 
3278 343 369 258 388 
3279 439 440 288 290 
3280 385 452 48 324 
3281 355 295 293 465 
3282 502 124 125 712 
3283 343 285 471 415 
3284 363 394 334 266 
3285 451 38 309 260 
3286 390 354 263 368 
3287 262 355 387 444 
3288 389 458 52 332 
3289 266 324 452 342 
3290 440 438 442 290 
3291 407 283 279 463 
3292 368 334 437 342 
3293 421 355 293 465 
3294 433 417 280 456 
3295 346 280 318 456 
3296 319 357 424 466 
3297 384 309 356 303 
3298 337 122 366 710 
3299 442 296 297 290 
3300 306 427 425 310 
3301 424 419 319 423 
3302 334 459 394 363 
3303 118 119 714 717 
3304 474 420 314 418 
3305 436 435 390 354 
3306 269 382 469 432 
3307 332 307 389 717 
3308 292 369 343 470 
3309 69 99 478 371 
3310 99 69 478 373 
3311 78 364 108 485 
3312 364 78 108 487 
3313 364 59 246 68 
3314 244 50 41 478 
3315 50 41 478 236 
3316 59 364 254 68 
3317 394 452 437 342 
3318 385 442 476 296 
3319 343 285 455 471 
3320 304 454 425 306 
3321 422 284 293 413 
3322 390 436 354 368 
3323 419 319 318 424 
3324 276 404 407 405 
3325 327 434 268 267 
3326 304 257 454 305 
3327 340 307 332 717 
3328 410 407 279 463 
3329 324 48 385 260 
3330 436 390 437 368 
3331 355 421 444 465 
3332 309 477 451 344 
3333 278 275 276 405 
3334 317 314 321 420 
3335 397 303 304 302 
3336 285 343 326 415 
3337 447 493 115 713 
3338 322 330 326 472 
3339 379 338 76 345 
3340 455 292 343 470 
3341 451 384 398 309 
3342 11 33 366 359 
3343 319 320 261 423 
3344 400 401 468 300 
3345 425 304 306 310 
3346 442 477 400 297 
3347 257 362 392 305 
3348 427 425 454 306 
3349 392 308 450 717 
3350 355 345 295 444 
3351 277 300 401 328 
3352 400 399 401 300 
3353 416 473 315 418 
3354 404 401 403 277 
3355 441 439 409 288 
3356 293 422 413 421 
3357 476 324 296 342 
3358 282 410 414 413 
3359 388 343 470 471 
3360 296 260 385 344 
3361 295 294 293 465 
3362 297 440 442 290 
3363 85 493 348 713 
3364 453 427 454 306 
3365 451 398 477 309 
3366 275 272 274 406 
3367 286 329 282 414 
3368 475 453 389 307 
3369 326 315 341 416 
3370 324 476 452 342 
3371 286 414 482 467 
3372 413 414 329 421 
3373 319 357 271 424 
3374 271 357 269 432 
3375 285 455 415 411 
3376 112 82 330 490 
3377 82 112 330 491 
3378 398 400 477 301 
3379 470 343 455 471 
3380 315 314 316 418 
3381 419 420 317 423 
3382 438 296 290 291 
3383 348 711 349 713 
3384 325 285 326 415 
3385 481 364 246 485 
3386 478 236 363 371 
3387 256 64 382 323 
3388 333 306 427 327 
3389 291 354 436 368 
3390 305 453 454 306 
3391 307 332 389 264 
3392 438 436 437 291 
3393 421 414 329 467 
3394 483 465 294 711 
3395 298 404 409 407 
3396 280 341 316 417 
3397 453 305 392 717 
3398 384 397 398 303 
3399 275 346 272 406 
3400 290 288 439 289 
3401 419 316 418 417 
3402 401 404 468 277 
3403 292 293 294 422 
3404 437 452 476 342 
3405 439 457 436 289 
3406 397 454 425 304 
3407 278 280 275 433 
3408 320 321 265 464 
3409 325 281 285 411 
3410 289 354 436 291 
3411 272 346 271 431 
3412 339 86 85 494 
3413 301 309 398 303 
3414 64 55 382 251 
3415 55 64 382 250 
3416 355 421 387 444 
3417 406 272 430 431 
3418 451 46 384 309 
3419 293 422 421 465 
3420 271 270 272 431 
3421 447 711 348 713 
3422 271 431 424 432 
3423 470 455 292 422 
3424 428 475 434 327 
3425 235 42 11 479 
3426 464 420 321 484 
3427 268 333 428 327 
3428 364 335 78 487 
3429 307 305 453 717 
3430 123 124 502 712 
3431 395 254 59 481 
3432 363 41 244 266 
3433 326 415 472 416 
3434 393 295 465 715 
3435 297 301 400 300 
3436 442 296 344 297 
3437 319 271 318 424 
3438 453 454 392 305 
3439 116 494 126 713 
3440 438 476 442 296 
3441 414 410 282 463 
3442 437 291 368 342 
3443 466 424 319 423 
3444 442 400 440 297 
3445 295 444 393 465 
3446 475 427 306 327 
3447 370 494 339 713 
3448 338 393 380 716 
3449 69 373 334 363 
3450 487 108 481 460 
3451 61 248 332 264 
3452 478 99 373 459 
3453 50 244 394 478 
3454 480 486 372 718 
3455 123 107 393 716 
3456 299 440 297 290 
3457 305 307 453 306 
3458 318 419 424 456 
3459 320 319 317 423 
3460 440 439 438 290 
3461 292 343 285 455 
3462 370 86 339 494 
3463 434 53 54 249 
3464 372 10 486 480 
3465 6 246 364 485 
3466 245 1 235 479 
3467 236 478 4 371 
3468 363 236 3 371 
3469 481 246 5 485 
3470 68 265 364 254 
3471 61 62 248 264 
3472 317 318 316 419 
3473 389 307 453 717 
3474 121 358 495 710 
3475 43 42 450 237 
3476 123 393 107 480 
3477 499 361 365 97 
3478 46 37 309 241 
3479 37 46 309 240 
3480 373 70 69 334 
3481 108 487 109 460 
3482 380 393 106 107 
3483 320 449 423 464 
3484 360 711 465 715 
3485 126 712 480 713 
3486 347 123 338 716 
3487 127 499 128 711 
3488 450 308 331 717 
3489 119 118 497 717 
3490 362 308 392 305 
3491 117 118 501 714 
3492 450 117 11 714 
3493 338 12 347 715 
3494 113 492 114 388 
3495 74 75 262 378 
3496 349 85 348 713 
3497 106 105 444 379 
3498 458 51 52 247 
3499 458 389 453 717 
3500 62 63 249 267 
3501 265 68 67 254 
3502 480 107 123 716 
3503 33 2 235 337 
3504 43 44 238 392 
3505 293 329 355 421 
3506 45 44 396 239 
3507 35 36 257 239 
3508 53 52 248 389 
3509 127 128 502 712 
3510 114 115 447 493 
3511 497 118 331 717 
3512 365 96 370 126 
3513 370 96 498 126 
3514 126 480 116 713 
3515 34 331 359 237 
3516 348 294 349 711 
3517 360 465 295 715 
3518 49 50 244 394 
3519 9 361 360 715 
3520 59 58 254 395 
3521 41 40 244 266 
3522 385 48 47 242 
3523 335 79 78 487 
3524 494 116 115 713 
3525 454 304 305 306 
3526 308 305 307 717 
3527 480 125 116 718 
3528 392 450 453 717 
3529 387 105 104 378 
3530 96 365 499 126 
3531 1 42 235 479 
3532 10 107 480 372 
3533 51 1 245 479 
3534 450 11 42 479 
3535 252 65 66 261 
3536 85 494 115 713 
3537 115 493 85 713 
3538 99 373 459 100 
3539 235 2 1 245 
3540 372 10 7 486 
3541 77 7 336 372 
3542 375 72 71 311 
3543 489 110 445 111 
3544 84 85 493 348 
3545 80 79 313 488 
3546 461 115 116 713 
3547 235 245 479 710 
3548 375 435 101 102 
3549 119 458 714 717 
3550 117 501 11 714 
3551 370 365 126 713 
3552 246 6 5 485 
3553 4 3 236 371 
3554 452 49 48 243 
3555 122 479 121 710 
3556 120 90 495 358 
3557 121 501 120 714 
3558 11 8 366 495 
3559 337 235 33 366 
3560 76 75 379 345 
3561 97 365 499 96 
3562 81 80 259 489 
3563 120 497 90 340 
3564 86 7 486 336 
3565 116 10 480 486 
3566 2 60 245 337 
3567 118 119 501 714 
3568 447 115 461 713 
3569 35 34 238 362 
3570 247 60 61 358 
3571 57 56 252 386 
3572 99 4 478 371 
3573 3 69 363 371 
3574 108 481 5 485 
3575 478 4 50 236 
3576 68 6 246 364 
3577 236 3 41 363 
3578 246 5 59 481 
3579 364 78 6 485 
3580 499 711 127 713 
3581 393 107 380 716 
3582 51 247 458 710 
3583 245 60 51 710 
3584 60 247 51 710 
3585 495 367 366 710 
3586 338 76 77 380 
3587 84 83 258 492 
3588 366 8 92 495 
3589 90 91 495 358 
3590 122 121 495 710 
3591 40 39 243 324 
3592 57 58 449 253 
3593 33 34 359 237 
3594 349 339 85 713 
3595 111 490 112 383 
3596 73 72 376 255 
3597 100 390 101 374 
3598 480 716 124 718 
3599 447 461 711 713 
3600 391 110 488 109 
3601 263 70 71 374 
3602 107 77 380 716 
3603 107 372 77 716 
3604 370 336 86 718 
3605 241 38 37 309 
3606 381 102 376 103 
3607 56 55 251 448 
3608 498 95 96 370 
3609 502 125 126 712 
3610 81 82 490 330 
3611 61 247 358 332 
3612 337 245 235 710 
3613 123 480 124 712 
3614 372 486 7 718 
3615 370 339 365 713 
3616 491 446 113 112 
3617 73 74 312 377 
3618 63 64 250 256 
3619 46 45 384 240 
3620 483 461 465 711 
3621 367 366 92 495 
3622 91 367 495 358 
3623 95 498 336 370 
3624 499 365 711 713 
3625 497 88 89 717 
3626 461 483 447 711 
3627 451 47 46 241 
3628 382 54 55 250 
3629 498 336 370 718 
3630 251 64 65 323 
3631 377 104 443 103 
3632 39 38 242 260 
3633 491 82 83 322 
3634 339 494 85 713 
3635 450 118 714 717 
3636 336 486 86 718 
3637 350 67 66 253 
3638 7 486 336 718 
3639 123 502 12 712 
3640 479 245 51 710 
3641 372 7 336 718 
3642 453 714 458 717 
3643 358 120 90 340 
3644 119 120 501 714 
3645 502 126 127 712 
3646 502 128 12 712 
3647 245 235 2 337 
3648 294 360 349 711 
3649 450 714 453 717 
3650 121 120 458 714 
3651 338 380 77 716 
3652 480 116 486 718 
3653 372 107 480 718 
3654 450 118 117 714 
3655 361 499 98 97 
3656 336 77 372 718 
3657 495 358 367 710 
3658 497 496 88 331 
3659 124 125 480 718 
3660 121 458 479 714 
3661 60 337 367 710 
3662 337 366 367 710 
3663 37 36 240 356 
3664 60 245 337 710 
3665 124 498 125 718 
3666 331 88 497 717 
3667 479 450 11 714 
3668 393 480 123 712 
3669 247 60 358 710 
3670 331 308 88 717 
3671 372 716 107 718 
3672 128 711 499 715 
3673 94 498 500 716 
3674 360 295 9 715 
3675 480 125 124 712 
3676 480 126 125 712 
3677 361 349 360 711 
3678 347 338 77 716 
3679 123 12 393 712 
3680 94 336 498 718 
3681 365 349 711 713 
3682 339 349 365 713 
3683 307 88 308 717 
3684 124 716 498 718 
3685 107 716 480 718 
3686 458 120 119 714 
3687 367 92 91 495 
3688 94 347 77 716 
3689 338 347 295 715 
3690 94 498 716 718 
3691 94 77 336 716 
3692 295 347 9 715 
3693 499 711 361 715 
3694 367 358 60 710 
3695 88 307 89 717 
3696 331 496 87 359 
3697 461 127 711 713 
3698 89 90 497 340 
3699 77 716 372 718 
3700 496 8 87 359 
3701 87 88 496 331 
3702 336 716 77 718 
3703 361 711 360 715 
3704 12 128 499 715 
3705 498 94 95 336 
3706 94 716 336 718 
3707 12 499 9 715 
3708 93 500 9 347 
3709 393 461 480 712 
3710 450 458 453 714 
3711 479 458 450 714 
3712 498 123 716 124 
3713 498 716 123 500 
3714 125 86 718 370 
3715 496 11 237 117 
3716 237 11 496 359 
3717 237 331 496 117 
3718 496 331 237 359 
3719 347 123 12 338 
3720 347 12 123 500 
3721 458 340 358 332 
3722 358 340 458 120 
3723 358 247 458 332 
3724 458 247 358 120 
3725 352 381 353 255 
3726 352 353 381 462 
3727 121 501 479 122 
3728 121 479 501 714 
3729 11 479 501 122 
3730 11 501 479 714 
3731 322 388 113 446 
3732 113 388 322 258 
3733 352 482 467 286 
3734 467 482 352 462 
3735 12 347 9 500 
3736 12 9 347 715 
3737 396 356 303 384 
3738 303 356 396 257 
3739 460 109 488 335 
3740 488 109 460 391 
3741 488 313 460 335 
3742 460 313 488 391 
3743 434 256 54 382 
3744 54 256 434 267 
3745 291 439 290 438 
3746 291 290 439 289 
3747 400 299 440 297 
3748 440 299 400 468 
3749 387 312 378 443 
3750 387 378 312 262 
3751 74 378 312 443 
3752 74 312 378 262 
3753 334 70 374 459 
3754 374 70 334 263 
3755 374 390 334 459 
3756 334 390 374 263 
3757 271 456 318 424 
3758 318 456 271 346 
3759 464 317 423 320 
3760 464 423 317 420 
3761 348 483 369 294 
3762 369 483 348 447 
3763 718 116 86 125 
3764 718 86 116 486 
3765 395 350 464 449 
3766 395 464 350 265 
3767 320 464 350 449 
3768 320 350 464 265 
3769 351 443 352 312 
3770 352 443 351 467 
3771 713 499 126 127 
3772 713 126 499 365 
3773 444 262 105 387 
3774 444 105 262 345 
3775 378 105 262 387 
3776 378 262 105 345 
3777 466 386 357 448 
3778 323 357 386 448 
3779 323 386 357 261 
3780 265 460 364 395 
3781 364 460 265 335 
3782 449 261 57 350 
3783 449 57 261 386 
3784 252 57 261 350 
3785 252 261 57 386 
3786 364 460 487 481 
3787 487 460 364 335 
3788 715 465 12 128 
3789 715 12 465 393 
3790 458 710 479 51 
3791 479 710 458 121 
3792 11 8 359 366 
3793 11 359 8 496 
3794 365 711 361 499 
3795 361 711 365 349 
3796 461 480 713 116 
3797 461 713 480 712 
3798 711 712 127 461 
3799 127 712 711 128 
3800 9 361 499 98 
3801 499 361 9 715 
3802 713 712 127 126 
3803 713 127 712 461 
3804 89 717 340 497 
3805 340 717 89 307 
3806 94 347 500 93 
3807 500 347 94 716 
3808 423 386 319 466 
3809 423 319 386 261 
3810 357 319 386 466 
3811 357 386 319 261 
3812 461 465 712 393 
3813 461 712 465 711 
3814 128 465 712 711 
3815 465 12 712 393 
3816 465 712 12 128 
3 4 4 24
3817 503 496 497 495 
3818 8 11 496 495 
3819 497 496 501 495 
3820 497 90 503 495 
3821 117 501 118 496 
3822 496 503 8 495 
3823 92 8 503 495 
3824 119 118 501 497 
3825 495 497 90 120 
3826 496 501 118 497 
3827 503 91 92 495 
3828 495 501 497 120 
3829 91 503 90 495 
3830 501 495 122 121 
3831 501 119 497 120 
3832 501 495 121 120 
3833 11 501 495 122 
3834 496 11 501 495 
3835 503 8 87 496 
3836 501 117 11 496 
3837 496 88 503 497 
3838 503 87 88 496 
3839 89 90 503 497 
3840 88 89 503 497 
3 5 4 24
3841 498 500 499 504 
3842 123 498 502 124 
3843 499 498 504 96 
3844 499 502 500 498 
3845 504 98 499 97 
3846 97 499 504 96 
3847 498 502 124 125 
3848 499 12 9 500 
3849 123 498 500 502 
3850 125 498 502 126 
3851 499 502 498 126 
3852 499 498 96 126 
3853 504 498 95 96 
3854 502 499 128 127 
3855 12 499 502 500 
3856 499 128 12 502 
3857 499 502 126 127 
3858 94 93 500 504 
3859 93 9 500 504 
3860 94 500 498 504 
3861 123 12 502 500 
3862 498 94 504 95 
3863 499 9 504 500 
3864 499 504 9 98 
3 6 4 655
3865 272 523 271 346 
3866 520 525 530 298 
3867 530 277 300 299 
3868 287 530 283 520 
3869 526 277 530 525 
3870 287 530 289 288 
3871 270 268 269 540 
3872 523 511 524 271 
3873 283 530 288 298 
3874 512 523 531 341 
3875 528 301 297 300 
3876 520 298 530 283 
3877 525 530 298 277 
3878 517 529 530 289 
3879 533 297 344 296 
3880 341 316 512 523 
3881 523 272 524 525 
3882 519 539 285 292 
3883 520 525 298 279 
3884 520 531 284 519 
3885 316 341 512 315 
3886 297 533 528 530 
3887 523 512 532 316 
3888 285 284 519 292 
3889 520 287 530 529 
3890 522 511 523 319 
3891 523 272 271 524 
3892 512 532 316 315 
3893 522 523 532 317 
3894 531 519 285 284 
3895 529 530 289 287 
3896 531 519 539 285 
3897 299 277 298 530 
3898 275 525 280 278 
3899 297 533 344 528 
3900 277 526 530 300 
3901 526 328 277 274 
3902 509 526 541 304 
3903 530 291 289 290 
3904 301 528 303 302 
3905 526 524 541 310 
3906 291 530 517 533 
3907 147 364 78 15 
3908 141 14 69 363 
3909 140 15 68 364 
3910 134 363 41 14 
3911 511 523 319 271 
3912 531 523 280 341 
3913 531 525 278 280 
3914 286 351 352 510 
3915 525 524 526 274 
3916 531 278 279 281 
3917 310 304 541 526 
3918 316 314 315 532 
3919 523 525 531 280 
3920 531 520 284 281 
3921 298 283 520 279 
3922 33 2 337 505 
3923 61 62 264 508 
3924 531 525 279 278 
3925 148 313 80 147 
3926 525 531 279 520 
3927 270 511 540 269 
3928 526 528 300 301 
3929 141 142 263 71 
3930 7 77 336 551 
3931 133 324 39 134 
3932 510 519 520 329 
3933 509 304 302 526 
3934 531 279 520 281 
3935 84 85 348 554 
3936 2 60 337 507 
3937 304 310 302 526 
3938 86 7 336 553 
3939 139 140 66 350 
3940 350 522 139 140 
3941 326 343 285 539 
3942 76 75 345 552 
3943 285 343 292 539 
3944 277 526 274 525 
3945 291 530 289 517 
3946 524 540 541 333 
3947 35 34 362 506 
3948 512 148 532 259 
3949 300 299 297 530 
3950 317 316 523 532 
3951 312 352 351 510 
3952 134 14 547 363 
3953 147 15 548 364 
3954 14 141 547 363 
3955 15 140 548 364 
3956 510 520 529 286 
3957 148 147 532 313 
3958 511 522 139 261 
3959 73 72 255 142 
3960 519 329 284 520 
3961 289 517 529 353 
3962 524 525 272 274 
3963 517 142 529 311 
3964 142 263 517 141 
3965 523 522 319 317 
3966 326 285 531 539 
3967 528 133 533 260 
3968 133 134 533 324 
3969 82 81 148 330 
3970 304 303 509 302 
3971 512 531 539 326 
3972 275 274 272 525 
3973 139 65 64 323 
3974 148 313 259 80 
3975 319 261 522 357 
3976 286 287 283 520 
3977 333 310 541 524 
3978 38 37 309 133 
3979 291 517 368 342 
3980 511 319 357 271 
3981 316 317 314 532 
3982 139 138 511 323 
3983 143 510 529 312 
3984 263 334 368 547 
3985 511 138 540 256 
3986 142 143 529 255 
3987 301 528 302 526 
3988 134 363 266 41 
3989 511 269 270 271 
3990 147 364 335 78 
3991 517 529 353 311 
3992 135 527 555 367 
3993 526 310 328 273 
3994 523 319 271 318 
3995 281 284 531 285 
3996 284 520 282 281 
3997 142 255 73 143 
3998 256 269 268 540 
3999 311 142 71 263 
4000 37 309 133 132 
4001 95 560 558 336 
4002 511 270 524 271 
4003 292 369 519 539 
4004 318 523 319 317 
4005 536 135 555 367 
4006 543 559 361 98 
4007 133 324 260 39 
4008 139 64 138 323 
4009 148 313 532 259 
4010 352 529 286 510 
4011 341 280 531 325 
4012 289 529 287 353 
4013 330 148 82 149 
4014 542 559 365 361 
4015 286 529 287 520 
4016 515 509 541 305 
4017 510 286 351 329 
4018 511 270 540 524 
4019 140 265 350 548 
4020 149 148 512 330 
4021 350 66 139 261 
4022 525 276 298 279 
4023 366 555 535 367 
4024 314 315 532 259 
4025 533 528 260 344 
4026 146 550 560 160 
4027 263 334 547 141 
4028 146 521 560 336 
4029 136 137 508 513 
4030 310 526 524 273 
4031 548 335 313 147 
4032 327 541 513 540 
4033 522 511 319 357 
4034 142 255 529 311 
4035 74 262 144 143 
4036 138 267 63 137 
4037 329 284 520 282 
4038 150 151 554 514 
4039 349 85 542 348 
4040 304 541 509 305 
4041 514 519 369 539 
4042 315 512 532 259 
4043 517 289 354 353 
4044 342 517 368 547 
4045 363 334 69 141 
4046 511 522 261 357 
4047 522 350 139 261 
4048 263 142 517 311 
4049 131 130 506 515 
4050 517 291 533 342 
4051 512 341 531 326 
4052 527 535 555 367 
4053 352 312 529 510 
4054 364 265 68 140 
4055 133 324 533 260 
4056 323 511 139 261 
4057 135 158 555 527 
4058 134 363 547 266 
4059 339 85 542 349 
4060 510 516 519 355 
4061 135 13 527 507 
4062 329 510 286 520 
4063 129 13 505 527 
4064 143 74 262 312 
4065 147 364 548 335 
4066 16 146 551 521 
4067 144 145 516 552 
4068 560 521 146 160 
4069 560 550 77 347 
4070 547 266 324 134 
4071 557 88 331 308 
4072 532 522 317 321 
4073 560 77 146 336 
4074 333 541 327 540 
4075 256 267 63 138 
4076 146 550 77 560 
4077 546 558 521 370 
4078 298 277 276 525 
4079 536 135 157 555 
4080 260 38 309 133 
4081 77 560 94 336 
4082 528 133 309 132 
4083 507 527 135 367 
4084 149 512 539 322 
4085 137 138 267 540 
4086 518 295 293 355 
4087 360 9 543 361 
4088 16 152 521 553 
4089 554 151 85 348 
4090 151 538 86 339 
4091 262 144 143 510 
4092 270 272 524 271 
4093 256 269 540 511 
4094 361 9 543 98 
4095 353 354 517 311 
4096 151 542 85 348 
4097 255 353 529 311 
4098 321 532 522 548 
4099 158 135 555 157 
4100 295 518 294 360 
4101 350 522 140 548 
4102 345 145 76 552 
4103 325 531 341 326 
4104 313 79 80 147 
4105 505 535 527 337 
4106 337 527 507 367 
4107 151 86 85 339 
4108 321 335 313 548 
4109 332 136 61 508 
4110 555 536 367 358 
4111 142 72 255 311 
4112 538 546 152 370 
4113 342 533 517 547 
4114 509 528 356 132 
4115 548 313 532 147 
4116 330 148 512 259 
4117 342 266 324 547 
4118 295 294 518 293 
4119 88 557 307 308 
4120 262 143 312 510 
4121 524 333 310 273 
4122 517 263 547 141 
4123 523 280 341 316 
4124 138 256 267 540 
4125 510 519 329 355 
4126 511 138 256 323 
4127 264 332 61 508 
4128 368 517 263 547 
4129 531 280 278 325 
4130 94 560 77 347 
4131 546 339 365 370 
4132 513 136 332 508 
4133 264 513 332 508 
4134 515 362 257 305 
4135 324 40 39 134 
4136 509 356 528 303 
4137 81 148 330 259 
4138 163 559 558 365 
4139 143 529 255 312 
4140 71 70 263 141 
4141 150 83 539 258 
4142 137 267 513 540 
4143 542 538 339 365 
4144 324 533 547 134 
4145 542 538 151 339 
4146 146 551 521 336 
4147 145 76 338 345 
4148 522 320 317 321 
4149 339 538 546 365 
4150 348 514 369 258 
4151 7 553 551 336 
4152 323 139 65 261 
4153 521 551 553 336 
4154 334 363 547 141 
4155 91 90 555 358 
4156 151 85 542 339 
4157 559 543 9 98 
4158 514 519 294 369 
4159 86 152 538 151 
4160 140 364 265 548 
4161 339 538 86 370 
4162 296 533 260 344 
4163 545 307 308 305 
4164 362 34 130 506 
4165 365 558 546 370 
4166 92 555 8 366 
4167 539 326 343 322 
4168 329 519 293 355 
4169 527 129 535 505 
4170 144 262 516 510 
4171 337 507 60 367 
4172 542 559 163 365 
4173 350 66 67 140 
4174 521 558 560 336 
4175 369 519 294 292 
4176 129 535 337 366 
4177 538 542 546 365 
4178 513 327 267 264 
4179 356 528 309 132 
4180 129 535 505 337 
4181 336 558 95 370 
4182 554 514 151 348 
4183 512 326 539 322 
4184 524 274 272 273 
4185 536 136 60 358 
4186 261 323 511 357 
4187 518 519 516 355 
4188 365 349 542 361 
4189 143 255 73 312 
4190 365 559 558 96 
4191 544 513 136 332 
4192 257 362 515 131 
4193 330 512 149 322 
4194 551 146 77 336 
4195 367 536 60 358 
4196 514 519 549 294 
4197 546 521 152 370 
4198 529 287 352 286 
4199 88 557 89 307 
4200 340 89 557 307 
4201 549 294 360 349 
4202 558 365 96 370 
4203 546 538 339 370 
4204 542 151 514 348 
4205 279 282 520 281 
4206 367 91 555 358 
4207 335 79 313 147 
4208 515 257 509 305 
4209 527 507 505 337 
4210 327 268 333 540 
4211 262 345 516 355 
4212 309 260 133 528 
4213 300 301 302 526 
4214 60 136 536 135 
4215 135 536 60 367 
4216 541 545 515 305 
4217 366 92 555 367 
4218 344 528 301 297 
4219 308 515 545 305 
4220 527 535 158 555 
4221 537 543 516 338 
4222 546 163 558 365 
4223 264 267 513 137 
4224 334 263 70 141 
4225 152 521 336 370 
4226 331 130 34 359 
4227 135 60 507 367 
4228 336 521 558 370 
4229 518 549 294 360 
4230 36 257 509 131 
4231 95 94 560 336 
4232 546 521 558 161 
4233 295 518 516 355 
4234 560 558 521 160 
4235 138 64 256 323 
4236 542 514 349 348 
4237 366 17 555 8 
4238 266 40 324 134 
4239 156 555 90 358 
4240 343 369 292 539 
4241 136 61 60 358 
4242 331 534 130 359 
4243 262 75 74 144 
4244 130 33 34 359 
4245 356 309 528 303 
4246 519 518 549 294 
4247 291 289 354 517 
4248 267 62 63 137 
4249 345 516 145 552 
4250 329 293 519 284 
4251 264 62 267 137 
4252 152 86 538 370 
4253 544 332 340 307 
4254 257 36 35 131 
4255 83 539 258 322 
4256 265 321 320 548 
4257 149 82 330 322 
4258 559 18 543 164 
4259 509 257 515 131 
4260 544 136 536 332 
4261 510 262 516 355 
4262 35 362 257 131 
4263 537 76 77 338 
4264 277 300 328 526 
4265 279 525 276 278 
4266 358 536 136 332 
4267 539 369 514 258 
4268 523 271 346 318 
4269 553 152 521 336 
4270 356 36 257 509 
4271 349 542 339 365 
4272 262 345 75 144 
4273 557 155 156 340 
4274 161 521 558 160 
4275 90 557 156 340 
4276 132 36 509 131 
4277 513 307 327 264 
4278 306 304 541 310 
4279 519 518 293 355 
4280 537 516 145 338 
4281 149 83 539 150 
4282 366 17 535 555 
4283 513 307 541 327 
4284 331 515 154 308 
4285 516 345 262 144 
4286 559 365 361 97 
4287 94 93 560 347 
4288 338 516 145 345 
4289 324 533 342 547 
4290 545 513 307 541 
4291 336 86 152 370 
4292 541 306 310 333 
4293 348 150 514 258 
4294 130 515 362 506 
4295 267 327 513 540 
4296 307 557 545 308 
4297 318 316 523 317 
4298 313 532 321 548 
4299 304 509 257 305 
4300 163 546 542 365 
4301 515 534 130 331 
4302 559 365 97 96 
4303 309 37 356 132 
4304 321 522 320 548 
4305 77 145 537 146 
4306 84 83 150 258 
4307 150 539 514 258 
4308 531 325 285 326 
4309 348 84 150 258 
4310 307 545 541 305 
4311 265 350 67 140 
4312 529 255 312 352 
4313 551 553 16 521 
4314 560 550 543 159 
4315 299 298 288 530 
4316 345 295 516 355 
4317 152 553 86 336 
4318 360 9 295 543 
4319 70 69 334 141 
4320 306 541 307 327 
4321 256 268 267 540 
4322 317 314 532 321 
4323 305 541 307 306 
4324 290 530 288 289 
4325 145 76 77 537 
4326 15 78 6 364 
4327 14 3 69 363 
4328 15 6 68 364 
4329 14 41 3 363 
4330 62 264 508 137 
4331 505 507 2 337 
4332 286 329 520 282 
4333 358 136 61 332 
4334 262 312 351 510 
4335 516 543 295 338 
4336 90 89 557 340 
4337 67 68 265 140 
4338 543 295 338 347 
4339 534 515 154 331 
4340 512 315 330 259 
4341 555 156 536 358 
4342 337 33 129 366 
4343 542 514 549 349 
4344 274 276 277 525 
4345 535 129 534 359 
4346 309 260 528 344 
4347 335 321 265 548 
4348 358 90 156 340 
4349 360 543 549 361 
4350 505 33 129 337 
4351 549 559 542 361 
4352 294 549 514 349 
4353 543 559 164 549 
4354 508 264 513 137 
4355 291 296 533 342 
4356 514 294 349 348 
4357 268 327 267 540 
4358 537 77 550 347 
4359 515 545 154 308 
4360 266 41 40 134 
4361 295 543 9 347 
4362 509 356 36 132 
4363 544 513 332 307 
4364 131 35 362 506 
4365 335 78 79 147 
4366 259 532 314 313 
4367 145 76 537 338 
4368 522 320 319 317 
4369 131 362 515 506 
4370 303 509 257 304 
4371 541 306 333 327 
4372 66 65 139 261 
4373 305 304 541 306 
4374 320 261 522 319 
4375 338 295 516 345 
4376 340 557 545 307 
4377 294 514 369 348 
4378 511 256 269 323 
4379 513 332 307 264 
4380 543 18 560 159 
4381 543 559 549 361 
4382 142 71 72 311 
4383 342 368 334 547 
4384 338 77 537 347 
4385 96 95 558 370 
4386 9 560 93 347 
4387 519 518 294 293 
4388 334 266 342 547 
4389 324 533 296 342 
4390 315 512 330 326 
4391 537 550 77 146 
4392 326 512 330 322 
4393 349 360 549 361 
4394 328 302 310 526 
4395 87 556 331 359 
4396 269 511 357 271 
4397 351 510 329 355 
4398 308 331 515 362 
4399 533 260 324 296 
4400 81 80 148 259 
4401 300 302 328 526 
4402 313 532 314 321 
4403 338 550 543 347 
4404 149 539 83 322 
4405 354 517 311 263 
4406 150 554 84 348 
4407 543 9 18 559 
4408 514 554 150 348 
4409 512 315 341 326 
4410 522 350 261 320 
4411 282 520 283 279 
4412 144 345 75 552 
4413 536 157 156 555 
4414 257 356 509 303 
4415 295 543 518 360 
4416 520 283 286 282 
4417 162 163 558 546 
4418 516 543 518 295 
4419 358 156 536 340 
4420 301 528 309 303 
4421 507 13 527 505 
4422 523 280 316 318 
4423 530 299 297 290 
4424 92 91 555 367 
4425 510 351 262 355 
4426 544 156 155 340 
4427 530 288 299 290 
4428 537 550 543 338 
4429 349 549 542 361 
4430 542 163 559 549 
4431 516 345 144 552 
4432 278 531 325 281 
4433 273 524 333 270 
4434 513 544 545 307 
4435 276 274 275 525 
4436 544 536 156 340 
4437 260 39 38 133 
4438 543 550 560 347 
4439 284 293 519 292 
4440 525 275 276 278 
4441 335 265 364 548 
4442 340 545 544 307 
4443 258 539 343 322 
4444 273 272 524 270 
4445 531 325 281 285 
4446 543 18 9 560 
4447 560 9 543 347 
4448 293 294 519 292 
4449 549 518 543 360 
4450 280 523 346 318 
4451 309 528 301 344 
4452 334 363 266 547 
4453 143 73 74 312 
4454 63 64 256 138 
4455 331 556 534 359 
4456 149 83 82 322 
4457 529 287 353 352 
4458 163 164 559 549 
4459 255 529 353 352 
4460 158 535 17 555 
4461 537 550 338 347 
4462 343 369 539 258 
4463 515 308 362 305 
4464 87 8 556 359 
4465 323 269 511 357 
4466 545 155 154 557 
4467 354 291 517 368 
4468 553 16 7 551 
4469 2 13 507 505 
4470 263 354 517 368 
4471 356 37 36 132 
4472 558 162 546 161 
4473 17 534 153 556 
4474 160 550 560 159 
4475 98 559 361 97 
4476 530 287 283 288 
4477 300 530 528 526 
4478 300 528 530 297 
4479 302 509 528 303 
4480 302 528 509 526 
4481 270 540 333 268 
4482 333 540 270 524 
4483 526 273 274 524 
4484 274 273 526 328 
4485 340 155 545 557 
4486 340 545 155 544 
4487 350 548 320 522 
4488 320 548 350 265 
4489 534 17 359 556 
4490 534 359 17 535 
4491 366 17 359 535 
4492 308 557 154 331 
4493 308 154 557 545 
4494 129 366 359 535 
4495 359 366 129 33 
4496 359 129 130 33 
4497 359 130 129 534 
4498 535 337 367 527 
4499 367 337 535 366 
4500 362 130 331 515 
4501 362 331 130 34 
4502 557 87 331 88 
4503 557 331 87 556 
4504 154 534 557 153 
4505 154 557 534 331 
4506 556 557 534 153 
4507 556 534 557 331 
4508 340 536 332 544 
4509 340 332 536 358 
4510 8 17 359 366 
4511 8 359 17 556 
4512 280 346 525 275 
4513 280 525 346 523 
4514 272 525 346 275 
4515 272 346 525 523 
4516 290 297 533 296 
4517 533 297 290 530 
4518 533 291 290 296 
4519 290 291 533 530 
3 7 4 24
4520 8 17 555 556 
4521 557 555 561 556 
4522 556 557 555 503 
4523 557 153 556 561 
4524 90 555 557 503 
4525 556 555 8 503 
4526 87 557 556 503 
4527 503 555 8 92 
4528 503 90 555 91 
4529 555 503 91 92 
4530 555 561 156 557 
4531 156 555 557 90 
4532 555 17 561 556 
4533 556 8 87 503 
4534 557 89 90 503 
4535 153 561 17 556 
4536 155 156 561 557 
4537 87 557 503 88 
4538 557 153 561 154 
4539 157 561 156 555 
4540 561 158 17 555 
4541 89 557 88 503 
4542 154 155 561 557 
4543 561 157 158 555 
3 8 4 23
4544 560 559 558 562 
4545 558 559 560 504 
4546 504 560 558 95 
4547 560 18 559 562 
4548 504 558 559 96 
4549 95 558 504 96 
4550 164 559 18 562 
4551 560 559 9 504 
4552 562 559 558 163 
4553 93 560 9 504 
4554 562 164 559 163 
4555 562 560 18 159 
4556 559 9 18 560 
4557 97 504 559 96 
4558 504 94 560 95 
4559 558 560 562 160 
4560 161 558 562 160 
4561 560 93 94 504 
4562 560 562 160 159 
4563 504 559 98 97 
4564 9 559 98 504 
4565 558 562 162 161 
4566 558 562 163 162 
3 9 4 461
4567 545 613 614 615 
4568 613 193 614 615 
4569 618 194 619 620 
4570 194 18 622 543 
4571 194 24 601 621 
4572 544 613 545 615 
4573 194 621 592 618 
4574 515 193 534 615 
4575 609 618 619 620 
4576 516 194 601 518 
4577 546 618 609 620 
4578 616 193 613 569 
4579 601 621 592 194 
4580 618 542 514 549 
4581 542 546 618 538 
4582 619 604 609 620 
4583 543 622 194 518 
4584 618 592 194 518 
4585 609 521 546 620 
4586 590 614 193 615 
4587 23 616 564 563 
4588 617 613 193 569 
4589 194 516 543 518 
4590 534 563 193 515 
4591 193 616 564 569 
4592 194 592 601 518 
4593 161 546 521 620 
4594 544 568 613 536 
4595 180 190 189 608 
4596 569 617 613 135 
4597 613 614 589 545 
4598 593 578 516 518 
4599 606 194 601 516 
4600 542 618 608 538 
4601 614 590 545 615 
4602 163 618 622 542 
4603 564 617 527 535 
4604 135 158 527 617 
4605 518 618 592 549 
4606 540 513 571 580 
4607 538 608 542 151 
4608 572 171 522 139 
4609 545 589 613 544 
4610 606 194 516 543 
4611 608 611 618 542 
4612 135 569 617 527 
4613 568 544 136 536 
4614 569 613 616 568 
4615 601 593 516 518 
4616 564 617 193 569 
4617 19 23 616 564 
4618 615 544 613 156 
4619 137 513 571 540 
4620 19 165 591 563 
4621 568 613 589 544 
4622 135 158 617 157 
4623 619 608 618 609 
4624 578 593 592 518 
4625 515 590 193 615 
4626 618 163 546 542 
4627 606 601 194 603 
4628 610 570 21 596 
4629 519 516 578 518 
4630 542 618 622 549 
4631 569 564 617 527 
4632 522 171 511 139 
4633 572 171 586 522 
4634 620 543 550 159 
4635 546 608 618 538 
4636 521 609 604 620 
4637 170 540 571 580 
4638 594 618 514 549 
4639 546 162 618 620 
4640 514 611 577 539 
4641 571 137 540 170 
4642 168 134 547 567 
4643 547 141 173 607 
4644 177 147 548 612 
4645 583 511 586 573 
4646 520 530 595 600 
4647 565 605 20 597 
4648 144 593 175 510 
4649 616 186 19 569 
4650 185 169 19 568 
4651 176 22 188 603 
4652 144 516 593 510 
4653 593 601 592 518 
4654 613 544 536 156 
4655 597 605 20 173 
4656 20 565 597 168 
4657 596 21 610 177 
4658 577 575 531 539 
4659 595 525 530 520 
4660 616 193 564 563 
4661 515 566 579 509 
4662 600 588 517 584 
4663 521 152 609 546 
4664 529 517 600 588 
4665 529 517 530 600 
4666 180 189 22 608 
4667 565 134 547 168 
4668 610 147 548 177 
4669 547 141 605 173 
4670 609 608 618 546 
4671 586 171 572 172 
4672 511 583 586 523 
4673 598 531 523 525 
4674 550 603 194 620 
4675 621 594 592 618 
4676 531 598 523 599 
4677 520 529 530 600 
4678 578 175 593 510 
4679 612 148 532 587 
4680 526 530 576 582 
4681 600 517 530 584 
4682 548 570 610 596 
4683 597 517 547 607 
4684 590 589 614 545 
4685 547 533 597 567 
4686 525 595 530 582 
4687 168 547 597 567 
4688 173 597 547 607 
4689 576 579 509 526 
4690 547 14 565 605 
4691 548 15 610 570 
4692 604 619 22 603 
4693 526 509 541 579 
4694 587 612 148 178 
4695 194 187 619 603 
4696 576 582 530 584 
4697 589 571 513 580 
4698 548 522 572 596 
4699 525 520 595 598 
4700 511 586 171 522 
4701 565 547 605 597 
4702 543 516 606 537 
4703 147 148 532 612 
4704 532 523 586 587 
4705 15 147 548 610 
4706 141 14 547 605 
4707 14 134 547 565 
4708 140 15 548 570 
4709 177 548 596 612 
4710 513 545 589 541 
4711 188 22 619 603 
4712 162 546 161 620 
4713 572 140 548 172 
4714 548 532 596 612 
4715 528 526 530 576 
4716 574 595 600 520 
4717 140 522 572 548 
4718 134 133 533 567 
4719 139 140 522 572 
4720 618 594 592 549 
4721 532 548 147 612 
4722 566 166 579 509 
4723 593 606 516 144 
4724 511 583 523 524 
4725 172 21 570 596 
4726 175 574 174 143 
4727 620 543 159 18 
4728 533 547 134 567 
4729 519 510 520 578 
4730 141 547 517 607 
4731 511 583 524 573 
4732 597 565 547 168 
4733 597 547 605 173 
4734 179 577 611 539 
4735 143 175 574 510 
4736 525 523 598 583 
4737 586 572 522 596 
4738 519 578 592 518 
4739 606 593 175 144 
4740 577 594 611 514 
4741 539 514 611 150 
4742 564 616 19 569 
4743 174 607 142 588 
4744 174 142 529 588 
4745 590 515 545 615 
4746 607 517 142 588 
4747 138 540 170 573 
4748 528 530 584 576 
4749 156 615 544 155 
4750 583 599 523 598 
4751 142 141 517 607 
4752 577 575 585 531 
4753 589 184 614 613 
4754 578 574 175 510 
4755 570 548 140 172 
4756 598 595 585 520 
4757 580 541 524 540 
4758 573 170 138 171 
4759 587 148 512 178 
4760 533 597 567 602 
4761 138 573 171 511 
4762 596 610 548 177 
4763 163 162 618 546 
4764 597 533 517 584 
4765 540 541 513 580 
4766 580 170 540 573 
4767 592 594 577 514 
4768 544 545 589 513 
4769 526 581 525 582 
4770 17 534 615 153 
4771 514 577 592 519 
4772 142 517 529 588 
4773 573 586 171 511 
4774 532 596 612 587 
4775 528 530 533 584 
4776 580 540 524 573 
4777 520 525 531 598 
4778 177 612 587 178 
4779 608 190 619 618 
4780 148 512 532 587 
4781 539 611 179 150 
4782 576 579 166 509 
4783 607 597 517 588 
4784 529 174 574 143 
4785 138 511 540 573 
4786 604 22 619 609 
4787 515 566 509 131 
4788 608 191 190 618 
4789 576 579 526 581 
4790 601 187 194 603 
4791 579 590 566 515 
4792 588 597 517 584 
4793 520 529 600 574 
4794 567 597 168 602 
4795 599 586 523 587 
4796 523 522 532 586 
4797 581 526 525 524 
4798 172 548 572 596 
4799 583 581 582 525 
4800 596 177 612 587 
4801 572 586 172 596 
4802 526 582 576 581 
4803 530 600 582 595 
4804 516 578 593 510 
4805 143 142 529 174 
4806 166 167 576 132 
4807 606 601 593 516 
4808 519 514 577 539 
4809 526 525 530 582 
4810 536 568 613 135 
4811 575 179 178 149 
4812 157 613 536 156 
4813 563 590 193 515 
4814 578 516 519 510 
4815 589 513 541 580 
4816 619 189 608 609 
4817 607 173 597 588 
4818 138 139 511 171 
4819 530 517 533 584 
4820 574 585 595 520 
4821 545 515 579 541 
4822 509 566 166 131 
4823 578 574 510 520 
4824 543 620 550 194 
4825 584 533 528 602 
4826 510 143 529 574 
4827 518 592 519 549 
4828 511 522 523 586 
4829 585 598 520 531 
4830 571 589 170 580 
4831 133 528 602 167 
4832 516 145 606 537 
4833 185 616 613 568 
4834 528 576 167 132 
4835 579 541 526 581 
4836 148 149 512 178 
4837 590 166 579 566 
4838 514 592 594 549 
4839 525 582 583 598 
4840 133 528 533 602 
4841 600 529 588 574 
4842 524 525 581 583 
4843 564 19 13 569 
4844 604 16 22 609 
4845 143 144 175 510 
4846 546 152 608 538 
4847 574 578 585 520 
4848 133 533 567 602 
4849 187 188 619 603 
4850 184 183 589 614 
4851 592 514 519 549 
4852 179 577 594 611 
4853 585 578 519 520 
4854 570 548 172 596 
4855 186 19 23 616 
4856 575 178 512 149 
4857 533 517 547 597 
4858 133 528 167 132 
4859 524 523 525 583 
4860 604 146 521 620 
4861 529 174 588 574 
4862 512 587 178 575 
4863 509 166 576 132 
4864 173 607 174 588 
4865 598 525 582 595 
4866 545 544 615 155 
4867 596 532 586 587 
4868 193 181 23 614 
4869 599 598 585 531 
4870 579 589 545 541 
4871 586 522 532 596 
4872 571 568 544 136 
4873 613 589 184 568 
4874 523 512 531 599 
4875 515 579 590 545 
4876 585 575 599 531 
4877 540 137 138 170 
4878 575 577 179 539 
4879 582 600 530 584 
4880 590 165 166 566 
4881 189 619 22 609 
4882 531 512 539 575 
4883 511 524 540 573 
4884 509 576 528 132 
4885 541 580 524 581 
4886 589 571 568 544 
4887 145 603 606 537 
4888 587 512 599 575 
4889 528 576 584 602 
4890 509 515 541 579 
4891 19 23 564 563 
4892 589 169 571 170 
4893 183 182 590 614 
4894 544 589 571 513 
4895 548 532 522 596 
4896 179 575 539 149 
4897 594 621 191 618 
4898 160 146 550 620 
4899 519 520 531 585 
4900 524 580 573 581 
4901 577 585 592 519 
4902 601 621 192 592 
4903 583 599 586 523 
4904 535 617 527 158 
4905 608 609 152 546 
4906 608 611 542 151 
4907 176 593 175 606 
4908 591 590 614 193 
4909 608 189 22 609 
4910 129 534 563 535 
4911 594 180 179 611 
4912 509 526 528 576 
4913 602 528 576 167 
4914 129 563 564 535 
4915 193 181 614 591 
4916 571 544 513 136 
4917 620 543 18 194 
4918 585 578 592 519 
4919 602 567 133 167 
4920 524 526 541 581 
4921 597 533 584 602 
4922 146 604 603 620 
4923 575 512 599 531 
4924 193 17 534 615 
4925 168 567 602 167 
4926 608 594 191 618 
4927 581 573 524 583 
4928 594 608 611 618 
4929 187 176 188 603 
4930 589 590 579 545 
4931 520 510 529 574 
4932 129 564 527 535 
4933 568 569 613 135 
4934 591 590 193 563 
4935 23 19 591 563 
4936 579 589 541 580 
4937 194 24 187 601 
4938 512 149 539 575 
4939 580 541 579 581 
4940 615 534 515 154 
4941 160 521 146 620 
4942 619 189 190 608 
4943 538 152 608 151 
4944 611 542 151 514 
4945 149 539 179 150 
4946 24 619 194 187 
4947 184 185 613 568 
4948 542 622 163 549 
4949 132 509 166 131 
4950 176 601 606 603 
4951 590 589 183 614 
4952 605 20 14 565 
4953 536 136 568 135 
4954 563 566 590 515 
4955 515 545 615 154 
4956 570 21 15 610 
4957 180 191 190 608 
4958 594 192 621 592 
4959 188 619 22 189 
4960 563 130 534 129 
4961 176 601 593 606 
4962 621 191 192 594 
4963 16 146 521 604 
4964 187 601 176 603 
4965 537 145 603 146 
4966 13 135 527 569 
4967 129 13 527 564 
4968 193 181 591 23 
4969 154 615 534 153 
4970 152 16 521 609 
4971 589 169 184 568 
4972 622 164 163 549 
4973 543 622 518 549 
4974 609 604 16 521 
4975 566 591 165 563 
4976 185 184 169 568 
4977 136 137 513 571 
4978 169 589 571 568 
4979 569 13 564 527 
4980 191 180 594 608 
4981 590 591 566 563 
4982 18 622 543 164 
4983 150 151 514 611 
4984 131 130 515 566 
4985 180 594 608 611 
4986 182 181 591 614 
4987 145 144 516 606 
4988 622 543 164 549 
4989 590 591 165 566 
4990 621 24 601 192 
4991 155 615 545 154 
4992 160 161 521 620 
4993 535 17 617 158 
4994 159 160 550 620 
4995 591 590 182 614 
4996 618 622 518 194 
4997 518 622 618 549 
4998 619 620 603 604 
4999 603 620 619 194 
5000 618 514 611 594 
5001 611 514 618 542 
5002 185 616 569 186 
5003 569 616 185 568 
5004 569 19 185 186 
5005 185 19 569 568 
5006 613 157 135 617 
5007 613 135 157 536 
5008 577 531 519 539 
5009 577 519 531 585 
5010 587 523 512 532 
5011 587 512 523 599 
5012 146 550 603 537 
5013 603 550 146 620 
5014 23 563 193 616 
5015 193 563 23 591 
5016 563 515 130 566 
5017 130 515 563 534 
5018 603 606 543 194 
5019 543 606 603 537 
5020 543 550 603 194 
5021 603 550 543 537 
5022 535 563 17 534 
5023 193 17 563 534 
5024 193 17 535 563 
5025 535 17 193 617 
5026 535 564 193 563 
5027 193 564 535 617 
$EndElements
