$MeshFormat
4.1 0 8
$EndMeshFormat
$PhysicalNames
11
2 301 "Well1_Top"
2 302 "Well1_Side"
2 401 "Well2_Top"
2 402 "Well2_Side"
3 101 "Layer_1"
3 102 "Layer_2"
3 103 "Layer_3"
3 104 "Layer_4"
3 105 "Layer_5"
3 201 "Well_1"
3 202 "Well_2"
$EndPhysicalNames
$Entities
38 70 52 17
1 0 0 0 0 
2 0 0 1.5 0 
3 0 10 1.5 0 
4 0 10 0 0 
5 10 0 0 0 
6 10 0 1.5 0 
7 10 10 1.5 0 
8 0.8 1 1.5 0 
9 8.800000000000001 9 1.5 0 
10 10 10 0 0 
11 0.8 1 0 0 
12 8.800000000000001 9 0 0 
13 0 0 2 0 
14 0 10 2 0 
15 10 0 2 0 
16 10 10 2 0 
17 0.8 1 2 0 
18 8.800000000000001 9 2 0 
19 0 0 3 0 
20 0 10 3 0 
21 10 0 3 0 
22 10 10 3 0 
23 0.8 1 3 0 
24 8.800000000000001 9 3 0 
25 0 0 3.5 0 
26 0 10 3.5 0 
27 10 0 3.5 0 
28 10 10 3.5 0 
29 0.8 1 3.5 0 
30 8.800000000000001 9 3.5 0 
31 0 0 5 0 
32 0 10 5 0 
33 10 0 5 0 
34 10 10 5 0 
35 0.8 1 5 0 
36 8.800000000000001 9 5 0 
37 0.8 1 -5 0 
38 8.800000000000001 9 -5 0 
1 -1e-07 -1e-07 -9.999999994736442e-08 1e-07 1e-07 1.5000001 0 2 1 -2 
2 -1e-07 -1.000000002804313e-07 1.4999999 1e-07 10.0000001 1.5000001 0 2 2 -3 
3 -1e-07 9.999999900000001 -9.999999994736442e-08 1e-07 10.0000001 1.5000001 0 2 4 -3 
4 -1e-07 -1.000000002804313e-07 -1e-07 1e-07 10.0000001 1e-07 0 2 1 -4 
5 -1.000000002804313e-07 -1e-07 -1e-07 10.0000001 1e-07 1e-07 0 2 1 -5 
6 9.999999900000001 -1e-07 -9.999999994736442e-08 10.0000001 1e-07 1.5000001 0 2 5 -6 
7 -1.000000002804313e-07 -1e-07 1.4999999 10.0000001 1e-07 1.5000001 0 2 2 -6 
8 -1.000000002804313e-07 9.999999900000001 1.4999999 10.0000001 10.0000001 1.5000001 0 2 3 -7 
9 9.999999900000001 -1.000000002804313e-07 1.4999999 10.0000001 10.0000001 1.5000001 0 2 6 -7 
10 0.7999998499999998 0.7999998499999998 1.49999985 1.20000015 1.20000015 1.50000015 0 2 8 -8 
11 8.799999850000001 8.799999850000001 1.49999985 9.200000149999999 9.200000149999999 1.50000015 0 2 9 -9 
12 -1.000000002804313e-07 9.999999900000001 -1e-07 10.0000001 10.0000001 1e-07 0 2 4 -10 
13 9.999999900000001 9.999999900000001 -9.999999994736442e-08 10.0000001 10.0000001 1.5000001 0 2 10 -7 
14 9.999999900000001 -1.000000002804313e-07 -1e-07 10.0000001 10.0000001 1e-07 0 2 5 -10 
15 0.7999999000000001 0.7999999000000001 -1e-07 1.2000001 1.2000001 1e-07 0 2 11 -11 
16 8.799999900000001 8.799999900000001 -1e-07 9.200000099999999 9.200000099999999 1e-07 0 2 12 -12 
17 0.7999999000000001 0.9999999000000001 -9.999999994736442e-08 0.8000001 1.0000001 1.5000001 0 2 8 -11 
18 8.799999900000001 8.999999900000001 -9.999999994736442e-08 8.8000001 9.000000099999999 1.5000001 0 2 9 -12 
19 -1e-07 -1e-07 1.4999999 1e-07 1e-07 2.0000001 0 2 2 -13 
20 -1e-07 -1.000000002804313e-07 1.9999999 1e-07 10.0000001 2.0000001 0 2 13 -14 
21 -1e-07 9.999999900000001 1.4999999 1e-07 10.0000001 2.0000001 0 2 3 -14 
22 9.999999900000001 -1e-07 1.4999999 10.0000001 1e-07 2.0000001 0 2 6 -15 
23 -1.000000002804313e-07 -1e-07 1.9999999 10.0000001 1e-07 2.0000001 0 2 13 -15 
24 -1.000000002804313e-07 9.999999900000001 1.9999999 10.0000001 10.0000001 2.0000001 0 2 14 -16 
25 9.999999900000001 -1.000000002804313e-07 1.9999999 10.0000001 10.0000001 2.0000001 0 2 15 -16 
26 0.7999998499999998 0.7999998499999998 1.99999985 1.20000015 1.20000015 2.00000015 0 2 17 -17 
27 8.799999850000001 8.799999850000001 1.99999985 9.200000149999999 9.200000149999999 2.00000015 0 2 18 -18 
28 9.999999900000001 9.999999900000001 1.4999999 10.0000001 10.0000001 2.0000001 0 2 7 -16 
29 0.7999999000000001 0.9999999000000001 1.4999999 0.8000001 1.0000001 2.0000001 0 2 17 -8 
30 8.799999900000001 8.999999900000001 1.4999999 8.8000001 9.000000099999999 2.0000001 0 2 18 -9 
31 -1e-07 -1e-07 1.9999999 1e-07 1e-07 3.0000001 0 2 13 -19 
32 -1e-07 -1.000000002804313e-07 2.9999999 1e-07 10.0000001 3.0000001 0 2 19 -20 
33 -1e-07 9.999999900000001 1.9999999 1e-07 10.0000001 3.0000001 0 2 14 -20 
34 9.999999900000001 -1e-07 1.9999999 10.0000001 1e-07 3.0000001 0 2 15 -21 
35 -1.000000002804313e-07 -1e-07 2.9999999 10.0000001 1e-07 3.0000001 0 2 19 -21 
36 -1.000000002804313e-07 9.999999900000001 2.9999999 10.0000001 10.0000001 3.0000001 0 2 20 -22 
37 9.999999900000001 -1.000000002804313e-07 2.9999999 10.0000001 10.0000001 3.0000001 0 2 21 -22 
38 0.7999998499999998 0.7999998499999998 2.99999985 1.20000015 1.20000015 3.00000015 0 2 23 -23 
39 8.799999850000001 8.799999850000001 2.99999985 9.200000149999999 9.200000149999999 3.00000015 0 2 24 -24 
40 9.999999900000001 9.999999900000001 1.9999999 10.0000001 10.0000001 3.0000001 0 2 16 -22 
41 0.7999999000000001 0.9999999000000001 1.9999999 0.8000001 1.0000001 3.0000001 0 2 23 -17 
42 8.799999900000001 8.999999900000001 1.9999999 8.8000001 9.000000099999999 3.0000001 0 2 24 -18 
43 -1e-07 -1e-07 2.9999999 1e-07 1e-07 3.5000001 0 2 19 -25 
44 -1e-07 -1.000000002804313e-07 3.4999999 1e-07 10.0000001 3.5000001 0 2 25 -26 
45 -1e-07 9.999999900000001 2.9999999 1e-07 10.0000001 3.5000001 0 2 20 -26 
46 9.999999900000001 -1e-07 2.9999999 10.0000001 1e-07 3.5000001 0 2 21 -27 
47 -1.000000002804313e-07 -1e-07 3.4999999 10.0000001 1e-07 3.5000001 0 2 25 -27 
48 -1.000000002804313e-07 9.999999900000001 3.4999999 10.0000001 10.0000001 3.5000001 0 2 26 -28 
49 9.999999900000001 -1.000000002804313e-07 3.4999999 10.0000001 10.0000001 3.5000001 0 2 27 -28 
50 0.7999998499999998 0.7999998499999998 3.49999985 1.20000015 1.20000015 3.50000015 0 2 29 -29 
51 8.799999850000001 8.799999850000001 3.49999985 9.200000149999999 9.200000149999999 3.50000015 0 2 30 -30 
52 9.999999900000001 9.999999900000001 2.9999999 10.0000001 10.0000001 3.5000001 0 2 22 -28 
53 0.7999999000000001 0.9999999000000001 2.9999999 0.8000001 1.0000001 3.5000001 0 2 29 -23 
54 8.799999900000001 8.999999900000001 2.9999999 8.8000001 9.000000099999999 3.5000001 0 2 30 -24 
55 -1e-07 -1e-07 3.4999999 1e-07 1e-07 5.0000001 0 2 25 -31 
56 -1e-07 -1.000000002804313e-07 4.9999999 1e-07 10.0000001 5.0000001 0 2 31 -32 
57 -1e-07 9.999999900000001 3.4999999 1e-07 10.0000001 5.0000001 0 2 26 -32 
58 9.999999900000001 -1e-07 3.4999999 10.0000001 1e-07 5.0000001 0 2 27 -33 
59 -1.000000002804313e-07 -1e-07 4.9999999 10.0000001 1e-07 5.0000001 0 2 31 -33 
60 -1.000000002804313e-07 9.999999900000001 4.9999999 10.0000001 10.0000001 5.0000001 0 2 32 -34 
61 9.999999900000001 -1.000000002804313e-07 4.9999999 10.0000001 10.0000001 5.0000001 0 2 33 -34 
62 0.7999999000000001 0.7999999000000001 4.9999999 1.2000001 1.2000001 5.0000001 0 2 35 -35 
63 8.799999900000001 8.799999900000001 4.9999999 9.200000099999999 9.200000099999999 5.0000001 0 2 36 -36 
64 9.999999900000001 9.999999900000001 3.4999999 10.0000001 10.0000001 5.0000001 0 2 28 -34 
65 0.7999999000000001 0.9999999000000001 3.4999999 0.8000001 1.0000001 5.0000001 0 2 35 -29 
66 8.799999900000001 8.999999900000001 3.4999999 8.8000001 9.000000099999999 5.0000001 0 2 36 -30 
67 0.7999999000000001 0.9999999000000001 -5.0000001 0.8000001 1.0000001 9.999999983634211e-08 0 2 11 -37 
68 0.7999999000000001 0.7999999000000001 -5.0000001 1.2000001 1.2000001 -4.9999999 0 2 37 -37 
69 8.799999900000001 8.999999900000001 -5.0000001 8.8000001 9.000000099999999 9.999999983634211e-08 0 2 12 -38 
70 8.799999900000001 8.799999900000001 -5.0000001 9.200000099999999 9.200000099999999 -4.9999999 0 2 38 -38 
1 -1e-07 -1.000000002804313e-07 -9.999999994736442e-08 1e-07 10.0000001 1.5000001 0 4 -1 4 3 -2 
2 -1.000000002804313e-07 -1e-07 -9.999999994736442e-08 10.0000001 1e-07 1.5000001 0 4 -5 1 7 -6 
3 -1.499999999765578e-07 -1.499999999765578e-07 1.49999985 10.00000015 10.00000015 1.50000015 0 6 -2 7 9 -8 10 11 
4 -1.000000002804313e-07 9.999999900000001 -9.999999994736442e-08 10.0000001 10.0000001 1.5000001 0 4 -12 3 8 -13 
5 -1.000000002804313e-07 -1.000000002804313e-07 -1e-07 10.0000001 10.0000001 1e-07 0 6 -4 5 14 -12 15 16 
6 9.999999900000001 -1.000000002804313e-07 -9.999999994736442e-08 10.0000001 10.0000001 1.5000001 0 4 -6 14 13 -9 
7 0.7999999000000001 0.7999999000000001 -9.999999994736442e-08 1.2000001 1.2000001 1.5000001 1 302 4 -15 -17 10 17 
8 8.799999900000001 8.799999900000001 -9.999999994736442e-08 9.200000099999999 9.200000099999999 1.5000001 1 402 4 -16 -18 11 18 
9 0.7999998499999998 0.7999998499999998 1.49999985 1.20000015 1.20000015 1.50000015 0 1 -10 
10 0.7999999000000001 0.7999999000000001 -1e-07 1.2000001 1.2000001 1e-07 0 1 -15 
11 8.799999850000001 8.799999850000001 1.49999985 9.200000149999999 9.200000149999999 1.50000015 0 1 -11 
12 8.799999900000001 8.799999900000001 -1e-07 9.200000099999999 9.200000099999999 1e-07 0 1 -16 
13 -1e-07 -1.000000002804313e-07 1.4999999 1e-07 10.0000001 2.0000001 0 4 -19 2 21 -20 
14 -1.000000002804313e-07 -1e-07 1.4999999 10.0000001 1e-07 2.0000001 0 4 -7 19 23 -22 
15 -1.499999999765578e-07 -1.499999999765578e-07 1.99999985 10.00000015 10.00000015 2.00000015 0 6 -20 23 25 -24 26 27 
16 -1.000000002804313e-07 9.999999900000001 1.4999999 10.0000001 10.0000001 2.0000001 0 4 -8 21 24 -28 
17 9.999999900000001 -1.000000002804313e-07 1.4999999 10.0000001 10.0000001 2.0000001 0 4 -22 9 28 -25 
18 0.7999999000000001 0.7999999000000001 1.4999999 1.2000001 1.2000001 2.0000001 0 4 -10 -29 26 29 
19 8.799999900000001 8.799999900000001 1.4999999 9.200000099999999 9.200000099999999 2.0000001 0 4 -11 -30 27 30 
20 0.7999998499999998 0.7999998499999998 1.99999985 1.20000015 1.20000015 2.00000015 0 1 -26 
21 8.799999850000001 8.799999850000001 1.99999985 9.200000149999999 9.200000149999999 2.00000015 0 1 -27 
22 -1e-07 -1.000000002804313e-07 1.9999999 1e-07 10.0000001 3.0000001 0 4 -31 20 33 -32 
23 -1.000000002804313e-07 -1e-07 1.9999999 10.0000001 1e-07 3.0000001 0 4 -23 31 35 -34 
24 -1.499999999765578e-07 -1.499999999765578e-07 2.99999985 10.00000015 10.00000015 3.00000015 0 6 -32 35 37 -36 38 39 
25 -1.000000002804313e-07 9.999999900000001 1.9999999 10.0000001 10.0000001 3.0000001 0 4 -24 33 36 -40 
26 9.999999900000001 -1.000000002804313e-07 1.9999999 10.0000001 10.0000001 3.0000001 0 4 -34 25 40 -37 
27 0.7999999000000001 0.7999999000000001 1.9999999 1.2000001 1.2000001 3.0000001 0 4 -26 -41 38 41 
28 8.799999900000001 8.799999900000001 1.9999999 9.200000099999999 9.200000099999999 3.0000001 0 4 -27 -42 39 42 
29 0.7999998499999998 0.7999998499999998 2.99999985 1.20000015 1.20000015 3.00000015 1 301 1 -38 
30 8.799999850000001 8.799999850000001 2.99999985 9.200000149999999 9.200000149999999 3.00000015 1 401 1 -39 
31 -1e-07 -1.000000002804313e-07 2.9999999 1e-07 10.0000001 3.5000001 0 4 -43 32 45 -44 
32 -1.000000002804313e-07 -1e-07 2.9999999 10.0000001 1e-07 3.5000001 0 4 -35 43 47 -46 
33 -1.499999999765578e-07 -1.499999999765578e-07 3.49999985 10.00000015 10.00000015 3.50000015 0 6 -44 47 49 -48 50 51 
34 -1.000000002804313e-07 9.999999900000001 2.9999999 10.0000001 10.0000001 3.5000001 0 4 -36 45 48 -52 
35 9.999999900000001 -1.000000002804313e-07 2.9999999 10.0000001 10.0000001 3.5000001 0 4 -46 37 52 -49 
36 0.7999999000000001 0.7999999000000001 2.9999999 1.2000001 1.2000001 3.5000001 0 4 -38 -53 50 53 
37 8.799999900000001 8.799999900000001 2.9999999 9.200000099999999 9.200000099999999 3.5000001 0 4 -39 -54 51 54 
38 0.7999998499999998 0.7999998499999998 3.49999985 1.20000015 1.20000015 3.50000015 0 1 -50 
39 8.799999850000001 8.799999850000001 3.49999985 9.200000149999999 9.200000149999999 3.50000015 0 1 -51 
40 -1e-07 -1.000000002804313e-07 3.4999999 1e-07 10.0000001 5.0000001 0 4 -55 44 57 -56 
41 -1.000000002804313e-07 -1e-07 3.4999999 10.0000001 1e-07 5.0000001 0 4 -47 55 59 -58 
42 -1.000000002804313e-07 -1.000000002804313e-07 4.9999999 10.0000001 10.0000001 5.0000001 0 6 -56 59 61 -60 62 63 
43 -1.000000002804313e-07 9.999999900000001 3.4999999 10.0000001 10.0000001 5.0000001 0 4 -48 57 60 -64 
44 9.999999900000001 -1.000000002804313e-07 3.4999999 10.0000001 10.0000001 5.0000001 0 4 -58 49 64 -61 
45 0.7999999000000001 0.7999999000000001 3.4999999 1.2000001 1.2000001 5.0000001 0 4 -50 -65 62 65 
46 8.799999900000001 8.799999900000001 3.4999999 9.200000099999999 9.200000099999999 5.0000001 0 4 -51 -66 63 66 
47 0.7999999000000001 0.7999999000000001 4.9999999 1.2000001 1.2000001 5.0000001 0 1 62 
48 8.799999900000001 8.799999900000001 4.9999999 9.200000099999999 9.200000099999999 5.0000001 0 1 63 
49 0.7999999000000001 0.7999999000000001 -5.0000001 1.2000001 1.2000001 9.999999983634211e-08 0 4 67 -68 -67 15 
50 0.7999999000000001 0.7999999000000001 -5.0000001 1.2000001 1.2000001 -4.9999999 0 1 68 
51 8.799999900000001 8.799999900000001 -5.0000001 9.200000099999999 9.200000099999999 9.999999983634211e-08 0 4 69 -70 -69 16 
52 8.799999900000001 8.799999900000001 -5.0000001 9.200000099999999 9.200000099999999 -4.9999999 0 1 70 
1 -1.499999999765578e-07 -1.499999999765578e-07 -1.500000001986024e-07 10.00000015 10.00000015 1.50000015 1 105 8 -1 -2 3 4 -5 6 -7 -8 
2 0.7999998499999998 0.7999998499999998 -1.500000001986024e-07 1.20000015 1.20000015 1.50000015 1 104 3 9 7 -10 
3 8.799999850000001 8.799999850000001 -1.499999999765578e-07 9.200000149999999 9.200000149999999 1.50000015 1 103 3 11 8 -12 
4 -1.499999999765578e-07 -1.499999999765578e-07 1.49999985 10.00000015 10.00000015 2.00000015 1 201 8 -13 -14 15 16 -3 17 -18 -19 
5 0.7999998499999998 0.7999998499999998 1.49999985 1.20000015 1.20000015 2.00000015 1 202 3 20 18 -9 
6 8.799999850000001 8.799999850000001 1.49999985 9.200000149999999 9.200000149999999 2.00000015 1 102 3 21 19 -11 
7 -1.499999999765578e-07 -1.499999999765578e-07 1.99999985 10.00000015 10.00000015 3.00000015 1 201 8 -22 -23 24 25 -15 26 -27 -28 
8 0.7999998499999998 0.7999998499999998 1.99999985 1.20000015 1.20000015 3.00000015 1 202 3 29 27 -20 
9 8.799999850000001 8.799999850000001 1.99999985 9.200000149999999 9.200000149999999 3.00000015 1 101 3 30 28 -21 
10 -1.499999999765578e-07 -1.499999999765578e-07 2.99999985 10.00000015 10.00000015 3.50000015 1 201 8 -31 -32 33 34 -24 35 -36 -37 
11 0.7999998499999998 0.7999998499999998 2.99999985 1.20000015 1.20000015 3.50000015 1 202 3 38 36 -29 
12 8.799999850000001 8.799999850000001 2.99999985 9.200000149999999 9.200000149999999 3.50000015 0 3 39 37 -30 
13 -1.499999999765578e-07 -1.499999999765578e-07 3.49999985 10.00000015 10.00000015 5.00000015 0 8 -40 -41 42 43 -33 44 -45 -46 
14 0.7999998499999998 0.7999998499999998 3.49999985 1.20000015 1.20000015 5.00000015 0 3 -47 45 -38 
15 8.799999850000001 8.799999850000001 3.49999985 9.200000149999999 9.200000149999999 5.00000015 0 3 -48 46 -39 
16 0.7999999000000001 0.7999999000000001 -5.0000001 1.2000001 1.2000001 9.999999983634211e-08 0 3 49 10 50 
17 8.799999900000001 8.799999900000001 -5.0000001 9.200000099999999 9.200000099999999 9.999999983634211e-08 0 3 51 12 52 
$EndEntities
$Nodes
121 4169 1 5307
0 1 0 1
1
0 0 0
0 2 0 1
2
0 0 1.5
0 3 0 1
3
0 10 1.5
0 4 0 1
4
0 10 0
0 5 0 1
5
10 0 0
0 6 0 1
6
10 0 1.5
0 7 0 1
7
10 10 1.5
0 8 0 1
8
0.8 1 1.5
0 9 0 1
9
8.800000000000001 9 1.5
0 10 0 1
10
10 10 0
0 11 0 1
11
0.8 1 0
0 12 0 1
12
8.800000000000001 9 0
0 13 0 1
13
0 0 2
0 14 0 1
14
0 10 2
0 15 0 1
15
10 0 2
0 16 0 1
16
10 10 2
0 17 0 1
17
0.8 1 2
0 18 0 1
18
8.800000000000001 9 2
0 19 0 1
19
0 0 3
0 20 0 1
20
0 10 3
0 21 0 1
21
10 0 3
0 22 0 1
22
10 10 3
0 23 0 1
23
0.8 1 3
0 24 0 1
24
8.800000000000001 9 3
0 25 0 1
25
0 0 3.5
0 26 0 1
26
0 10 3.5
0 27 0 1
27
10 0 3.5
0 28 0 1
28
10 10 3.5
0 29 0 1
29
0.8 1 3.5
0 30 0 1
30
8.800000000000001 9 3.5
1 1 0 1
31
0 0 0.75
1 2 0 16
32
33
34
35
36
37
38
39
40
41
42
43
44
45
46
47
0 0.4634147014896387 1.5
0 0.6599931774899405 1.5
0 0.8565716534902423 1.5
0 1.053150129490544 1.5
0 1.249728605490846 1.5
0 1.446307081491148 1.5
0 1.64288555749145 1.5
0 2.183666805710794 1.5
0 2.624896066973994 1.5
0 3.2416843063083 1.5
0 4.102645719990948 1.5
0 5.085538099992457 1.5
0 6.068430479993966 1.5
0 7.051322859995475 1.5
0 8.034215239996982 1.5
0 9.017107619998491 1.5
1 3 0 1
48
0 10 0.75
1 4 0 16
49
50
51
52
53
54
55
56
57
58
59
60
61
62
63
64
0 0.4634147014896387 0
0 0.6599931774899405 0
0 0.8565716534902423 0
0 1.053150129490544 0
0 1.249728605490846 0
0 1.446307081491148 0
0 1.64288555749145 0
0 2.183666805710794 0
0 2.624896066973994 0
0 3.2416843063083 0
0 4.102645719990948 0
0 5.085538099992457 0
0 6.068430479993966 0
0 7.051322859995475 0
0 8.034215239996982 0
0 9.017107619998491 0
1 5 0 16
65
66
67
68
69
70
71
72
73
74
75
76
77
78
79
80
0.4634147014896387 0 0
0.6599931774899405 0 0
0.8565716534902423 0 0
1.053150129490544 0 0
1.249728605490846 0 0
1.446307081491148 0 0
1.64288555749145 0 0
2.183666805710794 0 0
2.624896066973994 0 0
3.2416843063083 0 0
4.102645719990948 0 0
5.085538099992457 0 0
6.068430479993966 0 0
7.051322859995475 0 0
8.034215239996982 0 0
9.017107619998491 0 0
1 6 0 1
81
10 0 0.75
1 7 0 16
82
83
84
85
86
87
88
89
90
91
92
93
94
95
96
97
0.4634147014896387 0 1.5
0.6599931774899405 0 1.5
0.8565716534902423 0 1.5
1.053150129490544 0 1.5
1.249728605490846 0 1.5
1.446307081491148 0 1.5
1.64288555749145 0 1.5
2.183666805710794 0 1.5
2.624896066973994 0 1.5
3.2416843063083 0 1.5
4.102645719990948 0 1.5
5.085538099992457 0 1.5
6.068430479993966 0 1.5
7.051322859995475 0 1.5
8.034215239996982 0 1.5
9.017107619998491 0 1.5
1 8 0 17
98
99
100
101
102
103
104
105
106
107
108
109
110
111
112
113
114
0.9828923800015087 10 1.5
1.965784760003017 10 1.5
2.948677140004526 10 1.5
3.931569520006035 10 1.5
4.914461900007543 10 1.5
5.897354280009052 10 1.5
6.758315693691698 10 1.5
7.375103933026005 10 1.5
7.816333194289205 10 1.5
8.131210475043165 10 1.5
8.553692918508853 10 1.5
8.750271394509154 10 1.5
8.946849870509455 10 1.5
9.143428346509758 10 1.5
9.340006822510059 10 1.5
9.53658529851036 10 1.5
9.738448432680075 10 1.5
1 9 0 17
115
116
117
118
119
120
121
122
123
124
125
126
127
128
129
130
131
10 0.9828923800015087 1.5
10 1.965784760003017 1.5
10 2.948677140004526 1.5
10 3.931569520006035 1.5
10 4.914461900007543 1.5
10 5.897354280009052 1.5
10 6.758315693691698 1.5
10 7.375103933026005 1.5
10 7.816333194289205 1.5
10 8.131210475043165 1.5
10 8.553692918508853 1.5
10 8.750271394509154 1.5
10 8.946849870509455 1.5
10 9.143428346509758 1.5
10 9.340006822510059 1.5
10 9.53658529851036 1.5
10 9.738448432680075 1.5
1 10 0 6
132
133
134
135
136
137
0.8753020396282533 1.156366296493606 1.5
1.044504186791263 1.194985582436365 1.5
1.180193773580484 1.086776747823512 1.5
1.180193773580484 0.9132232521764884 1.5
1.044504186791263 0.8050144175636352 1.5
0.8753020396282534 0.843633703506394 1.5
1 11 0 6
138
139
140
141
142
143
8.875302039628254 9.156366296493607 1.5
9.044504186791263 9.194985582436365 1.5
9.180193773580484 9.086776747823512 1.5
9.180193773580484 8.913223252176488 1.5
9.044504186791263 8.805014417563635 1.5
8.875302039628254 8.843633703506393 1.5
1 12 0 17
144
145
146
147
148
149
150
151
152
153
154
155
156
157
158
159
160
0.9828923800015087 10 0
1.965784760003017 10 0
2.948677140004526 10 0
3.931569520006035 10 0
4.914461900007543 10 0
5.897354280009052 10 0
6.758315693691698 10 0
7.375103933026005 10 0
7.816333194289205 10 0
8.131210475043165 10 0
8.553692918508853 10 0
8.750271394509154 10 0
8.946849870509455 10 0
9.143428346509758 10 0
9.340006822510059 10 0
9.53658529851036 10 0
9.738448432680075 10 0
1 13 0 1
161
10 10 0.75
1 14 0 17
162
163
164
165
166
167
168
169
170
171
172
173
174
175
176
177
178
10 0.9828923800015087 0
10 1.965784760003017 0
10 2.948677140004526 0
10 3.931569520006035 0
10 4.914461900007543 0
10 5.897354280009052 0
10 6.758315693691698 0
10 7.375103933026005 0
10 7.816333194289205 0
10 8.131210475043165 0
10 8.553692918508853 0
10 8.750271394509154 0
10 8.946849870509455 0
10 9.143428346509758 0
10 9.340006822510059 0
10 9.53658529851036 0
10 9.738448432680075 0
1 15 0 6
179
180
181
182
183
184
0.8753020396282533 1.156366296493606 0
1.044504186791263 1.194985582436365 0
1.180193773580484 1.086776747823512 0
1.180193773580484 0.9132232521764884 0
1.044504186791263 0.8050144175636352 0
0.8753020396282534 0.843633703506394 0
1 16 0 6
185
186
187
188
189
190
8.875302039628254 9.156366296493607 0
9.044504186791263 9.194985582436365 0
9.180193773580484 9.086776747823512 0
9.180193773580484 8.913223252176488 0
9.044504186791263 8.805014417563635 0
8.875302039628254 8.843633703506393 0
1 17 0 7
191
192
193
194
195
196
197
0.8 1 1.3125
0.8 1 1.125
0.8 1 0.9375
0.8 1 0.75
0.8 1 0.5625
0.8 1 0.375
0.8 1 0.1875
1 18 0 7
198
199
200
201
202
203
204
8.800000000000001 9 1.3125
8.800000000000001 9 1.125
8.800000000000001 9 0.9375
8.800000000000001 9 0.75
8.800000000000001 9 0.5625
8.800000000000001 9 0.375
8.800000000000001 9 0.1875
1 20 0 16
205
206
207
208
209
210
211
212
213
214
215
216
217
218
219
220
0 0.4634147014896387 2
0 0.6599931774899405 2
0 0.8565716534902423 2
0 1.053150129490544 2
0 1.249728605490846 2
0 1.446307081491148 2
0 1.64288555749145 2
0 2.183666805710794 2
0 2.624896066973994 2
0 3.2416843063083 2
0 4.102645719990948 2
0 5.085538099992457 2
0 6.068430479993966 2
0 7.051322859995475 2
0 8.034215239996982 2
0 9.017107619998491 2
1 23 0 16
221
222
223
224
225
226
227
228
229
230
231
232
233
234
235
236
0.4634147014896387 0 2
0.6599931774899405 0 2
0.8565716534902423 0 2
1.053150129490544 0 2
1.249728605490846 0 2
1.446307081491148 0 2
1.64288555749145 0 2
2.183666805710794 0 2
2.624896066973994 0 2
3.2416843063083 0 2
4.102645719990948 0 2
5.085538099992457 0 2
6.068430479993966 0 2
7.051322859995475 0 2
8.034215239996982 0 2
9.017107619998491 0 2
1 24 0 17
237
238
239
240
241
242
243
244
245
246
247
248
249
250
251
252
253
0.9828923800015087 10 2
1.965784760003017 10 2
2.948677140004526 10 2
3.931569520006035 10 2
4.914461900007543 10 2
5.897354280009052 10 2
6.758315693691698 10 2
7.375103933026005 10 2
7.816333194289205 10 2
8.131210475043165 10 2
8.553692918508853 10 2
8.750271394509154 10 2
8.946849870509455 10 2
9.143428346509758 10 2
9.340006822510059 10 2
9.53658529851036 10 2
9.738448432680075 10 2
1 25 0 17
254
255
256
257
258
259
260
261
262
263
264
265
266
267
268
269
270
10 0.9828923800015087 2
10 1.965784760003017 2
10 2.948677140004526 2
10 3.931569520006035 2
10 4.914461900007543 2
10 5.897354280009052 2
10 6.758315693691698 2
10 7.375103933026005 2
10 7.816333194289205 2
10 8.131210475043165 2
10 8.553692918508853 2
10 8.750271394509154 2
10 8.946849870509455 2
10 9.143428346509758 2
10 9.340006822510059 2
10 9.53658529851036 2
10 9.738448432680075 2
1 26 0 6
271
272
273
274
275
276
0.8753020396282533 1.156366296493606 2
1.044504186791263 1.194985582436365 2
1.180193773580484 1.086776747823512 2
1.180193773580484 0.9132232521764884 2
1.044504186791263 0.8050144175636352 2
0.8753020396282534 0.843633703506394 2
1 27 0 6
277
278
279
280
281
282
8.875302039628254 9.156366296493607 2
9.044504186791263 9.194985582436365 2
9.180193773580484 9.086776747823512 2
9.180193773580484 8.913223252176488 2
9.044504186791263 8.805014417563635 2
8.875302039628254 8.843633703506393 2
1 29 0 2
283
284
0.8 1 1.833333333333333
0.8 1 1.666666666666667
1 30 0 2
285
286
8.800000000000001 9 1.833333333333333
8.800000000000001 9 1.666666666666667
1 32 0 16
287
288
289
290
291
292
293
294
295
296
297
298
299
300
301
302
0 0.4634147014896387 3
0 0.6599931774899405 3
0 0.8565716534902423 3
0 1.053150129490544 3
0 1.249728605490846 3
0 1.446307081491148 3
0 1.64288555749145 3
0 2.183666805710794 3
0 2.624896066973994 3
0 3.2416843063083 3
0 4.102645719990948 3
0 5.085538099992457 3
0 6.068430479993966 3
0 7.051322859995475 3
0 8.034215239996982 3
0 9.017107619998491 3
1 35 0 16
303
304
305
306
307
308
309
310
311
312
313
314
315
316
317
318
0.4634147014896387 0 3
0.6599931774899405 0 3
0.8565716534902423 0 3
1.053150129490544 0 3
1.249728605490846 0 3
1.446307081491148 0 3
1.64288555749145 0 3
2.183666805710794 0 3
2.624896066973994 0 3
3.2416843063083 0 3
4.102645719990948 0 3
5.085538099992457 0 3
6.068430479993966 0 3
7.051322859995475 0 3
8.034215239996982 0 3
9.017107619998491 0 3
1 36 0 17
319
320
321
322
323
324
325
326
327
328
329
330
331
332
333
334
335
0.9828923800015087 10 3
1.965784760003017 10 3
2.948677140004526 10 3
3.931569520006035 10 3
4.914461900007543 10 3
5.897354280009052 10 3
6.758315693691698 10 3
7.375103933026005 10 3
7.816333194289205 10 3
8.131210475043165 10 3
8.553692918508853 10 3
8.750271394509154 10 3
8.946849870509455 10 3
9.143428346509758 10 3
9.340006822510059 10 3
9.53658529851036 10 3
9.738448432680075 10 3
1 37 0 17
336
337
338
339
340
341
342
343
344
345
346
347
348
349
350
351
352
10 0.9828923800015087 3
10 1.965784760003017 3
10 2.948677140004526 3
10 3.931569520006035 3
10 4.914461900007543 3
10 5.897354280009052 3
10 6.758315693691698 3
10 7.375103933026005 3
10 7.816333194289205 3
10 8.131210475043165 3
10 8.553692918508853 3
10 8.750271394509154 3
10 8.946849870509455 3
10 9.143428346509758 3
10 9.340006822510059 3
10 9.53658529851036 3
10 9.738448432680075 3
1 38 0 6
353
354
355
356
357
358
0.8753020396282533 1.156366296493606 3
1.044504186791263 1.194985582436365 3
1.180193773580484 1.086776747823512 3
1.180193773580484 0.9132232521764884 3
1.044504186791263 0.8050144175636352 3
0.8753020396282534 0.843633703506394 3
1 39 0 6
359
360
361
362
363
364
8.875302039628254 9.156366296493607 3
9.044504186791263 9.194985582436365 3
9.180193773580484 9.086776747823512 3
9.180193773580484 8.913223252176488 3
9.044504186791263 8.805014417563635 3
8.875302039628254 8.843633703506393 3
1 41 0 4
365
366
367
368
0.8 1 2.8
0.8 1 2.6
0.8 1 2.4
0.8 1 2.2
1 42 0 4
369
370
371
372
8.800000000000001 9 2.8
8.800000000000001 9 2.6
8.800000000000001 9 2.4
8.800000000000001 9 2.2
1 44 0 16
373
374
375
376
377
378
379
380
381
382
383
384
385
386
387
388
0 0.4634147014896387 3.5
0 0.6599931774899405 3.5
0 0.8565716534902423 3.5
0 1.053150129490544 3.5
0 1.249728605490846 3.5
0 1.446307081491148 3.5
0 1.64288555749145 3.5
0 2.183666805710794 3.5
0 2.624896066973994 3.5
0 3.2416843063083 3.5
0 4.102645719990948 3.5
0 5.085538099992457 3.5
0 6.068430479993966 3.5
0 7.051322859995475 3.5
0 8.034215239996982 3.5
0 9.017107619998491 3.5
1 47 0 16
389
390
391
392
393
394
395
396
397
398
399
400
401
402
403
404
0.4634147014896387 0 3.5
0.6599931774899405 0 3.5
0.8565716534902423 0 3.5
1.053150129490544 0 3.5
1.249728605490846 0 3.5
1.446307081491148 0 3.5
1.64288555749145 0 3.5
2.183666805710794 0 3.5
2.624896066973994 0 3.5
3.2416843063083 0 3.5
4.102645719990948 0 3.5
5.085538099992457 0 3.5
6.068430479993966 0 3.5
7.051322859995475 0 3.5
8.034215239996982 0 3.5
9.017107619998491 0 3.5
1 48 0 17
405
406
407
408
409
410
411
412
413
414
415
416
417
418
419
420
421
0.9828923800015087 10 3.5
1.965784760003017 10 3.5
2.948677140004526 10 3.5
3.931569520006035 10 3.5
4.914461900007543 10 3.5
5.897354280009052 10 3.5
6.758315693691698 10 3.5
7.375103933026005 10 3.5
7.816333194289205 10 3.5
8.131210475043165 10 3.5
8.553692918508853 10 3.5
8.750271394509154 10 3.5
8.946849870509455 10 3.5
9.143428346509758 10 3.5
9.340006822510059 10 3.5
9.53658529851036 10 3.5
9.738448432680075 10 3.5
1 49 0 17
422
423
424
425
426
427
428
429
430
431
432
433
434
435
436
437
438
10 0.9828923800015087 3.5
10 1.965784760003017 3.5
10 2.948677140004526 3.5
10 3.931569520006035 3.5
10 4.914461900007543 3.5
10 5.897354280009052 3.5
10 6.758315693691698 3.5
10 7.375103933026005 3.5
10 7.816333194289205 3.5
10 8.131210475043165 3.5
10 8.553692918508853 3.5
10 8.750271394509154 3.5
10 8.946849870509455 3.5
10 9.143428346509758 3.5
10 9.340006822510059 3.5
10 9.53658529851036 3.5
10 9.738448432680075 3.5
1 50 0 6
439
440
441
442
443
444
0.8753020396282533 1.156366296493606 3.5
1.044504186791263 1.194985582436365 3.5
1.180193773580484 1.086776747823512 3.5
1.180193773580484 0.9132232521764884 3.5
1.044504186791263 0.8050144175636352 3.5
0.8753020396282534 0.843633703506394 3.5
1 51 0 6
445
446
447
448
449
450
8.875302039628254 9.156366296493607 3.5
9.044504186791263 9.194985582436365 3.5
9.180193773580484 9.086776747823512 3.5
9.180193773580484 8.913223252176488 3.5
9.044504186791263 8.805014417563635 3.5
8.875302039628254 8.843633703506393 3.5
1 53 0 2
451
452
0.8 1 3.333333333333333
0.8 1 3.166666666666667
1 54 0 2
453
454
8.800000000000001 9 3.333333333333333
8.800000000000001 9 3.166666666666667
2 1 0 65
455
456
457
458
459
460
461
462
463
464
465
466
467
468
469
470
471
472
473
474
475
476
477
478
479
480
481
482
483
484
485
486
487
488
489
490
491
492
493
494
495
496
497
498
499
500
501
502
503
504
505
506
507
508
509
510
511
512
513
514
515
516
517
518
519
0 0.7679504610501519 0.168243026553424
0 1.348017843490997 0.1702419540534909
0 0.9216655949269721 1.352313012101186
0 1.55030567417595 1.321899177240912
0 0.5891229151365527 1.317901240187311
0 2.067270214500998 0.408158321915478
0 2.893436329988424 0.4976417544367943
0 1.512756664607017 0.7224343439758303
0 1.769944657310601 1.294855464226624
0 1.355736010630947 1.019685656660295
0 1.279523477367336 0.8113714362321287
0 1.294207785403397 1.257499670224749
0 0.3289646962643227 1.141435466071917
0 2.430581515560192 0.9942746920337374
0 4.594091909991701 0.7500000000000001
0 0.9570066100091177 0.1707101232094253
0 0.8611975433250361 0.3445304851304876
0 1.056356395042831 0.3423287238392586
0 0.9582043270203858 0.5162363597160223
0 0.7607582261632535 0.5187172218474311
0 0.8590479248534584 0.6900929452332282
0 1.158921915459941 0.5127317698345732
0 0.6583549345316829 0.6908644599882715
0 0.5396518999558428 0.493179760014861
0 0.7593754046636751 0.8635898206105992
0 0.9548156469852207 0.865223111721139
0 0.2824684652559085 0.3473069870582068
0 0.859422646902523 1.032717399233804
0 0.6428867615130794 1.074915547764128
0 1.060161446636412 1.035176916114539
0 0.5104639595340117 0.2590863874596347
0 0.7712061022058012 1.226254401168424
0 1.084716251840746 0.7016522836432239
0 0.544458954594002 0.884672415550998
0 1.151980302802631 0.1705282522464545
0 3.587068354174252 0.7592637848094023
0 1.257366101060665 0.3472678863956463
0 1.459132726529912 0.3493023968127639
0 1.370013141500384 0.516438904298999
0 1.540579122243865 0.520967361754017
0 1.710280446922739 0.68306268234986
0 1.509411168132556 0.1706285664397772
0 1.654926539303587 0.355353221545316
0 1.106987832936017 1.32414623247076
0 0.6737037702116934 0.3301504884638657
0 8.496408680592928 0.7563064511640856
0 7.54276904999623 0.75
0 6.559876669994719 0.75
0 5.576984289993212 0.75
0 1.117215920130534 0.8840269998285543
0 1.16325067490508 1.151705133581832
0 1.425704783790842 0.8864084595800227
0 1.560476902231891 0.9465061138834258
0 1.445995160496883 1.161573510725766
0 0.9748474748300969 1.180976054685979
0 9.262830714998868 0.8029741897783186
0 0.3263288926754674 0.6992775063104463
0 0.7582824154900913 1.382455321702594
0 2.955533314601033 1.050236046255987
0 1.266308059540559 0.6457880499582609
0 0.6087166836187821 0.1430991335752743
0 1.200900904410255 0.9932836887030314
0 1.411482673666476 1.358081672733521
0 1.610009599688492 1.153816699861635
0 1.904604305989386 0.9972391391815371
2 2 0 62
520
521
522
523
524
525
526
527
528
529
530
531
532
533
534
535
536
537
538
539
540
541
542
543
544
545
546
547
548
549
550
551
552
553
554
555
556
557
558
559
560
561
562
563
564
565
566
567
568
569
570
571
572
573
574
575
576
577
578
579
580
581
0.7708483089455725 0 0.1572611343023079
1.336735726672547 0 0.162734648133584
0.9548877145702924 0 1.321674348929154
1.557094285964355 0 1.264411210587499
0.5550830622302408 0 1.321343360189315
1.751887290764377 0 0.3446472157633442
2.931498760904167 0 0.657381717459129
1.513527214835639 0 0.7679508674625475
1.837611422728704 0 1.183030779541216
0.3528303072946572 0 1.30821704413546
0.4888664960529857 0 1.141148511127006
0.6565877982476721 0 1.145092990267684
0.5499401429261752 0 0.9674890595738704
0.7448423147160836 0 0.9636860991037858
0.6358508817521933 0 0.7898548110776008
0.8346051404210285 0 0.7801702282528261
0.9429705831530764 0 0.9534406139091545
1.033928358924713 0 0.77038867616761
1.142129564091143 0 0.9385298260374402
0.9255656163508676 0 0.6013642295912487
1.125241755693781 0 0.591514579751038
1.019130886374101 0 0.4243149966301329
0.8201636463812118 0 0.4431629613588273
1.20716409776619 0 0.4199941678004319
1.08387155953861 0 0.2668083634377186
1.050400685570906 0 1.117986640432922
1.248873688587392 0 1.115211787497213
1.332199540808821 0 0.9353927840913441
1.299775805217425 0 0.5884130567758548
1.39463888544164 0 0.3621518670861008
1.504802666328373 0 0.174021979546948
1.405652934501824 0 1.112444316332219
1.153365581425299 0 1.305110071778922
0.8517859285493055 0 1.146848311319584
1.218694229191744 0 0.7681502015823046
0.7265758111808731 0 0.6128791853630218
0.5943970374703333 0 0.4189317888474126
0.3670176754539199 0 0.4007456046636161
0.5945252133764867 0 0.2159208792748378
0.5517396715938411 0 0.6041467346411045
4.596736879238866 0 0.7547773336642215
0.7558182224296156 0 1.322493168450956
1.534127960407778 0 0.9609987242672278
1.343503696243477 0 1.299529564365975
3.702815948790254 0 0.7353598418538916
1.734998327676904 0 0.7907895674212845
0.8933926120232338 0 0.287433674111408
8.496408680592928 0 0.7436935488359145
7.54276904999623 0 0.75
6.559876669994719 0 0.75
5.576984289993215 0 0.7500000000000001
2.422662446663608 0 1.085356069756648
1.512286312391761 0 0.6064358101966121
2.274934949782307 0 0.4796957617334009
9.262830714998868 0 0.6970258102216819
0.3327720509989917 0 1.001933889867992
0.4062200704541868 0 0.7523616833040307
0.7199297176857004 0 0.3134684314155988
0.9682122718298161 0 0.1363650715605373
1.378890350414584 0 0.7846622866705413
1.156757908568306 0 0.1399366723276082
1.235833635597458 0 0.2703251437570887
2 3 0 297
582
583
584
585
586
587
588
589
590
591
592
593
594
595
596
597
598
599
600
601
602
603
604
605
606
607
608
609
610
611
612
613
614
615
616
617
618
619
620
621
622
623
624
625
626
627
628
629
630
631
632
633
634
635
636
637
638
639
640
641
642
643
644
645
646
647
648
649
650
651
652
653
654
655
656
657
658
659
660
661
662
663
664
665
666
667
668
669
670
671
672
673
674
675
676
677
678
679
680
681
682
683
684
685
686
687
688
689
690
691
692
693
694
695
696
697
698
699
700
701
702
703
704
705
706
707
708
709
710
711
712
713
714
715
716
717
718
719
720
721
722
723
724
725
726
727
728
729
730
731
732
733
734
735
736
737
738
739
740
741
742
743
744
745
746
747
748
749
750
751
752
753
754
755
756
757
758
759
760
761
762
763
764
765
766
767
768
769
770
771
772
773
774
775
776
777
778
779
780
781
782
783
784
785
786
787
788
789
790
791
792
793
794
795
796
797
798
799
800
801
802
803
804
805
806
807
808
809
810
811
812
813
814
815
816
817
818
819
820
821
822
823
824
825
826
827
828
829
830
831
832
833
834
835
836
837
838
839
840
841
842
843
844
845
846
847
848
849
850
851
852
853
854
855
856
857
858
859
860
861
862
863
864
865
866
867
868
869
870
871
872
873
874
875
876
877
878
1.21398108015496 1.275117717665715 1.5
6.305246810269956 9.461169909297732 1.5
3.672165013149624 0.6398843699731607 1.5
0.7497466970335243 3.542824746837613 1.5
9.420200129147062 7.140983037718536 1.5
9.148790229732546 4.423015710006789 1.5
7.661671209200851 9.607802962058186 1.5
1.34352803615919 1.008896394272915 1.5
0.7826053377911881 6.548887445185265 1.5
0.4208898729996446 2.33312175455062 1.5
9.554085497887133 8.017907900271803 1.5
5.698725953329189 0.9246505783733253 1.5
4.473970936806499 9.024655174017012 1.5
2.317708238534732 0.3876280298836161 1.5
8.702233834754978 8.856603372478345 1.5
8.611466410256956 9.025599046164 1.5
1.338214097237027 0.8165332863193601 1.5
9.21246503106002 9.264836911254672 1.5
7.427110325039092 0.8613410057188595 1.5
0.1865170533849946 1.558742642593858 1.5
0.9364328966568591 1.298884129392361 1.5
0.6912867003239032 0.8546798567451389 1.5
8.649717668717521 9.827887937607658 1.5
9.796153219752155 8.640558443626686 1.5
9.212465031060017 8.735163088745319 1.5
0.9200261887819372 0.6724333117460011 1.5
9.308754025575864 8.997481830691948 1.5
8.776680089840122 8.688817424877634 1.5
0.7022338347549744 1.143396627521653 1.5
2.457230950003772 9.148790229732546 1.5
9.82029732222151 9.429985228205469 1.5
0.555083062230241 0.1786566398106851 1.5
9.056517241390607 9.386140461612577 1.5
1.352277236587226 0.1922226084491572 1.5
9.43829606051021 9.829758045946509 1.5
0.1622344572709294 0.5674731680591566 1.5
0.1644625442062783 0.9674521498327879 1.5
9.158937002978782 2.423839215745134 1.5
0.9496743904002117 0.1681496588219362 1.5
9.83232106519773 9.067409256699706 1.5
9.044996109770757 9.842628755809343 1.5
1.098871281437408 0.6258751550488106 1.5
9.07296094968531 8.619291710838969 1.5
0.3588532480622137 0.205441186123813 1.5
9.247606568292035 9.449977280695922 1.5
9.394783669644795 9.325215861610623 1.5
1.506479222292986 0.9136673573415121 1.5
1.501993409970051 0.7107538515582008 1.5
1.504742549427135 1.112756190911609 1.5
0.4440698168450907 0.3571458738335248 1.5
0.6510641172378258 0.3654174635716876 1.5
0.545064426803467 0.5246162818426259 1.5
0.833185671242282 8.521496552020309 1.5
9.43968134484507 9.507285104294732 1.5
8.833761203634865 7.658809465619849 1.5
8.583895923530285 6.77191324234991 1.5
7.924828772667482 7.435009584921032 1.5
7.662560465987609 6.408061487665803 1.5
8.517112266265123 8.875673331822137 1.5
6.922720359758056 7.051950513146818 1.5
6.72713969700599 6.060579505860848 1.5
5.970516685113688 6.709957360854869 1.5
5.783297098229628 5.725400734496511 1.5
5.025243220579538 6.376807304047427 1.5
4.839200963886015 5.393759152559338 1.5
5.597122352537859 4.741124372896939 1.5
4.653295500621054 4.410813675498729 1.5
3.895255696697274 5.063030209852496 1.5
3.70943537289159 4.080385456170728 1.5
5.411321745167911 3.758549502333111 1.5
6.355196912968201 4.088935067494314 1.5
2.951390064856493 4.732582232237389 1.5
3.137193811342952 5.715168362765949 1.5
6.169367315003403 3.106337655402916 1.5
2.76558297055032 3.749984480502792 1.5
3.523624033868569 3.097772698671204 1.5
2.591114581598932 2.765247654087611 1.5
7.113233779335641 3.436733249073613 1.5
7.465934031512482 5.410299399523322 1.5
5.225515881959479 2.775953455628887 1.5
5.211080690032289 7.359294520373037 1.5
4.266841408356389 7.028120928998354 1.5
2.200178112924127 5.365248803645812 1.5
2.394208615888042 6.349873711600011 1.5
6.888377907360231 2.433830735785444 1.5
8.286565227824502 9.765558154499328 1.5
9.79721188482258 8.370253388461766 1.5
9.249758576517372 8.550717508565329 1.5
9.395142337682346 8.674899936599573 1.5
9.438070441040564 8.487871418751753 1.5
0.9704447849713459 0.4883145283379577 1.5
1.164837693082306 0.4570052247616531 1.5
7.126996822527962 7.912529961882649 1.5
3.337530742202701 2.157469912007596 1.5
2.381559906601238 1.86735666288417 1.5
0.2232028688874348 1.740179896409214 1.5
0.3736227661589662 1.665808042735367 1.5
0.3776079159184885 1.469418684274015 1.5
0.5505556886249976 1.586124006684751 1.5
1.644266512297357 0.7938213099702868 1.5
1.637529378180237 0.6298452439596991 1.5
1.503178930966129 0.5136348568360068 1.5
1.682054615534554 0.4247960217528234 1.5
0.5637935454942264 1.396734943998264 1.5
0.3983190082240177 1.281507964267432 1.5
0.7346136022376039 1.517940903236409 1.5
0.7138237087422494 1.706043653932826 1.5
0.9001349138557689 1.633767911500664 1.5
0.8763884451998389 1.823842084978194 1.5
1.058879470607043 1.742459499001671 1.5
1.705670714499498 2.446997656305081 1.5
1.080028654808918 1.552595360531913 1.5
7.938380468860056 8.240274116979807 1.5
7.651914237502913 2.667406074983604 1.5
9.098455929881792 9.562290630341174 1.5
8.90638641335914 9.512193404591763 1.5
8.168451372507047 3.726982376424856 1.5
9.596172146359844 9.376789653707579 1.5
9.543813788599751 9.199545691136521 1.5
9.639130425042939 9.566340150274495 1.5
9.29342608679686 8.341848962545811 1.5
9.584282377005067 8.647170111746734 1.5
9.532342187857711 8.807903805436052 1.5
1.908109541498835 0.2120947108826783 1.5
8.779333999749415 8.154389807632477 1.5
0.2452944773443178 0.3755963670534513 1.5
4.45264697981214 8.010707451964331 1.5
3.526394882424493 7.63005497269879 1.5
5.349382341505749 8.30590468239904 1.5
0.7638378418347279 0.5439111546003034 1.5
9.733734325131701 9.237894110109901 1.5
1.306859478304224 0.613332180341052 1.5
9.0999242391257 8.426945170964677 1.5
9.083966296336829 8.153637922268238 1.5
8.892362245324186 8.52477713018318 1.5
9.300414308580358 9.652840075604901 1.5
1.670558868142031 0.9795054592268431 1.5
9.201587886902605 5.405908090008299 1.5
1.507518819773826 0.314672795895413 1.5
8.378057701122227 8.338425004223268 1.5
7.92632014342378 8.787113191264812 1.5
8.426669801647806 9.045452476028689 1.5
8.529594014981932 9.206154867226655 1.5
8.335198484178704 9.221966980261804 1.5
8.448859048505449 9.382656695383151 1.5
8.250939889930889 9.427380455141094 1.5
8.018496320375915 9.230167979592858 1.5
8.265780537140484 8.661822873298714 1.5
8.075262484587501 9.657203197382351 1.5
8.176554781538831 8.87646997581343 1.5
8.48604158928382 8.570320392669062 1.5
8.638203622688154 9.360280338641559 1.5
8.571460703975641 9.523500241035261 1.5
7.620546012822416 9.149826568573138 1.5
8.351740967269475 9.573166763181453 1.5
9.82795162084129 9.647379315094781 1.5
9.644839857054107 9.793737301435346 1.5
0.1859118547781314 1.329797673299812 1.5
0.2765323570352248 1.141706052297228 1.5
0.3737849645978875 0.9851021185562724 1.5
0.313860746778151 0.8129087551404467 1.5
0.5004568756208976 0.8441944539633265 1.5
1.729081311429842 3.363273687627438 1.5
6.163107178869937 7.641335045361028 1.5
6.541041076735522 5.071499007883998 1.5
3.328437181492849 6.68644913628067 1.5
2.567375544967867 7.3361744242615 1.5
4.082028713725835 6.043889182417372 1.5
4.276545490276206 2.467110906756365 1.5
4.466623004130801 3.431764282509837 1.5
4.973976245642238 1.772795917517544 1.5
5.919306662214876 2.041993946429239 1.5
6.575440569726899 1.284122420543333 1.5
2.03895293031895 4.380900833166082 1.5
1.411282399838287 4.96873958142371 1.5
7.311193948045956 4.414663576097061 1.5
0.5339342330070256 1.782948394706946 1.5
8.494956550668157 0.8034401817842852 1.5
8.246876975661307 1.846871926909324 1.5
3.393731199102596 9.144544038017052 1.5
1.146092305032054 0.1645611309441676 1.5
9.148790229732548 3.440123330005281 1.5
0.7525000350468547 0.1759716902642508 1.5
0.8327761701346919 7.540243366198412 1.5
1.807297643242871 8.148539442388019 1.5
8.848610696504506 9.833389280146974 1.5
8.734908524309121 9.649772016327278 1.5
9.829758045946582 8.848560632509331 1.5
9.634492119064959 8.454222238939339 1.5
4.594091909991701 0.7953638971000714 1.5
8.236258961425547 4.779928054146476 1.5
9.240081544945232 9.835056697113144 1.5
0.8426138094326673 0.3436063793811958 1.5
8.259906429580235 9.052643428873749 1.5
5.482686483106162 9.229726194546506 1.5
8.427253349162983 7.971377097120168 1.5
8.558923316643451 8.202183103019294 1.5
1.853432568495525 0.7151391893812169 1.5
2.376467408230011 1.02616166472168 1.5
1.663630837722793 7.05132285999548 1.5
0.5743449247644237 1.025742638780609 1.5
9.186952659554169 1.489130362864765 1.5
1.478572519760785 9.181331233146832 1.5
9.841778291399002 9.841778291399002 1.5
2.879411199649326 8.294417238862687 1.5
1.653455476951148 0.2198426754123327 1.5
0.368749771944784 1.828524225351265 1.5
1.348503430190522 0.4108068077139758 1.5
8.371320298971414 5.786116548528542 1.5
4.003949078011145 1.522350332883947 1.5
9.676871992425905 8.937276679938019 1.5
9.349492746087043 6.321773073022687 1.5
0.7597251184734872 1.316585441611476 1.5
1.726227837658476 1.75615675585439 1.5
1.668487109423348 1.211258395935479 1.5
1.502191075281651 1.30299504276914 1.5
1.356249841614503 2.091925741592521 1.5
1.077123984146747 1.971370139136526 1.5
1.219892981971215 1.857770805892834 1.5
1.241068194994661 1.661102579041307 1.5
1.3607627771496 1.742869227371679 1.5
1.38287007381781 1.561688021992719 1.5
1.225371967177044 1.458108144745347 1.5
2.05450645440951 1.438085931471865 1.5
1.909947607412834 1.115850966363135 1.5
1.823929573162439 1.340253973443166 1.5
1.664720693368255 1.407224982404726 1.5
1.83136334731345 1.53979752513374 1.5
8.922261192291126 8.327517065231302 1.5
8.753493201426092 8.36709642065297 1.5
0.3595441158891617 0.5181607840879621 1.5
8.714538470875754 9.180311618332308 1.5
8.854615898655696 9.326094112726254 1.5
0.6198598852188262 0.6949213386095915 1.5
8.96313524590899 9.686119873130128 1.5
0.4384276135093129 0.6759342122878442 1.5
1.526065008027771 5.990622035110867 1.5
1.519410394087573 1.676587677686258 1.5
1.051566247355842 0.3206372958662305 1.5
0.2149452646251647 1.967668706977318 1.5
0.143930704772675 0.7572198404846744 1.5
0.80336555526007 2.13132870057543 1.5
0.5060790265328663 1.991140498348734 1.5
0.9782608501227674 2.690468835816143 1.5
0.68671819374841 1.887060666508426 1.5
6.412031766875566 8.622261179312664 1.5
1.193728563470081 0.7547956582898694 1.5
8.932361902253827 8.696306877393964 1.5
8.598639912796646 8.711592786923859 1.5
8.666657519404145 8.539500209676957 1.5
8.588280682835675 8.378015115667987 1.5
1.520488834458959 0.1453476159513805 1.5
9.492472399206537 9.669992135511198 1.5
0.7005840600665496 4.563222970584617 1.5
7.34849750464477 8.711028223896712 1.5
8.344009224568575 8.873807534597724 1.5
3.142909891124935 1.287629735407097 1.5
1.350022974430113 1.189919790090232 1.5
0.7367561342872992 5.537573435381813 1.5
9.683881564597485 8.776293934651363 1.5
9.488422168656685 9.00642127357753 1.5
9.339305643008503 9.163400985691055 1.5
9.339305643008519 8.836599014308927 1.5
1.652045997641368 1.568137829827309 1.5
8.41970894777738 9.855229585550905 1.5
7.259313619108231 1.731540043785192 1.5
8.490109413683722 9.691112012885348 1.5
8.745364031792999 9.487692138539757 1.5
1.074932214553993 1.367078424424076 1.5
0.5656660154187764 1.227411861388128 1.5
3.776592069567607 8.428688199355667 1.5
0.7740625311575295 0.7219158730414859 1.5
7.068183715095515 9.418749893282307 1.5
1.219249416382984 0.3070866819480185 1.5
9.678561900120554 9.1027409078402 1.5
1.483470285480701 1.869261202726393 1.5
9.280472839466601 0.7195271605334046 1.5
0.7195271605334026 9.280472839466603 1.5
0.4312565991690438 2.909468225139202 1.5
2.895971820720265 0.556883966664259 1.5
8.44231670601093 8.7386433838623 1.5
1.334850931908713 4.057378454921561 1.5
0.933338075232888 1.468190631901475 1.5
1.096814257531242 2.291658164448893 1.5
9.145453801628639 9.716445151564237 1.5
1.518507715779084 1.460922208057431 1.5
0.437729454008066 1.132294127057934 1.5
8.474993963676519 2.82104458481364 1.5
9.887846516630404 9.242456348466556 1.5
0.2896502827910513 0.6622446461120868 1.5
6.561454427874529 0.5553355733575098 1.5
8.674722934155277 8.268319526606952 1.5
1.976132192317178 1.744888225329449 1.5
1.756330677516478 1.99919084092829 1.5
0.1800271989453284 0.1776690181056073 1.5
1.359141813924363 1.360926783318713 1.5
0.1179949273568983 1.149244763627516 1.5
2 4 0 70
879
880
881
882
883
884
885
886
887
888
889
890
891
892
893
894
895
896
897
898
899
900
901
902
903
904
905
906
907
908
909
910
911
912
913
914
915
916
917
918
919
920
921
922
923
924
925
926
927
928
929
930
931
932
933
934
935
936
937
938
939
940
941
942
943
944
945
946
947
948
8.842600522945261 10 0.1708075217974655
9.243261724237202 10 1.319847476988746
8.649019576629193 10 1.325824347867647
8.338863457142811 10 0.2244631944781161
9.262493040315935 10 0.1652282791819753
7.933481345888765 10 1.184745964883892
7.092289154563139 10 1.059984037667107
7.932856454600254 10 0.3584424209213632
8.469840549152865 10 1.290648578338229
8.551518193795207 10 1.145463460878172
8.747706858479763 10 1.148494337227501
8.645999119005056 10 0.9754353209963766
8.845494066165566 10 0.9721272829918518
8.742766794398586 10 0.7999919781864465
8.942676148155901 10 0.796608308175613
8.542853292291188 10 0.8043302716484632
8.641282497366518 10 0.6158881294620827
8.478083407062647 10 0.614664759589603
9.045502231364079 10 0.9684656107613385
9.14266276677543 10 0.7944226730214421
9.04066270414728 10 0.6299371595726603
9.239947944133407 10 0.6210873134529875
9.616830273729743 10 0.1705856376273255
9.245497139956045 10 0.9661448201547232
9.651400321960207 10 1.320337654447156
8.533660085524231 10 0.4005760399367986
8.769712555603112 10 0.4365174531140806
9.136980072981249 10 0.4485297073825721
9.346798626597909 10 0.4508719144925948
8.326642539897797 10 0.4610271992405058
9.14512165187578 10 1.140713592510947
9.344545952008502 10 1.142002954449661
9.045540531260446 10 1.321825601978041
9.444843532673534 10 0.96377026617729
9.441448534284339 10 0.6178906548282045
9.53692609182092 10 0.4419583865386476
9.43409412142779 10 0.2704195108665228
9.50516993092875 10 1.142690408500405
8.839755845183857 10 0.6195653712756433
9.342643985364665 10 0.7916073702701014
9.502828637740681 10 0.7893251491787365
9.648148054568018 10 0.6452953107976296
9.645449172367206 10 0.9598601016687143
8.486727583430902 10 0.9771849869441187
8.293019101092057 10 0.7932989209069186
9.436828341692513 10 1.320813082397661
5.403263120761135 10 0.7452226663357786
9.047608332883268 10 0.1619309744847021
8.946849870509457 10 0.3434470348103703
6.410514576583518 10 0.7543566510687665
8.330401239060672 10 1.119167931584085
8.945940046256883 10 1.147090422041692
8.847554712940815 10 1.323872451519147
8.683379498957802 10 0.2727582849685599
2.457230950003772 10 0.75
1.50359131940707 10 0.7436935488359138
3.44012333000528 10 0.75
4.423015710006788 10 0.75
8.266139357191294 10 1.321240584394026
8.552315623328534 10 0.2021896702350156
7.250426859725562 10 0.559588179090188
0.7371692850011315 10 0.6970258102216771
8.942089348125426 10 0.5004283133684112
9.140351617976638 10 0.2885391933518727
9.43829606051021 10 0.1173798326150233
8.67645199164992 10 0.1291510954002082
9.264143495859903 10 0.3247177210551076
9.587521594543354 10 0.2989252769009927
9.732553492477443 10 0.3295378016949421
8.810635612003907 10 0.3058825736726191
2 5 0 297
949
950
951
952
953
954
955
956
957
958
959
960
961
962
963
964
965
966
967
968
969
970
971
972
973
974
975
976
977
978
979
980
981
982
983
984
985
986
987
988
989
990
991
992
993
994
995
996
997
998
999
1000
1001
1002
1003
1004
1005
1006
1007
1008
1009
1010
1011
1012
1013
1014
1015
1016
1017
1018
1019
1020
1021
1022
1023
1024
1025
1026
1027
1028
1029
1030
1031
1032
1033
1034
1035
1036
1037
1038
1039
1040
1041
1042
1043
1044
1045
1046
1047
1048
1049
1050
1051
1052
1053
1054
1055
1056
1057
1058
1059
1060
1061
1062
1063
1064
1065
1066
1067
1068
1069
1070
1071
1072
1073
1074
1075
1076
1077
1078
1079
1080
1081
1082
1083
1084
1085
1086
1087
1088
1089
1090
1091
1092
1093
1094
1095
1096
1097
1098
1099
1100
1101
1102
1103
1104
1105
1106
1107
1108
1109
1110
1111
1112
1113
1114
1115
1116
1117
1118
1119
1120
1121
1122
1123
1124
1125
1126
1127
1128
1129
1130
1131
1132
1133
1134
1135
1136
1137
1138
1139
1140
1141
1142
1143
1144
1145
1146
1147
1148
1149
1150
1151
1152
1153
1154
1155
1156
1157
1158
1159
1160
1161
1162
1163
1164
1165
1166
1167
1168
1169
1170
1171
1172
1173
1174
1175
1176
1177
1178
1179
1180
1181
1182
1183
1184
1185
1186
1187
1188
1189
1190
1191
1192
1193
1194
1195
1196
1197
1198
1199
1200
1201
1202
1203
1204
1205
1206
1207
1208
1209
1210
1211
1212
1213
1214
1215
1216
1217
1218
1219
1220
1221
1222
1223
1224
1225
1226
1227
1228
1229
1230
1231
1232
1233
1234
1235
1236
1237
1238
1239
1240
1241
1242
1243
1244
1245
1.213981080154962 1.275117717665712 0
6.305246810269957 9.461169909297736 0
3.672165013149624 0.6398843699731607 0
0.7497466970335229 3.542824746837626 0
9.420200129147064 7.140983037718536 0
9.148790229732546 4.423015710006789 0
7.661671209200855 9.607802962058198 0
1.34352803615919 1.008896394272915 0
0.782605337791189 6.548887445185274 0
0.4208898729996441 2.33312175455062 0
9.554085497887124 8.01790790027181 0
5.698725953329177 0.9246505783733368 0
4.473970936806505 9.024655174017022 0
2.317708238534732 0.3876280298836161 0
8.702233834754976 8.856603372478347 0
8.611466410256948 9.025599046164007 0
1.338214097237028 0.8165332863193602 0
9.212465031060026 9.264836911254697 0
7.427110325039092 0.8613410057188682 0
0.1865170533849946 1.558742642593858 0
0.9364328966568589 1.298884129392361 0
0.6912867003239032 0.8546798567451388 0
8.649717668717523 9.82788793760766 0
9.796153219752162 8.640558443626688 0
9.212465031060013 8.735163088745317 0
0.9200261887819372 0.672433311746001 0
9.308754025575878 8.99748183069193 0
8.776680089840113 8.688817424877634 0
0.7022338347549744 1.143396627521653 0
2.457230950003772 9.148790229732546 0
9.820297322221482 9.429985228205499 0
0.555083062230241 0.1786566398106851 0
9.056517241390591 9.38614046161258 0
1.352277236587226 0.1922226084491573 0
9.43829606051021 9.829758045946509 0
0.1622344572709296 0.5674731680591565 0
0.1644625442062784 0.9674521498327882 0
9.158937002978778 2.423839215745134 0
0.9496743904002118 0.1681496588219363 0
9.832321065197691 9.067409256699706 0
9.04499610977075 9.842628755809343 0
1.098871281437408 0.6258751550488105 0
9.072960949685321 8.619291710838967 0
0.3588532480622137 0.205441186123813 0
9.247606568291989 9.449977280695967 0
9.394783669644799 9.325215861610715 0
1.506479222292986 0.9136673573415121 0
1.501993409970051 0.7107538515582008 0
1.504742549427135 1.112756190911609 0
0.4440698168450907 0.3571458738335248 0
0.6510641172378259 0.3654174635716875 0
0.5450644268034672 0.5246162818426259 0
0.833185671242282 8.521496552020309 0
9.439681344844987 9.50728510429483 0
8.833761203634827 7.658809465619845 0
8.58389592353028 6.771913242349914 0
7.924828772667455 7.435009584921028 0
7.662560465987603 6.408061487665809 0
8.517112266265103 8.87567333182214 0
6.922720359758051 7.051950513146828 0
6.727139697005988 6.060579505860861 0
5.970516685113687 6.709957360854884 0
5.783297098229623 5.725400734496528 0
5.025243220579537 6.37680730404745 0
4.839200963886006 5.393759152559362 0
5.597122352537846 4.741124372896955 0
4.653295500621037 4.410813675498753 0
3.895255696697261 5.063030209852526 0
3.709435372891571 4.080385456170758 0
5.411321745167889 3.758549502333127 0
6.355196912968184 4.088935067494327 0
2.951390064856478 4.732582232237423 0
3.137193811342943 5.715168362765985 0
6.169367315003375 3.106337655402927 0
2.765582970550302 3.749984480502828 0
3.523624033868546 3.097772698671236 0
2.591114581598906 2.765247654087648 0
7.113233779335617 3.436733249073618 0
7.46593403151248 5.410299399523334 0
5.22551588195945 2.775953455628907 0
5.211080690032294 7.359294520373057 0
4.266841408356392 7.028120928998378 0
2.200178112924116 5.365248803645846 0
2.394208615888037 6.349873711600038 0
6.888377907360201 2.433830735785449 0
8.286565227824502 9.765558154499326 0
9.797211884822579 8.370253388461785 0
9.249758576517367 8.55071750856532 0
9.395142337682351 8.674899936599537 0
9.438070441040537 8.487871418751725 0
0.9704447849713462 0.4883145283379575 0
1.164837693082306 0.4570052247616532 0
7.12699682252794 7.91252996188269 0
3.337530742202682 2.157469912007624 0
2.381559906601218 1.867356662884205 0
0.2232028688874349 1.740179896409213 0
0.3736227661589659 1.665808042735367 0
0.3776079159184886 1.469418684274015 0
0.5505556886249972 1.586124006684751 0
1.644266512297357 0.7938213099702868 0
1.637529378180237 0.6298452439596991 0
1.503178930966129 0.513634856836007 0
1.682054615534554 0.4247960217528234 0
0.5637935454942267 1.396734943998265 0
0.3983190082240179 1.281507964267432 0
0.7346136022376033 1.51794090323641 0
0.7138237087422487 1.706043653932826 0
0.9001349138557679 1.633767911500665 0
0.8763884451998375 1.823842084978196 0
1.058879470607042 1.742459499001673 0
1.70567071449947 2.446997656305109 0
1.080028654808919 1.552595360531912 0
7.938380468859973 8.240274116979872 0
7.651914237502894 2.667406074983607 0
9.098455929881748 9.562290630341183 0
8.906386413359115 9.512193404591752 0
8.168451372507038 3.726982376424862 0
9.596172146359798 9.376789653707677 0
9.543813788599724 9.199545691136537 0
9.6391304250429 9.566340150274568 0
9.293426086796847 8.341848962545802 0
9.584282377005088 8.647170111746728 0
9.53234218785772 8.807903805436027 0
1.908109541498835 0.2120947108826783 0
8.779333999749342 8.154389807632466 0
0.2452944773443179 0.3755963670534513 0
4.452646979812152 8.010707451964356 0
3.526394882424499 7.630054972698816 0
5.349382341505756 8.305904682399053 0
0.763837841834728 0.5439111546003034 0
9.733734325131628 9.237894110109917 0
1.306859478304224 0.6133321803410521 0
9.099924239125695 8.426945170964663 0
9.083966296336806 8.153637922268228 0
8.89236224532417 8.524777130183155 0
1.670558868142031 0.9795054592268431 0
9.300414308580313 9.652840075604932 0
9.201587886902605 5.405908090008299 0
1.507518819773826 0.314672795895413 0
8.37805770112214 8.338425004223248 0
7.926320143423718 8.787113191264901 0
8.426669801647799 9.045452476028688 0
8.52959401498191 9.206154867226658 0
8.33519848417869 9.221966980261794 0
8.448859048505412 9.382656695383142 0
8.250939889930869 9.42738045514108 0
8.018496320375903 9.230167979592899 0
8.265780537140392 8.661822873298792 0
8.075262484587494 9.657203197382358 0
8.176554781538735 8.876469975813535 0
8.486041589283747 8.570320392669059 0
8.638203622688136 9.360280338641561 0
8.571460703975623 9.52350024103526 0
7.62054601282238 9.149826568573209 0
8.351740967269464 9.573166763181451 0
9.827951620841315 9.647379315094845 0
9.644839857054096 9.793737301435385 0
0.1859118547781315 1.329797673299812 0
0.2765323570352249 1.141706052297228 0
0.3737849645978875 0.9851021185562723 0
0.3138607467781511 0.8129087551404466 0
0.5004568756208976 0.8441944539633265 0
1.72908131142983 3.363273687627465 0
6.163107178869934 7.641335045361044 0
6.541041076735518 5.07149900788401 0
3.328437181492846 6.686449136280702 0
2.56737554496787 7.336174424261518 0
4.08202871372583 6.043889182417399 0
4.276545490276181 2.467110906756388 0
4.46662300413078 3.431764282509862 0
4.973976245642218 1.772795917517557 0
5.919306662214855 2.041993946429253 0
6.575440569726895 1.284122420543356 0
2.038952930318938 4.380900833166117 0
1.411282399838286 4.96873958142374 0
7.311193948045947 4.41466357609707 0
0.5339342330070254 1.782948394706944 0
0.7525000350468547 0.1759716902642508 0
8.494956550668157 0.8034401817842867 0
8.2468769756613 1.846871926909328 0
3.393731199102602 9.14454403801706 0
1.146092305032054 0.1645611309441677 0
9.148790229732548 3.440123330005281 0
0.8327761701346926 7.540243366198414 0
1.807297643242875 8.148539442388024 0
8.848610696504496 9.833389280146971 0
8.734908524309102 9.649772016327271 0
9.829758045946582 8.848560632509331 0
9.634492119064957 8.454222238939368 0
4.594091909991701 0.7953638971000714 0
8.236258961425545 4.779928054146483 0
9.240081544945232 9.835056697113163 0
0.8426138094326674 0.3436063793811959 0
8.259906429580205 9.05264342887377 0
5.482686483106164 9.229726194546515 0
8.427253349162861 7.971377097120124 0
8.558923316643352 8.202183103019243 0
1.853432568495525 0.7151391893812169 0
2.376467408230007 1.02616166472169 0
1.663630837722797 7.051322859995482 0
0.5743449247644238 1.025742638780609 0
9.186952659554169 1.489130362864765 0
1.478572519760785 9.181331233146832 0
9.841778291399116 9.841778291399116 0
2.879411199649335 8.294417238862701 0
1.653455476951148 0.2198426754123327 0
0.3687497719447843 1.828524225351264 0
1.348503430190522 0.4108068077139763 0
8.371320298971414 5.786116548528549 0
4.003949078011135 1.52235033288396 0
9.676871992425905 8.937276679938009 0
9.349492746087043 6.321773073022687 0
0.759725118473487 1.316585441611477 0
1.72622783765846 1.756156755854447 0
1.668487109423348 1.211258395935479 0
1.502191075281651 1.30299504276914 0
1.356249841614483 2.091925741592537 0
1.077123984146733 1.97137013913653 0
1.219892981971212 1.857770805892839 0
1.241068194994663 1.661102579041309 0
1.360762777149603 1.742869227371689 0
1.382870073817813 1.561688021992721 0
1.225371967177046 1.458108144745346 0
2.054506454409502 1.438085931471883 0
1.909947607412832 1.11585096636314 0
1.823929573162437 1.34025397344317 0
1.664720693368255 1.407224982404726 0
1.831363347313443 1.539797525133757 0
8.922261192291103 8.327517065231286 0
8.753493201426046 8.367096420652922 0
0.359544115889162 0.5181607840879622 0
8.714538470875748 9.180311618332308 0
8.85461589865568 9.326094112726253 0
0.6198598852188264 0.6949213386095915 0
8.96313524590898 9.686119873130124 0
0.4384276135093133 0.6759342122878442 0
1.52606500802777 5.990622035110889 0
1.519410394087572 1.676587677686274 0
1.051566247355842 0.3206372958662305 0
0.2149452646251655 1.967668706977318 0
0.1439307047726749 0.7572198404846743 0
0.8033655552600603 2.131328700575429 0
0.5060790265328645 1.991140498348733 0
0.9782608501227565 2.690468835816149 0
0.6867181937484074 1.887060666508425 0
6.412031766875556 8.622261179312696 0
1.193728563470081 0.7547956582898694 0
8.932361902253824 8.696306877393956 0
8.598639912796598 8.711592786923852 0
8.666657519403994 8.539500209676858 0
8.588280682835576 8.378015115667957 0
1.520488834458959 0.1453476159513805 0
9.492472399206502 9.669992135511245 0
0.7005840600665509 4.563222970584636 0
7.348497504644735 8.711028223896761 0
8.344009224568524 8.873807534597765 0
3.142909891124932 1.287629735407112 0
1.350022974430114 1.18991979009023 0
0.736756134287299 5.537573435381827 0
9.683881564597492 8.776293934651354 0
9.488422168656683 9.006421273577528 0
9.339305643008595 9.163400985691085 0
9.339305643008489 8.836599014308929 0
1.652045997641364 1.568137829827327 0
8.419708947777385 9.855229585550907 0
7.259313619108228 1.731540043785207 0
8.490109413683726 9.691112012885354 0
8.745364031792956 9.487692138539749 0
1.074932214553993 1.367078424424076 0
0.5656660154187767 1.227411861388128 0
3.776592069567622 8.428688199355683 0
0.7740625311575298 0.7219158730414857 0
7.068183715095507 9.418749893282325 0
1.219249416382984 0.3070866819480186 0
9.678561900120485 9.102740907840197 0
1.483470285480688 1.86926120272642 0
9.280472839466601 0.7195271605334046 0
0.7195271605334026 9.280472839466603 0
0.4312565991690425 2.909468225139204 0
2.895971820720264 0.5568839666642631 0
8.442316706010873 8.738643383862321 0
1.334850931908715 4.057378454921595 0
0.9333380752328874 1.468190631901475 0
1.096814257531191 2.291658164448887 0
9.145453801628658 9.716445151564239 0
1.518507715779085 1.460922208057432 0
0.4377294540080661 1.132294127057934 0
8.474993963676512 2.821044584813643 0
9.887846516630344 9.242456348466558 0
0.2896502827910519 0.6622446461120866 0
6.561454427874529 0.5553355733575239 0
8.674722934155181 8.268319526606939 0
1.976132192317158 1.744888225329491 0
1.756330677516452 1.999190840928329 0
0.1800271989453284 0.1776690181056073 0
1.359141813924366 1.360926783318709 0
0.1179949273568983 1.149244763627516 0
2 6 0 67
1246
1247
1248
1249
1250
1251
1252
1253
1254
1255
1256
1257
1258
1259
1260
1261
1262
1263
1264
1265
1266
1267
1268
1269
1270
1271
1272
1273
1274
1275
1276
1277
1278
1279
1280
1281
1282
1283
1284
1285
1286
1287
1288
1289
1290
1291
1292
1293
1294
1295
1296
1297
1298
1299
1300
1301
1302
1303
1304
1305
1306
1307
1308
1309
1310
1311
1312
10 9.040551290295065 1.339362849857408
10 8.649862498246728 0.176213123628967
10 9.244149314744702 0.1768154814648413
10 8.280625073993948 1.240105677374029
10 9.403932773963813 1.351798907233921
10 7.933481474297594 0.3157501354667899
10 7.239202955981785 0.940179632969239
10 8.676491988949294 1.343938546915151
10 7.927990619092375 1.089542336025042
10 8.470009133476365 0.2097589159610956
10 8.551686778118711 0.3549440334211523
10 8.748455162777027 0.3521275228433073
10 8.646151933775187 0.5247362380653091
10 8.845664611907321 0.5271674565634619
10 8.742838713406082 0.6987396749659223
10 8.94269793143123 0.7018212327756825
10 8.542749255045388 0.6952689616852761
10 8.839888242919882 0.8733958219341116
10 9.039844814451097 0.8766501517509862
10 9.142671503426358 0.7051088811305564
10 9.239815183646353 0.8799290047550566
10 8.947416559363909 0.3528763594783484
10 8.937155206869182 1.039708113062832
10 8.732903919730365 1.044623332418995
10 9.651399031203903 0.179659100227278
10 9.342644159894501 0.7083874817175869
10 9.439787711661095 0.8832104656371771
10 9.245504556153659 0.5335708722065239
10 9.445473595436766 0.536846591610028
10 9.337108069486403 1.045621402437785
10 9.508811008543445 1.062172273596611
10 9.345237022198329 0.3573021738317593
10 9.505433395136043 0.3572912423513045
10 8.844693975497847 1.212092783249747
10 9.502622552079387 0.7110133702194688
10 9.645446651206932 0.5401294118466592
10 9.639760642197649 0.8864929002858923
10 9.137173848562831 1.040051135277959
10 9.23292509441429 1.214918162537786
10 8.633733648080657 0.879248040435247
10 8.465708865092516 0.8782935559037155
10 8.50409357622922 1.096647535007774
10 8.304939182782336 1.020759132857213
10 9.045389337385211 0.5298832850577877
10 9.145472649725903 0.3530072972431464
10 8.486771943732112 0.5228501774086541
10 8.287447203502161 0.6956810651751751
10 9.651628866538278 1.248046136849977
10 8.850464764770269 0.1796149958080782
10 9.437135147383898 0.1785113329791972
10 5.403263120761135 0.7452226663357786
10 6.431502262500468 0.7347910451268566
10 8.329536199021861 0.379219774979946
10 9.0459661150056 0.1743504287382735
10 4.423015710006788 0.7499999999999997
10 2.457230950003772 0.75
10 1.50359131940707 0.7436935488359138
10 3.44012333000528 0.75
10 8.266068303384507 0.1786870994033178
10 7.14752126389951 0.3981441627125771
10 0.7371692850011317 0.6970258102216769
10 8.464719588745711 1.308145435121659
10 8.851771703952164 1.379078836004461
10 9.038499883127844 1.169226608797146
10 9.232168865538599 1.381215983925823
10 8.643416311015454 1.184970991795075
10 9.426881162589245 1.184511376531216
2 7 0 48
1313
1314
1315
1316
1317
1318
1319
1320
1321
1322
1323
1324
1325
1326
1327
1328
1329
1330
1331
1332
1333
1334
1335
1336
1337
1338
1339
1340
1341
1342
1343
1344
1345
1346
1347
1348
1349
1350
1351
1352
1353
1354
1355
1356
1357
1358
1359
1360
0.8659179687497883 1.148398143168361 0.65625
0.8659179687500025 1.148398143168554 1.03125
0.8655990379798436 0.8518906437524743 1.028453429256118
0.8652453408607881 0.8522123758893364 0.468668703261522
1.130141796498997 1.15186544308701 0.1451447782523001
1.199977894296976 1.002973515183648 1.331003167990661
1.116874041759914 0.8377025620574929 0.1644713070774149
0.9615605126662236 0.8037287443013714 1.32882817192857
0.955495813208737 1.194985582436365 1.351008975829086
0.8717691876933691 1.153482438002468 0.3093077303012164
0.8667971292658511 0.8508122148827807 0.8412780221267653
1.029343129338496 0.8021642581315896 0.936325899682168
1.024050198177159 0.8014512957291351 0.7512716360634997
1.172906755845479 0.8994850569169339 0.8354683848693369
1.169919692476131 0.894513990933314 0.638409732096644
1.172299574403362 0.898447763882717 1.025114226929912
1.185778687258929 1.074069422573346 0.9297970737634893
1.184053019941558 1.078259094362204 1.13082870329356
1.027502760871437 0.8019000299231508 1.136688840007282
1.187403469056116 1.069856565802603 0.7308224698224004
1.189089922878472 1.065153672696277 0.5312658954061042
1.16972493387092 0.8942009129410278 0.4504458691268827
1.057454863994413 1.191569670364031 0.8177979737074317
1.190565578143774 1.060702227526915 0.3306750504900622
1.062640218343089 1.189937366112964 0.4407960573355183
1.055286069147932 1.192206791134367 1.007521877047054
1.065221450621731 1.189066555421093 0.6282857584347692
0.8655172018549151 0.8519649467083275 0.6554090950011506
0.8636655037845833 0.8536685093983919 0.2883055468130866
0.8659179687499066 1.148398143168468 0.84375
0.8728993743320035 1.154419658576244 0.4917408009358768
0.9569780301746647 1.195317971810963 0.1448839535499422
0.9605536725057451 0.8039286169600062 0.1842949294749987
0.8616526467677109 0.8555700520888405 1.209469635530036
0.8616526467677379 1.144429947911185 1.209469635530041
1.052708382445446 1.19292958928061 1.185270600800489
1.128459179429036 1.153291354030222 1.31524475922052
1.023083942111507 0.8013366374577522 0.5579945487598872
1.027521300627662 0.8019026047325158 0.3699567156539221
1.16742388623108 0.8905959675364638 1.200645057888671
1.123352057654173 0.8425697936465761 1.352705312896949
1.199959238528893 0.9959623116830095 0.1613686279812647
1.040584153272238 1.195839032123771 0.272180437878764
1.175598948323098 0.9042659446809967 0.3001303767200758
0.840430509265101 0.8794281225716172 1.368281617704135
0.8387962862154115 1.118378049747647 1.369421523068123
0.8464610992337605 1.128163200457444 0.1454884613855887
0.8416295875421504 0.8778574093203743 0.1384298621104207
2 8 0 48
1361
1362
1363
1364
1365
1366
1367
1368
1369
1370
1371
1372
1373
1374
1375
1376
1377
1378
1379
1380
1381
1382
1383
1384
1385
1386
1387
1388
1389
1390
1391
1392
1393
1394
1395
1396
1397
1398
1399
1400
1401
1402
1403
1404
1405
1406
1407
1408
8.865917968749942 8.8516018568315 0.65625
8.865599037976446 8.851890643755556 1.028453429253857
8.865917968750002 9.148398143168555 0.46875
8.88149590580621 9.161111078636168 1.029025127718811
9.121142817889526 8.840863525005155 0.1572778582162426
9.19998978141288 9.002021714724892 1.333413010397933
9.124697960371748 9.156366296493605 0.148991024170904
8.961593072396562 8.803722370321871 1.32921831423687
8.955495813208737 9.194985582436365 1.351008975829086
8.865917968750558 8.851601856830944 0.28125
8.865917968741538 8.851601856839093 0.84375
9.032041993844834 8.802583408421562 0.9374999999905693
9.027502760878775 8.80190002992417 1.136688839996518
9.171513016548731 8.89712490508216 1.031224696183425
9.174743044658749 8.902712445074458 0.8372220002402804
9.185746912604825 9.074149069163244 0.9428063821075314
9.184053019946946 9.078259094349534 0.744171296682155
9.048926746828394 9.193923112198599 0.8468918032153585
9.051891795521279 9.193150825930354 0.6475626694111165
9.18246889947722 9.081884679419121 0.544134580374223
9.187270085043007 9.070213355196751 1.144071504705507
9.063257222366644 9.189732769490293 1.034073224340036
9.177133824009328 8.90713661436372 0.640247353692164
9.178771254685845 8.910329277364076 0.4545497521122144
9.180947934267671 9.085192987295097 0.3442440847490715
9.05121772602028 9.193330661151592 0.4510678723085704
8.932268073659625 9.188181790177005 0.2871887218031617
9.036444343790953 8.80334850672917 0.7411212913011456
9.040797077693849 8.804205213420678 0.5419648945196593
8.865917968741538 8.851601856839093 0.46875
8.865448320190019 9.147972448314922 0.8447540597858731
8.865917968756495 9.14839814317442 0.65625
8.962059379407792 8.803631699836561 0.1590626483952056
9.043133989579946 8.804706736053399 0.3401993076879881
8.861652646767711 8.855570052088842 1.209469635530035
8.861652646767739 9.144429947911187 1.209469635530041
9.165870465365677 8.88825480449087 1.2015740781635
9.12652413920399 9.15489235681172 1.339865087442434
9.199999999999999 9 0.1489910241709049
9.123269332663224 8.842505010794744 1.354963513072095
8.960135055816659 9.195986699102921 0.1447744183689128
9.036160396675818 9.196703903652793 1.196790029478532
9.180029179195008 8.912882294346259 0.2946876769404128
8.840430509265101 8.879428122571618 1.368281617704136
8.838796286215413 9.118378049747648 1.369421523068123
8.84460032663177 8.874099477693509 0.137390724073148
8.85168743246405 9.134176683186366 0.1075263800337556
9.077296396211185 9.184459391554791 0.2911669190368809
2 9 0 1
1409
1 0.9999999999999998 1.5
2 10 0 1
1410
0.9999999999999998 1 0
2 11 0 1
1411
9 8.999999999999998 1.5
2 12 0 1
1412
9 8.999999999999998 0
2 13 0 25
1413
1414
1415
1416
1417
1418
1419
1420
1421
1422
1423
1424
1425
1426
1427
1428
1429
1430
1431
1432
1433
1434
1435
1436
1437
0 0.7728969721224995 1.804137280030303
0 1.151439367490695 1.670241954053491
0 1.342103938797832 1.818014901857817
0 1.913276181601122 1.75
0 0.2524032880223496 1.75
0 0.4809884932816126 1.7497482844072
0 9.508553809999245 1.75
0 4.594091909991702 1.75
0 5.576984289993211 1.75
0 6.55987666999472 1.75
0 8.525661429997736 1.75
0 7.542769049996227 1.75
0 1.494313740843994 1.690570669923235
0 3.672165013149624 1.75
0 0.9728194827006578 1.829403535606776
0 1.336778546822903 1.635765505166909
0 1.153848304794115 1.863532078303617
0 0.7712175243613654 1.618638019906455
0 0.9483067552239783 1.651143400256665
0 2.933290186641147 1.75
0 1.509976276914807 1.858163989433515
0 1.640667462868564 1.75974693187135
0 2.378718897049324 1.75
0 0.6097452454560135 1.8543545264175
0 0.6117649272137513 1.638822073387164
2 14 0 25
1438
1439
1440
1441
1442
1443
1444
1445
1446
1447
1448
1449
1450
1451
1452
1453
1454
1455
1456
1457
1458
1459
1460
1461
1462
1.151439367490695 0 1.670241954053491
0.7728969721224994 0 1.690145231987215
0.9559260924111226 0 1.822604264481519
1.342103938797831 0 1.818014901857817
1.913276181601122 0 1.75
0.2524032880223496 0 1.75
0.4809884932816125 0 1.7502517155928
9.508553809999245 0 1.75
4.594091909991702 0 1.75
5.576984289993211 0 1.75
6.55987666999472 0 1.75
8.525661429997736 0 1.75
7.542769049996228 0 1.75
1.494313740843994 0 1.690570669923235
3.672165013149624 0 1.75
1.336778546822903 0 1.635765505166909
1.150469626736208 0 1.862172224078565
0.9579968430010205 0 1.636598290104445
0.7714305645455112 0 1.874785484616314
2.933290186641147 0 1.75
1.509976276914807 0 1.858163989433515
1.640667462868564 0 1.75974693187135
2.378718897049324 0 1.75
0.6139448481926848 0 1.640080651351164
0.6117649272137512 0 1.861177926612836
2 15 0 297
1463
1464
1465
1466
1467
1468
1469
1470
1471
1472
1473
1474
1475
1476
1477
1478
1479
1480
1481
1482
1483
1484
1485
1486
1487
1488
1489
1490
1491
1492
1493
1494
1495
1496
1497
1498
1499
1500
1501
1502
1503
1504
1505
1506
1507
1508
1509
1510
1511
1512
1513
1514
1515
1516
1517
1518
1519
1520
1521
1522
1523
1524
1525
1526
1527
1528
1529
1530
1531
1532
1533
1534
1535
1536
1537
1538
1539
1540
1541
1542
1543
1544
1545
1546
1547
1548
1549
1550
1551
1552
1553
1554
1555
1556
1557
1558
1559
1560
1561
1562
1563
1564
1565
1566
1567
1568
1569
1570
1571
1572
1573
1574
1575
1576
1577
1578
1579
1580
1581
1582
1583
1584
1585
1586
1587
1588
1589
1590
1591
1592
1593
1594
1595
1596
1597
1598
1599
1600
1601
1602
1603
1604
1605
1606
1607
1608
1609
1610
1611
1612
1613
1614
1615
1616
1617
1618
1619
1620
1621
1622
1623
1624
1625
1626
1627
1628
1629
1630
1631
1632
1633
1634
1635
1636
1637
1638
1639
1640
1641
1642
1643
1644
1645
1646
1647
1648
1649
1650
1651
1652
1653
1654
1655
1656
1657
1658
1659
1660
1661
1662
1663
1664
1665
1666
1667
1668
1669
1670
1671
1672
1673
1674
1675
1676
1677
1678
1679
1680
1681
1682
1683
1684
1685
1686
1687
1688
1689
1690
1691
1692
1693
1694
1695
1696
1697
1698
1699
1700
1701
1702
1703
1704
1705
1706
1707
1708
1709
1710
1711
1712
1713
1714
1715
1716
1717
1718
1719
1720
1721
1722
1723
1724
1725
1726
1727
1728
1729
1730
1731
1732
1733
1734
1735
1736
1737
1738
1739
1740
1741
1742
1743
1744
1745
1746
1747
1748
1749
1750
1751
1752
1753
1754
1755
1756
1757
1758
1759
1.213981080154959 1.275117717665716 2
6.305246810269956 9.461169909297732 2
3.672165013149624 0.6398843699731607 2
0.7497466970335239 3.54282474683761 2
9.420200129147062 7.140983037718536 2
9.148790229732546 4.423015710006789 2
7.661671209200851 9.607802962058186 2
1.34352803615919 1.008896394272915 2
0.7826053377911861 6.548887445185263 2
0.4208898729996446 2.33312175455062 2
9.554085497887133 8.017907900271803 2
5.698725953329189 0.924650578373326 2
4.473970936806497 9.02465517401701 2
2.317708238534732 0.3876280298836162 2
8.702233834754978 8.856603372478345 2
8.611466410256956 9.025599046164 2
1.338214097237027 0.8165332863193601 2
9.21246503106002 9.264836911254672 2
7.427110325039092 0.8613410057188595 2
0.1865170533849946 1.558742642593858 2
0.9364328966568591 1.298884129392361 2
0.6912867003239032 0.8546798567451389 2
8.649717668717521 9.827887937607658 2
9.796153219752155 8.640558443626686 2
9.212465031060017 8.735163088745319 2
0.9200261887819372 0.6724333117460011 2
9.308754025575864 8.997481830691948 2
8.776680089840122 8.688817424877634 2
0.7022338347549744 1.143396627521653 2
2.457230950003772 9.148790229732546 2
9.82029732222151 9.429985228205469 2
0.555083062230241 0.1786566398106851 2
9.056517241390607 9.386140461612577 2
1.352277236587226 0.1922226084491572 2
9.43829606051021 9.829758045946509 2
0.1622344572709294 0.5674731680591566 2
0.1644625442062783 0.9674521498327879 2
9.158937002978782 2.423839215745134 2
0.9496743904002117 0.1681496588219362 2
9.83232106519773 9.067409256699706 2
9.044996109770757 9.842628755809343 2
1.098871281437408 0.6258751550488106 2
9.07296094968531 8.619291710838969 2
0.3588532480622137 0.205441186123813 2
9.247606568292035 9.449977280695922 2
9.394783669644795 9.325215861610623 2
1.506479222292986 0.9136673573415121 2
1.501993409970051 0.7107538515582008 2
1.504742549427135 1.112756190911609 2
0.4440698168450907 0.3571458738335248 2
0.6510641172378258 0.3654174635716876 2
0.545064426803467 0.5246162818426259 2
0.833185671242282 8.521496552020309 2
9.43968134484507 9.507285104294732 2
8.833761203634865 7.658809465619849 2
8.583895923530285 6.77191324234991 2
7.924828772667482 7.435009584921032 2
7.662560465987609 6.408061487665803 2
8.517112266265123 8.875673331822137 2
6.922720359758056 7.051950513146818 2
6.727139697005992 6.060579505860848 2
5.970516685113688 6.709957360854869 2
5.783297098229629 5.72540073449651 2
5.025243220579538 6.376807304047425 2
4.839200963886015 5.393759152559337 2
5.59712235253786 4.741124372896938 2
4.653295497814725 4.410813675971744 2
3.895255696229551 5.06303020993133 2
3.709435369539587 4.080385456735717 2
5.411321741893861 3.758549502884962 2
6.355196912422526 4.088935067586289 2
2.951390064219872 4.732582232344688 2
3.137193811158895 5.71516836279697 2
6.169367314366783 3.10633765551022 2
2.765582969885552 3.749984480614837 2
3.523624033868573 3.0977726986712 2
2.591114581488141 2.76524765410628 2
7.113233779138593 3.436733249106826 2
7.465934031512482 5.410299399523323 2
5.225515878501375 2.775953456211763 2
5.211080690032288 7.359294520373036 2
4.266841408356387 7.028120928998351 2
2.200178112787345 5.36524880366886 2
2.394208615834567 6.349873711609019 2
6.888377907309597 2.433830735793978 2
8.286565227824502 9.765558154499328 2
9.79721188482258 8.370253388461766 2
9.249758576517372 8.550717508565329 2
9.395142337682346 8.674899936599573 2
9.438070441040564 8.487871418751753 2
0.9704447849713459 0.4883145283379577 2
1.164837693082306 0.4570052247616531 2
7.126996822527962 7.912529961882649 2
3.33753074218424 2.157469912010705 2
2.381559906585085 1.867356662886888 2
0.2232028688874348 1.740179896409214 2
0.3736227661589662 1.665808042735367 2
0.3776079159184885 1.469418684274015 2
0.5505556886249976 1.586124006684751 2
1.644266512297357 0.7938213099702868 2
1.637529378180237 0.6298452439596991 2
1.503178930966129 0.5136348568360068 2
1.682054615534554 0.4247960217528234 2
0.5637935454942264 1.396734943998264 2
0.3983190082240177 1.281507964267432 2
0.7346136022376039 1.517940903236409 2
0.7138237087422494 1.706043653932826 2
0.9001349138557689 1.633767911500664 2
0.8763884451998389 1.823842084978194 2
1.058879470607042 1.742459499001671 2
1.705670714481368 2.446997656308133 2
1.080028654808917 1.552595360531913 2
7.938380468860056 8.240274116979807 2
7.651914237461632 2.667406074990562 2
9.098455929881792 9.562290630341174 2
8.90638641335914 9.512193404591763 2
8.168451372473001 3.726982376430595 2
9.596172146359844 9.376789653707579 2
9.543813788599751 9.199545691136521 2
9.639130425042939 9.566340150274495 2
9.29342608679686 8.341848962545811 2
9.584282377005067 8.647170111746734 2
9.532342187857711 8.807903805436052 2
1.908109541498835 0.2120947108826783 2
8.779333999749415 8.154389807632477 2
0.2452944773443178 0.3755963670534513 2
4.452646979812139 8.010707451964327 2
3.526394882424489 7.630054972698787 2
5.349382341505748 8.305904682399039 2
0.7638378418347279 0.5439111546003034 2
9.733734325131701 9.237894110109901 2
1.306859478304224 0.613332180341052 2
9.0999242391257 8.426945170964677 2
9.083966296336829 8.153637922268238 2
8.892362245324186 8.52477713018318 2
9.300414308580358 9.652840075604901 2
1.670558868142031 0.9795054592268431 2
9.201587886902605 5.405908090008299 2
1.507518819773826 0.314672795895413 2
8.378057701122227 8.338425004223268 2
7.92632014342378 8.787113191264812 2
8.426669801647806 9.045452476028689 2
8.529594014981932 9.206154867226655 2
8.335198484178704 9.221966980261804 2
8.448859048505449 9.382656695383151 2
8.250939889930889 9.427380455141094 2
8.018496320375915 9.230167979592858 2
8.265780537140484 8.661822873298714 2
8.075262484587501 9.657203197382351 2
8.176554781538831 8.87646997581343 2
8.48604158928382 8.570320392669062 2
8.638203622688154 9.360280338641559 2
8.571460703975641 9.523500241035261 2
7.620546012822416 9.149826568573138 2
8.351740967269475 9.573166763181453 2
9.82795162084129 9.647379315094781 2
9.644839857054107 9.793737301435346 2
0.1859118547781314 1.329797673299812 2
0.2765323570352248 1.141706052297228 2
0.3737849645978875 0.9851021185562724 2
0.313860746778151 0.8129087551404467 2
0.5004568756208976 0.8441944539633265 2
1.729081311316457 3.363273687646544 2
6.163107178869937 7.641335045361027 2
6.541041076735523 5.071499007883997 2
3.328437181453259 6.68644913628734 2
2.567375544952355 7.336174424264112 2
4.082028713610607 6.043889182436791 2
4.276545486890453 2.467110907327046 2
4.466623001418095 3.431764282967072 2
4.973976244501597 1.772795917709804 2
5.919306661333877 2.041993946577735 2
6.57544056968648 1.284122420550145 2
2.038952930060355 4.380900833209662 2
1.411282399772389 4.968739581434809 2
7.311193947916495 4.414663576118882 2
0.5339342330070256 1.782948394706946 2
8.494956550668157 0.8034401817842852 2
8.246876975655409 1.846871926910317 2
3.393731199102594 9.144544038017049 2
1.146092305032054 0.1645611309441676 2
9.148790229732548 3.440123330005281 2
0.7525000350468547 0.1759716902642508 2
0.8327761701346914 7.540243366198412 2
1.807297643240655 8.14853944238839 2
8.848610696504506 9.833389280146974 2
8.734908524309121 9.649772016327278 2
9.829758045946582 8.848560632509331 2
9.634492119064959 8.454222238939339 2
4.594091909991701 0.7953638971000714 2
8.236258961418454 4.779928054147674 2
9.240081544945232 9.835056697113144 2
0.8426138094326673 0.3436063793811958 2
8.259906429580235 9.052643428873749 2
5.482686483106162 9.229726194546505 2
8.427253349162983 7.971377097120168 2
8.558923316643451 8.202183103019294 2
1.853432568495525 0.7151391893812169 2
2.376467408228363 1.026161664721957 2
1.663630837722793 7.051322859995483 2
0.5743449247644237 1.025742638780609 2
9.186952659553668 1.48913036286485 2
1.478572519760521 9.181331233146876 2
9.841778291399002 9.841778291399002 2
2.879411199647213 8.294417238863041 2
1.653455476951148 0.2198426754123327 2
0.368749771944784 1.828524225351265 2
1.348503430190522 0.4108068077139758 2
8.371320298970984 5.786116548528614 2
4.003949077253669 1.522350333011622 2
9.676871992425905 8.937276679938019 2
9.349492746087025 6.32177307302269 2
0.7597251184734872 1.316585441611476 2
1.726227837658479 1.756156755854379 2
1.668487109423348 1.211258395935479 2
1.502191075281651 1.30299504276914 2
1.356249841611485 2.091925741593027 2
1.077123984146245 1.971370139136611 2
1.219892981971215 1.857770805892833 2
1.24106819499466 1.661102579041307 2
1.360762777149599 1.742869227371677 2
1.382870073817809 1.561688021992719 2
1.225371967177044 1.458108144745347 2
2.054506454406544 1.438085931472363 2
1.909947607412066 1.115850966363264 2
1.823929573161692 1.340253973443292 2
1.664720693368192 1.407224982404736 2
1.831363347313001 1.539797525133813 2
8.922261192291126 8.327517065231302 2
8.753493201426092 8.36709642065297 2
0.3595441158891617 0.5181607840879621 2
8.714538470875754 9.180311618332308 2
8.854615898655696 9.326094112726254 2
0.6198598852188262 0.6949213386095915 2
8.96313524590899 9.686119873130128 2
0.4384276135093129 0.6759342122878442 2
1.526065007985077 5.990622035118058 2
1.519410394087573 1.676587677686256 2
1.051566247355842 0.3206372958662305 2
0.2149452646251647 1.967668706977318 2
0.143930704772675 0.7572198404846744 2
0.8033655552599998 2.131328700575442 2
0.5060790265328545 1.991140498348735 2
0.9782608501093413 2.690468835818404 2
0.6867181937483937 1.887060666508428 2
6.412031766875567 8.622261179312664 2
1.193728563470081 0.7547956582898694 2
8.932361902253827 8.696306877393964 2
8.598639912796646 8.711592786923859 2
8.666657519404145 8.539500209676957 2
8.588280682835675 8.378015115667987 2
1.520488834458959 0.1453476159513805 2
9.492472399206537 9.669992135511198 2
0.7005840600555651 4.563222970586462 2
7.34849750464477 8.711028223896712 2
8.344009224568575 8.873807534597724 2
3.14290989105744 1.287629735418472 2
1.350022974430113 1.189919790090232 2
0.7367561342673695 5.537573435385168 2
9.683881564597485 8.776293934651363 2
9.488422168656685 9.00642127357753 2
9.339305643008503 9.163400985691055 2
9.339305643008519 8.836599014308927 2
1.652045997641266 1.568137829827323 2
8.41970894777738 9.855229585550905 2
7.259313619101032 1.731540043786404 2
8.490109413683722 9.691112012885348 2
8.745364031792999 9.487692138539757 2
1.074932214553992 1.367078424424076 2
0.5656660154187764 1.227411861388128 2
3.776592069567601 8.428688199355662 2
0.7740625311575295 0.7219158730414859 2
7.068183715095515 9.418749893282307 2
1.219249416382984 0.3070866819480185 2
9.678561900120554 9.1027409078402 2
1.4834702854802 1.869261202726474 2
9.280472839466601 0.7195271605334046 2
0.7195271605334026 9.280472839466603 2
0.4312565991676738 2.909468225139432 2
2.895971820708742 0.5568839666662009 2
8.44231670601093 8.7386433838623 2
1.334850931885341 4.05737845492549 2
0.9333380752328879 1.468190631901475 2
1.096814257531251 2.291658164448893 2
9.145453801628639 9.716445151564237 2
1.518507715779085 1.460922208057429 2
0.437729454008066 1.132294127057934 2
8.474993963660275 2.821044584816378 2
9.887846516630404 9.242456348466556 2
0.2896502827910513 0.6622446461120868 2
6.561454427871585 0.5553355733580074 2
8.674722934155277 8.268319526606952 2
1.976132192314386 1.744888225329914 2
1.756330677511648 1.999190840929098 2
0.1800271989453284 0.1776690181056073 2
1.359141813924363 1.360926783318714 2
0.1179949273568983 1.149244763627516 2
2 16 0 26
1760
1761
1762
1763
1764
1765
1766
1767
1768
1769
1770
1771
1772
1773
1774
1775
1776
1777
1778
1779
1780
1781
1782
1783
1784
1785
9.045139108509604 10 1.82975804594651
9.4057468264268 10 1.666790130279317
8.654774529999289 10 1.817945224511244
8.240127211154306 10 1.748427266329826
9.791761889827628 10 1.753658753639994
8.848664472185135 10 1.674063954783272
3.440123330005281 10 1.75
5.405908090008298 10 1.75
0.4914461900007543 10 1.75
1.474338570002263 10 1.75
2.457230950003772 10 1.75
4.423015710006789 10 1.75
9.591392562258383 10 1.686864653985852
6.327834986850375 10 1.75
9.269055791496054 10 1.832758029370972
7.973771834666192 10 1.75
7.623273466792341 10 1.75
9.217695024617335 10 1.659534612188947
8.849139875142527 10 1.864353445048205
9.463384027799478 10 1.839563766624459
9.040355364466256 10 1.632671322583746
9.624314442215185 10 1.856017434850061
8.659000375066446 10 1.628513538594294
8.413480738967085 10 1.843386200903605
7.066709813358851 10 1.75
8.442047708123187 10 1.673045371723161
2 17 0 26
1786
1787
1788
1789
1790
1791
1792
1793
1794
1795
1796
1797
1798
1799
1800
1801
1802
1803
1804
1805
1806
1807
1808
1809
1810
1811
10 9.045139108509604 1.82975804594651
10 9.43829606051021 1.67024195405349
10 8.654774529999287 1.817945224511244
10 8.240127211154308 1.748427266329826
10 9.790925808566364 1.746828100866221
10 8.848664472185135 1.674063954783272
10 2.457230950003772 1.75
10 4.423015710006789 1.75
10 5.405908090008298 1.75
10 0.4914461900007543 1.75
10 1.474338570002263 1.75
10 3.440123330005281 1.75
10 6.327834986850375 1.75
10 9.274480663843288 1.833333333333334
10 7.973771834666192 1.75
10 7.623273466792341 1.75
10 9.214415018398753 1.663927346574687
10 9.039699363222541 1.633549869460894
10 8.849139875142527 1.864353445048205
10 9.444101993163343 1.866888632413573
10 9.614051642242867 1.826518569388806
10 9.623661448501975 1.648717724861704
10 8.659000375066446 1.628513538594294
10 8.413480738967083 1.843386200903605
10 7.066709813358852 1.75
10 8.442047708123189 1.673045371723161
2 18 0 16
1812
1813
1814
1815
1816
1817
1818
1819
1820
1821
1822
1823
1824
1825
1826
1827
0.8520833333333333 1.134612999826251 1.75
0.8445141380876139 0.8742059351743398 1.743346953471346
1.121753101276642 0.8413299576809796 1.687433051295087
1.128650794975827 1.153130574844111 1.664533003648935
1.199711808943308 1.010732817365058 1.821860012724872
0.9554958132087373 0.8050144175636352 1.637040620008369
0.9936502408073276 0.8001008240182189 1.861765263136888
0.9475193309554645 1.192991656235802 1.814672535212517
0.955495813208737 1.194985582436365 1.637040620008369
1.115826861730763 1.163046429281977 1.833064309735275
1.19974584368449 0.9899204201093778 1.665338924252004
1.149018418086327 0.8666076798648116 1.841055812501703
0.8378260901871966 1.11704538852953 1.620622056576866
0.8369922558932986 0.884118701417165 1.619943885328223
0.8369922558932548 1.115881298582773 1.880056114671769
0.8378260901871966 0.8829546114704696 1.879377943423135
2 19 0 16
1828
1829
1830
1831
1832
1833
1834
1835
1836
1837
1838
1839
1840
1841
1842
1843
8.844737928380248 8.873929824635869 1.757326369585609
8.852083333333333 9.134612999826251 1.75
9.122448627764728 8.841866089789269 1.814539695430796
9.124522500047114 9.156506060528072 1.822451707700624
9.199318302228351 9.01649892108011 1.689596721918976
8.95787695984704 9.195513808945231 1.657853572548834
8.955495813208739 8.805014417563635 1.862959379991631
8.993990922957511 8.800090292899275 1.638725456490678
8.95305848480395 9.194413204672674 1.847123115697096
9.124697960371748 9.156366296493605 1.648991024170904
9.199999999999999 9 1.851008975829095
9.151347577397848 8.869256316344526 1.660621780344515
8.837826090187198 8.882954611470469 1.620622056576866
8.836992255893254 9.115881298582773 1.880056114671769
8.837826090187196 9.117045388529531 1.620622056576866
8.837826090187196 8.88295461147047 1.879377943423135
2 20 0 1
1844
1 0.9999999999999998 2
2 21 0 1
1845
9 8.999999999999998 2
2 22 0 42
1846
1847
1848
1849
1850
1851
1852
1853
1854
1855
1856
1857
1858
1859
1860
1861
1862
1863
1864
1865
1866
1867
1868
1869
1870
1871
1872
1873
1874
1875
1876
1877
1878
1879
1880
1881
1882
1883
1884
1885
1886
1887
0 0.7614680186156124 2.157321800074197
0 1.150699436207135 2.171321791913749
0 1.546509629133185 2.212410726206145
0 0.9533605251065845 2.833791606996471
0 1.352702472411638 2.808406773554522
0 0.4644589152765944 2.799343365645766
0 1.878189138609126 2.696315914602057
0 0.3829946302761192 2.386079449880868
0 1.818266770348009 2.35598468472596
0 2.968267866009434 2.496895405666132
0 1.346223488435411 2.180421451785009
0 1.248570165644995 2.3444246495294
0 1.053733974010631 2.339915579945429
0 1.146279945137122 2.516246027704628
0 0.9594503855961773 2.511992159218245
0 1.320817167538539 2.500032630228644
0 1.151439367490695 2.829758045946509
0 0.7440519618831134 2.826125232384482
0 0.6680943897080559 2.634190728783107
0 0.6734102014450987 2.434495832633891
0 0.9585514140095888 2.165499138510443
0 3.672165013149624 2.5
0 0.5679171843831832 2.168776037071998
0 1.39080534897671 2.345748601993122
0 0.8565716534902423 2.674152850676978
0 1.051883037731619 2.672895630845096
0 1.230257704735544 2.658267670435387
0 1.562456354377665 2.803449028057476
0 1.358424238103649 2.62226691433292
0 1.64500878054223 2.610566898745974
0 0.835270101239294 2.348142547965486
0 2.325978502905163 2.50702800071345
0 4.594091909991701 2.5
0 1.507722468555322 2.478948824337247
0 0.7933376866421268 2.528459770880907
0 0.6542420294221274 2.286689068343466
0 1.485262862798101 2.664727687805628
0 6.559876669994719 2.5
0 8.525661429997733 2.5
0 7.542769049996229 2.5
0 9.508553809999249 2.5
0 5.576984289993212 2.5
2 23 0 43
1888
1889
1890
1891
1892
1893
1894
1895
1896
1897
1898
1899
1900
1901
1902
1903
1904
1905
1906
1907
1908
1909
1910
1911
1912
1913
1914
1915
1916
1917
1918
1919
1920
1921
1922
1923
1924
1925
1926
1927
1928
1929
1930
0.7614680186156124 0 2.157321800074197
1.150699436207135 0 2.171321791913749
1.54396435438494 0 2.180521252738032
0.9533605251065845 0 2.833791606996471
1.345770857252 0 2.828615502442862
0.5627487871072627 0 2.822320869550303
1.93668163111089 0 2.665626081625302
0.310615657499868 0 2.40005198972708
1.780555528299178 0 2.216862522731368
2.789382028076556 0 2.452232297375043
0.3527743980443392 0 2.802144362628266
1.34579927597737 0 2.175106539540324
1.2455479768041 0 2.3462787494152
1.053230275870481 0 2.340224596593062
1.146279945137122 0 2.516246027704628
0.9593664359061527 0 2.512043661992851
1.337202005943742 0 2.515051320030691
1.14839239968276 0 2.833820150562651
0.7582824154900912 0 2.829758045946509
0.6722545567595053 0 2.618463720742753
0.725149756518072 0 2.411506314837602
0.4894162076231859 0 2.610279374423901
0.9584674643195639 0 2.165550641285049
3.672165013149624 0 2.5
0.5673620618816591 0 2.207573484367376
0.548687638704954 0 2.408415929471105
1.435526012645158 0 2.354371543060762
0.8565716534902427 0 2.674152850676978
1.051361218148626 0 2.673581232076887
1.244196349568893 0 2.671433094527746
0.8520283090315576 0 2.339065325073566
1.399513594186799 0 2.664030570031159
1.542265678730312 0 2.557086814350283
1.546366789967292 0 2.783366028454735
1.647798641034095 0 2.394893642901149
4.594091909991701 0 2.5
0.7888192009901773 0 2.538471012929024
0.6757819425207725 0 2.292470260316003
6.559876669994719 0 2.5
8.525661429997733 0 2.5
7.542769049996229 0 2.5
9.508553809999249 0 2.5
5.576984289993212 0 2.5
2 24 0 297
1931
1932
1933
1934
1935
1936
1937
1938
1939
1940
1941
1942
1943
1944
1945
1946
1947
1948
1949
1950
1951
1952
1953
1954
1955
1956
1957
1958
1959
1960
1961
1962
1963
1964
1965
1966
1967
1968
1969
1970
1971
1972
1973
1974
1975
1976
1977
1978
1979
1980
1981
1982
1983
1984
1985
1986
1987
1988
1989
1990
1991
1992
1993
1994
1995
1996
1997
1998
1999
2000
2001
2002
2003
2004
2005
2006
2007
2008
2009
2010
2011
2012
2013
2014
2015
2016
2017
2018
2019
2020
2021
2022
2023
2024
2025
2026
2027
2028
2029
2030
2031
2032
2033
2034
2035
2036
2037
2038
2039
2040
2041
2042
2043
2044
2045
2046
2047
2048
2049
2050
2051
2052
2053
2054
2055
2056
2057
2058
2059
2060
2061
2062
2063
2064
2065
2066
2067
2068
2069
2070
2071
2072
2073
2074
2075
2076
2077
2078
2079
2080
2081
2082
2083
2084
2085
2086
2087
2088
2089
2090
2091
2092
2093
2094
2095
2096
2097
2098
2099
2100
2101
2102
2103
2104
2105
2106
2107
2108
2109
2110
2111
2112
2113
2114
2115
2116
2117
2118
2119
2120
2121
2122
2123
2124
2125
2126
2127
2128
2129
2130
2131
2132
2133
2134
2135
2136
2137
2138
2139
2140
2141
2142
2143
2144
2145
2146
2147
2148
2149
2150
2151
2152
2153
2154
2155
2156
2157
2158
2159
2160
2161
2162
2163
2164
2165
2166
2167
2168
2169
2170
2171
2172
2173
2174
2175
2176
2177
2178
2179
2180
2181
2182
2183
2184
2185
2186
2187
2188
2189
2190
2191
2192
2193
2194
2195
2196
2197
2198
2199
2200
2201
2202
2203
2204
2205
2206
2207
2208
2209
2210
2211
2212
2213
2214
2215
2216
2217
2218
2219
2220
2221
2222
2223
2224
2225
2226
2227
1.213981080154959 1.275117717665716 3
6.305246810269956 9.461169909297732 3
3.672165013149624 0.6398843699731607 3
0.7497466970335239 3.54282474683761 3
9.420200129147062 7.140983037718536 3
9.148790229732546 4.423015710006789 3
7.661671209200851 9.607802962058186 3
1.34352803615919 1.008896394272915 3
0.7826053377911861 6.548887445185263 3
0.4208898729996446 2.33312175455062 3
9.554085497887133 8.017907900271803 3
5.698725953329189 0.924650578373326 3
4.473970936806497 9.02465517401701 3
2.317708238534732 0.3876280298836162 3
8.702233834754978 8.856603372478345 3
8.611466410256956 9.025599046164 3
1.338214097237027 0.8165332863193601 3
9.21246503106002 9.264836911254672 3
7.427110325039092 0.8613410057188595 3
0.1865170533849946 1.558742642593858 3
0.9364328966568591 1.298884129392361 3
0.6912867003239032 0.8546798567451389 3
8.649717668717521 9.827887937607658 3
9.796153219752155 8.640558443626686 3
9.212465031060017 8.735163088745319 3
0.9200261887819372 0.6724333117460011 3
9.308754025575864 8.997481830691948 3
8.776680089840122 8.688817424877634 3
0.7022338347549744 1.143396627521653 3
2.457230950003772 9.148790229732546 3
9.82029732222151 9.429985228205469 3
0.555083062230241 0.1786566398106851 3
9.056517241390607 9.386140461612577 3
1.352277236587226 0.1922226084491572 3
9.43829606051021 9.829758045946509 3
0.1622344572709294 0.5674731680591566 3
0.1644625442062783 0.9674521498327879 3
9.158937002978782 2.423839215745134 3
0.9496743904002117 0.1681496588219362 3
9.83232106519773 9.067409256699706 3
9.044996109770757 9.842628755809343 3
1.098871281437408 0.6258751550488106 3
9.07296094968531 8.619291710838969 3
0.3588532480622137 0.205441186123813 3
9.247606568292035 9.449977280695922 3
9.394783669644795 9.325215861610623 3
1.506479222292986 0.9136673573415121 3
1.501993409970051 0.7107538515582008 3
1.504742549427135 1.112756190911609 3
0.4440698168450907 0.3571458738335248 3
0.6510641172378258 0.3654174635716876 3
0.545064426803467 0.5246162818426259 3
0.833185671242282 8.521496552020309 3
9.43968134484507 9.507285104294732 3
8.833761203634865 7.658809465619849 3
8.583895923530285 6.77191324234991 3
7.924828772667482 7.435009584921032 3
7.662560465987609 6.408061487665803 3
8.517112266265123 8.875673331822137 3
6.922720359758056 7.051950513146818 3
6.727139697005992 6.060579505860848 3
5.970516685113688 6.709957360854869 3
5.783297098229629 5.72540073449651 3
5.025243220579538 6.376807304047425 3
4.839200963886015 5.393759152559337 3
5.59712235253786 4.741124372896938 3
4.653295497814725 4.410813675971744 3
3.895255696229551 5.06303020993133 3
3.709435369539587 4.080385456735717 3
5.411321741893861 3.758549502884962 3
6.355196912422526 4.088935067586289 3
2.951390064219872 4.732582232344688 3
3.137193811158895 5.71516836279697 3
6.169367314366783 3.10633765551022 3
2.765582969885552 3.749984480614837 3
3.523624033868573 3.0977726986712 3
2.591114581488141 2.76524765410628 3
7.113233779138593 3.436733249106826 3
7.465934031512482 5.410299399523323 3
5.225515878501375 2.775953456211763 3
5.211080690032288 7.359294520373036 3
4.266841408356387 7.028120928998351 3
2.200178112787345 5.36524880366886 3
2.394208615834567 6.349873711609019 3
6.888377907309597 2.433830735793978 3
8.286565227824502 9.765558154499328 3
9.79721188482258 8.370253388461766 3
9.249758576517372 8.550717508565329 3
9.395142337682346 8.674899936599573 3
9.438070441040564 8.487871418751753 3
0.9704447849713459 0.4883145283379577 3
1.164837693082306 0.4570052247616531 3
7.126996822527962 7.912529961882649 3
3.33753074218424 2.157469912010705 3
2.381559906585085 1.867356662886888 3
0.2232028688874348 1.740179896409214 3
0.3736227661589662 1.665808042735367 3
0.3776079159184885 1.469418684274015 3
0.5505556886249976 1.586124006684751 3
1.644266512297357 0.7938213099702868 3
1.637529378180237 0.6298452439596991 3
1.503178930966129 0.5136348568360068 3
1.682054615534554 0.4247960217528234 3
0.5637935454942264 1.396734943998264 3
0.3983190082240177 1.281507964267432 3
0.7346136022376039 1.517940903236409 3
0.7138237087422494 1.706043653932826 3
0.9001349138557689 1.633767911500664 3
0.8763884451998389 1.823842084978194 3
1.058879470607042 1.742459499001671 3
1.705670714481368 2.446997656308133 3
1.080028654808917 1.552595360531913 3
7.938380468860056 8.240274116979807 3
7.651914237461632 2.667406074990562 3
9.098455929881792 9.562290630341174 3
8.90638641335914 9.512193404591763 3
8.168451372473001 3.726982376430595 3
9.596172146359844 9.376789653707579 3
9.543813788599751 9.199545691136521 3
9.639130425042939 9.566340150274495 3
9.29342608679686 8.341848962545811 3
9.584282377005067 8.647170111746734 3
9.532342187857711 8.807903805436052 3
1.908109541498835 0.2120947108826783 3
8.779333999749415 8.154389807632477 3
0.2452944773443178 0.3755963670534513 3
4.452646979812139 8.010707451964327 3
3.526394882424489 7.630054972698787 3
5.349382341505748 8.305904682399039 3
0.7638378418347279 0.5439111546003034 3
9.733734325131701 9.237894110109901 3
1.306859478304224 0.613332180341052 3
9.0999242391257 8.426945170964677 3
9.083966296336829 8.153637922268238 3
8.892362245324186 8.52477713018318 3
9.300414308580358 9.652840075604901 3
1.670558868142031 0.9795054592268431 3
9.201587886902605 5.405908090008299 3
1.507518819773826 0.314672795895413 3
8.378057701122227 8.338425004223268 3
7.92632014342378 8.787113191264812 3
8.426669801647806 9.045452476028689 3
8.529594014981932 9.206154867226655 3
8.335198484178704 9.221966980261804 3
8.448859048505449 9.382656695383151 3
8.250939889930889 9.427380455141094 3
8.018496320375915 9.230167979592858 3
8.265780537140484 8.661822873298714 3
8.075262484587501 9.657203197382351 3
8.176554781538831 8.87646997581343 3
8.48604158928382 8.570320392669062 3
8.638203622688154 9.360280338641559 3
8.571460703975641 9.523500241035261 3
7.620546012822416 9.149826568573138 3
8.351740967269475 9.573166763181453 3
9.82795162084129 9.647379315094781 3
9.644839857054107 9.793737301435346 3
0.1859118547781314 1.329797673299812 3
0.2765323570352248 1.141706052297228 3
0.3737849645978875 0.9851021185562724 3
0.313860746778151 0.8129087551404467 3
0.5004568756208976 0.8441944539633265 3
1.729081311316457 3.363273687646544 3
6.163107178869937 7.641335045361027 3
6.541041076735523 5.071499007883997 3
3.328437181453259 6.68644913628734 3
2.567375544952355 7.336174424264112 3
4.082028713610607 6.043889182436791 3
4.276545486890453 2.467110907327046 3
4.466623001418095 3.431764282967072 3
4.973976244501597 1.772795917709804 3
5.919306661333877 2.041993946577735 3
6.57544056968648 1.284122420550145 3
2.038952930060355 4.380900833209662 3
1.411282399772389 4.968739581434809 3
7.311193947916495 4.414663576118882 3
0.5339342330070256 1.782948394706946 3
8.494956550668157 0.8034401817842852 3
8.246876975655409 1.846871926910317 3
3.393731199102594 9.144544038017049 3
1.146092305032054 0.1645611309441676 3
9.148790229732548 3.440123330005281 3
0.7525000350468547 0.1759716902642508 3
0.8327761701346914 7.540243366198412 3
1.807297643240655 8.14853944238839 3
8.848610696504506 9.833389280146974 3
8.734908524309121 9.649772016327278 3
9.829758045946582 8.848560632509331 3
9.634492119064959 8.454222238939339 3
4.594091909991701 0.7953638971000714 3
8.236258961418454 4.779928054147674 3
9.240081544945232 9.835056697113144 3
0.8426138094326673 0.3436063793811958 3
8.259906429580235 9.052643428873749 3
5.482686483106162 9.229726194546505 3
8.427253349162983 7.971377097120168 3
8.558923316643451 8.202183103019294 3
1.853432568495525 0.7151391893812169 3
2.376467408228363 1.026161664721957 3
1.663630837722793 7.051322859995483 3
0.5743449247644237 1.025742638780609 3
9.186952659553668 1.48913036286485 3
1.478572519760521 9.181331233146876 3
9.841778291399002 9.841778291399002 3
2.879411199647213 8.294417238863041 3
1.653455476951148 0.2198426754123327 3
0.368749771944784 1.828524225351265 3
1.348503430190522 0.4108068077139758 3
8.371320298970984 5.786116548528614 3
4.003949077253669 1.522350333011622 3
9.676871992425905 8.937276679938019 3
9.349492746087025 6.32177307302269 3
0.7597251184734872 1.316585441611476 3
1.726227837658479 1.756156755854379 3
1.668487109423348 1.211258395935479 3
1.502191075281651 1.30299504276914 3
1.356249841611485 2.091925741593027 3
1.077123984146245 1.971370139136611 3
1.219892981971215 1.857770805892833 3
1.24106819499466 1.661102579041307 3
1.360762777149599 1.742869227371677 3
1.382870073817809 1.561688021992719 3
1.225371967177044 1.458108144745347 3
2.054506454406544 1.438085931472363 3
1.909947607412066 1.115850966363264 3
1.823929573161692 1.340253973443292 3
1.664720693368192 1.407224982404736 3
1.831363347313001 1.539797525133813 3
8.922261192291126 8.327517065231302 3
8.753493201426092 8.36709642065297 3
0.3595441158891617 0.5181607840879621 3
8.714538470875754 9.180311618332308 3
8.854615898655696 9.326094112726254 3
0.6198598852188262 0.6949213386095915 3
8.96313524590899 9.686119873130128 3
0.4384276135093129 0.6759342122878442 3
1.526065007985077 5.990622035118058 3
1.519410394087573 1.676587677686256 3
1.051566247355842 0.3206372958662305 3
0.2149452646251647 1.967668706977318 3
0.143930704772675 0.7572198404846744 3
0.8033655552599998 2.131328700575442 3
0.5060790265328545 1.991140498348735 3
0.9782608501093413 2.690468835818404 3
0.6867181937483937 1.887060666508428 3
6.412031766875567 8.622261179312664 3
1.193728563470081 0.7547956582898694 3
8.932361902253827 8.696306877393964 3
8.598639912796646 8.711592786923859 3
8.666657519404145 8.539500209676957 3
8.588280682835675 8.378015115667987 3
1.520488834458959 0.1453476159513805 3
9.492472399206537 9.669992135511198 3
0.7005840600555651 4.563222970586462 3
7.34849750464477 8.711028223896712 3
8.344009224568575 8.873807534597724 3
3.14290989105744 1.287629735418472 3
1.350022974430113 1.189919790090232 3
0.7367561342673695 5.537573435385168 3
9.683881564597485 8.776293934651363 3
9.488422168656685 9.00642127357753 3
9.339305643008503 9.163400985691055 3
9.339305643008519 8.836599014308927 3
1.652045997641266 1.568137829827323 3
8.41970894777738 9.855229585550905 3
7.259313619101032 1.731540043786404 3
8.490109413683722 9.691112012885348 3
8.745364031792999 9.487692138539757 3
1.074932214553992 1.367078424424076 3
0.5656660154187764 1.227411861388128 3
3.776592069567601 8.428688199355662 3
0.7740625311575295 0.7219158730414859 3
7.068183715095515 9.418749893282307 3
1.219249416382984 0.3070866819480185 3
9.678561900120554 9.1027409078402 3
1.4834702854802 1.869261202726474 3
9.280472839466601 0.7195271605334046 3
0.7195271605334026 9.280472839466603 3
0.4312565991676738 2.909468225139432 3
2.895971820708742 0.5568839666662009 3
8.44231670601093 8.7386433838623 3
1.334850931885341 4.05737845492549 3
0.9333380752328879 1.468190631901475 3
1.096814257531251 2.291658164448893 3
9.145453801628639 9.716445151564237 3
1.518507715779085 1.460922208057429 3
0.437729454008066 1.132294127057934 3
8.474993963660275 2.821044584816378 3
9.887846516630404 9.242456348466556 3
0.2896502827910513 0.6622446461120868 3
6.561454427871585 0.5553355733580074 3
8.674722934155277 8.268319526606952 3
1.976132192314386 1.744888225329914 3
1.756330677511648 1.999190840929098 3
0.1800271989453284 0.1776690181056073 3
1.359141813924363 1.360926783318714 3
0.1179949273568983 1.149244763627516 3
2 25 0 50
2228
2229
2230
2231
2232
2233
2234
2235
2236
2237
2238
2239
2240
2241
2242
2243
2244
2245
2246
2247
2248
2249
2250
2251
2252
2253
2254
2255
2256
2257
2258
2259
2260
2261
2262
2263
2264
2265
2266
2267
2268
2269
2270
2271
2272
2273
2274
2275
2276
2277
8.848132011650474 10 2.170493606235671
9.234808376139485 10 2.167074404288408
9.66495498963179 10 2.184237777467153
9.045139108509604 10 2.82975804594651
9.438173850755973 10 2.828560615184016
8.342451696776012 10 2.772184005722701
7.97377183466619 10 2.272691724207494
8.651982156508989 10 2.823408890799703
7.031732133990564 10 2.51192496253523
9.597263116125839 10 2.827774312520821
9.508830530759587 10 2.701316785167302
9.685450783303082 10 2.566234545739537
9.333814022043876 10 2.676782752785372
9.403517074110416 10 2.367712348139692
9.4333241951189 10 2.183337561229214
9.24038272703207 10 2.832592255960263
8.849443912497179 10 2.82870301233807
8.947185847817874 10 2.663078928590372
9.043916136971397 10 2.170254049910695
9.133747882018088 10 2.332510138345507
8.944900258192826 10 2.336846511773805
8.752764948076678 10 2.336038194352555
9.141032942788012 10 2.667199433733479
8.658398510176699 10 2.173118310997041
8.572260817141871 10 2.331053151376287
8.556689885034782 10 2.625697563530306
8.31419990012296 10 2.193441077699532
8.460769353125846 10 2.470425843112816
8.75472118124231 10 2.656517202934469
6.327834986850375 10 2.5
8.852828287505247 10 2.498449276666602
9.042761946298818 10 2.500089633094733
9.255380331332354 10 2.485526892547811
8.662984484162136 10 2.490169302669746
7.664017471059795 10 2.461146031010159
8.424726796837088 10 2.613729834583671
8.503978975117409 10 2.756936230224143
8.420790791264871 10 2.326014279241414
8.214992081274399 10 2.50683994204167
8.50386858744305 10 2.204725363862855
9.29215557174385 10 2.307232268910127
5.4059080900083 10 2.5
9.454258407312153 10 2.512660896005114
8.436663244390884 10 2.870505825349309
9.528301089895269 10 2.362836625716142
0.4914461900007543 10 2.5
1.474338570002263 10 2.5
2.457230950003772 10 2.5
3.440123330005281 10 2.5
4.423015710006789 10 2.5
2 26 0 50
2278
2279
2280
2281
2282
2283
2284
2285
2286
2287
2288
2289
2290
2291
2292
2293
2294
2295
2296
2297
2298
2299
2300
2301
2302
2303
2304
2305
2306
2307
2308
2309
2310
2311
2312
2313
2314
2315
2316
2317
2318
2319
2320
2321
2322
2323
2324
2325
2326
2327
10 8.848132011650474 2.170493606235667
10 9.234796415488708 2.167067616939875
10 9.597021141870611 2.827710210824359
10 9.045139108509604 2.82975804594651
10 8.154034331106208 2.690536792794846
10 9.587732560225655 2.153466568453006
10 8.092618857078387 2.331058601417085
10 8.654571557631163 2.822898677145275
10 7.06670981335885 2.541864983417021
10 9.43120483975992 2.828535415704545
10 9.535917096437078 2.655420228058208
10 9.736867889142005 2.636527302500875
10 9.336869860885546 2.669217827185761
10 9.438395112636236 2.382768416871521
10 9.424748444979736 2.185388519313485
10 8.849875479350878 2.828617976728999
10 8.947202608277726 2.66309606197989
10 9.0439141435296 2.170252918685935
10 9.133677391408112 2.332533851925075
10 9.239675364323912 2.831358541104782
10 8.94489162913904 2.336849200149366
10 8.752763509901046 2.336038642415143
10 9.141370944609806 2.665767669912876
10 8.658396876427705 2.173254154448197
10 8.570140145746032 2.331956564038874
10 8.574266738671952 2.655592454469486
10 8.332755416120172 2.168839520395707
10 8.452531112289915 2.463874962479491
10 8.758156944921124 2.661403332111995
10 6.327834986850375 2.5
10 8.853402030323444 2.499267009834127
10 9.042847306261068 2.500026371233655
10 9.260680430298439 2.486351816055057
10 8.660210080308918 2.491355494224853
10 7.739569850259377 2.683204981829108
10 8.352463068863754 2.597866128366499
10 8.403373181637516 2.794482342129351
10 8.389003395743689 2.29765801093311
10 8.500797750509291 2.194341649963178
10 9.29716519325882 2.316197778534619
10 5.4059080900083 2.5
10 9.436326211213743 2.5314251879815
10 9.54271914159823 2.285321172802529
10 9.562614355517084 2.468009493640579
10 9.694730396527174 2.257220756232831
10 0.4914461900007543 2.5
10 2.457230950003772 2.5
10 1.474338570002263 2.5
10 4.423015710006789 2.5
10 3.440123330005281 2.5
2 27 0 31
2328
2329
2330
2331
2332
2333
2334
2335
2336
2337
2338
2339
2340
2341
2342
2343
2344
2345
2346
2347
2348
2349
2350
2351
2352
2353
2354
2355
2356
2357
2358
1.199953056048866 0.9956669437207448 2.842960145264587
1.122433633470436 0.8418544803188315 2.189486672558728
1.122753322584879 1.157897504078984 2.166054203503678
0.8731287971733055 0.8453917922835021 2.495070316381739
0.874999999999662 1.156124949959689 2.5
0.9587241799881854 1.195694421694519 2.826050109576482
0.9612194643130113 0.8037958459873231 2.842119239258159
0.874388681387707 1.155633533136278 2.30122571322904
1.040951034657483 1.195762643935153 2.384467304217587
1.04324544642417 1.195268613360095 2.607227480048937
1.180129918415105 1.086909219831774 2.501228392198012
0.8750000000026701 0.8438750500379023 2.3
1.042087940793722 0.8044786322681222 2.391931581046553
1.04374999999915 0.8048438125498594 2.600000000002094
0.9570630924740557 1.195336688750753 2.159842550775254
0.9568332708731666 0.8047139700426817 2.157773316977209
1.192084012354758 0.9442888503287057 2.327500410690607
1.17680089114015 1.093495694510758 2.67813960929602
1.121131132518892 1.159145369818574 2.805576297902937
0.8695467461646698 1.151597983376346 2.688842335310163
0.869546746164659 0.8484020166236632 2.68884233531009
1.128819528049965 0.8470113429270513 2.770901124769626
1.173448823982804 0.9004233689112634 2.49347824418255
1.199988297941422 0.9978365105748039 2.170040695498522
1.168753919135149 1.10734111410139 2.320149585457695
1.190898326031514 0.9403524592429344 2.651773775312232
0.8369360226202505 0.884197844229494 2.148146415254791
0.8371190653720039 1.116059472404067 2.14849555422042
0.837148341278164 1.116100548024316 2.842743750111515
0.8368460577650161 0.8843246303953018 2.844241650836323
1.1249844179611 0.8438625757003626 2.902826518917377
2 28 0 31
2359
2360
2361
2362
2363
2364
2365
2366
2367
2368
2369
2370
2371
2372
2373
2374
2375
2376
2377
2378
2379
2380
2381
2382
2383
2384
2385
2386
2387
2388
2389
9.199953056048857 9.004333056279636 2.157039854735598
9.122753322585044 8.842102495921145 2.833945796496662
9.122433633470012 9.158145519681497 2.810513327443701
8.874999999999662 9.15612494995969 2.5
8.872896806065324 8.845582455363376 2.504504924658447
8.961249085529046 9.196210006441223 2.157933020714202
8.95863728717516 8.804323925867852 2.173790542971406
8.874388681388167 8.844366466863351 2.698774286770957
9.040923485968523 8.804231595255557 2.61599582815681
9.042924830651888 8.80466065702602 2.393320004844944
9.180127889519012 8.913086575159952 2.498797608811231
8.874999999996726 9.156124949957338 2.7
9.042084689658681 9.195522067543111 2.607569464517559
9.043750000002266 9.195156187449442 2.400000000003128
8.957008273879762 8.804675368974616 2.840301448663633
8.956840235334203 9.195287569276678 2.842174940131264
9.192080129912062 9.055724534030938 2.672453520366898
9.176794774306368 8.906492739437194 2.3218793621007
9.121077707304996 8.840813980532946 2.194507359004797
8.869546746164671 9.151597983376346 2.311157664689836
8.86954674616466 8.848402016623663 2.311157664689909
9.128819528049947 9.152988657072964 2.229098875232761
9.173459005309867 9.099558894514308 2.506450074509827
9.199988268014526 9.002166254036485 2.829950090570969
9.168756372514839 8.892662743021667 2.679865707713852
9.190898326029222 9.0596475407644 2.348226224697795
8.836973272848073 8.884145409093419 2.157935475364311
8.837020790123161 9.115921426612688 2.155069516360288
8.836937495670888 9.115804229982839 2.85184639434686
8.836944471039567 8.884185948713322 2.850781535806803
9.124984417961095 9.156137424299642 2.097173481083997
2 29 0 1
2390
1 0.9999999999999998 3
2 30 0 1
2391
9 8.999999999999998 3
2 31 0 25
2392
2393
2394
2395
2396
2397
2398
2399
2400
2401
2402
2403
2404
2405
2406
2407
2408
2409
2410
2411
2412
2413
2414
2415
2416
0 0.7728969721224995 3.309854768012785
0 1.184202446824078 3.166666666666667
0 1.3467843787026 3.317504146516843
0 1.913276181601122 3.25
0 0.2524032880223496 3.25
0 0.4809884932816126 3.2497482844072
0 9.508553809999245 3.25
0 4.594091909991702 3.25
0 5.576984289993211 3.25
0 6.55987666999472 3.25
0 8.525661429997736 3.25
0 7.542769049996229 3.25
0 1.495093814161456 3.190485544033073
0 3.672165013149624 3.25
0 0.9548608914903934 3.170241954053491
0 1.348017843490996 3.150230746114807
0 1.123931223914809 3.334030336853699
0 0.7712175243613655 3.123783759090688
0 0.9522821741016977 3.362825411783995
0 2.933290186641147 3.25
0 1.51324438825183 3.359905258114688
0 1.641477099799462 3.260078160429552
0 2.378718897049324 3.25
0 0.6139448481926847 3.359919348648837
0 0.6117649272137513 3.138822073387164
2 32 0 25
2417
2418
2419
2420
2421
2422
2423
2424
2425
2426
2427
2428
2429
2430
2431
2432
2433
2434
2435
2436
2437
2438
2439
2440
2441
1.151439367490695 0 3.170241954053491
0.7728969721224994 0 3.190145231987215
0.9559260924111226 0 3.322604264481519
1.342103938797831 0 3.318014901857818
1.913276181601122 0 3.25
0.2524032880223496 0 3.25
0.4809884932816125 0 3.2502517155928
9.508553809999245 0 3.25
4.594091909991702 0 3.25
5.576984289993211 0 3.25
6.55987666999472 0 3.25
8.525661429997736 0 3.25
7.542769049996228 0 3.25
1.494313740843994 0 3.190570669923235
3.672165013149624 0 3.25
1.336778546822903 0 3.135765505166908
1.150469626736208 0 3.362172224078566
0.9579968430010205 0 3.136598290104445
0.7714305645455112 0 3.374785484616314
2.933290186641147 0 3.25
1.509976276914807 0 3.358163989433515
1.640667462868564 0 3.25974693187135
2.378718897049324 0 3.25
0.6139448481926848 0 3.140080651351163
0.6117649272137512 0 3.361177926612836
2 33 0 297
2442
2443
2444
2445
2446
2447
2448
2449
2450
2451
2452
2453
2454
2455
2456
2457
2458
2459
2460
2461
2462
2463
2464
2465
2466
2467
2468
2469
2470
2471
2472
2473
2474
2475
2476
2477
2478
2479
2480
2481
2482
2483
2484
2485
2486
2487
2488
2489
2490
2491
2492
2493
2494
2495
2496
2497
2498
2499
2500
2501
2502
2503
2504
2505
2506
2507
2508
2509
2510
2511
2512
2513
2514
2515
2516
2517
2518
2519
2520
2521
2522
2523
2524
2525
2526
2527
2528
2529
2530
2531
2532
2533
2534
2535
2536
2537
2538
2539
2540
2541
2542
2543
2544
2545
2546
2547
2548
2549
2550
2551
2552
2553
2554
2555
2556
2557
2558
2559
2560
2561
2562
2563
2564
2565
2566
2567
2568
2569
2570
2571
2572
2573
2574
2575
2576
2577
2578
2579
2580
2581
2582
2583
2584
2585
2586
2587
2588
2589
2590
2591
2592
2593
2594
2595
2596
2597
2598
2599
2600
2601
2602
2603
2604
2605
2606
2607
2608
2609
2610
2611
2612
2613
2614
2615
2616
2617
2618
2619
2620
2621
2622
2623
2624
2625
2626
2627
2628
2629
2630
2631
2632
2633
2634
2635
2636
2637
2638
2639
2640
2641
2642
2643
2644
2645
2646
2647
2648
2649
2650
2651
2652
2653
2654
2655
2656
2657
2658
2659
2660
2661
2662
2663
2664
2665
2666
2667
2668
2669
2670
2671
2672
2673
2674
2675
2676
2677
2678
2679
2680
2681
2682
2683
2684
2685
2686
2687
2688
2689
2690
2691
2692
2693
2694
2695
2696
2697
2698
2699
2700
2701
2702
2703
2704
2705
2706
2707
2708
2709
2710
2711
2712
2713
2714
2715
2716
2717
2718
2719
2720
2721
2722
2723
2724
2725
2726
2727
2728
2729
2730
2731
2732
2733
2734
2735
2736
2737
2738
1.213981080154959 1.275117717665716 3.5
6.305246810269956 9.461169909297732 3.5
3.672165013149624 0.6398843699731607 3.5
0.7497466970335239 3.54282474683761 3.5
9.420200129147062 7.140983037718536 3.5
9.148790229732546 4.423015710006789 3.5
7.661671209200851 9.607802962058186 3.5
1.34352803615919 1.008896394272915 3.5
0.7826053377911861 6.548887445185263 3.5
0.4208898729996446 2.33312175455062 3.5
9.554085497887133 8.017907900271803 3.5
5.698725953329189 0.924650578373326 3.5
4.473970936806497 9.02465517401701 3.5
2.317708238534732 0.3876280298836162 3.5
8.702233834754978 8.856603372478345 3.5
8.611466410256956 9.025599046164 3.5
1.338214097237027 0.8165332863193601 3.5
9.21246503106002 9.264836911254672 3.5
7.427110325039092 0.8613410057188595 3.5
0.1865170533849946 1.558742642593858 3.5
0.9364328966568591 1.298884129392361 3.5
0.6912867003239032 0.8546798567451389 3.5
8.649717668717521 9.827887937607658 3.5
9.796153219752155 8.640558443626686 3.5
9.212465031060017 8.735163088745319 3.5
0.9200261887819372 0.6724333117460011 3.5
9.308754025575864 8.997481830691948 3.5
8.776680089840122 8.688817424877634 3.5
0.7022338347549744 1.143396627521653 3.5
2.457230950003772 9.148790229732546 3.5
9.82029732222151 9.429985228205469 3.5
0.555083062230241 0.1786566398106851 3.5
9.056517241390607 9.386140461612577 3.5
1.352277236587226 0.1922226084491572 3.5
9.43829606051021 9.829758045946509 3.5
0.1622344572709294 0.5674731680591566 3.5
0.1644625442062783 0.9674521498327879 3.5
9.158937002978782 2.423839215745134 3.5
0.9496743904002117 0.1681496588219362 3.5
9.83232106519773 9.067409256699706 3.5
9.044996109770757 9.842628755809343 3.5
1.098871281437408 0.6258751550488106 3.5
9.07296094968531 8.619291710838969 3.5
0.3588532480622137 0.205441186123813 3.5
9.247606568292035 9.449977280695922 3.5
9.394783669644795 9.325215861610623 3.5
1.506479222292986 0.9136673573415121 3.5
1.501993409970051 0.7107538515582008 3.5
1.504742549427135 1.112756190911609 3.5
0.4440698168450907 0.3571458738335248 3.5
0.6510641172378258 0.3654174635716876 3.5
0.545064426803467 0.5246162818426259 3.5
0.833185671242282 8.521496552020309 3.5
9.43968134484507 9.507285104294732 3.5
8.833761203634865 7.658809465619849 3.5
8.583895923530285 6.77191324234991 3.5
7.924828772667482 7.435009584921032 3.5
7.662560465987609 6.408061487665803 3.5
8.517112266265123 8.875673331822137 3.5
6.922720359758056 7.051950513146818 3.5
6.727139697005992 6.060579505860848 3.5
5.970516685113688 6.709957360854869 3.5
5.783297098229629 5.72540073449651 3.5
5.025243220579538 6.376807304047425 3.5
4.839200963886015 5.393759152559337 3.5
5.59712235253786 4.741124372896938 3.5
4.653295497814725 4.410813675971744 3.5
3.895255696229551 5.06303020993133 3.5
3.709435369539587 4.080385456735717 3.5
5.411321741893861 3.758549502884962 3.5
6.355196912422526 4.088935067586289 3.5
2.951390064219872 4.732582232344688 3.5
3.137193811158895 5.71516836279697 3.5
6.169367314366783 3.10633765551022 3.5
2.765582969885552 3.749984480614837 3.5
3.523624033868573 3.0977726986712 3.5
2.591114581488141 2.76524765410628 3.5
7.113233779138593 3.436733249106826 3.5
7.465934031512482 5.410299399523323 3.5
5.225515878501375 2.775953456211763 3.5
5.211080690032288 7.359294520373036 3.5
4.266841408356387 7.028120928998351 3.5
2.200178112787345 5.36524880366886 3.5
2.394208615834567 6.349873711609019 3.5
6.888377907309597 2.433830735793978 3.5
8.286565227824502 9.765558154499328 3.5
9.79721188482258 8.370253388461766 3.5
9.249758576517372 8.550717508565329 3.5
9.395142337682346 8.674899936599573 3.5
9.438070441040564 8.487871418751753 3.5
0.9704447849713459 0.4883145283379577 3.5
1.164837693082306 0.4570052247616531 3.5
7.126996822527962 7.912529961882649 3.5
3.33753074218424 2.157469912010705 3.5
2.381559906585085 1.867356662886888 3.5
0.2232028688874348 1.740179896409214 3.5
0.3736227661589662 1.665808042735367 3.5
0.3776079159184885 1.469418684274015 3.5
0.5505556886249976 1.586124006684751 3.5
1.644266512297357 0.7938213099702868 3.5
1.637529378180237 0.6298452439596991 3.5
1.503178930966129 0.5136348568360068 3.5
1.682054615534554 0.4247960217528234 3.5
0.5637935454942264 1.396734943998264 3.5
0.3983190082240177 1.281507964267432 3.5
0.7346136022376039 1.517940903236409 3.5
0.7138237087422494 1.706043653932826 3.5
0.9001349138557689 1.633767911500664 3.5
0.8763884451998389 1.823842084978194 3.5
1.058879470607042 1.742459499001671 3.5
1.705670714481368 2.446997656308133 3.5
1.080028654808917 1.552595360531913 3.5
7.938380468860056 8.240274116979807 3.5
7.651914237461632 2.667406074990562 3.5
9.098455929881792 9.562290630341174 3.5
8.90638641335914 9.512193404591763 3.5
8.168451372473001 3.726982376430595 3.5
9.596172146359844 9.376789653707579 3.5
9.543813788599751 9.199545691136521 3.5
9.639130425042939 9.566340150274495 3.5
9.29342608679686 8.341848962545811 3.5
9.584282377005067 8.647170111746734 3.5
9.532342187857711 8.807903805436052 3.5
1.908109541498835 0.2120947108826783 3.5
8.779333999749415 8.154389807632477 3.5
0.2452944773443178 0.3755963670534513 3.5
4.452646979812139 8.010707451964327 3.5
3.526394882424489 7.630054972698787 3.5
5.349382341505748 8.305904682399039 3.5
0.7638378418347279 0.5439111546003034 3.5
9.733734325131701 9.237894110109901 3.5
1.306859478304224 0.613332180341052 3.5
9.0999242391257 8.426945170964677 3.5
9.083966296336829 8.153637922268238 3.5
8.892362245324186 8.52477713018318 3.5
9.300414308580358 9.652840075604901 3.5
1.670558868142031 0.9795054592268431 3.5
9.201587886902605 5.405908090008299 3.5
1.507518819773826 0.314672795895413 3.5
8.378057701122227 8.338425004223268 3.5
7.92632014342378 8.787113191264812 3.5
8.426669801647806 9.045452476028689 3.5
8.529594014981932 9.206154867226655 3.5
8.335198484178704 9.221966980261804 3.5
8.448859048505449 9.382656695383151 3.5
8.250939889930889 9.427380455141094 3.5
8.018496320375915 9.230167979592858 3.5
8.265780537140484 8.661822873298714 3.5
8.075262484587501 9.657203197382351 3.5
8.176554781538831 8.87646997581343 3.5
8.48604158928382 8.570320392669062 3.5
8.638203622688154 9.360280338641559 3.5
8.571460703975641 9.523500241035261 3.5
7.620546012822416 9.149826568573138 3.5
8.351740967269475 9.573166763181453 3.5
9.82795162084129 9.647379315094781 3.5
9.644839857054107 9.793737301435346 3.5
0.1859118547781314 1.329797673299812 3.5
0.2765323570352248 1.141706052297228 3.5
0.3737849645978875 0.9851021185562724 3.5
0.313860746778151 0.8129087551404467 3.5
0.5004568756208976 0.8441944539633265 3.5
1.729081311316457 3.363273687646544 3.5
6.163107178869937 7.641335045361027 3.5
6.541041076735523 5.071499007883997 3.5
3.328437181453259 6.68644913628734 3.5
2.567375544952355 7.336174424264112 3.5
4.082028713610607 6.043889182436791 3.5
4.276545486890453 2.467110907327046 3.5
4.466623001418095 3.431764282967072 3.5
4.973976244501597 1.772795917709804 3.5
5.919306661333877 2.041993946577735 3.5
6.57544056968648 1.284122420550145 3.5
2.038952930060355 4.380900833209662 3.5
1.411282399772389 4.968739581434809 3.5
7.311193947916495 4.414663576118882 3.5
0.5339342330070256 1.782948394706946 3.5
8.494956550668157 0.8034401817842852 3.5
8.246876975655409 1.846871926910317 3.5
3.393731199102594 9.144544038017049 3.5
1.146092305032054 0.1645611309441676 3.5
9.148790229732548 3.440123330005281 3.5
0.7525000350468547 0.1759716902642508 3.5
0.8327761701346914 7.540243366198412 3.5
1.807297643240655 8.14853944238839 3.5
8.848610696504506 9.833389280146974 3.5
8.734908524309121 9.649772016327278 3.5
9.829758045946582 8.848560632509331 3.5
9.634492119064959 8.454222238939339 3.5
4.594091909991701 0.7953638971000714 3.5
8.236258961418454 4.779928054147674 3.5
9.240081544945232 9.835056697113144 3.5
0.8426138094326673 0.3436063793811958 3.5
8.259906429580235 9.052643428873749 3.5
5.482686483106162 9.229726194546505 3.5
8.427253349162983 7.971377097120168 3.5
8.558923316643451 8.202183103019294 3.5
1.853432568495525 0.7151391893812169 3.5
2.376467408228363 1.026161664721957 3.5
1.663630837722793 7.051322859995483 3.5
0.5743449247644237 1.025742638780609 3.5
9.186952659553668 1.48913036286485 3.5
1.478572519760521 9.181331233146876 3.5
9.841778291399002 9.841778291399002 3.5
2.879411199647213 8.294417238863041 3.5
1.653455476951148 0.2198426754123327 3.5
0.368749771944784 1.828524225351265 3.5
1.348503430190522 0.4108068077139758 3.5
8.371320298970984 5.786116548528614 3.5
4.003949077253669 1.522350333011622 3.5
9.676871992425905 8.937276679938019 3.5
9.349492746087025 6.32177307302269 3.5
0.7597251184734872 1.316585441611476 3.5
1.726227837658479 1.756156755854379 3.5
1.668487109423348 1.211258395935479 3.5
1.502191075281651 1.30299504276914 3.5
1.356249841611485 2.091925741593027 3.5
1.077123984146245 1.971370139136611 3.5
1.219892981971215 1.857770805892833 3.5
1.24106819499466 1.661102579041307 3.5
1.360762777149599 1.742869227371677 3.5
1.382870073817809 1.561688021992719 3.5
1.225371967177044 1.458108144745347 3.5
2.054506454406544 1.438085931472363 3.5
1.909947607412066 1.115850966363264 3.5
1.823929573161692 1.340253973443292 3.5
1.664720693368192 1.407224982404736 3.5
1.831363347313001 1.539797525133813 3.5
8.922261192291126 8.327517065231302 3.5
8.753493201426092 8.36709642065297 3.5
0.3595441158891617 0.5181607840879621 3.5
8.714538470875754 9.180311618332308 3.5
8.854615898655696 9.326094112726254 3.5
0.6198598852188262 0.6949213386095915 3.5
8.96313524590899 9.686119873130128 3.5
0.4384276135093129 0.6759342122878442 3.5
1.526065007985077 5.990622035118058 3.5
1.519410394087573 1.676587677686256 3.5
1.051566247355842 0.3206372958662305 3.5
0.2149452646251647 1.967668706977318 3.5
0.143930704772675 0.7572198404846744 3.5
0.8033655552599998 2.131328700575442 3.5
0.5060790265328545 1.991140498348735 3.5
0.9782608501093413 2.690468835818404 3.5
0.6867181937483937 1.887060666508428 3.5
6.412031766875567 8.622261179312664 3.5
1.193728563470081 0.7547956582898694 3.5
8.932361902253827 8.696306877393964 3.5
8.598639912796646 8.711592786923859 3.5
8.666657519404145 8.539500209676957 3.5
8.588280682835675 8.378015115667987 3.5
1.520488834458959 0.1453476159513805 3.5
9.492472399206537 9.669992135511198 3.5
0.7005840600555651 4.563222970586462 3.5
7.34849750464477 8.711028223896712 3.5
8.344009224568575 8.873807534597724 3.5
3.14290989105744 1.287629735418472 3.5
1.350022974430113 1.189919790090232 3.5
0.7367561342673695 5.537573435385168 3.5
9.683881564597485 8.776293934651363 3.5
9.488422168656685 9.00642127357753 3.5
9.339305643008503 9.163400985691055 3.5
9.339305643008519 8.836599014308927 3.5
1.652045997641266 1.568137829827323 3.5
8.41970894777738 9.855229585550905 3.5
7.259313619101032 1.731540043786404 3.5
8.490109413683722 9.691112012885348 3.5
8.745364031792999 9.487692138539757 3.5
1.074932214553992 1.367078424424076 3.5
0.5656660154187764 1.227411861388128 3.5
3.776592069567601 8.428688199355662 3.5
0.7740625311575295 0.7219158730414859 3.5
7.068183715095515 9.418749893282307 3.5
1.219249416382984 0.3070866819480185 3.5
9.678561900120554 9.1027409078402 3.5
1.4834702854802 1.869261202726474 3.5
9.280472839466601 0.7195271605334046 3.5
0.7195271605334026 9.280472839466603 3.5
0.4312565991676738 2.909468225139432 3.5
2.895971820708742 0.5568839666662009 3.5
8.44231670601093 8.7386433838623 3.5
1.334850931885341 4.05737845492549 3.5
0.9333380752328879 1.468190631901475 3.5
1.096814257531251 2.291658164448893 3.5
9.145453801628639 9.716445151564237 3.5
1.518507715779085 1.460922208057429 3.5
0.437729454008066 1.132294127057934 3.5
8.474993963660275 2.821044584816378 3.5
9.887846516630404 9.242456348466556 3.5
0.2896502827910513 0.6622446461120868 3.5
6.561454427871585 0.5553355733580074 3.5
8.674722934155277 8.268319526606952 3.5
1.976132192314386 1.744888225329914 3.5
1.756330677511648 1.999190840929098 3.5
0.1800271989453284 0.1776690181056073 3.5
1.359141813924363 1.360926783318714 3.5
0.1179949273568983 1.149244763627516 3.5
2 34 0 26
2739
2740
2741
2742
2743
2744
2745
2746
2747
2748
2749
2750
2751
2752
2753
2754
2755
2756
2757
2758
2759
2760
2761
2762
2763
2764
9.045139108509604 10 3.32975804594651
9.4057468264268 10 3.166790130279317
8.654774529999289 10 3.317945224511244
8.240127211154306 10 3.248427266329826
9.791761889827628 10 3.253658753639994
8.848664472185135 10 3.174063954783271
3.440123330005281 10 3.25
5.405908090008298 10 3.25
1.474338570002263 10 3.25
0.4914461900007543 10 3.25
2.457230950003772 10 3.25
4.423015710006789 10 3.25
9.591392562258383 10 3.186864653985852
6.327834986850375 10 3.25
9.269055791496054 10 3.332758029370972
7.973771834666192 10 3.25
7.623273466792341 10 3.25
9.217695024617335 10 3.159534612188947
8.849139875142527 10 3.364353445048205
9.463384027799478 10 3.339563766624459
9.040355364466256 10 3.132671322583746
9.624314442215185 10 3.356017434850061
8.659000375066446 10 3.128513538594294
8.413480738967085 10 3.343386200903605
7.066709813358851 10 3.25
8.442047708123187 10 3.173045371723161
2 35 0 26
2765
2766
2767
2768
2769
2770
2771
2772
2773
2774
2775
2776
2777
2778
2779
2780
2781
2782
2783
2784
2785
2786
2787
2788
2789
2790
10 9.045139108509604 3.32975804594651
10 9.43829606051021 3.17024195405349
10 8.654774529999287 3.317945224511244
10 8.240127211154308 3.248427266329826
10 9.791988432758433 3.245941699376871
10 9.608472812856318 3.321435799302901
10 8.848664472185135 3.174063954783271
10 2.457230950003772 3.25
10 5.405908090008298 3.25
10 4.423015710006789 3.25
10 0.4914461900007543 3.25
10 1.474338570002263 3.25
10 3.440123330005281 3.25
10 6.327834986850375 3.25
10 9.274480663843288 3.333333333333334
10 7.973771834666192 3.25
10 7.623273466792341 3.25
10 9.214415018398753 3.163927346574687
10 9.039699363222541 3.133549869460894
10 8.849139875142527 3.364353445048205
10 9.439568331646047 3.365002217337945
10 9.622758207463079 3.147523890546652
10 8.659000375066446 3.128513538594294
10 8.413480738967083 3.343386200903605
10 7.066709813358852 3.25
10 8.442047708123189 3.173045371723162
2 36 0 16
2791
2792
2793
2794
2795
2796
2797
2798
2799
2800
2801
2802
2803
2804
2805
2806
0.8520833333333329 1.13461299982625 3.25
0.8470643277629738 0.8711175723482487 3.250361588409024
1.118079721617245 0.8385776367946685 3.172211767605399
1.122777857564142 1.157878426936549 3.185651229611674
1.199902982912898 0.9937712422967799 3.311470893438067
0.9577188539891596 0.804520321536969 3.341916655758881
0.9515991688507014 0.805944957437182 3.158978945810874
0.955495813208737 1.194985582436365 3.13704062000837
0.9949447756339654 1.199936101558996 3.361987935001173
1.129739461443348 0.8477906962620547 3.330806899915722
1.199889409221141 0.9933498811120814 3.15205591649812
1.151910172911007 1.130089582081533 3.330169416479694
0.8369922558932996 0.8841187014171635 3.119943885328222
0.8378260901871966 1.11704538852953 3.379377943423134
0.8378260901871967 1.11704538852953 3.120622056576865
0.8378260901871963 0.8829546114704701 3.379377943423134
2 37 0 16
2807
2808
2809
2810
2811
2812
2813
2814
2815
2816
2817
2818
2819
2820
2821
2822
8.844737928380246 8.873929824635869 3.25732636958561
8.852083333333333 9.134612999826251 3.25
9.122448627764728 8.841866089789271 3.314539695430797
9.124522500047114 9.156506060528072 3.322451707700625
9.199318302228351 9.01649892108011 3.189596721918976
8.95787695984704 9.195513808945231 3.157853572548834
8.955495813208739 8.805014417563635 3.36295937999163
8.993990922957513 8.800090292899275 3.138725456490679
8.95305848480395 9.194413204672674 3.347123115697096
9.124697960371748 9.156366296493605 3.148991024170905
9.199999999999999 9 3.351008975829095
9.151347577397848 8.869256316344527 3.160621780344515
8.837826090187196 8.882954611470469 3.120622056576866
8.836992255893254 9.115881298582773 3.380056114671769
8.837826090187198 9.117045388529531 3.120622056576865
8.837826090187196 8.882954611470469 3.379377943423135
2 38 0 1
2823
1 0.9999999999999998 3.5
3 1 0 742
2824
2825
2826
2827
2828
2829
2830
2831
2832
2833
2834
2835
2836
2837
2838
2839
2840
2841
2842
2843
2844
2845
2846
2847
2848
2849
2850
2851
2852
2853
2854
2855
2856
2857
2858
2859
2860
2861
2862
2863
2864
2865
2866
2867
2868
2869
2870
2871
2872
2873
2874
2875
2876
2877
2878
2879
2880
2881
2882
2883
2884
2885
2886
2887
2888
2889
2890
2891
2892
2893
2894
2895
2896
2897
2898
2899
2900
2901
2902
2903
2904
2905
2906
2907
2908
2909
2910
2911
2912
2913
2914
2915
2916
2917
2918
2919
2920
2921
2922
2923
2924
2925
2926
2927
2928
2929
2930
2931
2932
2933
2934
2935
2936
2937
2938
2939
2940
2941
2942
2943
2944
2945
2946
2947
2948
2949
2950
2951
2952
2953
2954
2955
2956
2957
2958
2959
2960
2961
2962
2963
2964
2965
2966
2967
2968
2969
2970
2971
2972
2973
2974
2975
2976
2977
2978
2979
2980
2981
2982
2983
2984
2985
2986
2987
2988
2989
2990
2991
2992
2993
2994
2995
2996
2997
2998
2999
3000
3001
3002
3003
3004
3005
3006
3007
3008
3009
3010
3011
3012
3013
3014
3015
3016
3017
3018
3019
3020
3021
3022
3023
3024
3025
3026
3027
3028
3029
3030
3031
3032
3033
3034
3035
3036
3037
3038
3039
3040
3041
3042
3043
3044
3045
3046
3047
3048
3049
3050
3051
3052
3053
3054
3055
3056
3057
3058
3059
3060
3061
3062
3063
3064
3065
3066
3067
3068
3069
3070
3071
3072
3073
3074
3075
3076
3077
3078
3079
3080
3081
3082
3083
3084
3085
3086
3087
3088
3089
3090
3091
3092
3093
3094
3095
3096
3097
3098
3099
3100
3101
3102
3103
3104
3105
3106
3107
3108
3109
3110
3111
3112
3113
3114
3115
3116
3117
3118
3119
3120
3121
3122
3123
3124
3125
3126
3127
3128
3129
3130
3131
3132
3133
3134
3135
3136
3137
3138
3139
3140
3141
3142
3143
3144
3145
3146
3147
3148
3149
3150
3151
3152
3153
3154
3155
3156
3157
3158
3159
3160
3161
3162
3163
3164
3165
3166
3167
3168
3169
3170
3171
3172
3173
3174
3175
3176
3177
3178
3179
3180
3181
3182
3183
3184
3185
3186
3187
3188
3189
3190
3191
3192
3193
3194
3195
3196
3197
3198
3199
3200
3201
3202
3203
3204
3205
3206
3207
3208
3209
3210
3211
3212
3213
3214
3215
3216
3217
3218
3219
3220
3221
3222
3223
3224
3225
3226
3227
3228
3229
3230
3231
3232
3233
3234
3235
3236
3237
3238
3239
3240
3241
3242
3243
3244
3245
3246
3247
3248
3249
3250
3251
3252
3253
3254
3255
3256
3257
3258
3259
3260
3261
3262
3263
3264
3265
3266
3267
3268
3269
3270
3271
3272
3273
3274
3275
3276
3277
3278
3279
3280
3281
3282
3283
3284
3285
3286
3287
3288
3289
3290
3291
3292
3293
3294
3295
3296
3297
3298
3299
3300
3301
3302
3303
3304
3305
3306
3307
3308
3309
3310
3311
3312
3313
3314
3315
3316
3317
3318
3319
3320
3321
3322
3323
3324
3325
3326
3327
3328
3329
3330
3331
3332
3333
3334
3335
3336
3337
3338
3339
3340
3341
3342
3343
3344
3345
3346
3347
3348
3349
3350
3351
3352
3353
3354
3355
3356
3357
3358
3359
3360
3361
3362
3363
3364
3365
3366
3367
3368
3369
3370
3371
3372
3373
3374
3375
3376
3377
3378
3379
3380
3381
3382
3383
3384
3385
3386
3387
3388
3389
3390
3391
3392
3393
3394
3395
3396
3397
3398
3399
3400
3401
3402
3403
3404
3405
3406
3407
3408
3409
3410
3411
3412
3413
3414
3415
3416
3417
3418
3419
3420
3421
3422
3423
3424
3425
3426
3427
3428
3429
3430
3431
3432
3433
3434
3435
3436
3437
3438
3439
3440
3441
3442
3443
3444
3445
3446
3447
3448
3449
3450
3451
3452
3453
3454
3455
3456
3457
3458
3459
3460
3461
3462
3463
3464
3465
3466
3467
3468
3469
3470
3471
3472
3473
3474
3475
3476
3477
3478
3479
3480
3481
3482
3483
3484
3485
3486
3487
3488
3489
3490
3491
3492
3493
3494
3495
3496
3497
3498
3499
3500
3501
3502
3503
3504
3505
3506
3507
3508
3509
3510
3511
3512
3513
3514
3515
3516
3517
3518
3519
3520
3521
3522
3523
3524
3525
3526
3527
3528
3529
3530
3531
3532
3533
3534
3535
3536
3537
3538
3539
3540
3541
3542
3543
3544
3545
3546
3547
3548
3549
3550
3551
3552
3553
3554
3555
3556
3557
3558
3559
3560
3561
3562
3563
3564
3565
4.05849859262069 8.007964516184723 0.8115819550391838
7.00915600231856 5.236514614299931 0.7499999999999989
1.634862417717979 1.682454559318046 0.7500000000000013
8.770724312079254 8.272558986738321 0.9165468170683684
8.253138284926877 8.638633359569322 0.749999999981158
8.208721908598379 9.300319805134871 0.65625
0.7872826507970943 1.895195850387815 0.7499999999996233
1.82785655330539 0.9412705320538332 0.6394244640633503
9.417933318059299 8.36314964108878 0.8461985389285043
1.526737186264814 0.523798116207383 0.740967471446963
9.485374948211017 9.485993753075498 0.8494055861866273
1.18430741516738 1.682190647517764 0.5078889248094273
1.364637794185931 2.40064252796278 0.7118055114615363
9.055165009193088 8.295683853491248 0.4925130625001966
8.578461420659377 8.391680160934985 0.4860252490511832
1.588227770382271 1.308937642056367 0.4645013669484463
1.603733899626779 1.291502238874862 1.029420218812582
0.51586044810749 1.52661365451153 0.5115184036662217
1.158884370885729 1.681343428557225 1.007228784158973
2.233190408482629 1.417699286568265 0.8611678878349048
0.5579973448410198 1.536986242038185 1.006056015413427
9.536755773129537 8.607985914120938 0.4646199018980148
0.4542598387577155 0.4651887652688494 1.033796700631763
0.4451844647305824 0.725283805477542 0.5624826162039148
0.4205614046839208 1.168368740344975 0.84375
8.343875265980234 8.979598310625201 1.0494676057646
8.487883651047122 9.438220213713416 1.023406435875334
1.650551234713584 0.8384884658922397 1.046491332237049
0.7819613313867707 0.432632239205557 0.7463262810563432
9.562739489599879 9.300216268587688 0.4481780852780824
8.132992912843207 7.917637147325178 0.8284711587203928
9.236911199159609 9.581400701108937 0.4239570624265475
8.84309735003675 9.579502258994891 0.8205072968524677
9.57534256608001 8.760266742956473 0.9368978136237441
1.185866763463177 0.412415387904866 0.5151463029402731
0.4062665593792239 1.134342261566132 0.416939675883184
1.211602378844966 0.4189982453789716 1.017143380629696
7.72394609810463 8.963122603656631 0.8984748720161687
8.378455557561137 8.946172327046309 0.46875
8.552667124998026 9.541653065857711 0.4621115378708536
0.4219766412416276 0.8608969565326882 1.1047490724153
9.161150500784158 9.589247768327589 1.086357175909185
8.54185357672131 8.646142295880495 1.116165992466453
9.587132419427057 9.15175320513656 1.072192311826611
1.551051871749924 0.7539170556708008 0.4037349493511919
1.551290069626857 0.3634794366455257 0.3853338563096561
1.875873041987627 0.5521590825078623 0.537486716810983
9.62613267923777 8.954828712489821 0.6077477721677166
0.8239201772670499 1.713575664864756 0.3707869560951625
1.041686875780524 2.112709913656487 0.4355341045987463
1.506990726463126 2.023868970610791 0.4473054644190353
1.274567441835179 2.016945984041242 0.800019578511841
9.182382597283448 7.665600514321489 0.8515368710178035
9.58195105290708 9.644161048279688 0.34680077790629
1.642952789656975 1.67510828673591 0.3673960378375234
1.585495702509548 0.4608593708263939 1.121898335110652
2.218182722843198 0.6841951881495159 0.9996516514094528
0.7494172056982438 0.3771546074943652 0.3693617181717058
0.4609550678542225 1.969519151743154 0.448006660158397
0.6288350305617574 2.564681862281502 0.7495278989872485
1.525709847801041 1.656810813271653 1.116905948168266
0.9853503303883777 2.065133301110437 1.091069594140314
0.8418798585855676 0.4589606454482918 1.12914963725743
1.345551617251314 1.981179384292353 1.120993473527307
0.6419550312896583 1.94790110685503 1.089572988677966
0.4223941313409501 1.839227978769787 0.7961824850222132
9.33760343475458 8.567463168049697 1.142356166539096
1.850097914539081 0.5727888390255393 0.8993802168474926
8.873229133592837 9.649593185774721 0.3446579561961335
0.3878886979809734 0.4303468541158159 0.3539154727602512
0.8900203135385008 1.528799580988433 0.700538742162247
9.068715237516843 8.451760216687839 0.8181626772539794
1.349869648595051 1.42663228184921 0.7403499085589113
8.80817335980297 9.48599309806883 1.155827000561221
8.610163805552029 8.613013380487287 0.7660005857611474
8.40553586895 8.295125968206973 0.811206088303845
8.498738775745498 9.169483244785086 0.8004845026571346
1.535444223150864 1.103284490336261 0.7425442993645411
1.860665196313218 1.314097275286877 0.7401239295416217
1.844285883109338 1.550510429636353 1.003665818652343
0.9667928379878343 2.194603449324498 0.7669562905081915
8.56881833511979 8.697176211239769 0.3379908811914663
0.845567765918493 1.661524242668653 1.157411423566252
0.3599494558819432 1.185273118223848 1.175605998311933
0.4418389697607505 0.4061794336923504 0.6939602836931443
9.169122685753944 9.660682324839005 0.7508437089664345
8.184451189729556 8.972717511493048 0.7480199707699972
8.85529761790785 8.525718881983428 0.3550505605263071
9.588066260985032 9.649668856245995 1.153350148160156
1.301904584359272 1.422797485049341 0.3268047071759087
0.727325421084457 2.147015340583712 0.5403097557203419
0.6314457536668561 2.185353717322421 0.8783893443282373
9.504219247317842 8.893616736371216 0.3124894541437601
8.50419166322178 8.291303982572071 1.15646724440161
9.688237453799191 9.237198384030433 0.7688458040997781
8.972771549445039 8.436068923522159 1.16266239380927
8.266130134026803 8.485037393047369 1.039889334194249
8.051114548398369 8.772783424056062 1.016059248091986
0.5741765470602602 0.7116673361772894 0.8599957955816745
8.539895597175381 9.220792833179145 0.3422778438788146
9.236768574228005 8.530291879316954 0.3350205060386069
9.440525221475758 8.228971846355556 0.4793014736823236
9.397272053305713 9.389674726888311 1.182670628256118
9.356566993555701 8.654932287224424 0.7264705625250121
9.658184261051611 8.455256519440931 1.077270666006591
2.132880107356508 2.031466562496102 0.5623715305681611
8.519560581069216 9.6644837781965 0.7748412323127833
8.550877614805156 9.179311405797277 1.188445359985042
1.317693273189859 1.398457372855619 1.16894301785188
0.3035298732151783 0.8732475041846969 0.8077029885128751
8.056265449381696 9.313996022183144 1.062196754077591
8.205050975761804 9.566359622391992 0.8747225676586023
9.478151364948047 8.890293728853434 1.203683911867009
0.6203378333218623 0.6570854801500429 0.3113737357628855
1.975187831557281 1.102735488940735 1.084950360266636
1.396679002868648 0.6680084633487031 0.9850525245826259
1.372884892760643 1.795593395949004 0.2987326656375477
7.432715556618781 4.069147442793563 0.7499999999999897
9.447957587811644 9.690938647297198 0.6212427100468572
0.3248564285202657 1.478676861226305 0.7779709871270968
0.2982644032616997 0.7140110890630978 0.2980939275109318
9.697942925519179 9.510940787277603 0.6277597624934828
1.810743445687334 2.028494754024472 1.027094344207164
0.6289647352612115 1.375751160971988 0.7542183458652503
8.189685140631918 9.202204845228982 0.3193053952462679
8.160624454699068 9.597772896737457 0.3890568706281599
7.704877113369413 9.34159575672293 0.4894020482405657
1.060467141418497 0.3060531629982595 0.7746712495175863
1.29380338595884 0.2837608689429189 0.2790232828862956
1.290476906695418 0.6173767137244266 0.3086922995115442
8.624929210317063 9.707696296764519 1.056887217177319
1.503936895862592 1.049637969902191 0.3079842739561046
8.712038703009011 7.827142925659899 0.5448412435294954
0.6293388951162495 0.6622363388145057 1.199519642203044
9.680037522717136 8.523038112972573 0.7425696932498331
1.076874590478939 1.853901524666279 0.2837936935653412
1.458941322660229 0.8147753856272956 0.6866283868458558
1.486968105386837 1.056435021802638 1.195218341048979
8.468262823627803 8.876294355125774 0.7460621448907321
8.991517533422448 9.496775226555798 0.5736794288756745
9.265807662537494 8.19435668157965 1.150832167233476
9.161647077341385 8.073780224725954 0.7949442838890999
1.917695300932756 0.8638911082838993 0.9141411300579887
9.337439822067742 9.318705283509178 0.6472571076003075
8.826891487846604 8.44828930491305 0.6424122474148268
9.713776056288195 8.711962258403219 1.212988774119763
0.3086711301199789 1.412001115802607 0.3026924006856846
0.3834270033651693 1.709808336044686 0.3037210731931366
0.6016978359551548 1.332121412898994 0.2944515003699841
0.6226937631958727 1.327736952849008 1.212799829627522
9.714705429562844 9.415017865895457 1.023534078761882
1.219428747088835 0.5757789258976209 0.7629848448371711
0.3128139579883789 1.751862716187525 1.119487090246503
0.5301864729937504 0.9819845907386549 0.65625
9.725398888525593 8.714683705469836 0.276917526915707
1.821886847840906 0.9306112752741266 0.3000527234120409
1.967410845042936 1.290381372194074 0.3625516859446373
9.324525947890297 9.340405983553367 0.2834337753685255
9.458146864556022 9.015340887660935 0.8435922575244477
0.27931154423093 1.686975614048045 0.576798956966826
1.346098547420094 1.715994246279146 0.784807518007417
1.500733989825463 1.966911076131397 0.9100731239305063
7.991824804917975 8.757098911689152 0.4264180694701973
8.12583942555033 8.316987943340887 0.4460552230479389
7.865786223371675 8.393133462346487 0.8232099826028959
8.274756633474956 8.602529464064336 0.4303335790045872
7.979557244126923 8.762639689572101 0.7452994206723846
1.05442473419094 1.777021815286914 0.751754899818899
8.637870715824022 9.407344826396793 0.7061229604185444
1.813285022516429 1.487737383821411 0.5112019173963089
8.836724867985254 8.574164126614701 0.945095714403871
8.2436117556726 9.561342174300449 1.195613331829373
0.6126114642452059 0.2873152219487733 1.214200666595432
1.014173832473257 1.497374993200629 0.2872754832156482
9.714487066521009 9.099990552596839 0.2930565852758646
0.9796700612587504 0.2427334573855608 0.3225722044279702
1.740198709889489 0.5645771420917377 0.2722418781655214
1.440724274549674 0.2756218828885585 0.8864129842306625
8.553705798914702 8.902773630712835 1.224809233223285
8.914573636847363 9.731263993950769 1.052789577793868
0.3583989723274069 0.6267384956299393 1.235473699206388
8.763859900976119 8.278033055370191 1.241540346608446
8.95854131100729 8.016394948758448 1.087443919547195
8.660681544510355 8.0474023514218 1.080630342237739
0.5369290346967259 0.9269855657453623 0.2706909435129686
4.61055631631591 9.02184123834642 0.7500000000000148
0.9288146097215676 0.5346651909233677 0.5246626261752408
9.366787237499874 9.726686234587238 0.9450494677744727
8.723420239489945 9.422480310663175 0.2728472586606842
2.294345787489781 0.8337406112306729 0.4646903158262699
0.6349107396593028 1.657624813499496 0.7320674409527226
8.366873892149679 9.437935272100043 0.269465564296995
0.2817339356553211 1.450805883838464 1.069824787772309
8.078192497870887 9.051109544800308 0.9953857297490643
1.769476913855702 1.100278465659813 0.8955564750085026
2.043749176089581 1.099668575404793 0.8040922282776536
8.315239261769211 9.555881475699401 0.618084564823698
8.017951101434571 9.53078037254051 0.6436555922873204
7.903028170478019 9.248955850067139 0.7871000109242885
7.968999647692096 9.069519190538696 0.5213962027870467
8.706389386310088 8.323863285649731 0.2603747056533209
1.373930110614822 0.2817912203815148 1.220584557549748
9.278356130395153 8.413928525139713 0.6103545194114435
1.051292476589971 0.2750874141004365 1.212662901181137
1.295071692004129 1.739454932240777 1.235759293557847
1.244444566153583 0.6162393673811947 1.221212156414596
0.6927391208448876 1.99128513284407 0.2763796097355774
8.790062735617591 8.211623911901274 0.5008231198385544
1.079192748762104 1.528281903736533 1.223999490520092
0.9607614201907103 1.482186830240258 0.9708406116378782
1.837224877507134 1.334601057797413 1.205031786392284
1.44734343382024 1.605051952516599 0.55141128488758
8.737931131976843 9.725998900899551 0.5913856406818833
9.616148160261746 7.931734751855709 0.8074971757540413
9.728505702156728 8.988172393700133 0.8986470205490033
0.7965398007020175 1.45018828619276 0.4519570791413157
9.218285873910718 9.41887523524314 0.8759845125658829
9.73687346839912 8.986299479352175 1.234912053391902
8.284243172484963 8.733417076151426 1.156422933731523
9.051205389287354 9.456403956673908 0.2652217289681034
0.981296525673313 0.533934330100668 0.9051660530221078
8.775604902630938 8.601822682228995 1.244208159350249
0.5517437926099901 1.683142179460492 1.240894316545853
8.54007361963868 8.965876092379819 0.2534095329035164
1.416725441308858 0.3072002958440357 0.6162140095861108
1.714361212466211 0.3195685109542236 0.6311871736289413
1.71719774938747 0.3244291530064836 0.9131497897537835
1.249751494677955 1.946409160021289 0.4934621291540257
1.028097368770048 0.5393991213651221 0.2660918442188875
1.426193846057972 0.9365402304052849 0.9277655383770119
0.3254715323385541 0.6042394314721473 0.8390906431693771
0.6985790938377234 0.6468250933413058 0.6067187389185855
8.61630250806077 9.727125179863117 0.2604638863635301
8.308679822828189 9.23940025205545 0.9806524719153277
0.7240940865334935 0.2740933375879787 0.9632930982875934
8.061930583820313 8.540036972288425 0.5856017082063475
1.615318637814428 1.415887643410151 0.7897997571659419
1.735060623352661 1.1847584833115 0.2754070653549401
1.449186060434622 0.7909620598678394 1.218673934833872
0.6006937608963318 1.140880988172564 1.03125
1.723783589809381 0.7015325115304025 0.700592056416273
9.056439218749338 8.247110265182776 0.991389822490176
9.339019986727422 9.739299599189987 1.238557238641395
9.105675248044093 9.740273692045193 0.2595226966728097
8.943282385813333 8.210635583343315 0.7208728215478576
8.812297552325257 8.007046098725894 0.8535118969125894
8.623255511971809 8.153992881180283 0.7142884291907218
8.390986960423421 8.200145012227326 0.5629637055609412
0.8896215975901806 0.2637100819064342 0.567922528210684
9.046553312992076 9.753846928804814 0.5207451960398021
0.2454785203925982 0.9749830089104807 0.2748696403133975
9.746215878777548 9.369759245606623 0.2568934020485637
1.744908624527491 1.581334340084839 1.249789590832668
7.916614725288235 9.455603843549587 0.8346990086560914
0.9441564129689551 1.885579146128076 0.5348931794756945
1.038060483957262 1.840319700670342 1.242580229085307
9.749834808195923 8.720711309129841 0.5781165695518519
2.140108986027501 0.2466472203625751 0.8126183842824298
0.9197484617028971 1.836901501367878 0.9725006392487094
1.690132568749693 1.778863854279405 1.007636480351966
1.743897912593816 1.453018802993253 0.2533062145956652
0.2705426538199185 0.934249299975289 0.5436751794613237
1.98607357941298 0.7359419167307226 0.6927946581053398
8.016429026404031 9.325846715488568 0.476385888115707
0.6169896171275785 1.5939206099236 0.2564091032584374
8.208725063521459 9.143364041074145 1.203033835585584
0.3333190398781769 1.344545489437621 0.5539080048041669
7.908317619244269 9.578872765034165 1.218492140887197
8.440842780531405 8.46368493329744 0.254030080785859
8.461550608693893 8.181308151065325 0.2652826290209443
0.5614618835058354 2.018667082538044 0.7075439796497069
1.802441536870679 1.175120264488757 0.5277722625516998
2.075847942938276 1.050867187848637 0.5089077910927864
8.56279047415935 9.095624860398976 0.5641426099897051
8.579375670530879 8.442651229341891 0.9594251207709686
0.5412133560970187 0.2551965359427691 0.4923023702315512
9.060723091665356 9.752069220090021 1.261475466306841
9.434543373399098 9.077107618295134 0.4823617828808757
8.292936301990784 8.421160966558812 0.6146502676157243
1.369301619070405 0.6108536873623326 0.5550291044352298
2.033335610152557 1.607385023378994 0.295270662421677
2.493830241763384 1.360699426226761 0.3969312480647336
8.334686459612314 8.793742091618272 0.2542718762687673
8.148898171877132 8.947936365577586 0.3484712473489369
0.6546372422051058 1.821452324911662 0.5333449908826683
1.357906590701712 1.268563322405033 0.9469925684178137
8.677010792510275 9.295368747175706 0.9311170808996917
9.41128517991989 8.827959897965703 0.5436176709966185
8.444325353760531 9.327807888243592 0.5560821523984729
8.588810184815305 8.85599847248743 0.9734007795132193
1.342039530552897 1.273021122938245 0.5331105225421487
1.86628051004399 1.570834883163052 0.748482075773689
1.894673731222057 1.746517080501126 0.5228179279495001
1.92533199740392 0.3886876972837432 1.19297063130352
1.898154760739242 0.7010889880307456 1.181675045374575
8.502260197726869 9.574451429093376 1.249763384539351
9.057159893568658 8.545277913781048 0.5678934592623501
1.596971020993498 0.9701336403117341 0.5327873081881036
8.980711632200361 9.426077096283597 0.9745717822614125
0.2517970013531711 1.044323744069548 0.9911384737291856
0.3296924105698948 0.3089509414372869 1.236479563156849
9.407673888275198 9.253450028581737 0.9213746292584484
9.335830320695617 8.731823317563705 0.2326853136028467
9.467984763421235 9.134526481317247 0.2357300938666748
0.8648781950161285 1.395726468641576 1.228480235231761
8.601192696355216 8.849347948152642 0.5349102598458303
9.75626718967996 9.161015182336735 0.5361660470446148
8.129137982159515 7.920164713186153 0.2969916329555825
1.080747927235479 1.438959628687488 0.538193380532682
9.350321419477616 9.766900605304464 0.3013327264683999
8.363555709132074 9.34195950309476 1.259789691402537
1.731056866683572 1.110351319164762 1.152909295906549
1.696816877515177 1.85951467947128 1.261067535383538
1.947237133775358 1.774217668998084 1.162272656608747
1.127317520628553 1.537355064731609 0.7883376327678387
0.5550482524341478 0.275175337257462 0.2372894531421824
1.494385373247525 1.86295444228739 0.6420324836303091
1.473217567297738 2.124529844282345 0.6925594141970461
8.769371966898264 9.760647765845308 1.264793061478489
8.053161357558615 8.530744809617516 0.333771369121264
9.212106065014728 8.62587442609053 0.9313453883068222
0.6229414318773305 1.227289712067257 0.5359017707837528
1.80268126646949 0.3555884680526276 0.3981096075555628
1.362602582934807 1.539411417394035 0.9651501642065851
8.197307825225833 8.800456379837888 0.5650426103009121
7.935125002219811 9.001140577170192 0.7607943587022569
7.760336348509459 8.869086829338045 0.5664826799848746
1.552657205920459 1.37758748805317 1.262682147722366
8.368345694316892 9.755490630605697 0.9814053277094162
8.393619323556642 9.396808996275603 0.7950291044209747
9.030791348126026 8.204009141808946 1.236720444501617
0.2455291833918015 0.9699144780551761 1.256276399823577
9.743555068819752 9.274304963574142 1.241607963514148
0.5565543766565344 1.019320954372734 1.248166455545738
0.6935376455796549 1.738164294389515 0.9583356329228192
1.931415019916724 1.320722989869324 0.9768958599147992
1.486083155142459 1.284971058513157 0.2434708769884321
7.79397845954326 9.76197942742597 0.8251171146496389
1.153372443981959 1.92558904351599 0.9776907234966713
1.227349065146467 2.239527507480779 0.9679957755997537
8.388307996136881 9.673810078556906 0.3356375293062153
8.442215632929631 8.672121385215281 0.5964016317221587
9.234841583577801 7.757987430635909 0.2515043797613523
8.999632098661854 8.012806633255259 0.5173780767001779
9.263288902875932 8.001118499184974 0.5385156838949355
9.161891495877899 8.110615666898497 0.3089662405057066
8.930053753194896 8.20978635972765 0.2902709465817896
8.703977774032078 8.047517613341688 0.2931971122776735
8.948581850827816 7.944859514355997 0.2644484713624544
1.630767537994271 0.552821140461947 0.5202662212018396
0.5237998473964213 0.9486633877795739 0.8993622510413471
8.713350627989962 8.631365921570781 0.5250020068247396
0.4715731499104464 0.2411167937897465 0.8968034546876644
8.390942277970261 8.716581664587963 0.9367289464969759
0.2118191712069327 0.3569901038604015 0.9272897153450773
9.409531949089045 9.131563904672346 1.25570376016764
1.464203041480229 1.578847834917112 0.2303888276318458
1.968386990811944 0.8350607336309923 0.4703826179677835
9.715636416983571 8.361386318364978 0.4859277522387597
0.6799338720435713 0.513741996782236 0.9553171876489543
8.390980100648939 8.49773670333636 1.268375796631787
8.186676653364266 8.233226116597727 1.246006661770267
8.30026159145145 8.241278128088497 1.027438149417147
8.429989164495046 8.005908748390883 0.8915358235898694
8.390999202131859 8.019529533364363 1.205369485731902
8.634937118867981 7.485054402962421 0.9956155576268312
1.401175506311096 0.8420634564850399 0.2335922291383238
1.66018841808582 0.6698500359272106 1.221611145854814
1.761967673816351 0.8907224439631359 1.259684156453097
9.543542469045576 8.544045574926574 1.278307416353911
9.451985255086045 8.35225095324075 1.157990978437954
1.653643652160128 0.9040886370071549 0.8133570506513762
9.157757770038453 9.409079016469862 1.265707042602005
0.6284729166136052 0.8594000076176719 0.4786939697356271
0.2402579943930029 1.14574384619913 0.6726746731558532
9.770407882086415 8.903063048176206 0.4211472103290483
0.2217855315006388 0.7526832498672107 1.007680689462684
0.4358606668001408 1.896355497199725 1.274378512853236
0.3406556237687469 2.053037319160253 1.010130636188357
0.2182815620928922 1.272138821295982 0.9219820057532355
1.008628183226864 0.5696391628909594 1.27145355852
1.211057033890439 1.627549976655446 0.2370708355132923
8.455962834499793 9.740171709333529 0.5561413462185382
2.111852729125063 0.5713501199763487 0.2500679308517929
2.118350462863468 0.6286156694767988 0.5004497972704089
2.037551943608789 0.414088959298555 0.419787709193811
2.479536680296071 0.3872717546636589 0.4144510720201112
8.767067502471003 9.444433393999851 0.5075802277627341
0.9604119846479762 0.3017197964351564 0.9924555626941878
9.346573176470699 8.190170145885601 0.6963856212860601
9.585117532705947 8.27059858707255 0.6816606743528852
0.7386441378014611 1.361450339810306 0.9818138520488288
9.240606213311272 8.399325923827364 1.0025921281982
9.707917426505315 9.67492340084509 0.8858675384208281
1.923698006958231 0.7171584418011981 0.2677116725612653
2.110238947264892 0.9445708049518869 0.2348407548395841
0.6253843592495502 0.2556204028967673 0.7152985989429399
8.205352747003763 9.096904844674002 0.5323776599890733
7.9709229654506 8.504402397503544 1.298760929755086
9.779046032736975 8.770834004884797 0.8108003747121262
8.137520028149765 8.917993856637226 1.182577590603291
9.525248744506086 9.451857006419193 0.2163673375207507
1.623626227629014 0.6370340452460834 0.9249855164925299
0.2459820842663689 0.5526367129118499 0.5914130972187739
8.299074770694933 9.747574080513612 0.7555055080467001
9.777781978775746 9.517873434274019 1.237900373915206
1.607786163571837 1.902214437749085 0.2330637420600664
1.845200945014783 1.784261614593633 0.2352422356068478
9.195145647474558 8.403398700776046 1.233918108762236
8.959082453109442 9.770208231706478 0.740519118973732
0.5758345903948807 0.4879747524960167 0.4835904234477424
9.136742292832697 9.782217799409997 0.9514066249839385
9.527986540330216 8.588350323305145 0.2256738459915231
9.748123150289494 8.461165436018261 0.2527766731543956
9.542084187265587 8.377678344140941 0.3285281634901778
9.312739232752602 8.30264283129171 0.2829624982876123
9.737812908897936 8.168516360932081 0.2662877852418731
9.663669535904521 8.116479658063941 0.5001170087923235
9.498258527955439 8.151870694547171 0.2592205730126442
9.513581772076535 7.830323149629339 0.3812965831833246
9.334056910787202 8.160079036420475 0.9288579000134159
9.623915046951442 8.188837743072064 0.960306981146444
9.704185220666078 8.211195826981609 1.252786774523183
9.49858734795016 8.10838401915513 1.158962326626703
9.431995730035439 9.484539529526398 0.5109804803588449
0.3391183249398822 1.566738125447912 1.278193352005385
1.925732698121012 0.4340366026472882 0.215335936736819
0.795654462363116 1.442133231870666 0.215571443020112
0.5063867146614627 1.143588948472313 0.2147874836179241
8.598751066559135 8.385498749512898 0.7178840067409323
1.511535543146336 0.6078140084102744 0.2191660700897235
8.595217712838487 8.099568904776573 0.4955391754144508
8.447942424688136 7.944915858279724 0.703015833081283
8.269565839566951 8.152663855011337 0.7634370845356172
0.2207575227268164 1.184904674692926 0.199589306503708
9.039161168512834 8.595101266266344 0.2294786099794029
9.093088558363554 8.369826726464664 0.2478377760936119
8.71740567434626 9.312852196714999 1.284775091893337
0.8305150031679709 0.221200668017046 1.280611192619308
8.713569934292725 9.772744496700788 0.8497906621923138
1.36684154712703 1.782221105615771 1.005284285535079
9.249341138047752 8.664801432992748 0.5222436766972184
8.377311924284975 9.123442734589309 0.2111529228274798
9.437231767992706 8.575466466319552 0.9344088847746868
0.4650169738170749 1.325831843936792 1.006417554614267
2.165756237241499 1.341337774138099 1.206328077747294
8.340062227435512 8.970030354307813 1.279891050964402
9.789171979251627 9.202609627536019 0.9733006099401769
0.799541848465545 0.1966060005246592 0.2530168780524423
9.562242546579562 8.756907678252801 0.7068939829411469
1.177003153937224 1.405095164715421 0.9869401661528541
9.366908360065288 8.772395506968191 1.037836157630641
1.207739632437913 0.2118784502591584 0.6253819007577721
0.6322411066948584 1.15027290818202 0.7670657315661951
9.761655451244584 8.643898941225492 1.000096756380682
0.6442678358206101 0.8464594985020727 1.070564891279059
8.120358635887124 9.224104248018099 0.8524860538016269
8.148888874808621 9.709271856803268 0.5879083749286913
9.323089976719071 9.557813368682357 0.2139147106902077
1.220507160234551 0.2145842259537903 0.9121669412135642
8.233430138315853 9.389881728423497 0.4480116007641126
8.083451647080295 9.409565733474199 0.2616632720891265
2.061210118118166 0.9222703932920007 1.317034050845573
0.8348334344245367 1.913200298977469 1.169708676716074
9.27172380919464 9.787670975414951 0.5141252306006833
0.3717500326748071 1.642510467370379 0.9288045237552083
1.502388123818107 0.2291204632259036 0.2096628502125389
0.8416902757301523 0.6372478456004455 0.3446984107031884
9.77546840860912 8.372033117420141 0.9011247468161936
8.557358767198002 8.204560791869021 0.953568098415324
0.5706734471848538 1.816655426977238 0.224281585979958
0.3552193644579953 1.945296247980343 0.2217131976562543
0.207036069619015 1.841567680385347 0.4488462281784157
0.2662716581502736 2.042392167654077 0.6614624384731962
0.2408092400018947 0.5343702362283472 1.065247035334415
8.594353909278725 9.082707938358629 0.9874412981881021
9.172239791941681 9.378468182237858 0.5031365494666977
1.172766434350737 0.6420155080446439 1.007835977376941
9.248467408594635 7.803555931436015 1.305831336126266
1.763241400238044 0.7401638378382731 0.4811457508725162
0.4448859576177214 0.5795073774319588 0.1997848036839097
0.2254545952898835 0.5129827085625973 0.2140393676595072
0.8642113697360735 2.019230241015913 0.9154915362086066
9.758926451008781 9.753736182075075 1.290028047930976
9.322371444356181 8.74393488918567 1.289720984589005
2.006858529317081 1.252523074295021 0.5807023898915813
2.091771029526936 1.538689150031216 0.5579767814231689
1.39517284279022 0.9110817306272934 0.4497051953360273
9.496072850116898 9.163661534314279 0.6798082935510866
1.461372064301163 0.5702535179751083 1.281300699715975
0.7865547868571126 0.645466471110222 0.8111067205235903
8.835920955617365 9.360511030866922 0.7921274509928259
1.155768028138498 0.6336851162508886 0.4880955440525534
0.2372178866615904 0.2657259471600745 0.5412815234727671
8.754560228491949 8.669861945810592 0.2198807211030518
9.794788083674241 9.374800390230362 0.4767439935832676
9.091238668730711 8.613501082659129 1.264411555822423
1.067076505816125 2.036893659241955 0.644296712188609
0.9636576798019743 1.662968012064998 0.5376885022526838
8.45756935935923 9.792700211053472 1.190641514937228
8.612937764362782 8.446586164907844 1.283655179967998
0.2993156985503204 0.2454213424218024 0.7547966033006679
9.493578750144048 8.468164868724228 0.6330313491800558
0.9680582936183667 2.084001813347419 0.1840148021180044
0.8522867887271338 0.2234798938391191 0.7863769119838103
8.690753960662242 9.51420018060244 0.9689468124332938
9.788672579780524 9.430452893695545 0.8142758040453701
0.6172739012108198 1.934373599370462 0.8874707587383619
9.399077972718255 9.035599459502333 1.056222584668362
8.232125986386613 8.432096540653838 0.8274362186395581
8.135464480436779 8.296889538267182 0.7053669961939359
8.056083938394551 8.585151695253604 0.8708888255850989
8.152432573947797 8.104982004361069 0.5392361608226782
1.342227544408002 1.205029543797501 1.277491616994318
1.16021675535738 2.061457935461223 1.276495426315546
9.795126011445465 8.854353087586361 1.063050616324784
0.2425505419272402 1.356589593700151 1.277373256801553
9.541245533834127 9.809035034614649 0.2208408976996433
1.633380150982026 1.574346589240833 0.9425884380315918
8.80361535327296 9.807730631536785 0.232901557611167
0.7155691906591967 2.216281020161542 1.196859818478044
1.618742887911545 0.8768134183668848 0.2338596795675155
8.341338294864851 8.347823757192554 0.4127054236041442
1.415522450417053 1.560605466295732 1.281919826926933
9.795996816682647 9.67705472893662 1.087319003060508
8.943407366120741 9.409705225996543 1.310140900142193
9.161733373177842 8.056549296049598 1.015987593579234
8.750109441477179 8.441843944234749 1.096711952092502
8.931543606564111 8.609840944863308 0.7495038438881214
0.5235671152178296 0.4820205056626735 1.280888628170379
7.907433605917852 9.110172429548639 1.241833770798898
7.760877947297512 9.303383551931246 1.053654698487027
7.928155714250434 8.932913298788426 1.109213887805101
7.99039409080659 8.754729120177497 1.23230221886111
1.577971376940693 1.077002264220928 0.9978145458139658
0.8148522043507207 0.6516835293865982 1.303283954325641
8.373628126936833 9.054575334842337 0.664096398871486
0.7595637905589057 1.548993690874193 0.8734995160798233
0.6499730113965183 0.4708915613800793 0.194900906416436
8.823530840798306 8.047954368153126 0.6401544787092153
8.99634087852767 7.912306022869553 0.7341405079151414
9.564535501444485 9.482139305854419 1.302846388877537
1.208102648160986 0.4097511258165324 1.289130001291192
0.9592706677894891 1.689990227701976 0.2018693029082307
1.598120447141332 0.2943940997719877 1.285492799554723
1.573105522281123 0.2416912522713234 1.06681794036404
1.738046454070969 0.4696497613070825 1.286048083477361
0.6945785267012329 1.522329982135698 1.284304214225045
0.2013235334375154 1.20998893979388 0.4409033839266416
9.149412869266634 8.277282440949847 0.7182432472002381
1.294468919739285 2.152906240114779 0.2843278592359
1.270317028175391 0.3652894291093092 0.7648380620963974
9.153888181647897 7.85834884534229 0.5842326933061646
8.955102409427449 7.79846733545153 0.4432026057648256
1.896888719876479 1.058291284986829 1.281560483855136
9.355479996007809 9.523520626111864 1.018109035476883
9.332332065051665 9.527522762924065 0.7026123628193444
1.98273999560074 0.8895084949175494 1.118496352544233
9.47203453178979 8.030803102114678 0.6076989206416306
9.352260542271926 7.973216552135093 0.7882078749086694
9.376267971018441 7.942691036897283 1.029518557065454
8.124483727247064 9.346909135391051 1.30763916857828
8.424640274257646 8.528735871728829 0.8364285180568987
9.530522891605967 9.780873869341686 0.8060614393115275
9.803950740568824 9.031809347950476 0.7017205641890367
1.536122456760301 1.887036580341691 1.087068709109365
1.49733181897508 2.144340247518827 1.204259929829269
9.68941623243459 9.760116984280435 0.5534232657650084
9.797969037371276 9.601188879503331 0.4223596627567703
9.768785591457315 9.728571757029176 0.2194491335369486
1.349335557617996 1.211387567662704 0.7396558267401833
1.372343764632569 1.006359480813384 0.6411959147365672
0.6680613596674908 0.8397041580364644 0.7236548979113107
8.226230106590814 8.853470368519782 0.9216056068819487
9.246000066819153 9.302563925237319 1.055698357200008
0.4853812495846743 0.7875995184453695 1.294831988997111
1.169675845437305 1.359230671460829 1.312707959177236
8.450121998745075 8.729066397401178 1.288362951305527
9.542370097012711 9.372562281913417 0.6771414758875295
0.7527203527176572 1.632232589716835 0.5553545613156556
7.851977280027935 9.000927087719189 0.2569130243333346
7.945295738041199 9.202770709708215 0.2720539164731078
1.97209144222814 1.080325685164807 0.3246578939014411
2.175065799648651 1.219492672744927 0.2750154732868766
9.041755202689851 9.492130895379365 0.7810402156886541
9.781472562835049 8.912505293419866 0.2032022819897658
8.604329396622752 8.11377947912918 1.310204667362919
8.87939297866798 8.003772145033468 1.312637802349992
8.609103559727151 7.807970378380519 1.272625738425043
8.388402079238659 8.204388224636411 1.316064563789499
0.7470094135668298 2.297212424049612 0.2629860262000985
0.1928316164059019 1.790380255545739 0.2166830829769189
0.7347892492769758 1.776227842230883 1.299423618472088
0.8376164545095133 0.6412207947641069 1.019574518435317
1.615200337264249 1.480037311688735 0.5873602907928216
8.676605872745542 8.766436777070314 1.317153537267213
9.799718168811223 8.557886020071667 0.4415477963017331
0.4503420295613603 1.811599940156185 0.5890049660253537
8.092488782477856 9.529763985441777 1.050478217497439
8.675788794435759 8.826373330447906 0.7499999999924998
1.655920209375893 1.255385229094924 0.6578291420680489
0.7319569674321778 0.4370602615334317 1.313379828422651
1.147453003392432 1.36123518777087 0.197599840022862
1.418231618296973 0.4575616489647867 0.9922231780805579
1.348607693629107 1.135528970076701 0.2003322638444758
1.609522901267117 0.1950269740309894 0.7754262379008845
0.4298463695386219 0.6731940795014286 1.008894879815283
1.494932514270995 1.754926221860529 1.300897189579435
8.19056780854781 8.443490160990672 1.232193944362496
8.027441413331426 8.414337451516863 1.066967118021019
8.097302512467751 8.264527735417328 0.9161279391438221
0.8861049166635724 0.390854753241585 0.2046441340495018
1.775007194208899 0.547920641302401 1.094311623776991
1.986829984002779 0.5468986760894875 1.062263750445438
0.4453609606426246 1.173300986193483 0.6349120381583996
2.116372276362345 0.7618896835810675 0.3381957256356163
2.087651823136778 0.7524517175502996 0.1099133706171489
8.659068382414674 7.947400107907518 0.7231118735388842
1.032179621635511 0.5016292671833327 0.7042140530493327
0.5981383652220562 0.5335178614903598 0.7518834919108207
1.734557060963238 0.4963275434195912 0.7420623447990797
0.2107570638132273 1.506820631634878 0.4736332840012037
9.207923005629889 7.899092789098538 0.7941198871392076
9.378666589310267 7.791885426891258 0.6159640881273852
9.053285788340609 7.879361786019643 0.9439458111899642
9.321309772421504 9.539557433100159 1.317754899629581
1.365400588689138 0.4543387907559287 0.4162666222458183
0.4726049212429927 1.811949735325467 0.9986118202140222
1.913427979642842 0.3500579140220057 0.5752757612635694
2.050510979854885 0.5057900652304257 0.6939311150916612
1.909227336798299 0.3652644216357823 0.8008818224049434
9.54036612516483 9.804565065518894 1.304698809856118
1.286305821326809 1.474166438024261 0.5285578247344644
0.6718246833067831 0.8558519687494962 1.266676496815701
9.356683251305686 8.863329288509238 0.7422257941653229
8.939555875126807 9.367110699736607 0.4179495687364452
8.279401540735137 9.44123272545043 1.024019232782358
0.2033800068019581 0.7629870452689516 1.293969011260776
0.2110896537892308 1.59484461883007 0.2851870137950767
9.326716005546572 9.796275396303487 0.7532717943800348
0.2564010831489129 0.7532193715057547 0.6447379057874713
9.777256493936623 8.34924380363254 0.6838233129993755
0.5985428780601966 1.056395010665985 0.4207489218908698
8.89252637403815 8.392825074660903 0.2002091821639057
8.208686570672569 8.252917672992027 0.1949711812511198
8.232639615264773 8.448389214542138 0.265135024614409
1.423513027442072 1.992708414990787 0.2603536492612921
8.875107738169737 8.205858489841201 1.082490409324506
2.031568896962678 0.937255384325512 0.6762472025505691
8.151678976471615 8.710307850834575 0.3034279442519056
8.641094140243705 9.280247974748328 0.5127985517494885
9.531118323961694 8.678706408252088 1.121779175266494
0.867002734763036 1.715307659111332 0.813727132647022
0.8449216773763081 2.120214641835062 0.3723144056942694
1.144125603814367 0.3532518809657661 0.213373642044584
8.550053969951287 9.530452426254474 0.2119370506862552
8.325132886824763 9.069430203617248 0.8643702577850855
9.034110494947591 8.545741674126521 0.9987733202189235
9.150472572674492 8.629925868622582 0.7330320434289259
0.4543460876230638 0.2040982085368898 1.103243269909278
8.692208867990873 9.229799799064864 0.200841058766827
8.911015886593169 9.611704211026716 1.283118541932625
9.394791060708082 8.459825624434258 0.4467681531532355
8.651284243495837 8.508549354360303 0.3329076993706109
9.540073300644504 9.819734014210226 1.031291880918126
0.4315417789830827 1.639541206923284 0.7068001804098968
0.4296741152342122 1.398156991962276 1.202712409131823
0.4021391272747503 0.8536826331210903 0.4076720651079466
1.711764086633897 1.659657405224676 0.5606058044229151
1.654885597939846 1.862258089986304 0.4875886499829281
1.72664240583169 1.914665665672867 0.7225435924316312
9.580292270009299 8.941707712139637 1.033052860402183
0.9589063748132389 2.023621363624514 1.290388346316412
1.313204596025231 0.7505943378391745 0.816455299389429
8.391596249493718 9.151317051531022 0.4658068686893035
8.093597735956427 9.067155413885946 0.1590294055547591
9.237243601462481 8.203128817743702 0.4756045421370192
8.716447805104339 8.748431858915744 1.117893197249817
9.547765838073387 9.276136497588151 1.308002110022683
1.228649917976724 1.819737586292975 0.6529773234689285
9.295620378976503 9.224005979835811 0.449490298082479
8.121906775213693 8.613331232547717 1.123063916244549
7.879388575803699 8.627247700765155 1.047989666728619
7.681880001353004 8.298681050953855 1.192040911041877
7.720958630601992 8.640098079156648 1.32515534818222
1.835715692758417 1.609303755474181 0.3481822042876486
8.009190747680549 8.843407806553291 0.2418737287099962
7.722818456928796 8.657962211161074 0.241467204718321
3.262718032591829 0.7980461256371638 0.7500000000000004
1.178121111067866 0.2012193850996402 0.4244789958006632
9.598804784023304 8.802085912263809 0.4680935667626339
0.1979737528052591 1.160408876805674 1.312431832191865
1.549941460823665 1.496382916116827 0.3953921934783804
1.485806184288321 1.135341598031563 0.4915090651554899
9.627740676185448 8.849229038389547 1.325532311005645
1.373849828515006 0.4585450526553042 0.2133292847851885
2.078667989671083 0.9777911374859565 0.962761465200354
2.142696487383332 1.009968815509607 1.152876450879549
8.863197995334852 9.817067013418768 0.4595855369878292
1.745954408479879 0.3370276380364045 1.113562161839551
8.620283667115395 8.805639189445792 0.1716840112902984
0.8796983006892093 1.872456189685261 0.2403729871878404
0.7126397560872675 0.3646731759043043 0.5683430609737863
0.7326350495329755 0.1945815358997681 0.4580885927832919
1.713174802815414 1.640019855742747 0.1799671303573851
9.50982598908111 8.11537476568815 0.8085693555224703
0.2421578677891878 1.663560567684759 0.7745465326285463
0.2012531852868445 1.805517129141977 0.9044886628804047
0.8660044386127996 2.057235468821389 0.6574627049609876
0.9210154190896757 2.243706266747388 0.5601873152205701
0.6610859054517707 1.167691109484371 1.313215304941583
1.372244889964271 1.785749100699331 0.5006500574356404
8.104358895823173 9.415523825453683 0.7854584202873764
8.682136597020307 9.508906622646261 1.310534838449264
1.504452908688414 1.458665468214396 1.084097294346654
8.609573890711642 9.004986184574609 0.8055162981275774
1.216654821777947 0.2021708299881191 1.116479875243984
9.4181050778268 8.041972888338552 0.407813141482357
1.987149707262843 0.1602303496786456 0.2888085039587431
0.7002111252549882 1.969518790901519 1.337166913938032
0.352956882885137 0.3085398851747194 0.1845768727775183
0.3654077467833137 0.2201056578291886 0.3777008228265714
0.2035573524070986 0.3391683144089174 0.3254449682050283
1.481046252901716 1.564912433493237 0.8045972951493671
1.220311362379382 0.2165033681095045 1.325121067734975
8.074806862283134 9.127737180901459 0.6820739821882508
8.469436039507841 8.553136960373035 0.4367681443335126
1.704649412776948 1.447803064678328 1.105202475937542
1.037334777479776 0.4851442350645093 1.091644211539981
0.4345337251206331 0.7729333845484684 0.1702100302165672
1.812789263197325 1.75484162859755 0.8078916224856266
0.211385543368943 0.1256751572846065 0.2271786986446706
8.213189523248186 9.56841599997162 0.1744874596246058
1.569084679925671 0.4175030776090019 0.1930382067771252
1.733088061334609 0.2455453924304832 0.1940560569538845
0.5504603370402048 1.698428142144177 0.4140869223359822
8.2964177610594 8.113704637748082 0.3312104633651304
8.396116268727544 7.939492138939356 0.4182944669559366
9.516232301978915 9.38858760933045 1.021608132575791
8.992160045621143 8.08062802907074 0.9009946697268376
9.759075399849772 8.28255737803268 1.07415782282561
9.865028821934199 8.117816031267129 0.90825605766291
3 2 0 5
3566
3567
3568
3569
3570
1.000439754343626 0.999999999999999 1.261247963676922
0.9985749557815559 0.9980976863790847 0.7046946351156582
1.007149676346961 0.9979927081161895 0.2306782061710062
0.9995299181757589 0.9996349762175492 0.9065958761845647
1.003322088787065 0.9937852140023982 0.503921855865079
3 3 0 4
3571
3572
3573
3574
9.00146217353134 9 1.261859772140892
8.999071348766121 9.000155986148249 0.7977748704828347
9.001778090738199 9.000735761526469 0.5936273957887471
9.003325639531743 8.996450416218842 0.2264179755213235
3 4 0 87
3575
3576
3577
3578
3579
3580
3581
3582
3583
3584
3585
3586
3587
3588
3589
3590
3591
3592
3593
3594
3595
3596
3597
3598
3599
3600
3601
3602
3603
3604
3605
3606
3607
3608
3609
3610
3611
3612
3613
3614
3615
3616
3617
3618
3619
3620
3621
3622
3623
3624
3625
3626
3627
3628
3629
3630
3631
3632
3633
3634
3635
3636
3637
3638
3639
3640
3641
3642
3643
3644
3645
3646
3647
3648
3649
3650
3651
3652
3653
3654
3655
3656
3657
3658
3659
3660
3661
7.722060239193091 2.076191535809529 1.751014003128742
8.58595455426962 9.13440488486442 1.75
0.5848107423316746 1.134847438990038 1.75
0.3693022018251876 0.6118887244729527 1.75
8.669607431680316 8.353195291124496 1.75
9.621066243465991 8.854202785328145 1.75
8.529931644361623 8.779748141757132 1.75
0.7090472537871327 0.6393786964691959 1.75
1.122310618028485 1.458605337258084 1.75
8.741332569312052 9.382312991095118 1.75
1.131235041752862 0.2622254597689105 1.75
1.337714414193647 1.648117578954552 1.75
1.4066456596014 1.272647046084213 1.75
0.593289708958699 0.8835058921960298 1.75
9.243663773490583 9.735146250623345 1.75
9.48382240210603 8.620860721912848 1.75
0.7872138751671003 1.618954770642581 1.75
9.507410476350708 9.755053806733269 1.75
1.452214312953374 0.8133606557587598 1.75
8.73435232549733 8.610541183500816 1.75
8.36751527828631 8.987157206456581 1.75
9.357889851070574 9.430884186389674 1.75
0.5500441756100318 0.2992901929633046 1.75
1.398804747344302 0.3144294959041297 1.75
0.2649309695719512 1.026002087398364 1.75
1.068165993035361 0.5258118358819592 1.75
0.4863409047270636 1.679815206532044 1.75
9.442923096266593 9.173759278866811 1.75
8.99780188898254 8.543104312525967 1.75
0.455657709277504 1.375595691570227 1.75
1.574042474781265 1.528522569988622 1.749999999999985
8.99705879490967 9.467755050949176 1.75
9.71845443730442 9.360329484409782 1.75
1.549711492681707 1.05493772570081 1.75
8.488353795265722 9.472060251254018 1.75
1.715433236096758 0.8475919167503658 1.75
0.7922639824979516 0.3932580552204866 1.75
0.2648383774903944 1.835651688311753 1.75
0.7186385270866608 1.353037725204936 1.75
1.36065816402695 0.5708372826375583 1.75
9.73973393833905 9.625487536018458 1.75
8.84227669524444 9.710298718861155 1.75
0.2606109125927282 1.548924956375634 1.75
9.248132299438078 8.536227511559334 1.75
9.685518440062266 9.112229413329491 1.75
1.788251460237212 0.5552148527700723 1.75
1.664818749758353 1.286441392732075 1.752644622778634
1.030574473207408 1.697211734497871 1.75
8.576212233810605 9.723549360183165 1.75
1.666995542012496 0.3159957943091474 1.75
0.2796254897081842 0.2755371014611941 1.75
1.952616678197181 1.350799232245023 1.750062573729178
8.498068914099772 8.533169595271239 1.745582749754625
1.792901271333806 1.684174710362189 1.749999999999998
8.916104172412748 8.305749704400016 1.75
1.555827503870552 1.785826371480122 1.766319813382081
1.317006560411536 1.923469189709502 1.75
0.2253702228852604 0.795822073537176 1.717850727904991
9.375724108070122 8.841472555199848 1.756990467677067
0.2275749339557627 1.27320621959183 1.740133903142277
0.9144862991440359 0.2054755281425808 1.720138299750611
8.313310094314424 9.67430362086168 1.75
9.168467146215324 9.361172265806758 1.684048797157109
9.038336721478636 9.797572261302827 1.712963539895262
9.740272288075994 8.627057752088492 1.75
1.572669053097411 0.5141489981090871 1.788333925455682
0.6767498363074754 1.846994954675129 1.75
0.9366636275824244 1.968173144325778 1.749999999999859
9.559869420238432 9.506489159924838 1.801705179087937
8.632639070936687 8.945277257354288 1.75
0.3929625384186556 1.174198408208842 1.805811626774106
0.9101079093981399 1.445461838635177 1.786706995083893
1.320209758820598 1.450841281523838 1.814645327074411
0.7198970172235074 0.1856468926434762 1.793783557601027
0.6111242039610323 1.522564499117079 1.690180601395929
0.5487655510762984 0.5071019509364966 1.789266176950731
0.3940244651253432 0.8739044387861823 1.815695739710221
9.186761971163804 9.540211761823612 1.809096326660534
8.459368939080059 9.280748405809453 1.821110826376437
8.183407851737259 9.214533775435125 1.75
8.251149515173829 9.443630265225636 1.738620068657922
1.195625750989004 0.670363408926025 1.814982513772011
9.810920684185863 8.958220564338777 1.679128603103472
0.8816543115536331 0.560610811764698 1.670774150569136
0.5265309446265897 0.710394539298148 1.675949124051335
9.528187265935065 9.344579853573492 1.686584307809575
1.238999066514227 0.4216961943542242 1.814405273431348
3 5 0 1
3662
0.9967111758185988 0.9990382863733402 1.788057641678189
3 6 0 1
3663
8.998140491874517 8.998862717691793 1.711332641709648
3 7 0 411
3664
3665
3666
3667
3668
3669
3670
3671
3672
3673
3674
3675
3676
3677
3678
3679
3680
3681
3682
3683
3684
3685
3686
3687
3688
3689
3690
3691
3692
3693
3694
3695
3696
3697
3698
3699
3700
3701
3702
3703
3704
3705
3706
3707
3708
3709
3710
3711
3712
3713
3714
3715
3716
3717
3718
3719
3720
3721
3722
3723
3724
3725
3726
3727
3728
3729
3730
3731
3732
3733
3734
3735
3736
3737
3738
3739
3740
3741
3742
3743
3744
3745
3746
3747
3748
3749
3750
3751
3752
3753
3754
3755
3756
3757
3758
3759
3760
3761
3762
3763
3764
3765
3766
3767
3768
3769
3770
3771
3772
3773
3774
3775
3776
3777
3778
3779
3780
3781
3782
3783
3784
3785
3786
3787
3788
3789
3790
3791
3792
3793
3794
3795
3796
3797
3798
3799
3800
3801
3802
3803
3804
3805
3806
3807
3808
3809
3810
3811
3812
3813
3814
3815
3816
3817
3818
3819
3820
3821
3822
3823
3824
3825
3826
3827
3828
3829
3830
3831
3832
3833
3834
3835
3836
3837
3838
3839
3840
3841
3842
3843
3844
3845
3846
3847
3848
3849
3850
3851
3852
3853
3854
3855
3856
3857
3858
3859
3860
3861
3862
3863
3864
3865
3866
3867
3868
3869
3870
3871
3872
3873
3874
3875
3876
3877
3878
3879
3880
3881
3882
3883
3884
3885
3886
3887
3888
3889
3890
3891
3892
3893
3894
3895
3896
3897
3898
3899
3900
3901
3902
3903
3904
3905
3906
3907
3908
3909
3910
3911
3912
3913
3914
3915
3916
3917
3918
3919
3920
3921
3922
3923
3924
3925
3926
3927
3928
3929
3930
3931
3932
3933
3934
3935
3936
3937
3938
3939
3940
3941
3942
3943
3944
3945
3946
3947
3948
3949
3950
3951
3952
3953
3954
3955
3956
3957
3958
3959
3960
3961
3962
3963
3964
3965
3966
3967
3968
3969
3970
3971
3972
3973
3974
3975
3976
3977
3978
3979
3980
3981
3982
3983
3984
3985
3986
3987
3988
3989
3990
3991
3992
3993
3994
3995
3996
3997
3998
3999
4000
4001
4002
4003
4004
4005
4006
4007
4008
4009
4010
4011
4012
4013
4014
4015
4016
4017
4018
4019
4020
4021
4022
4023
4024
4025
4026
4027
4028
4029
4030
4031
4032
4033
4034
4035
4036
4037
4038
4039
4040
4041
4042
4043
4044
4045
4046
4047
4048
4049
4050
4051
4052
4053
4054
4055
4056
4057
4058
4059
4060
4061
4062
4063
4064
4065
4066
4067
4068
4069
4070
4071
4072
4073
4074
8.669607431680316 8.353195291124496 2.5
1.337714414193648 1.648117578954551 2.5
8.366602050175183 8.75855555359573 2.5
9.499200682809219 9.484172346248538 2.5
0.803551390032998 1.661069344368094 2.5
8.480137933424917 9.479212004343827 2.5
1.565385417440027 0.5774843910927897 2.5
0.4434455971974801 0.7316809831025798 2.555008432037382
0.4594022717052464 1.354845826504803 2.453101851423273
1.71760656505948 1.310221944297983 2.503714998617054
1.823291648359675 1.811524029123266 2.5
9.480789616770544 8.600174650484149 2.574427550156464
0.7470991719411804 0.4291700915838653 2.479945884297158
1.200281750371489 0.4039541408344995 2.590657263241366
9.590802840175369 8.963270986227556 2.405469119367171
8.848611421686838 9.609851571610241 2.389016706862471
9.105726729413581 8.386298485094482 2.504425649567043
1.081305839920107 2.094771966561481 2.5
1.584081268605689 0.9552084486094528 2.61472274137799
0.4291665068944204 1.748902515508278 2.387888908134932
8.434144696787081 9.117186277134905 2.622023607300917
9.157080736613569 9.616492524662664 2.621820026111915
0.3554336977557311 1.080560119826999 2.656525899612304
0.4643132679105872 1.033259667909643 2.329096580437413
1.414479166335908 1.350158195836024 2.341494436111544
0.4190089330652006 0.4466836000746274 2.343427184343532
9.641927201923258 9.203103950419234 2.660268600690643
1.429421491083734 1.31277587950314 2.673610038595974
8.618881609604026 8.631205779988138 2.67700885623021
8.617824746326837 8.630415778376852 2.322574880500629
1.626757267261322 1.592372105075653 2.664573491213558
9.687477468659294 8.661531836458504 2.330418189817451
9.694362141417091 8.852446024131332 2.688355392485014
9.211911417394878 9.688714841023732 2.313351942868417
1.620423732358048 1.611192784171553 2.32843430229152
1.490947273381078 2.061297983022491 2.257312679877965
8.761236093449687 9.464221409915707 2.671561903952758
9.672653600632881 9.270045063945712 2.321171868990083
0.3772763764570967 0.4247758550440038 2.676902371162872
1.074004726530302 1.793655888288441 2.33787435520852
0.7641358812765362 1.992103963643254 2.344109908874021
0.5241406926548344 1.599119996414506 2.668958588239933
8.546796730657146 9.208143048726262 2.327621887655767
1.500899479063101 0.3096150007430963 2.674156950428578
1.322138347858429 0.3112654747749832 2.306195021857631
1.067553501275698 1.527591310872761 2.663267331788651
1.591722188002417 1.077801694820421 2.31248580559112
2.054139072360799 0.9458586267755954 2.446735736092119
1.763915263793639 0.8095972143525908 2.384128214078845
1.028687861140426 0.4516660361839898 2.318172268328371
0.6624340526758609 1.997840248572182 2.674432044320105
0.7186594520657854 2.396107819393744 2.604967406854611
9.280033678167527 8.588113219040086 2.320406302195561
0.7236762005195643 1.431133844263248 2.301595287864361
0.9266350625548478 0.3029827272078915 2.702047528558527
1.147404635422895 1.497205772019179 2.295704254568902
0.3590052780543124 0.7237950342545677 2.276237379443739
0.2925317939094627 1.400455726431637 2.707386909334434
1.285980961875844 0.6069665546516869 2.37778743494897
8.246406331104376 9.040782422195138 2.343776080104088
7.924147716885257 9.466265905741523 2.5
8.205868670364655 9.312726773110734 2.509403220068716
7.858369014771491 9.016193709877669 2.600203420751572
7.959335379076832 9.185900133903969 2.346273037635084
8.164570898384557 8.957137431832342 2.634908639717385
1.129814445441119 1.825694284985269 2.636714877224319
0.7801669610267107 1.440939601961891 2.707487401333831
1.402883996152053 0.7288488240070902 2.708827537314908
7.516892343112895 9.269145125799385 2.42973254000866
8.522090242359633 8.912126321215815 2.296406957894477
0.6765394028801118 0.6137712388053508 2.711842832933557
9.294194728759015 9.397972246423828 2.294582918120486
8.882174929141444 8.468443928980234 2.305189978535711
9.437756715365447 9.703709699367966 2.702158669620718
0.6488660055832467 0.645484222405402 2.295350200739351
8.878414323251478 8.465541754550072 2.697481328444696
8.606903886607796 9.718522656593313 2.72207037698595
9.700894768845433 9.567732886100035 2.293846094283825
8.567139806355982 9.6941857052127 2.297839888979007
9.313039582562006 9.372406871545607 2.711761610610858
1.57296282925195 1.916608398261892 2.686543430002677
8.22048583365309 9.635937304839231 2.320813981730628
9.704299944728355 9.563408896287706 2.705911520444079
8.314953255541674 8.404020396025089 2.370077849463071
7.898788101021413 8.574956750361682 2.397753328886649
1.486219235759776 0.8027525224173369 2.281161121099888
8.890902181573228 9.719113720321891 2.650724300412789
9.433919589569754 9.208571832938707 2.464952039516219
9.538811345719017 8.31793036975399 2.335346973969788
2.230972480232095 1.442906268324174 2.5
9.403437925915055 8.258739311526233 2.665552285986518
9.246812620942745 8.020879891535458 2.360546290021996
8.907736320712281 8.122251982975905 2.375743011201095
0.6375908536399532 0.3048263594981809 2.717282395099029
7.998549852237081 8.906392754905616 2.378812283928565
0.6340415507180058 0.2787643100510757 2.268731797003194
0.5974364422752706 1.228093433089365 2.66594086811812
0.2751202221019633 1.238413028408674 2.26866313161514
9.256985679773974 8.497933885230047 2.71941916760042
8.250520647406795 9.6824106671354 2.664198921833811
1.692468253792743 0.7093607816722738 2.725799571103563
8.647485796807709 8.181563415946455 2.271678382918741
8.48255299040045 8.866168312151538 2.726259562604115
8.340023462892971 9.388018361945321 2.277012928523614
9.432442917314157 8.86809153063516 2.608261057885302
8.742047787113256 9.390911840751228 2.258661112892261
1.330653549315342 2.011650781037724 2.589689251667195
1.335224727700268 1.785348995216243 2.26638193750222
8.368376397539359 9.366987068976291 2.731637917276514
8.090983707966958 9.451366983157188 2.736719821911296
0.5503143906348078 0.9058024774048649 2.737663108921518
9.623807034700066 9.728430424271567 2.502238864298377
9.479946135047133 9.729105158534539 2.268088605725929
0.6772172247403797 1.742237758386006 2.269898584886219
0.3875793592503902 2.169852846474608 2.429262530721997
1.808937309862618 1.053650507088587 2.496524463173037
7.92288817966677 9.788715139718278 2.703123924457
8.626186472365939 9.248524156216218 2.754124093985569
0.9015815198056238 1.708365765767603 2.743519329520315
0.2597376780914878 0.9044646384652135 2.453480546658328
1.365451002433464 1.761429624505372 2.736757529803977
0.3172253340834514 1.517462289075773 2.271468145991509
0.2651004534189169 0.8352228293215509 2.732950090763758
8.043236311905144 9.191617860413059 2.686041452090552
9.45718195388225 8.781535117725308 2.25765624984917
2.078802879654753 0.4588484332730307 2.54008404094137
8.659699644674323 8.345387762838955 2.756006090521455
8.61938890336625 7.96807291484481 2.614625053155657
8.402558433965318 8.208928866034402 2.613578904390076
8.351535386877483 8.500879819167828 2.65018233191898
7.951644202891337 8.290528378340071 2.597645664389252
8.145342874168216 8.682901198558916 2.644899412314289
8.855024236445393 8.202289961616223 2.630887482304815
9.010881014434808 7.80858160464345 2.641020898780464
9.143944828268777 8.089207953516439 2.645550031137872
1.876344019080824 1.438211575635254 2.722402691094143
0.8921650586324695 1.920833962412171 2.564969044684156
8.077556411797964 9.415671540165476 2.290833461551568
1.839022075374888 2.319450201214355 2.525814496123866
1.648894839610052 0.3249510970894164 2.309678308450961
0.9409553581972169 1.442853625438923 2.44905850582653
1.854123952742503 1.43903935961217 2.276237030012051
9.044728211795736 9.487723557334002 2.25225668450994
8.380499956409473 8.701199401800885 2.248259517622506
1.774428511482441 1.179083124402775 2.743629067170146
1.946711498739641 0.9064962665671978 2.74825917074816
2.051659712785046 1.209503738628799 2.609106022763948
1.990164615701747 1.197186489053982 2.332918871493356
1.217021886398003 0.2281669576807873 2.764855291181564
0.9031414283535714 1.615137590604659 2.258773710548832
9.751866302971289 9.389092870382413 2.529398655194971
1.054068343625673 0.2353561322732718 2.458762721500261
1.831951900792086 1.014370907430726 2.242416304418745
1.684363525334165 0.58584035649397 2.260095744855348
0.8919362908082813 0.2408918553092735 2.244734126529718
9.72135239949303 8.56818521846855 2.730747796396683
9.621897445251644 8.377590354726491 2.578261095218141
9.079593752639282 8.314872445578885 2.749588826262791
1.188141537294441 0.5968772478013128 2.76044752807907
0.9293538049630662 0.5597802448146065 2.75175199275561
1.820837809215143 1.555541907465853 2.501747809723987
1.247017311179067 1.410769504979171 2.52434884622813
8.98266795418429 9.768163206008841 2.246572350964097
1.30239352218851 1.51551078157645 2.762310184505075
9.310829690476483 8.25687715791398 2.429094967892042
9.530274460658131 8.045583205155067 2.481184609429326
9.327961582118277 7.83071583258076 2.604683351118688
9.771250748733577 8.93191315925767 2.233080451446491
0.2389420778879998 1.250275289754361 2.515350243175823
9.435592141975235 9.080135659470091 2.756581003703243
8.45366326334362 9.729919183834765 2.521103273451503
8.619509697947445 8.827610265554817 2.515532779652451
0.5016706835231181 0.2460916608151318 2.496724078034986
1.714266548144984 1.856518055026918 2.253695472025417
0.6333823594619475 1.202817964895269 2.261771275759545
9.488375482379112 9.119371754574694 2.234003954061673
8.79877606144438 8.603959768534301 2.501567477918451
0.3282501601419684 1.560224511142923 2.517932508313632
0.2938268552308201 1.787893295554778 2.711510530424578
1.414061920507384 1.076804901957772 2.747974367555449
8.170255681586383 8.014933473509497 2.326064741689591
1.441857343135364 1.128768619150897 2.505448395888023
1.639576077673416 1.312805912767485 2.232998012854416
1.852105706978167 1.684680069577667 2.711053047012659
9.005728931280881 9.435301969949968 2.506672452630911
9.002004792772867 9.466609382291887 2.761903385213737
0.2383791940617411 0.5981381780932811 2.772513594670556
8.534073676947605 8.405394003097353 2.24492854386653
7.910797957049629 9.685223266751581 2.270286836922446
1.197833481125478 2.03274990946134 2.249087167865725
1.87954062312001 1.681610316928823 2.299978022656037
2.091286781175214 2.0461776678803 2.272847813866706
0.604892607193211 0.8532436138275036 2.416985826346757
8.673778436016519 9.29441421733107 2.518368798544196
8.199904298766775 8.618330768494754 2.389957822419751
8.0556874500768 8.404272689274652 2.364940833294751
7.467689339831452 8.294226091908151 2.415277086847289
0.8698133043054204 0.6194910264945039 2.392489600745482
1.546115504655173 1.771711893091544 2.494123776788157
0.7897649815544977 0.4600105158286057 2.228563773351385
1.391943240749022 2.450599396906476 2.396128693686429
8.854049244335812 7.972176003254834 2.557300901358948
8.693242006847246 9.759672462021461 2.499338821579781
9.246353467325047 8.678894281375401 2.549340546717657
9.330296237831059 8.722303368496304 2.771920263872363
9.09025004509288 9.775576312050738 2.780197064900746
0.587591110076141 1.574998067069293 2.438173371279245
1.3815802304683 1.135270279825975 2.225813824770365
1.405328368137288 0.845830704227449 2.501181012146337
0.2440673804402 0.9993257660282314 2.228825626718345
0.2381651428080103 0.5688592661114162 2.498890467892778
0.2439516223800501 0.3047416674115491 2.482263334470946
9.157553773496184 8.368246622219763 2.248490997187965
1.456504148569546 0.5027619137335109 2.23871010190594
9.769023381883153 9.111004232291341 2.47605580003141
1.399643626523577 1.56485989941024 2.227937890436482
7.847945260935019 8.543481655461436 2.762770556951135
9.214593428562754 9.3298793206186 2.503804157001768
1.532527578781579 0.5323112140926951 2.761299981936573
7.859082060222946 9.245978687381889 2.550309518006484
1.6409830341649 1.375977875899349 2.764479080523944
9.77025661094993 8.829186826023566 2.469352364848856
9.380788876564628 9.684861237633713 2.475690728149936
0.5368776024192945 0.517975872230267 2.532929864703979
9.787468351951027 9.352782195407462 2.767383394024753
0.4597115713714515 0.6589277502057789 2.772093564958509
1.488318906098291 0.2144226762828429 2.452434777137732
9.043755803072678 9.764364346660756 2.475452219873481
0.968008231431886 0.4667139841958549 2.542166152084407
8.144913203887494 9.536862069621451 2.516983648942879
8.702516612101777 7.577136033353307 2.417823941811851
8.757441070551691 9.798966407134307 2.228490156280694
1.121652108342457 0.218893138969174 2.238645067543286
9.520817889455641 9.426783013678406 2.221991169213104
1.489320656304096 1.475140252790671 2.520692746954305
9.54521133880567 9.394822230448257 2.7665727934708
0.5074169700408117 1.393509235968658 2.230875062534996
0.5513453305678646 1.039030584774138 2.542437502607085
8.496773156635525 8.502805194347541 2.471360279174475
9.068688246745925 8.580389628638363 2.227609623669537
1.132156630804881 2.061051794233411 2.757348538503714
7.965975275208818 8.813806453698232 2.586409614364114
7.687973505929883 8.80807032269548 2.413228841535157
0.2723998959484716 0.2707148589612778 2.231004724342566
8.193463986589855 8.824668412764929 2.292254609833915
0.7294770685626271 1.334064953780945 2.510128587984455
1.938642088270212 1.361425621391379 2.482280492112994
9.774448863175245 9.05180672913748 2.775885253436148
0.8253833579856094 0.2138585648948646 2.462945893701242
0.676201078146206 1.729478510444058 2.776856521216315
1.401746796332614 0.4209678649634384 2.487984137947853
8.427399669073646 8.658424322139092 2.790904722481567
9.498311602406741 8.539759229835662 2.356821517683891
8.482378966527442 8.256346731285575 2.407189916929829
1.332087439734629 0.4227969695241175 2.773604466562793
9.065761226039603 7.957058892648305 2.479756049575557
8.594825904570515 9.048737352775644 2.479555614419032
0.2580282840821796 0.5313694778854855 2.204626731519635
9.064800811470917 8.570664443925994 2.627176403907808
0.5929305406490769 0.9029665926870138 2.197233444915791
0.9871873438736414 1.999915535218268 2.319556644502302
8.269145303568633 8.816960435011287 2.77570552284432
8.700797676435975 8.131450301245938 2.483924934943163
8.756070633494998 7.900489783694381 2.327398941521699
8.500788004740443 7.998490785073352 2.385959603396487
8.908860679185578 7.774167753465849 2.416294802598478
8.409678817253946 8.13818016173084 2.194850086685462
9.763109977451203 8.425452676890057 2.375213179784897
9.718692868118509 8.19652780619576 2.446629771884477
8.554880430805596 9.498320052133582 2.770568618129599
0.2174980881439102 1.202490692696295 2.789375767982121
9.314633545870436 8.467160835668981 2.505431531601801
0.6121589153206546 1.86357990027836 2.446194150194588
0.5073815075296293 1.402138367911541 2.780300094838347
9.433194710727287 8.125393816745884 2.297077118899518
1.271327928212591 0.2144307050861787 2.499413613816865
9.787835716678028 8.595043268500929 2.518903715400279
9.5066868027886 8.58425783662431 2.797852408165606
1.793065181319061 0.8580399714073668 2.597444516571505
1.120087288118881 1.625551297055279 2.472870801210134
8.153434686196881 8.481616941915801 2.556125195144276
8.143910942719844 8.42660755496089 2.845068126756545
8.541366928199539 9.475894381777429 2.288721779060227
1.248558989821277 1.858783554724836 2.454642355664679
8.34528874764219 9.021278972877207 2.797933795746127
9.377486044779236 8.92078715272844 2.404514262494832
9.10833733105626 8.174776502502992 2.446879240249149
0.4926254137086795 1.636770862931739 2.207710663077377
0.4981559033193856 1.860287413026355 2.206711923536973
1.15745412588943 1.677467634762897 2.797057413920698
8.558688859709877 8.13215083654665 2.773966448189769
8.102652148869835 9.110372048420059 2.492445410762564
8.849943446738399 8.264864548247903 2.207197435047662
1.490454555510036 0.2282063726207563 2.197940710164232
8.574981234531824 7.997340319840112 2.181423377185632
8.888608154360734 8.373321413622763 2.50072236716445
0.5041600533609014 1.099770533699612 2.803489960841002
8.414477186568931 9.080560556650653 2.213265082982597
0.4895126562794626 1.843643235354775 2.793805259875648
0.443663336946275 1.882464510814518 2.583841285129831
0.3521443109573037 2.120697362187874 2.745947486415298
0.6936334110031817 0.6763012793740608 2.505095222218608
1.218558511201689 0.4802210279615419 2.211638406661356
9.746509980652181 9.804636053913026 2.768769137295777
1.249328688893136 0.7119144705572711 2.560689897604398
9.814938257213772 9.141945430575595 2.22395574881222
1.14269356074745 1.373803854543232 2.795017410417131
1.093080656394137 0.4043982595803107 2.800558197288751
9.266048947481666 9.803545173334317 2.61585908839569
2.10956380013829 0.9932741930395951 2.167908287157065
1.971127536216182 0.8171541025042364 2.259394313221925
2.390230911194669 0.6856087887682785 2.320333058648679
1.975505252147488 0.6999108695695844 2.494273616114453
1.780794932799007 0.6022008687010216 2.458090424954813
1.711346706198209 0.3764196160753123 2.549810799424455
1.778886263132042 0.4762557505836983 2.772123931572385
1.932705738842096 0.6625676762189956 2.732436113599471
1.728129444142528 0.2264983926426651 2.755871698372224
0.8737706490307584 1.827560137234865 2.261063119187895
0.3461566113043717 1.593079361201606 2.795706242175617
1.264905242101829 1.354657430883861 2.190473404273314
8.5903393254705 9.040372445834091 2.787692685556487
8.647368563270289 8.786290046017475 2.187971884048743
8.235370503994172 8.32396156532487 2.681193250437336
8.216251359753093 8.219445868468521 2.473370782942091
8.187929445668917 8.244858388082278 2.22800503295367
8.139493577577785 7.955951496068449 2.744017489320398
8.414628039117236 9.276636247524204 2.481013797726278
9.286019275787552 9.57425661965201 2.795009591473424
8.811002059936836 8.657409751135107 2.235437632989021
1.551830299593102 0.8527331046546042 2.799871157305048
1.738276104843774 0.9660749271341911 2.780008326032265
8.651168212005684 8.783575619942589 2.813243298406202
8.397849777885424 8.967748472249651 2.474597709273659
9.517831091850343 8.888617220874382 2.802870484477791
8.997913021325452 8.598454126929541 2.427281373276671
8.184854500275472 9.220783144236826 2.19164533795098
8.065821264863814 9.0421419830007 2.223443650065477
9.543465321162085 8.761154344768132 2.450739662230546
0.9150294096165689 1.961825987140239 2.803551479216884
9.33118809863773 8.080792156209032 2.54589350561398
0.2901358763551424 1.731862094795099 2.213370994164128
8.254195688576489 9.189973665721826 2.707352916463667
8.134818099233438 9.054763959862949 2.823775723671398
8.046620623660917 8.849242542465982 2.794108028488053
8.689241435501279 9.50117375257831 2.476030810199214
8.81008702732659 8.654026897338632 2.763321719141759
1.779268874616347 1.194804524266629 2.338223590556204
1.304109117826474 0.7214428280987165 2.193166096670632
1.581872408809381 1.167820149749483 2.658285102572448
9.365680793588499 9.568193820125012 2.189554073142908
1.673033083606237 0.8742349761983635 2.198759446515165
1.662403826750833 1.946609420635052 2.498834723131951
9.240383708138799 9.530976846149626 2.449043336721967
0.9581560083513099 1.403277232089704 2.232915210089244
0.1932658121224967 1.432090835741736 2.419013710109821
0.1807088236041721 1.647024512052527 2.382283844190925
0.2537995483351713 1.816417604203553 2.498874876919251
0.3167717745437362 1.926927315338249 2.316575288078532
9.357309720635618 8.30897714102872 2.232094031725609
0.4418665991701036 0.2585969264722052 2.804296518373456
0.1791667624251973 0.2513413790954906 2.739566864262591
0.1696298125957971 0.4414060294882984 2.650960289864575
0.347419515999696 0.1981234608217771 2.628536483985211
2.076928628895931 2.101442655461191 2.753280848552809
9.584629814197454 9.009986373587553 2.608137764142035
0.4504320083267334 0.1633848953818347 2.300358783764729
1.534841770077031 1.755982728040953 2.197323770302303
8.424655554603314 9.81542689575911 2.707302023168806
0.1866178935417556 1.572473023487779 2.667021021281388
9.570700265582188 8.936711325445659 2.178687787443999
8.852019727838917 9.616104145881755 2.176896683839256
1.171870549888534 1.67783409518362 2.195462051633076
8.843086702269328 9.595669057220789 2.815985793776428
0.5747304440582822 0.4706078218311204 2.202323532209323
8.861917083334172 9.820457811946378 2.402292233525858
1.56534755353519 1.740109240108141 2.803290524396838
1.600743828198868 0.7804541288356927 2.506672996529994
0.7606499751309831 0.4479542676007007 2.811931586359183
0.4485768490669005 1.177440126036851 2.193232593403101
8.778526192530768 9.804646225576457 2.805025534315432
0.1743266564889904 1.052011701593663 2.56620661701953
1.752703993655636 1.860220830726326 2.805058884690212
1.992559636950389 1.537047112569762 2.391343716019881
2.014435667592514 1.571299987388612 2.609930228478049
0.19267346666173 0.752356942044034 2.565444965183036
9.312920827703072 9.813517502778652 2.188603501807091
8.478439003058496 8.448460347588373 2.819453001772779
8.145435812311934 8.815225926235472 2.49000647212037
0.5450996562762174 0.4745725822031349 2.780351799197674
9.595561761742998 9.68344979236649 2.826730176687726
8.44063788451642 9.198783486990122 2.818221628866733
1.418544753045083 0.9803447269239238 2.350606253379878
9.30871365880418 9.811855448179335 2.812302063035494
8.992952013783668 8.58352933397315 2.816743343316785
9.793933794165042 9.598693577100784 2.514481604244107
9.359741359841232 9.0477550195374 2.558238224557117
8.803458370505114 8.068611211757343 2.211595652179692
9.037081376365395 7.958884083881016 2.222999484423553
9.051442153420659 8.178096237308107 2.219203356091735
9.256428860216189 8.127142106417608 2.172317679858411
8.846557354982041 9.34152341921617 2.424536927375195
9.826400812054301 9.397499095505298 2.286434222609298
9.423253408012686 8.600216490551597 2.182503790491511
0.9481310782008107 0.581166841041133 2.181307430077795
8.638445421362377 9.11507337380244 2.176520602226198
9.31716757785374 9.222337306976142 2.193817917603392
0.87712691662362 0.6665819324317377 2.588631300299194
7.786642795517971 9.443757082191027 2.773114697550157
1.496977396178792 1.547836576857766 2.816175070228322
8.508771253388492 8.378390812810419 2.628167304437798
3 8 0 3
4075
4076
4077
1.001455419352917 0.9999999999999911 2.725273190054979
1.003733987691887 1.000194123994651 2.253099992641493
0.9996838293655806 1.000645719505517 2.456953478507256
3 9 0 3
4078
4079
4080
9.001458067280399 8.999999999999991 2.274735176332526
9.003730920670664 8.999805855019954 2.746906874645558
8.99924867455462 9.000599838843421 2.54325098764881
3 10 0 88
5307
4081
4082
4083
4084
4085
4086
4087
4088
4089
4090
4091
4092
4093
4094
4095
4096
4097
4098
4099
4100
4101
4102
4103
4104
4105
4106
4107
4108
4109
4110
4111
4112
4113
4114
4115
4116
4117
4118
4119
4120
4121
4122
4123
4124
4125
4126
4127
4128
4129
4130
4131
4132
4133
4134
4135
4136
4137
4138
4139
4140
4141
4142
4143
4144
4145
4146
4147
4148
4149
4150
4151
4152
4153
4154
4155
4156
4157
4158
4159
4160
4161
4162
4163
4164
4165
4166
4167
1.27059251349421 1.765464399706845 3.275290633238617
2.401002013912783 4.824765555566144 3.249265199479674
5.592673726199831 6.268709192780429 3.251018657801187
7.684914737655308 7.875407985951622 3.241357639076567
0.5822999384763934 0.8744078921545053 3.25
8.58595455426962 9.13440488486442 3.25
0.3586460923880217 0.7276986411312866 3.25
0.7117431603767591 0.6361995169913399 3.249535560049592
8.669607431680316 8.353195291124496 3.25
9.621066243465991 8.854202785328145 3.25
8.529931644361623 8.779748141757132 3.25
0.5954537991777558 1.130729516663698 3.25
1.122310618028485 1.458605337258084 3.25
8.741332569312053 9.382312991095118 3.25
1.131235041752862 0.2622254597689105 3.25
1.337714414193648 1.648117578954552 3.25
1.4066456596014 1.272647046084213 3.25
9.243663773490583 9.735146250623345 3.25
9.48382240210603 8.620860721912848 3.25
0.7872138751671003 1.618954770642581 3.25
9.507410476350708 9.755053806733271 3.25
1.463125109140576 1.007930024764083 3.25
8.73435232549733 8.610541183500816 3.25
8.36751527828631 8.987157206456581 3.25
9.357889851070574 9.430884186389674 3.25
0.5500441756100318 0.2992901929633046 3.25
1.398804747344302 0.3144294959041298 3.25
0.2649309695719512 1.026002087398364 3.25
1.068165993035361 0.5258118358819592 3.25
1.382652054387618 0.7056567440694934 3.25
0.4863409047270637 1.679815206532044 3.25
9.442923096266593 9.173759278866811 3.25
8.99780188898254 8.543104312525967 3.25
1.574042474781257 1.528522569988632 3.25
0.4615346584640858 1.367155954197245 3.25
8.997058794909671 9.467755050949178 3.25
9.71845443730442 9.360329484409782 3.25
0.365540569368445 0.4738196078217927 3.25
8.488353795265724 9.472060251254016 3.25
0.7927478590104665 0.3900635661291432 3.25
0.2648383774903945 1.835651688311753 3.25
1.595495499071549 0.5426742245235775 3.25
9.73973393833905 9.625487536018458 3.25
0.2641628147473719 1.540129033096606 3.25
8.84227669524444 9.710298718861155 3.25
9.248132299438078 8.536227511559334 3.25
9.685518440062266 9.112229413329491 3.25
0.7200759990274175 1.369273743332617 3.25
1.613976511911313 0.8059207785747144 3.25
1.030574473207408 1.697211734497871 3.25
8.576212233810605 9.723549360183164 3.25
0.228213503949498 1.274389349258162 3.241369784480444
8.498068914099772 8.533169595271239 3.245582749754625
1.818318018142989 1.667182285337786 3.25
1.804039270945049 1.407838177701071 3.25
8.916104172412748 8.305749704400016 3.25
1.657482629858185 0.2903847207136331 3.25
9.37572410807012 8.841472555199848 3.256990467677067
1.587672438234846 1.789009633971944 3.273518233039746
1.340773529096069 1.936825808784207 3.25
0.9161566698922885 0.2047840973328345 3.219185392975303
8.313310094314424 9.674303620861677 3.25
1.288269696356989 0.505812882950833 3.301120761939792
9.168467146215326 9.361172265806758 3.184048797157109
1.643514244945116 1.184801136632978 3.25
9.038336721478636 9.797572261302827 3.212963539895262
9.740272288075994 8.627057752088492 3.25
0.6767498363074754 1.846994954675129 3.25
0.9366636275823738 1.968173144325658 3.25
9.559869420238432 9.506489159924838 3.301705179087937
0.3996542175771758 1.174745149559649 3.300953921693032
8.632639070936687 8.945277257354288 3.25
0.1891082284794905 0.8383090743138765 3.189722565472442
0.7210402288042532 0.186225537453735 3.293143188515018
1.320209758820598 1.450841281523837 3.314645327074411
9.186761971163806 9.540211761823612 3.309096326660536
0.9128977570502336 1.451292036108058 3.21140772313922
0.5191210730637815 0.6195670018309397 3.319488051977792
0.1997267643054572 0.5963498097685318 3.294463330369215
8.459368939080054 9.280748405809451 3.178889173623563
8.183407851737247 9.214533775435125 3.25
8.251149515173831 9.443630265225632 3.261379931342077
0.9008096723633527 0.6158037053387264 3.190060975624175
0.589608633716353 1.514308306313967 3.187748261060694
9.810920684185863 8.958220564338777 3.179128603103472
1.133453276883732 1.884622560834158 3.200028053429763
9.528187265935065 9.344579853573492 3.186584307809575
1.206405248117054 0.6489652699225379 3.170832181051819
3 11 0 1
4168
0.9982697989126323 1.000088599020425 3.290728409946115
$EndNodes
$Elements
15 20403 1 20403
2 7 2 124
1 132 8 1358 
2 8 137 1357 
3 191 8 1357 
4 8 191 1358 
5 11 179 1359 
6 184 11 1360 
7 197 11 1359 
8 11 197 1360 
9 133 132 1321 
10 1321 132 1358 
11 134 133 1349 
12 133 1321 1349 
13 135 134 1318 
14 1318 134 1349 
15 136 135 1353 
16 135 1318 1353 
17 137 136 1320 
18 1320 136 1353 
19 137 1320 1357 
20 179 180 1344 
21 179 1344 1359 
22 180 181 1317 
23 180 1317 1344 
24 181 182 1354 
25 1317 181 1354 
26 182 183 1319 
27 182 1319 1354 
28 183 184 1345 
29 1319 183 1345 
30 1345 184 1360 
31 192 191 1346 
32 191 192 1347 
33 1346 191 1357 
34 191 1347 1358 
35 192 193 1314 
36 193 192 1315 
37 192 1314 1347 
38 1315 192 1346 
39 194 193 1323 
40 193 194 1342 
41 1314 193 1342 
42 193 1315 1323 
43 194 195 1313 
44 195 194 1340 
45 194 1313 1342 
46 194 1323 1340 
47 196 195 1316 
48 195 196 1343 
49 1313 195 1343 
50 1316 195 1340 
51 196 197 1322 
52 197 196 1341 
53 196 1316 1341 
54 196 1322 1343 
55 1322 197 1359 
56 197 1341 1360 
57 1335 1313 1339 
58 1313 1335 1342 
59 1339 1313 1343 
60 1338 1314 1342 
61 1314 1338 1348 
62 1347 1314 1348 
63 1323 1315 1324 
64 1324 1315 1331 
65 1331 1315 1346 
66 1316 1340 1350 
67 1341 1316 1351 
68 1316 1350 1351 
69 1336 1317 1354 
70 1317 1336 1355 
71 1344 1317 1355 
72 1330 1318 1349 
73 1318 1330 1352 
74 1318 1352 1353 
75 1319 1345 1351 
76 1319 1351 1356 
77 1354 1319 1356 
78 1320 1331 1346 
79 1331 1320 1353 
80 1320 1346 1357 
81 1321 1347 1348 
82 1347 1321 1358 
83 1321 1348 1349 
84 1322 1337 1343 
85 1337 1322 1355 
86 1322 1344 1355 
87 1344 1322 1359 
88 1323 1324 1325 
89 1323 1325 1340 
90 1325 1324 1326 
91 1326 1324 1328 
92 1328 1324 1331 
93 1325 1326 1327 
94 1325 1327 1350 
95 1340 1325 1350 
96 1327 1326 1332 
97 1326 1328 1329 
98 1326 1329 1332 
99 1327 1332 1333 
100 1327 1333 1334 
101 1327 1334 1350 
102 1329 1328 1330 
103 1330 1328 1352 
104 1328 1331 1352 
105 1329 1330 1338 
106 1332 1329 1335 
107 1335 1329 1338 
108 1338 1330 1348 
109 1348 1330 1349 
110 1352 1331 1353 
111 1333 1332 1339 
112 1332 1335 1339 
113 1334 1333 1336 
114 1336 1333 1337 
115 1337 1333 1339 
116 1334 1336 1356 
117 1350 1334 1351 
118 1351 1334 1356 
119 1335 1338 1342 
120 1336 1337 1355 
121 1336 1354 1356 
122 1337 1339 1343 
123 1345 1341 1351 
124 1341 1345 1360 
2 8 2 124
125 138 9 1405 
126 9 143 1404 
127 198 9 1404 
128 9 198 1405 
129 12 185 1407 
130 190 12 1406 
131 12 204 1406 
132 204 12 1407 
133 139 138 1369 
134 1369 138 1405 
135 140 139 1398 
136 139 1369 1398 
137 141 140 1366 
138 1366 140 1398 
139 142 141 1400 
140 141 1366 1400 
141 143 142 1368 
142 1368 142 1400 
143 143 1368 1404 
144 185 186 1401 
145 185 1401 1407 
146 186 187 1367 
147 186 1367 1401 
148 187 188 1399 
149 1367 187 1399 
150 188 189 1365 
151 188 1365 1399 
152 189 190 1393 
153 1365 189 1393 
154 1393 190 1406 
155 199 198 1395 
156 198 199 1396 
157 1395 198 1404 
158 198 1396 1405 
159 200 199 1362 
160 199 200 1364 
161 1362 199 1395 
162 199 1364 1396 
163 201 200 1371 
164 200 201 1391 
165 200 1362 1371 
166 1364 200 1391 
167 202 201 1361 
168 201 202 1392 
169 1361 201 1371 
170 1391 201 1392 
171 202 203 1363 
172 203 202 1390 
173 202 1361 1390 
174 202 1363 1392 
175 204 203 1370 
176 203 204 1387 
177 1363 203 1387 
178 1370 203 1390 
179 204 1370 1406 
180 1387 204 1407 
181 1361 1371 1388 
182 1361 1388 1389 
183 1361 1389 1390 
184 1371 1362 1372 
185 1372 1362 1373 
186 1373 1362 1395 
187 1379 1363 1386 
188 1363 1379 1392 
189 1386 1363 1387 
190 1364 1378 1382 
191 1378 1364 1391 
192 1364 1382 1402 
193 1396 1364 1402 
194 1365 1393 1394 
195 1365 1394 1403 
196 1399 1365 1403 
197 1366 1381 1397 
198 1381 1366 1398 
199 1366 1397 1400 
200 1385 1367 1399 
201 1367 1385 1408 
202 1401 1367 1408 
203 1368 1373 1395 
204 1373 1368 1400 
205 1368 1395 1404 
206 1369 1396 1402 
207 1396 1369 1405 
208 1398 1369 1402 
209 1370 1390 1394 
210 1393 1370 1394 
211 1370 1393 1406 
212 1371 1372 1388 
213 1372 1373 1374 
214 1372 1374 1375 
215 1372 1375 1388 
216 1374 1373 1397 
217 1397 1373 1400 
218 1375 1374 1376 
219 1376 1374 1381 
220 1381 1374 1397 
221 1375 1376 1377 
222 1375 1377 1383 
223 1375 1383 1388 
224 1377 1376 1378 
225 1378 1376 1382 
226 1376 1381 1382 
227 1377 1378 1379 
228 1377 1379 1380 
229 1377 1380 1383 
230 1379 1378 1392 
231 1378 1391 1392 
232 1380 1379 1386 
233 1383 1380 1384 
234 1384 1380 1385 
235 1385 1380 1386 
236 1382 1381 1402 
237 1381 1398 1402 
238 1383 1384 1389 
239 1388 1383 1389 
240 1384 1385 1403 
241 1389 1384 1394 
242 1394 1384 1403 
243 1385 1386 1408 
244 1385 1399 1403 
245 1386 1387 1408 
246 1401 1387 1407 
247 1387 1401 1408 
248 1390 1389 1394 
2 29 2 7
249 23 2390 353 
250 358 2390 23 
251 353 2390 354 
252 354 2390 355 
253 355 2390 356 
254 356 2390 357 
255 357 2390 358 
2 30 2 7
256 24 2391 359 
257 364 2391 24 
258 359 2391 360 
259 360 2391 361 
260 361 2391 362 
261 362 2391 363 
262 363 2391 364 
3 1 4 7888
263 1046 2970 2972 3088 
264 2926 3179 599 3196 
265 2885 2904 3162 3306 
266 2991 3306 3162 3321 
267 1360 2937 1220 3291 
268 1328 3053 2961 3062 
269 689 3032 2906 3079 
270 2986 3023 2990 3148 
271 3086 3472 2966 3520 
272 3003 3235 3122 3408 
273 1046 2971 2970 3088 
274 2847 2893 2944 3304 
275 2832 2895 3144 3482 
276 775 3089 3224 3354 
277 613 2996 524 3124 
278 2832 3026 2895 3482 
279 1328 2961 1352 3062 
280 914 2877 2942 3133 
281 2930 2935 2850 3152 
282 2990 3148 3023 3149 
283 1167 3374 2959 3470 
284 3194 3246 702 3247 
285 3117 3118 595 3437 
286 2904 3162 3306 3321 
287 2851 2966 3135 3381 
288 2847 2944 2937 3304 
289 628 3062 2961 3192 
290 524 3124 2996 3483 
291 2865 3122 3003 3235 
292 3117 3368 3370 3523 
293 2865 3122 3235 3408 
294 3023 3148 2910 3149 
295 617 3004 707 3124 
296 2904 2875 3162 3321 
297 3107 3266 3106 3499 
298 2866 2994 2898 3501 
299 2850 3134 2931 3261 
300 2990 3335 2921 3506 
301 3222 3432 3185 3433 
302 3083 3264 2826 3342 
303 2826 3083 2985 3264 
304 2940 3180 3035 3205 
305 970 1220 1360 2937 
306 2831 2902 3018 3019 
307 2850 2935 2930 3153 
308 3035 3180 2913 3205 
309 2851 2966 3018 3135 
310 2832 3144 2927 3482 
311 3178 3227 2908 3325 
312 2916 2998 1159 3127 
313 2908 3178 3054 3227 
314 970 2937 1360 3008 
315 2832 2927 3026 3482 
316 2990 2910 3148 3149 
317 2895 2827 3065 3481 
318 2961 3053 1330 3109 
319 1313 2947 2894 3039 
320 3437 3454 3117 3523 
321 2827 2895 2968 2994 
322 599 2926 627 3179 
323 3078 3108 2914 3477 
324 2959 3327 2873 3374 
325 1342 3033 2894 3215 
326 2894 2947 3215 3361 
327 1216 1064 2892 3012 
328 3030 3108 3078 3477 
329 2913 3035 3205 3456 
330 2940 3205 3035 3535 
331 3035 3205 2835 3535 
332 2827 2919 3065 3481 
333 2866 2898 3113 3501 
334 868 3155 2907 3157 
335 3030 2914 3108 3477 
336 2835 3205 3035 3456 
337 2831 2902 3019 3095 
338 1280 3217 2945 3330 
339 2944 474 3227 3464 
340 2840 2902 3060 3159 
341 2897 2850 3110 3261 
342 1342 2894 2947 3215 
343 2895 2994 2827 3481 
344 3003 2856 3235 3408 
345 2839 3061 2993 3095 
346 2993 3061 2980 3095 
347 2840 3159 3060 3551 
348 1093 3479 2923 3484 
349 3060 3159 2903 3551 
350 1147 1146 962 3440 
351 2980 3061 2993 3084 
352 2993 3061 2839 3084 
353 2832 2958 2928 3292 
354 627 2926 599 3196 
355 459 3004 3124 3298 
356 2827 2994 2919 3481 
357 2827 2994 2968 3253 
358 2994 3113 2898 3501 
359 2891 2966 2851 3118 
360 1046 2972 1052 3088 
361 914 2942 2877 3391 
362 1313 3039 2894 3132 
363 2887 3028 800 3338 
364 2877 2945 2853 3319 
365 3075 3392 1295 3393 
366 1055 3294 2872 3525 
367 2979 3219 3218 3440 
368 2998 3075 1067 3127 
369 2906 3032 689 3128 
370 2890 3308 1397 3320 
371 975 1399 2916 3127 
372 1093 3015 2923 3479 
373 1339 2896 3132 3138 
374 2902 2840 3018 3159 
375 2898 3113 2994 3423 
376 2938 3135 2966 3381 
377 1055 3088 2872 3294 
378 465 3198 2943 3203 
379 2938 3018 2966 3135 
380 1341 1360 2937 3008 
381 3027 3204 2886 3425 
382 2831 3018 2902 3095 
383 2916 1159 2998 3409 
384 459 3004 617 3124 
385 3033 2894 3215 3361 
386 1067 3127 3075 3225 
387 2928 2958 2832 3267 
388 2959 3374 3051 3470 
389 1208 1071 2978 3409 
390 2944 3085 474 3464 
391 856 3041 3179 3502 
392 2890 3194 3193 3232 
393 3053 3109 2961 3358 
394 474 499 2944 3227 
395 471 474 2944 3085 
396 1397 2890 3275 3308 
397 3354 3356 3224 3357 
398 480 504 3123 3198 
399 3207 3250 3218 3440 
400 2834 3011 2912 3217 
401 2826 3342 3264 3547 
402 900 2909 899 3073 
403 3036 3056 905 3522 
404 471 2944 3074 3085 
405 514 3090 2943 3198 
406 3027 2886 3262 3425 
407 2931 3110 2850 3261 
408 2891 3118 2851 3436 
409 2902 3018 2840 3060 
410 2898 2994 2866 3098 
411 2877 2853 3075 3319 
412 589 2961 628 3062 
413 480 3123 2933 3198 
414 1325 1340 3010 3314 
415 2891 3454 3437 3523 
416 914 3133 2942 3288 
417 2907 2973 686 3534 
418 946 914 3341 3391 
419 2919 2994 2827 3351 
420 2994 3113 1371 3423 
421 2850 2897 3110 3329 
422 2906 2844 3215 3371 
423 2903 3060 2902 3159 
424 2875 2985 2887 3264 
425 2877 2853 2945 3248 
426 686 2973 2907 3490 
427 3031 3171 3167 3363 
428 899 900 898 2909 
429 1352 3029 2939 3062 
430 1219 852 2824 3009 
431 544 581 580 2952 
432 1318 2961 589 3062 
433 2855 2963 2892 3043 
434 3075 3225 2877 3393 
435 1093 2923 3015 3266 
436 2907 3063 2864 3123 
437 2847 2944 2893 3227 
438 3003 3122 2856 3408 
439 1309 3041 3271 3339 
440 3050 3454 2891 3523 
441 505 2907 3203 3340 
442 2943 3016 506 3203 
443 2827 3098 2994 3253 
444 2847 2933 2922 2977 
445 2901 2840 3018 3424 
446 3101 3312 1377 3458 
447 2912 3217 3011 3488 
448 1055 2872 3088 3367 
449 2897 3122 2865 3349 
450 2865 2897 3349 3485 
451 3041 3156 1309 3271 
452 2872 3367 1055 3525 
453 2856 3233 3235 3408 
454 2892 2963 2855 3073 
455 1091 2923 1093 3266 
456 2932 3028 2842 3032 
457 716 2919 3005 3045 
458 3007 3187 3293 3441 
459 3052 3291 974 3435 
460 741 3155 868 3157 
461 2947 3039 1313 3145 
462 2995 3119 2850 3152 
463 2945 3319 2877 3392 
464 2827 2968 3068 3070 
465 2892 3012 1064 3043 
466 900 2909 3073 3288 
467 1093 2923 1091 3484 
468 1389 3175 3120 3352 
469 2840 3109 2961 3337 
470 1036 3126 2924 3236 
471 910 3011 3066 3235 
472 2901 3060 2840 3424 
473 2840 3060 3018 3424 
474 1329 1330 3053 3109 
475 2895 2832 3144 3216 
476 2842 3028 2932 3147 
477 979 3075 1295 3393 
478 3007 3293 3069 3441 
479 2826 2985 2984 3264 
480 1391 3110 2900 3539 
481 868 3157 2907 3534 
482 2827 2968 3070 3253 
483 1359 2972 977 3252 
484 904 3056 3036 3206 
485 2905 2862 3106 3165 
486 1309 3271 1283 3339 
487 882 3164 2949 3556 
488 2906 3128 689 3371 
489 2827 2968 2895 3068 
490 2907 3155 868 3515 
491 597 723 2931 3002 
492 796 3135 2961 3151 
493 1371 3113 2994 3501 
494 2840 3060 2901 3109 
495 3045 3320 2919 3481 
496 2886 3183 2996 3353 
497 2871 2998 2916 3101 
498 2931 3057 2850 3299 
499 898 2909 900 3463 
500 3214 3292 3245 3465 
501 3177 3397 3335 3505 
502 2893 3227 2944 3305 
503 970 1182 1220 2937 
504 597 2931 198 3002 
505 2997 3322 2835 3367 
506 857 3028 2887 3431 
507 2875 2887 3162 3264 
508 899 3073 2909 3233 
509 689 3079 2906 3416 
510 1055 3088 3251 3367 
511 1079 1067 2998 3075 
512 3082 3162 2991 3306 
513 3066 3100 909 3235 
514 2873 3051 2959 3374 
515 2826 3264 2984 3547 
516 2968 2994 2898 3253 
517 899 2909 898 3233 
518 2864 3123 3063 3174 
519 2943 2947 2848 3438 
520 2943 3090 462 3445 
521 3057 3110 2850 3299 
522 2896 3114 3418 3424 
523 2990 3149 2921 3397 
524 1385 2916 1403 3127 
525 2837 2968 2911 3031 
526 3002 3042 2849 3113 
527 2851 3135 3192 3381 
528 3041 3179 2936 3518 
529 2965 3168 3167 3373 
530 975 2916 1209 3127 
531 2844 2947 2943 3489 
532 3167 3373 3168 3500 
533 630 3151 2961 3337 
534 2840 2932 3109 3337 
535 3227 3305 2893 3546 
536 1130 580 2952 3478 
537 2937 3008 970 3553 
538 1328 1352 2939 3062 
539 1330 1352 1328 2961 
540 2871 2916 2998 3199 
541 1036 3239 2924 3260 
542 1325 3314 3010 3442 
543 2959 2835 3322 3367 
544 2850 3261 2897 3537 
545 2841 3090 2972 3145 
546 3017 3022 2934 3280 
547 2866 3042 3002 3113 
548 1398 599 3179 3196 
549 2849 3113 3042 3177 
550 1380 3101 1377 3458 
551 3177 3335 2920 3505 
552 2989 3106 2862 3165 
553 672 3204 774 3425 
554 1401 1181 3012 3043 
555 2979 3095 3061 3121 
556 2831 2901 3018 3424 
557 1053 2972 2970 3252 
558 2856 3233 3003 3235 
559 1360 1341 2937 3291 
560 613 524 625 3124 
561 3029 3313 3025 3427 
562 2847 2977 2922 3396 
563 2866 3042 3113 3177 
564 2909 3288 900 3463 
565 2835 3205 2997 3367 
566 2931 3134 724 3261 
567 910 3066 909 3235 
568 1328 1330 2961 3053 
569 2838 2911 2968 3031 
570 1068 3225 3075 3393 
571 3025 3366 3029 3427 
572 3016 3289 2943 3530 
573 2918 1271 3130 3319 
574 2966 3195 3064 3226 
575 1189 455 2944 3074 
576 2931 3002 723 3270 
577 2831 3018 3095 3424 
578 2891 3453 3437 3454 
579 2970 2971 2841 3088 
580 2933 3085 475 3198 
581 776 583 827 950 
582 3165 3253 3102 3550 
583 2838 3102 3253 3550 
584 2863 2992 2930 3020 
585 2844 2906 3215 3361 
586 1209 2916 1159 3127 
587 1045 2971 1046 3088 
588 3025 3313 3029 3366 
589 2863 3036 2892 3056 
590 2943 3090 2947 3438 
591 553 3212 3058 3262 
592 1135 1216 2892 3012 
593 3031 3170 3167 3171 
594 2834 2945 2942 3387 
595 2949 3285 1097 3556 
596 2859 2972 2970 3090 
597 2970 2972 2841 3090 
598 1336 2913 3114 3428 
599 842 3179 3041 3518 
600 2886 2957 3183 3353 
601 2911 3259 3120 3260 
602 801 804 3032 3347 
603 2886 3353 2996 3425 
604 2918 1271 3319 3330 
605 726 3261 3134 3537 
606 889 2954 891 3003 
607 2832 2928 3245 3292 
608 2863 2930 2992 3036 
609 2856 2992 2930 3036 
610 2970 2841 2972 3088 
611 2877 3319 3075 3392 
612 2967 3040 1377 3125 
613 2912 2974 2834 3217 
614 578 1130 987 2999 
615 2959 3051 2940 3470 
616 2966 3064 2891 3226 
617 1335 2894 3033 3138 
618 2972 3090 2859 3145 
619 1392 2900 1391 3110 
620 928 854 583 950 
621 2834 3217 2945 3387 
622 2837 3031 2911 3170 
623 2970 2971 1046 3462 
624 1403 2916 1399 3127 
625 2850 3152 2935 3460 
626 2909 2963 2855 3380 
627 2835 2959 3205 3367 
628 2910 3149 2990 3397 
629 827 583 854 950 
630 801 3032 3028 3347 
631 2912 2834 2974 3562 
632 2900 3110 3057 3299 
633 3167 3171 3170 3172 
634 2853 2877 3075 3225 
635 3086 3208 3181 3472 
636 2921 3149 3017 3397 
637 856 3041 842 3179 
638 891 3003 2954 3263 
639 2960 3195 3053 3226 
640 1403 2916 1385 3101 
641 539 537 540 3276 
642 3031 3068 2968 3070 
643 1344 2997 969 3251 
644 2916 2978 1071 3409 
645 2837 2895 2968 3373 
646 2963 3300 2855 3380 
647 2850 2995 3152 3460 
648 2831 3095 3019 3309 
649 1211 975 1399 2916 
650 1071 2978 2916 3236 
651 3019 3095 2902 3309 
652 2994 3098 2898 3253 
653 2831 2979 3095 3406 
654 2837 2968 2895 3120 
655 2837 2911 3120 3260 
656 2930 2850 2954 3152 
657 3036 3056 2863 3206 
658 2979 3061 2955 3121 
659 3122 3196 2865 3349 
660 1237 2998 1248 3075 
661 2855 3043 2892 3067 
662 3179 3196 2926 3398 
663 689 691 3032 3079 
664 2931 3134 3089 3270 
665 2896 3114 3132 3456 
666 1373 1397 2890 3275 
667 2838 3102 3071 3253 
668 2892 2855 3067 3073 
669 966 2981 993 3043 
670 2827 3065 2919 3471 
671 3335 3397 2921 3505 
672 2837 2968 3068 3373 
673 1182 2937 970 3553 
674 650 1016 1020 653 
675 1017 1016 1020 650 
676 2844 3014 2947 3489 
677 2947 2841 3039 3145 
678 649 1016 650 653 
679 1015 1016 1017 650 
680 1021 1020 1016 653 
681 1340 3055 3010 3314 
682 2984 3138 2835 3456 
683 650 1016 649 648 
684 1016 649 1021 653 
685 2897 3003 2865 3122 
686 1015 1016 650 648 
687 649 654 1021 653 
688 1337 2997 1355 3039 
689 649 1013 648 1016 
690 1016 1015 1013 648 
691 1013 649 648 646 
692 536 2951 3212 3283 
693 1014 651 1015 1018 
694 2865 3003 2897 3485 
695 1307 2969 2928 3193 
696 1055 3251 1056 3367 
697 651 1015 648 647 
698 1223 1159 2998 3127 
699 1016 749 1021 649 
700 648 1013 647 1015 
701 1021 654 649 749 
702 1013 648 647 646 
703 651 1014 1015 647 
704 647 1013 646 644 
705 749 1016 1021 1116 
706 649 749 1013 1016 
707 647 1015 1013 1014 
708 649 749 646 1013 
709 650 1118 1024 1017 
710 1012 1030 662 1029 
711 644 647 1013 1014 
712 1024 650 657 751 
713 1018 1015 751 651 
714 749 1013 1016 1116 
715 645 646 1013 644 
716 2895 3068 2968 3373 
717 1011 644 1013 1014 
718 648 751 1015 651 
719 749 646 1013 645 
720 645 1030 663 662 
721 645 1030 749 663 
722 1030 749 1116 1012 
723 2906 3215 3128 3371 
724 749 1013 1116 1012 
725 662 645 1030 1012 
726 1118 1015 1017 650 
727 1030 645 749 1012 
728 2922 2933 2847 3054 
729 1015 650 751 648 
730 1011 645 1013 644 
731 645 1011 1013 1012 
732 3103 3311 2953 3316 
733 1013 749 645 1012 
734 1403 1384 2916 3101 
735 1118 650 1024 751 
736 1118 1015 751 1018 
737 2831 3181 2979 3406 
738 2837 3120 2895 3373 
739 1078 974 3291 3435 
740 724 3134 726 3261 
741 1030 1114 1116 747 
742 969 2997 1344 3426 
743 2931 2850 3110 3299 
744 2902 3060 2903 3115 
745 1118 1015 650 751 
746 749 1030 747 663 
747 1030 749 747 1116 
748 2920 3098 2866 3184 
749 2917 3098 2920 3184 
750 1350 1325 1340 3010 
751 1373 2890 1397 3320 
752 2930 3153 2992 3329 
753 2874 3140 3493 3494 
754 2834 2912 3011 3379 
755 2871 2998 3101 3130 
756 1019 1018 651 1014 
757 691 3028 3032 3079 
758 2882 3030 2914 3108 
759 1021 749 747 654 
760 1078 974 1220 3291 
761 2851 2966 2891 3226 
762 1021 664 1020 653 
763 1116 1114 1021 747 
764 664 1021 654 653 
765 1099 2905 1229 3106 
766 1019 647 1014 651 
767 749 1021 747 1116 
768 2841 2947 3039 3403 
769 531 3058 2996 3262 
770 3120 3259 2924 3260 
771 1047 1045 1046 3088 
772 1012 662 1010 1029 
773 1237 1079 2998 3075 
774 2902 3095 3018 3424 
775 2901 3109 3060 3394 
776 2831 3095 2979 3121 
777 2921 3017 3149 3356 
778 1117 751 1024 750 
779 664 1020 1031 1021 
780 662 1012 1010 645 
781 644 645 643 1011 
782 1012 645 1011 1010 
783 647 644 1113 1014 
784 1030 1075 662 1029 
785 2851 3195 2966 3226 
786 1011 1113 644 1014 
787 929 2995 3152 3323 
788 1339 2896 3114 3132 
789 3183 3220 3176 3443 
790 1392 3097 2900 3474 
791 1075 663 1030 662 
792 677 2976 3201 3249 
793 1229 3106 2905 3524 
794 2896 3394 3114 3424 
795 2900 2850 3057 3110 
796 751 657 1024 750 
797 585 1230 835 863 
798 3071 3102 2899 3253 
799 2841 2947 3090 3145 
800 1403 2916 1384 3126 
801 2850 3153 2930 3329 
802 551 3369 3001 3540 
803 751 1117 1024 1118 
804 1019 647 651 652 
805 2839 3418 3114 3424 
806 1360 1220 1345 3291 
807 2954 2850 3119 3152 
808 1009 1113 644 1011 
809 2838 3024 2911 3031 
810 2914 3108 3078 3532 
811 1367 2981 966 3043 
812 1355 2997 1322 3039 
813 2957 3353 2886 3425 
814 2932 2840 3151 3337 
815 2942 3133 2877 3248 
816 2996 3183 2846 3353 
817 647 1113 1019 1014 
818 643 645 662 1010 
819 645 643 1011 1010 
820 643 1011 1009 644 
821 1021 665 664 654 
822 647 644 746 1113 
823 2892 3043 1183 3067 
824 891 889 890 2954 
825 1031 1032 664 1021 
826 3143 2987 3468 3469 
827 891 2954 890 3263 
828 1373 2890 3144 3275 
829 1042 1117 1024 750 
830 1075 708 663 662 
831 1327 3103 2975 3316 
832 644 642 1113 1009 
833 675 1042 1024 750 
834 1201 3282 3225 3341 
835 1290 3075 2998 3319 
836 769 1308 2969 3041 
837 1328 2939 3053 3062 
838 675 1024 657 750 
839 1309 1283 1268 3339 
840 642 746 644 1113 
841 3176 3183 3058 3220 
842 2992 3036 2856 3211 
843 2868 3121 2960 3303 
844 2960 3121 3064 3303 
845 2882 3030 3294 3295 
846 746 647 1019 652 
847 2868 2960 3064 3303 
848 654 1021 665 747 
849 1135 3012 2892 3056 
850 1021 1114 1032 747 
851 1009 643 644 642 
852 2976 2844 3249 3289 
853 1011 643 1009 1010 
854 2842 3033 2906 3082 
855 1327 2960 3103 3311 
856 1018 751 1028 651 
857 1113 647 1019 746 
858 910 902 3011 3235 
859 2848 2947 2943 3268 
860 2943 2947 2844 3268 
861 665 664 1032 1021 
862 2831 3309 3019 3472 
863 1327 2975 3103 3497 
864 1028 1118 751 1018 
865 2896 3109 3274 3394 
866 2974 3330 3217 3348 
867 3016 3249 2844 3289 
868 2863 3020 3164 3284 
869 2846 3054 2908 3178 
870 3102 3253 3165 3386 
871 2958 3267 2928 3278 
872 750 1117 751 1028 
873 1076 663 1030 1075 
874 1389 1361 3175 3352 
875 1337 2997 3039 3132 
876 2953 3052 1040 3478 
877 1099 3092 2905 3106 
878 2963 2856 3036 3211 
879 2832 3214 2958 3292 
880 2855 3133 2942 3248 
881 2930 3036 895 3263 
882 1174 3061 2980 3084 
883 2877 3133 914 3341 
884 691 3028 801 3032 
885 895 3036 2930 3206 
886 804 3032 3347 3400 
887 1117 1118 751 1028 
888 3249 3371 680 3490 
889 2828 2910 2962 3148 
890 1030 1114 747 1076 
891 2966 3381 3118 3437 
892 1032 665 1021 747 
893 747 663 1030 1076 
894 2884 3264 3083 3342 
895 1158 1117 1042 750 
896 2893 2847 3227 3234 
897 1220 2937 1182 3362 
898 3000 3303 3218 3345 
899 3016 3203 2907 3340 
900 3075 3127 2853 3225 
901 2833 3050 3226 3427 
902 747 663 1076 709 
903 630 797 3151 3337 
904 675 1158 1042 750 
905 2863 3164 3015 3284 
906 2860 3029 3366 3427 
907 1334 2953 3311 3316 
908 2864 3063 2907 3157 
909 2846 2908 3176 3178 
910 1040 2953 990 3052 
911 3225 3282 2877 3341 
912 3193 3194 2928 3246 
913 2870 3218 3209 3250 
914 558 3545 3544 3555 
915 848 3142 3119 3323 
916 791 1158 675 750 
917 2831 3095 3096 3406 
918 2932 3147 3028 3347 
919 1167 2959 2940 3470 
920 528 3117 3454 3523 
921 544 581 2952 3513 
922 2831 3121 2901 3424 
923 1405 2931 813 3261 
924 3214 3382 3241 3529 
925 3034 3135 796 3151 
926 598 1318 589 3062 
927 2909 3235 3233 3408 
928 2967 3380 3300 3408 
929 2831 3096 3181 3406 
930 2930 3152 2954 3263 
931 2952 3048 2869 3450 
932 2890 1373 3144 3320 
933 1391 2900 1392 3539 
934 1385 3101 2916 3127 
935 531 553 3058 3262 
936 2913 1336 3426 3428 
937 974 1345 1220 3291 
938 608 2936 1366 3179 
939 2872 3078 3030 3108 
940 2992 3020 2863 3112 
941 670 704 3193 3308 
942 1370 2905 1390 3129 
943 2918 2982 2867 3125 
944 716 3005 811 3045 
945 2945 3387 3217 3391 
946 2892 3012 2863 3056 
947 2961 3109 1330 3337 
948 3038 3271 3041 3339 
949 505 2907 3340 3515 
950 2931 3057 2849 3089 
951 3276 3283 3001 3375 
952 2991 3162 2875 3321 
953 1398 3196 3179 3398 
954 2865 3100 3066 3235 
955 3041 2867 3179 3502 
956 1216 1064 1135 2892 
957 2910 3017 3149 3397 
958 724 597 723 2931 
959 2928 2969 1287 3278 
960 2907 3123 505 3203 
961 891 893 3003 3233 
962 3028 3079 2887 3162 
963 2828 2920 3177 3335 
964 2943 3198 2848 3203 
965 1335 2894 1342 3033 
966 2837 3373 3167 3500 
967 2874 3230 2929 3493 
968 891 3233 3003 3263 
969 3001 3369 3025 3540 
970 3193 3308 704 3518 
971 2896 3138 2984 3456 
972 1339 3114 2896 3394 
973 2922 2977 2933 3174 
974 751 1028 651 661 
975 2877 3392 3075 3393 
976 2968 2994 2895 3352 
977 1295 3075 1278 3392 
978 2976 2844 3046 3249 
979 2867 2982 2918 3038 
980 1322 3039 2997 3251 
981 628 681 3062 3192 
982 3061 3121 3095 3517 
983 2858 3052 2953 3478 
984 3070 3069 3293 3441 
985 2930 3020 2992 3153 
986 830 3324 3401 3419 
987 2961 3151 2840 3337 
988 2947 2894 3039 3403 
989 598 589 628 3062 
990 2891 2851 3226 3436 
991 2911 3024 2838 3487 
992 2976 3249 3016 3289 
993 2827 2895 3065 3068 
994 2828 2962 2910 3397 
995 2918 2871 3038 3312 
996 2928 3194 2832 3245 
997 3186 3188 3187 3293 
998 1068 3075 979 3393 
999 852 709 786 1219 
1000 3024 2838 3093 3255 
1001 2828 3335 3177 3397 
1002 2842 2906 3032 3079 
1003 1028 751 750 661 
1004 1392 3110 1391 3315 
1005 3042 3270 837 3401 
1006 1373 3045 2994 3481 
1007 2860 3366 3025 3427 
1008 2846 3183 3176 3443 
1009 1290 2998 3130 3319 
1010 997 2955 3061 3160 
1011 2831 3095 3121 3424 
1012 504 3123 3198 3203 
1013 3099 3220 2908 3325 
1014 613 631 2996 3124 
1015 2868 3064 2960 3173 
1016 3023 2986 3404 3510 
1017 2891 3437 3436 3523 
1018 1402 2897 1396 3349 
1019 2842 3138 3033 3476 
1020 2827 3293 3005 3351 
1021 2980 3104 3084 3509 
1022 1130 987 2999 3478 
1023 1082 3166 3169 3172 
1024 2989 3106 3092 3469 
1025 480 2933 487 3198 
1026 2918 3038 2871 3388 
1027 2967 3040 3380 3408 
1028 2953 3450 2858 3478 
1029 1100 3479 1093 3484 
1030 1055 1054 1056 3251 
1031 2892 3036 2963 3522 
1032 2832 3245 3214 3292 
1033 2842 3033 3082 3476 
1034 3048 3276 3001 3375 
1035 2982 3038 2871 3312 
1036 3036 3073 2963 3522 
1037 667 3119 2995 3323 
1038 537 2951 3072 3328 
1039 1399 2916 1403 3126 
1040 2947 3090 3145 3438 
1041 2870 3000 3218 3250 
1042 2892 2963 3073 3522 
1043 755 1020 664 653 
1044 891 893 897 3003 
1045 3208 3209 2870 3218 
1046 796 2961 630 3151 
1047 2896 3138 1335 3274 
1048 1066 1067 3075 3225 
1049 3005 3293 2917 3351 
1050 2852 3044 3183 3212 
1051 2908 2847 3054 3443 
1052 2832 2895 3026 3373 
1053 977 1359 1161 2972 
1054 2866 3113 2898 3177 
1055 1104 979 1295 3393 
1056 850 1321 602 3128 
1057 3111 3126 2845 3265 
1058 1010 662 745 1029 
1059 2896 3418 3060 3424 
1060 1042 1024 658 675 
1061 2913 3160 3114 3428 
1062 1271 1265 2918 3130 
1063 1031 1122 1020 664 
1064 2838 3071 3070 3253 
1065 2863 2892 3036 3211 
1066 835 1230 756 863 
1067 1380 1377 3101 3312 
1068 657 658 1024 675 
1069 707 3004 812 3124 
1070 2827 3007 3005 3293 
1071 1339 1335 2896 3138 
1072 2847 3054 2933 3464 
1073 2827 3005 3007 3471 
1074 2963 3036 2856 3233 
1075 726 3134 3119 3537 
1076 2853 3075 2998 3127 
1077 199 2931 1396 3299 
1078 2986 3107 3023 3148 
1079 642 643 1008 1009 
1080 487 2933 475 3198 
1081 894 3152 2930 3263 
1082 2850 2935 3153 3460 
1083 1009 643 1008 1010 
1084 1080 1195 2953 3190 
1085 1364 2931 1396 3261 
1086 660 642 639 1009 
1087 1189 2944 1109 3074 
1088 3031 3070 2968 3253 
1089 3022 3087 3021 3536 
1090 2852 3183 3058 3212 
1091 464 3203 3016 3340 
1092 864 689 3032 3128 
1093 741 868 3155 3515 
1094 2908 3227 2893 3317 
1095 1211 1209 975 2916 
1096 2911 3031 3024 3170 
1097 472 3085 3074 3372 
1098 3027 3212 553 3262 
1099 2906 3079 2842 3082 
1100 2899 3098 2920 3186 
1101 812 707 617 3004 
1102 1343 3039 1313 3132 
1103 2942 3387 2945 3391 
1104 2848 2977 2933 3198 
1105 662 745 643 1010 
1106 1330 2932 3109 3274 
1107 680 3249 3046 3371 
1108 3018 3060 2902 3424 
1109 1022 651 1019 1018 
1110 2910 3148 3023 3221 
1111 1342 2894 1313 2947 
1112 3001 3283 547 3540 
1113 1006 660 1009 1027 
1114 2898 3352 3175 3423 
1115 3236 2924 3239 3486 
1116 2837 2924 3026 3500 
1117 1159 2916 1071 3409 
1118 3011 3217 2834 3387 
1119 2963 3073 3036 3233 
1120 3139 3544 558 3545 
1121 1383 1380 1377 3458 
1122 2980 2993 3104 3509 
1123 2832 2927 3144 3267 
1124 2919 3351 2827 3471 
1125 650 1020 656 653 
1126 1020 650 656 1017 
1127 3218 3303 2979 3345 
1128 1024 1017 656 650 
1129 650 656 1024 657 
1130 3101 2871 3312 3458 
1131 3236 3239 3238 3486 
1132 1055 3088 1054 3251 
1133 551 3025 3369 3540 
1134 2906 3033 3128 3215 
1135 873 3324 3005 3410 
1136 1341 3008 2937 3197 
1137 2965 3167 3068 3373 
1138 551 3001 547 3540 
1139 3060 3147 3109 3538 
1140 2858 3010 2999 3072 
1141 2940 3180 1186 3230 
1142 755 1230 1111 863 
1143 536 3212 2951 3328 
1144 1145 1240 3024 3171 
1145 1394 1389 2911 3120 
1146 1071 2916 3126 3236 
1147 3031 3255 3171 3363 
1148 2831 3018 2901 3195 
1149 652 655 651 1019 
1150 1348 3033 3032 3274 
1151 1045 1046 2971 3462 
1152 1362 1371 2994 3501 
1153 796 3135 3034 3378 
1154 1259 3199 3080 3388 
1155 2881 3234 3010 3291 
1156 2865 3235 2909 3408 
1157 2982 1377 3312 3458 
1158 3010 3234 3055 3291 
1159 3207 3209 3208 3218 
1160 2994 3352 2898 3423 
1161 553 536 3058 3212 
1162 2831 3096 3309 3472 
1163 905 3036 904 3056 
1164 1261 3080 3223 3388 
1165 1183 2892 1064 3043 
1166 2846 3176 2908 3443 
1167 465 514 2943 3198 
1168 696 3196 3100 3449 
1169 572 2869 3048 3049 
1170 3059 3334 3333 3335 
1171 2916 3111 1384 3126 
1172 2890 3232 669 3320 
1173 2897 3329 2850 3537 
1174 3032 3033 1348 3128 
1175 1373 3320 3045 3481 
1176 1399 1211 2916 3126 
1177 559 3220 3099 3325 
1178 3046 3371 3249 3490 
1179 1394 3120 2911 3259 
1180 1322 3039 2972 3145 
1181 733 3261 726 3537 
1182 465 2943 506 3203 
1183 1261 1259 3080 3388 
1184 198 1405 1396 2931 
1185 2850 3329 3119 3537 
1186 1394 2924 3120 3259 
1187 2855 2963 2909 3073 
1188 3100 3196 2865 3449 
1189 3024 3092 1199 3093 
1190 3070 3293 3187 3441 
1191 2890 669 3308 3320 
1192 2913 3180 1170 3205 
1193 2908 3054 2847 3227 
1194 2920 3098 2917 3186 
1195 2905 1099 3318 3487 
1196 2837 3120 2924 3260 
1197 685 680 3371 3490 
1198 537 3072 539 3328 
1199 3018 2840 3135 3159 
1200 716 2919 810 3005 
1201 2837 2911 2968 3120 
1202 2848 3063 3123 3174 
1203 1166 3327 2959 3374 
1204 2994 3045 1373 3501 
1205 3082 2888 3306 3331 
1206 2841 2971 2970 3445 
1207 977 2972 1218 3252 
1208 2999 3010 2858 3052 
1209 586 2876 953 3189 
1210 2955 3121 3061 3517 
1211 2909 3011 2865 3379 
1212 3025 3313 720 3368 
1213 1053 3252 2970 3258 
1214 1234 3160 3084 3180 
1215 514 462 2943 3090 
1216 2877 2945 2942 3248 
1217 1244 1170 2913 3180 
1218 1394 3120 2924 3265 
1219 2833 3226 2960 3497 
1220 3104 3509 3231 3528 
1221 2888 3287 3082 3306 
1222 2828 2910 2990 3397 
1223 2963 3300 3380 3408 
1224 829 3045 1368 3320 
1225 2871 3038 2982 3273 
1226 2893 3099 2908 3317 
1227 1018 1028 1022 651 
1228 2848 3063 2907 3123 
1229 2842 2991 3138 3476 
1230 2909 2865 3040 3379 
1231 769 3041 2969 3518 
1232 856 3179 700 3502 
1233 1158 750 1119 1117 
1234 747 1114 1032 1115 
1235 1230 585 835 952 
1236 1230 1202 952 835 
1237 2833 3001 3050 3427 
1238 2906 3033 3215 3361 
1239 2863 2923 3015 3479 
1240 909 3100 3003 3235 
1241 1276 3330 2974 3348 
1242 1370 203 2905 3129 
1243 3023 3107 2986 3510 
1244 2857 3267 2958 3278 
1245 1159 1071 1208 3409 
1246 3007 3187 3188 3293 
1247 842 2936 3179 3518 
1248 2863 3036 2992 3211 
1249 2831 3096 3095 3309 
1250 2954 3003 889 3142 
1251 747 1114 1115 1076 
1252 2948 3405 3285 3499 
1253 1171 2913 1170 3205 
1254 786 852 1219 761 
1255 750 1158 1119 791 
1256 756 1230 755 863 
1257 1238 2944 1189 3305 
1258 2916 2845 3111 3126 
1259 585 1111 1230 863 
1260 811 3045 3005 3324 
1261 1336 2913 1337 3114 
1262 482 3123 3155 3200 
1263 2862 3148 2989 3165 
1264 2917 2866 3098 3184 
1265 2932 3032 2842 3274 
1266 3020 3112 2992 3153 
1267 2917 3186 3185 3432 
1268 2879 3226 3050 3427 
1269 1195 1319 990 2953 
1270 2906 3082 3033 3476 
1271 1076 748 747 709 
1272 558 3544 992 3555 
1273 470 455 985 3074 
1274 733 724 726 3261 
1275 1375 3275 2982 3332 
1276 1040 2953 3478 3519 
1277 2984 2991 2842 3162 
1278 1119 750 1028 1117 
1279 1124 1027 1113 2941 
1280 746 660 757 2941 
1281 652 1019 746 2941 
1282 3014 3094 2889 3331 
1283 2918 3038 2982 3312 
1284 2830 3078 3322 3403 
1285 2903 3342 3060 3551 
1286 2850 2930 2954 3329 
1287 2830 3403 3322 3476 
1288 2942 2945 2877 3391 
1289 2844 3046 2906 3158 
1290 455 471 2944 3074 
1291 813 597 724 2931 
1292 1323 3279 193 3396 
1293 1008 1041 674 2854 
1294 3057 3089 2931 3134 
1295 746 1019 1113 2941 
1296 1377 2967 3125 3312 
1297 2887 3079 3028 3338 
1298 2900 3097 1392 3539 
1299 1402 3122 2897 3349 
1300 1170 1171 1244 2913 
1301 2853 3101 2998 3130 
1302 3107 3404 3023 3405 
1303 2963 3380 2909 3408 
1304 1385 1403 1399 3127 
1305 2961 3135 2840 3151 
1306 528 3454 3050 3523 
1307 1279 2969 1308 3041 
1308 2863 3012 2923 3479 
1309 3070 3071 2899 3253 
1310 3106 3107 2862 3266 
1311 1032 665 747 748 
1312 1029 745 1010 1112 
1313 981 966 993 3043 
1314 2845 2958 3182 3420 
1315 2830 3094 3014 3331 
1316 203 1370 2905 3524 
1317 1006 637 1004 3189 
1318 1359 1322 2972 3252 
1319 1025 1024 658 1042 
1320 1064 3012 1181 3043 
1321 2991 3162 2984 3503 
1322 586 953 1160 3189 
1323 2837 3068 3167 3373 
1324 866 3100 3066 3449 
1325 3023 3087 3022 3549 
1326 2937 2944 2847 3491 
1327 2995 3152 2935 3422 
1328 1323 3279 2922 3314 
1329 3119 3152 2995 3323 
1330 2881 3010 2999 3435 
1331 1223 1209 1159 3127 
1332 3109 3147 3060 3547 
1333 2908 3227 2847 3234 
1334 536 2951 537 3328 
1335 2972 3252 1322 3466 
1336 1339 1313 2894 3132 
1337 2896 3274 1335 3394 
1338 2926 3125 2867 3179 
1339 2840 2901 3018 3358 
1340 2835 3035 2984 3456 
1341 660 1006 1009 639 
1342 480 487 504 3198 
1343 2893 3227 2908 3234 
1344 2868 3254 3173 3450 
1345 3194 3244 2832 3245 
1346 3114 3428 3160 3517 
1347 2963 3036 2892 3211 
1348 2948 3266 3015 3498 
1349 2867 2918 3125 3562 
1350 2829 2900 3153 3480 
1351 1091 3266 3047 3484 
1352 3010 3052 2999 3435 
1353 1364 3110 2931 3261 
1354 2838 3175 2898 3253 
1355 2939 2879 3191 3313 
1356 1319 2953 1195 3190 
1357 515 1189 2944 3305 
1358 1316 3010 1340 3055 
1359 3050 3429 3049 3454 
1360 2892 2863 3012 3211 
1361 2875 2984 3162 3503 
1362 2917 3185 3413 3432 
1363 1336 3428 3114 3517 
1364 3101 3111 2871 3458 
1365 1318 1352 2961 3062 
1366 664 1122 1020 755 
1367 2918 2867 3271 3562 
1368 1290 1277 3075 3319 
1369 2856 3003 2897 3122 
1370 455 515 1189 2944 
1371 3015 3266 2923 3498 
1372 2887 3162 3079 3338 
1373 3215 3268 2947 3277 
1374 2865 3349 3196 3485 
1375 580 521 1130 2952 
1376 2905 3092 1099 3487 
1377 548 3276 3048 3513 
1378 1371 3352 2994 3423 
1379 2922 3054 2847 3443 
1380 2829 3153 3057 3480 
1381 2877 3341 914 3391 
1382 3063 3268 3215 3277 
1383 2828 2990 2910 3148 
1384 1364 2897 3110 3261 
1385 2842 3079 3028 3162 
1386 487 475 3085 3198 
1387 2844 2906 3046 3371 
1388 2831 3018 2966 3019 
1389 1032 664 818 1031 
1390 2840 3109 2901 3358 
1391 1327 3103 2960 3497 
1392 1319 990 2953 3052 
1393 3085 3464 2944 3491 
1394 505 3203 464 3340 
1395 203 3047 2905 3129 
1396 677 3201 788 3249 
1397 1008 641 643 642 
1398 910 909 902 3235 
1399 2856 2897 3003 3329 
1400 2959 2835 3051 3078 
1401 3083 2985 3264 3389 
1402 1362 3113 1371 3501 
1403 2842 3032 2906 3033 
1404 2830 3322 3078 3476 
1405 2977 3085 2933 3198 
1406 642 1008 639 1009 
1407 1244 2913 3160 3180 
1408 2841 2983 3090 3489 
1409 2994 3045 2919 3481 
1410 2977 3174 2922 3396 
1411 2961 3062 2851 3192 
1412 2862 2905 3129 3165 
1413 3001 3048 579 3276 
1414 203 2905 3047 3524 
1415 2964 3194 702 3247 
1416 658 1024 656 657 
1417 2898 2866 3177 3386 
1418 1158 675 1042 3512 
1419 1022 661 651 1028 
1420 2838 3070 3071 3255 
1421 3186 2917 3188 3293 
1422 1237 988 1248 2998 
1423 3030 3078 2872 3525 
1424 3193 3475 3308 3518 
1425 2896 3060 3394 3424 
1426 2898 3098 2866 3386 
1427 3023 3404 3107 3510 
1428 1387 1401 3012 3043 
1429 2855 2942 3133 3288 
1430 2831 3121 2979 3303 
1431 2847 2944 3227 3464 
1432 812 3124 3004 3353 
1433 2892 3056 3036 3522 
1434 2830 3014 3094 3108 
1435 2896 3418 3114 3456 
1436 3034 3135 2840 3159 
1437 2889 3094 3014 3421 
1438 834 3365 3449 3455 
1439 462 3090 493 3445 
1440 675 1158 791 3512 
1441 1041 827 745 674 
1442 2849 2931 3089 3270 
1443 1080 965 1195 3190 
1444 3125 3179 2926 3398 
1445 664 1032 818 665 
1446 1186 3230 3180 3528 
1447 1327 2975 1325 3316 
1448 1036 3126 973 3259 
1449 709 1076 1153 1219 
1450 950 854 827 1221 
1451 2840 2961 3109 3358 
1452 2897 2856 3122 3329 
1453 703 670 704 3193 
1454 2939 3191 2879 3226 
1455 3053 3109 2901 3394 
1456 1080 1195 990 2953 
1457 3028 3032 2932 3347 
1458 2857 2982 3038 3273 
1459 2924 3486 3026 3500 
1460 2943 3090 2983 3489 
1461 1205 1158 1042 3512 
1462 675 791 838 3512 
1463 881 3142 604 3323 
1464 1379 3040 2967 3408 
1465 928 854 950 1221 
1466 3160 3426 1244 3428 
1467 2936 3041 2867 3179 
1468 1135 3056 2892 3343 
1469 2917 3413 3184 3432 
1470 2918 2974 2834 3562 
1471 2966 3118 2891 3437 
1472 1379 2967 3300 3408 
1473 1091 3047 964 3484 
1474 800 2887 857 3028 
1475 2833 2960 3064 3173 
1476 2939 2975 2833 3427 
1477 2867 3041 3038 3271 
1478 2957 2846 3183 3353 
1479 3005 3007 2917 3293 
1480 1049 3254 3000 3345 
1481 1028 750 752 661 
1482 2906 3033 3361 3476 
1483 2832 3216 2895 3373 
1484 808 3076 3034 3151 
1485 3217 3387 3011 3488 
1486 1097 2949 955 3285 
1487 696 3100 3196 3485 
1488 3048 3450 2952 3513 
1489 3120 3175 2968 3352 
1490 1198 3467 3318 3487 
1491 1382 3122 3196 3398 
1492 930 3003 909 3100 
1493 2851 3053 3195 3226 
1494 2932 2842 3147 3274 
1495 2996 3058 2846 3183 
1496 2918 2834 2974 3330 
1497 845 3076 3347 3431 
1498 482 3200 3155 3461 
1499 2875 2984 2985 3264 
1500 1078 3291 3362 3435 
1501 2977 3198 2848 3438 
1502 2953 3190 1356 3311 
1503 1377 3125 2982 3312 
1504 2875 3162 2991 3503 
1505 850 1321 3128 3400 
1506 2953 3103 2868 3311 
1507 459 617 707 3124 
1508 2862 3106 2989 3148 
1509 1135 3012 3056 3479 
1510 1337 1355 1322 3039 
1511 1198 3024 3467 3487 
1512 1336 1337 2913 3426 
1513 2872 3251 3088 3367 
1514 2851 3191 2939 3226 
1515 1068 2877 3225 3393 
1516 1207 590 840 818 
1517 764 561 524 2996 
1518 2920 3098 2899 3386 
1519 2833 2939 3226 3497 
1520 989 3067 926 3343 
1521 590 1207 957 818 
1522 664 818 1031 756 
1523 1029 662 745 1077 
1524 2924 3126 1036 3259 
1525 1350 1325 3010 3442 
1526 2988 3059 2987 3143 
1527 580 581 521 2952 
1528 2901 3109 3053 3358 
1529 856 3156 3041 3502 
1530 818 1032 1148 665 
1531 2851 3062 2939 3191 
1532 745 1008 643 1010 
1533 2958 2845 3182 3326 
1534 2970 2972 2859 3252 
1535 2933 3054 479 3464 
1536 2882 2914 3094 3108 
1537 2989 3106 3469 3473 
1538 987 578 2999 3272 
1539 2979 3121 2955 3345 
1540 2868 2960 3103 3173 
1541 3094 3108 3014 3421 
1542 2912 3066 3379 3449 
1543 471 474 499 2944 
1544 3044 2886 3183 3212 
1545 2896 3109 3060 3547 
1546 845 3076 3151 3347 
1547 2891 3444 3086 3453 
1548 2849 3057 2931 3299 
1549 3001 3276 579 3283 
1550 930 909 3003 3235 
1551 1208 1071 1070 2978 
1552 3025 3427 3001 3540 
1553 2841 3090 2983 3445 
1554 2863 3015 2923 3112 
1555 2846 3124 3178 3483 
1556 1244 3160 2913 3426 
1557 741 740 868 3515 
1558 590 957 1148 818 
1559 2841 2983 2971 3445 
1560 1384 2916 3101 3111 
1561 2865 3196 3100 3485 
1562 2939 3191 3062 3313 
1563 1220 1182 1078 3362 
1564 2918 3319 2945 3330 
1565 844 1366 608 2936 
1566 2881 3010 3234 3526 
1567 2832 3194 2928 3267 
1568 2840 3060 3109 3538 
1569 2833 3103 2960 3173 
1570 3024 3031 2838 3255 
1571 2868 3303 3000 3345 
1572 1080 990 1040 2953 
1573 2846 3058 2996 3483 
1574 2873 2959 3078 3525 
1575 660 2825 1027 2941 
1576 2996 3058 531 3483 
1577 2870 3086 3444 3453 
1578 1189 985 455 3074 
1579 2873 3078 3477 3525 
1580 2866 3098 2920 3386 
1581 681 3191 3062 3192 
1582 193 3279 3174 3396 
1583 2830 3082 2991 3306 
1584 3023 3148 3107 3221 
1585 637 1006 639 3189 
1586 914 2942 913 3288 
1587 2975 1325 3316 3442 
1588 764 561 2996 3262 
1589 3209 3218 3207 3250 
1590 2909 3040 2865 3408 
1591 2850 3057 2931 3134 
1592 1046 1052 1047 3088 
1593 1362 2994 1373 3501 
1594 2972 3039 2841 3145 
1595 1334 2953 1356 3311 
1596 651 1022 1019 655 
1597 1323 2922 3279 3396 
1598 2837 3026 2924 3120 
1599 1405 1396 2931 3261 
1600 1075 662 1029 1077 
1601 746 1113 2825 2941 
1602 2860 2975 2951 3044 
1603 696 3100 866 3449 
1604 1375 2982 3275 3458 
1605 2838 2968 2911 3175 
1606 1039 3052 974 3435 
1607 3014 3289 3158 3451 
1608 2841 3014 2947 3403 
1609 962 3250 3207 3440 
1610 479 3054 2933 3200 
1611 2930 2992 2856 3329 
1612 842 2936 608 3179 
1613 656 1020 755 653 
1614 1391 1392 201 3539 
1615 2934 3134 3089 3460 
1616 3042 3397 3177 3505 
1617 2912 3379 2834 3562 
1618 1367 1408 2981 3043 
1619 2968 3120 2911 3175 
1620 2935 3020 2930 3153 
1621 981 1367 966 3043 
1622 1384 3126 3111 3265 
1623 639 1006 1008 638 
1624 3103 3173 3048 3450 
1625 2911 2837 3170 3467 
1626 2912 3379 2926 3449 
1627 2918 3271 2974 3562 
1628 1322 3252 197 3466 
1629 818 840 1207 756 
1630 2844 2943 3289 3489 
1631 2983 3090 2943 3445 
1632 1307 3246 2928 3564 
1633 3055 3234 3010 3526 
1634 1375 1374 3275 3332 
1635 995 956 3190 3428 
1636 2865 3011 2909 3235 
1637 3016 3249 508 3340 
1638 674 641 1008 2854 
1639 843 599 627 3179 
1640 1266 3271 2918 3388 
1641 3071 3093 2838 3255 
1642 2833 3048 3103 3173 
1643 1230 1202 835 756 
1644 1329 3109 3053 3394 
1645 1361 3175 3352 3423 
1646 2979 3303 3121 3345 
1647 2919 3045 716 3320 
1648 2954 3152 3119 3323 
1649 1031 1185 1123 756 
1650 533 553 536 3058 
1651 503 1207 590 840 
1652 848 604 3142 3323 
1653 2829 3057 3280 3480 
1654 3007 3188 2917 3293 
1655 3020 3206 3164 3281 
1656 2908 3317 3099 3325 
1657 2917 2866 3184 3324 
1658 652 659 655 1019 
1659 716 3045 829 3320 
1660 1131 1300 763 1303 
1661 763 1303 1301 1131 
1662 2846 2908 3054 3443 
1663 1194 1041 745 1112 
1664 957 503 1207 590 
1665 1008 1006 639 1009 
1666 2922 3314 3279 3417 
1667 3245 3384 3244 3529 
1668 1248 2998 1290 3075 
1669 2886 3058 3212 3262 
1670 3094 3108 2914 3532 
1671 1025 1024 656 658 
1672 2877 3225 2853 3248 
1673 2927 3267 2958 3273 
1674 2844 3158 2906 3361 
1675 2851 3118 2966 3381 
1676 1327 1325 1350 3316 
1677 1008 745 674 1041 
1678 1316 1350 1340 3010 
1679 2842 3032 3028 3079 
1680 708 1075 710 662 
1681 2924 3239 3486 3500 
1682 3036 3233 917 3263 
1683 2900 2829 3112 3360 
1684 1202 1230 1123 756 
1685 1290 3130 2998 3199 
1686 1017 1020 1023 656 
1687 2878 3180 3230 3528 
1688 2945 3319 1271 3330 
1689 2998 3130 2871 3199 
1690 1017 1023 1024 656 
1691 764 524 613 2996 
1692 2866 2917 3098 3324 
1693 2860 3001 3427 3540 
1694 2951 3072 2858 3276 
1695 1108 3074 3008 3252 
1696 2897 3261 1396 3349 
1697 3126 3236 2845 3486 
1698 1265 1266 2918 3388 
1699 1005 1008 1006 638 
1700 1008 641 639 638 
1701 2978 3080 1257 3199 
1702 3002 3042 2866 3401 
1703 2856 3036 2930 3263 
1704 1257 3080 2978 3420 
1705 1359 197 1322 3252 
1706 2933 3123 480 3200 
1707 3121 3303 2868 3345 
1708 2884 3083 3264 3389 
1709 2829 3360 2900 3480 
1710 1176 3084 3104 3509 
1711 2906 3371 689 3416 
1712 720 3025 789 3313 
1713 2868 3173 3103 3450 
1714 993 3043 2981 3282 
1715 3245 3247 3244 3384 
1716 2851 2939 3053 3226 
1717 3125 3332 3179 3398 
1718 2858 3276 3072 3513 
1719 2844 3158 3014 3289 
1720 2840 2932 3151 3538 
1721 2911 3260 2837 3467 
1722 1123 1185 1207 756 
1723 2909 3011 3379 3380 
1724 3211 3315 2992 3474 
1725 3061 3095 2839 3517 
1726 3093 3171 3024 3255 
1727 1339 2896 1335 3394 
1728 2999 3010 2881 3072 
1729 2844 3249 3016 3490 
1730 1004 1160 637 1157 
1731 894 2930 3152 3228 
1732 637 1006 1004 1157 
1733 2858 3072 2951 3442 
1734 2983 3445 2943 3530 
1735 661 1022 651 655 
1736 664 1122 756 1031 
1737 1008 642 639 641 
1738 480 475 487 2933 
1739 763 1236 986 869 
1740 1099 1229 2905 3524 
1741 703 3193 704 3518 
1742 2896 3147 3109 3547 
1743 627 2926 3196 3449 
1744 1370 1390 2905 3318 
1745 2924 3259 1036 3260 
1746 896 3206 2930 3228 
1747 1403 1385 1384 3101 
1748 2963 2856 3211 3315 
1749 3074 3085 2944 3491 
1750 818 1032 1031 1185 
1751 2984 3035 2896 3456 
1752 745 1008 1010 1112 
1753 2909 3379 3040 3380 
1754 1111 1025 656 658 
1755 1005 1041 1008 2854 
1756 2982 3312 2871 3458 
1757 2846 3176 3058 3483 
1758 2918 2834 3125 3562 
1759 693 691 801 3032 
1760 2975 3375 2833 3427 
1761 2833 3049 3048 3173 
1762 2869 3048 3049 3173 
1763 914 907 3133 3288 
1764 3113 3480 3299 3539 
1765 2951 2975 2860 3375 
1766 2961 3053 2851 3062 
1767 1194 1041 1203 3507 
1768 1337 3132 2913 3426 
1769 3041 3156 2867 3502 
1770 2984 2835 3138 3503 
1771 2958 3267 2927 3326 
1772 1373 1374 1397 3275 
1773 2867 3179 3125 3332 
1774 3082 3158 2888 3331 
1775 938 3056 904 3164 
1776 945 3067 3133 3288 
1777 1231 969 2997 3251 
1778 1332 3394 3053 3395 
1779 1207 840 835 756 
1780 3113 2962 3480 3539 
1781 2849 3113 2962 3480 
1782 820 3027 3204 3366 
1783 496 2970 968 3462 
1784 2924 3236 3126 3486 
1785 1273 3130 1271 3319 
1786 1194 1143 776 950 
1787 1194 776 827 950 
1788 3001 2833 3050 3429 
1789 2838 3175 2911 3487 
1790 2852 3220 3183 3443 
1791 748 1076 1153 709 
1792 2913 3132 3114 3456 
1793 1068 3341 2877 3393 
1794 1380 2967 1377 3312 
1795 1373 3144 1374 3275 
1796 3185 3433 3186 3434 
1797 1077 745 1029 1112 
1798 2849 3299 3113 3480 
1799 2932 1330 3109 3337 
1800 1161 2972 1359 3251 
1801 2878 3035 2940 3180 
1802 674 638 641 2854 
1803 2852 3058 3183 3220 
1804 2862 3266 3107 3498 
1805 2973 3215 2844 3371 
1806 2830 3108 3094 3532 
1807 2865 3066 3011 3235 
1808 774 3027 820 3262 
1809 2913 3132 2997 3426 
1810 2917 3410 3324 3413 
1811 2834 2942 2945 3402 
1812 922 2954 3152 3263 
1813 3089 3134 3057 3460 
1814 1158 771 1119 791 
1815 2930 3036 2863 3206 
1816 1260 1261 3080 3223 
1817 1390 1389 1361 3175 
1818 2930 3020 2935 3228 
1819 553 3027 545 3212 
1820 3020 3164 2949 3281 
1821 2952 2858 3450 3478 
1822 2948 3107 3266 3498 
1823 2934 3089 3057 3460 
1824 1207 1185 957 818 
1825 2890 3320 3144 3481 
1826 2933 3123 2848 3198 
1827 835 1202 1207 756 
1828 2949 3164 3020 3284 
1829 3014 2889 3289 3451 
1830 2886 3058 2996 3183 
1831 660 1027 1006 1157 
1832 2829 2900 3112 3153 
1833 1392 2963 3211 3315 
1834 1271 2945 1274 3319 
1835 769 1308 1253 2969 
1836 995 3190 2955 3428 
1837 549 2869 2952 3048 
1838 1353 598 3029 3062 
1839 1248 988 1299 2998 
1840 3244 3245 3194 3247 
1841 835 490 952 585 
1842 490 952 1202 835 
1843 2957 3183 2922 3279 
1844 1237 1079 988 2998 
1845 2867 3156 3041 3271 
1846 842 3041 856 3518 
1847 3156 3365 2974 3562 
1848 1032 1148 1185 818 
1849 502 503 957 590 
1850 2828 2990 3335 3397 
1851 748 747 1032 1115 
1852 1006 638 639 3189 
1853 753 1022 1028 661 
1854 1199 3092 3024 3487 
1855 1390 1394 1389 2911 
1856 2865 3196 3122 3398 
1857 1344 1355 2997 3251 
1858 3024 2838 3092 3093 
1859 930 3003 897 3235 
1860 1322 2997 1355 3251 
1861 3017 3089 2934 3354 
1862 2863 3112 3020 3284 
1863 1390 3175 2905 3318 
1864 3092 3106 2989 3550 
1865 2905 3106 3092 3550 
1866 1236 763 986 1131 
1867 1392 3211 2963 3459 
1868 2916 3199 2871 3514 
1869 2845 3080 2958 3420 
1870 2897 3122 3110 3329 
1871 914 913 2942 3391 
1872 1202 1123 1207 756 
1873 2923 3479 3012 3484 
1874 458 677 601 3249 
1875 3015 3284 2948 3498 
1876 505 3123 2907 3515 
1877 1350 3316 1325 3442 
1878 1115 748 747 1076 
1879 1290 1289 3130 3199 
1880 1111 1230 952 585 
1881 2866 2920 3177 3386 
1882 2860 3427 3025 3540 
1883 1185 1148 957 818 
1884 2872 2959 3322 3367 
1885 1337 3114 2913 3132 
1886 974 3052 1345 3291 
1887 952 2836 585 2883 
1888 745 1008 641 643 
1889 2913 3426 3160 3428 
1890 3155 3157 741 3399 
1891 1031 1123 1122 756 
1892 2948 3107 3023 3405 
1893 3156 3502 3365 3562 
1894 827 1194 950 1221 
1895 750 791 1119 752 
1896 973 3126 1365 3259 
1897 2911 3170 3024 3467 
1898 659 1019 652 2941 
1899 473 3085 472 3372 
1900 2916 2845 3126 3236 
1901 1080 2953 1040 3519 
1902 709 1153 786 1219 
1903 1104 1068 979 3393 
1904 1185 1031 818 756 
1905 810 3005 2919 3154 
1906 1077 1194 745 1112 
1907 1093 1091 1100 3484 
1908 3047 3106 2862 3266 
1909 482 3123 509 3155 
1910 3058 3183 2886 3212 
1911 834 3449 3066 3455 
1912 2868 2953 3254 3450 
1913 1219 761 852 3009 
1914 2999 3072 541 3513 
1915 3012 3459 3211 3474 
1916 2857 2927 3275 3458 
1917 2962 2828 3148 3165 
1918 3060 3109 2896 3394 
1919 1122 1123 1230 756 
1920 2890 3232 3320 3481 
1921 3054 3178 488 3227 
1922 2858 3010 3072 3442 
1923 2833 3103 3048 3375 
1924 750 1119 1028 752 
1925 1408 2981 3043 3300 
1926 1005 638 1006 3189 
1927 2898 2962 3165 3177 
1928 2862 2962 3148 3165 
1929 3050 2891 3436 3523 
1930 689 691 693 3032 
1931 3060 3147 3538 3547 
1932 1063 3067 3043 3282 
1933 3173 3254 2869 3450 
1934 1008 745 1041 1112 
1935 827 674 1041 3507 
1936 2849 2962 3113 3177 
1937 1130 1187 987 3478 
1938 868 686 2907 3515 
1939 462 2943 3445 3530 
1940 864 689 3128 3371 
1941 1231 2997 969 3426 
1942 2891 3064 2966 3086 
1943 1332 1329 3053 3394 
1944 2924 3126 1394 3265 
1945 2933 2977 2847 3085 
1946 2859 2970 3252 3258 
1947 1246 3041 621 3156 
1948 2847 2908 3234 3443 
1949 1006 1004 1005 3189 
1950 2939 2833 2975 3497 
1951 2830 3108 3078 3403 
1952 3216 3244 3065 3373 
1953 2866 3098 2994 3351 
1954 685 2973 686 3490 
1955 2934 3354 3089 3385 
1956 2845 2916 3111 3514 
1957 755 1023 1111 1122 
1958 818 1207 1185 756 
1959 2858 3072 2999 3513 
1960 1198 3318 1099 3487 
1961 801 804 693 3032 
1962 977 1161 1218 2972 
1963 3050 3429 2833 3444 
1964 1402 3196 3122 3349 
1965 1032 748 1148 665 
1966 478 3305 3227 3546 
1967 2868 3103 2953 3450 
1968 2863 2923 3012 3474 
1969 953 1004 1160 3189 
1970 2863 3015 3112 3284 
1971 1234 1175 3084 3160 
1972 1122 1023 1020 755 
1973 2898 2994 2968 3352 
1974 1111 1122 1230 755 
1975 856 842 700 3179 
1976 1204 3106 3047 3266 
1977 3183 3279 2957 3417 
1978 2902 3115 2903 3159 
1979 3165 3253 2898 3386 
1980 910 3066 3011 3488 
1981 2834 2918 3125 3402 
1982 1024 1023 1025 656 
1983 2913 3180 3035 3516 
1984 1049 3000 1048 3345 
1985 2878 3180 2940 3230 
1986 2872 3108 3030 3294 
1987 827 1041 745 1194 
1988 2875 3162 2984 3264 
1989 2918 3319 3130 3402 
1990 891 893 3233 3263 
1991 2841 3088 2971 3559 
1992 2833 3064 2960 3226 
1993 2837 3260 3170 3467 
1994 2912 3365 3307 3455 
1995 1231 969 1217 3426 
1996 2976 3046 2844 3451 
1997 668 3193 2928 3246 
1998 3046 3158 2888 3416 
1999 3078 3030 3477 3525 
2000 2973 3128 1347 3215 
2001 1142 3106 3266 3499 
2002 945 906 3067 3288 
2003 593 872 569 1239 
2004 1341 197 1360 3008 
2005 1335 3274 3109 3394 
2006 2875 2985 2984 3140 
2007 199 198 2931 3002 
2008 2899 3071 3070 3256 
2009 930 897 909 3235 
2010 3071 2838 3093 3346 
2011 2900 3057 2850 3153 
2012 637 639 1006 1157 
2013 1271 1265 1266 2918 
2014 1364 3110 2897 3122 
2015 2982 3125 2918 3312 
2016 953 1297 586 1160 
2017 2933 3085 2847 3464 
2018 3048 3049 2833 3429 
2019 2834 2945 3217 3330 
2020 638 1005 1008 2854 
2021 1008 641 638 2854 
2022 2912 3307 3348 3488 
2023 2906 3361 3158 3476 
2024 2992 3211 2856 3315 
2025 1287 2969 1311 3278 
2026 2898 3177 3165 3386 
2027 3047 3097 2862 3129 
2028 2906 3158 3046 3416 
2029 986 763 1301 1131 
2030 1322 3145 2972 3466 
2031 698 1236 763 869 
2032 2886 2996 3058 3262 
2033 870 1310 621 3156 
2034 2922 3279 3183 3417 
2035 2892 3067 1183 3343 
2036 781 818 1148 665 
2037 2903 3115 3060 3342 
2038 1008 674 745 641 
2039 2947 3014 2894 3403 
2040 1364 1396 2897 3261 
2041 2873 2959 3051 3078 
2042 3404 3405 3107 3499 
2043 3028 3147 2884 3347 
2044 2862 3047 2905 3106 
2045 656 744 1111 658 
2046 1111 1025 1023 656 
2047 598 828 1353 3029 
2048 880 3066 773 3100 
2049 1402 1364 1396 2897 
2050 1207 840 469 835 
2051 3023 3149 2910 3549 
2052 660 1006 639 1157 
2053 815 3353 2957 3425 
2054 1210 2981 1367 3127 
2055 622 931 911 3100 
2056 1148 590 818 781 
2057 1359 977 197 3252 
2058 2841 3039 2972 3088 
2059 2908 3176 3220 3443 
2060 1122 664 756 755 
2061 1176 3509 3104 3528 
2062 1201 3133 3282 3341 
2063 203 2923 3047 3097 
2064 2873 3477 3327 3525 
2065 2873 3327 2959 3525 
2066 2939 2851 3053 3062 
2067 987 3272 2999 3435 
2068 2934 3089 3134 3385 
2069 2905 3047 2862 3129 
2070 1336 1355 1337 3426 
2071 1025 658 2836 2929 
2072 811 716 810 3005 
2073 2903 3076 3083 3342 
2074 2884 3083 3076 3342 
2075 658 1042 675 2929 
2076 3112 3284 3015 3498 
2077 908 2949 3164 3281 
2078 3227 3317 2908 3325 
2079 2878 3230 2940 3493 
2080 2940 3230 2874 3493 
2081 2966 2831 3019 3472 
2082 3308 3475 2936 3518 
2083 964 3047 1091 3266 
2084 3064 3121 2960 3195 
2085 456 2970 491 3258 
2086 2923 3112 3015 3498 
2087 3064 3173 2868 3303 
2088 2899 3070 3187 3256 
2089 2934 3385 3134 3460 
2090 3060 3115 2902 3418 
2091 3049 2833 3429 3444 
2092 2870 3086 3064 3444 
2093 2930 2935 3152 3228 
2094 2863 3020 2930 3206 
2095 2835 3078 2959 3322 
2096 2846 3054 3430 3443 
2097 2940 2878 3493 3535 
2098 1324 3044 2975 3301 
2099 3185 3432 3186 3433 
2100 1307 605 2969 3193 
2101 755 1122 1230 756 
2102 2909 2855 3288 3380 
2103 713 828 598 3029 
2104 469 1202 1207 835 
2105 994 3127 1067 3225 
2106 1022 659 1019 655 
2107 2833 2975 3103 3375 
2108 3048 3103 2858 3375 
2109 724 813 2931 3261 
2110 659 1022 1019 1026 
2111 476 3198 3085 3372 
2112 1223 1079 1067 2998 
2113 2962 3177 2849 3397 
2114 2847 2944 3464 3491 
2115 830 831 3324 3419 
2116 771 791 1158 3512 
2117 2935 3152 2995 3460 
2118 2998 3101 2853 3127 
2119 2867 3038 3041 3495 
2120 2922 3183 2957 3430 
2121 3001 3048 2833 3429 
2122 2940 3035 2878 3535 
2123 2871 3223 3038 3273 
2124 2966 3064 2831 3086 
2125 2993 2902 3115 3418 
2126 1310 1246 621 3156 
2127 2857 2927 3267 3275 
2128 3080 3199 2871 3388 
2129 3230 3231 2929 3493 
2130 2846 3178 3124 3298 
2131 516 505 3123 3203 
2132 577 3272 3139 3527 
2133 892 917 3233 3263 
2134 2840 3109 2932 3538 
2135 2981 3127 994 3225 
2136 1264 3271 1266 3388 
2137 2912 3066 3011 3379 
2138 1262 2958 3420 3465 
2139 1260 1261 1259 3080 
2140 492 3372 2970 3445 
2141 2909 2855 3073 3288 
2142 3064 3086 2891 3444 
2143 667 2995 937 3323 
2144 1079 1066 1067 3075 
2145 1236 1065 763 1131 
2146 894 2930 895 3263 
2147 1286 3278 2958 3292 
2148 2844 3046 3249 3490 
2149 660 1027 772 2941 
2150 957 1148 1132 590 
2151 2846 3430 2922 3443 
2152 2899 3098 3186 3293 
2153 2922 3430 3054 3443 
2154 613 625 631 3124 
2155 2914 3078 3477 3532 
2156 2901 3394 3060 3424 
2157 1316 3055 3197 3291 
2158 1337 2997 3132 3426 
2159 2931 3110 1364 3299 
2160 2945 3319 2918 3402 
2161 3225 3248 2877 3282 
2162 952 1111 585 2836 
2163 3003 3100 930 3142 
2164 661 753 1022 655 
2165 3317 3546 3545 3555 
2166 2896 3035 3418 3456 
2167 1341 3197 2937 3291 
2168 2893 3317 3227 3546 
2169 2954 3142 888 3323 
2170 1370 3259 2911 3318 
2171 2842 3082 2991 3476 
2172 3008 3074 1108 3553 
2173 579 3048 3001 3429 
2174 1314 3128 3033 3215 
2175 2932 3347 3032 3400 
2176 1183 1135 2892 3343 
2177 2927 3273 2958 3326 
2178 2832 3244 3216 3373 
2179 2862 3148 2962 3360 
2180 1099 1198 1197 3318 
2181 2890 3216 3232 3481 
2182 627 3179 2926 3502 
2183 767 931 3100 3142 
2184 1325 2975 1324 3044 
2185 2962 3148 2910 3360 
2186 763 869 986 619 
2187 1071 1070 2978 3236 
2188 1153 786 1219 1129 
2189 2831 3064 2966 3195 
2190 3064 3195 2960 3226 
2191 2846 3058 3176 3183 
2192 755 744 1111 656 
2193 1023 755 1111 656 
2194 3245 3194 3247 3564 
2195 2870 3146 3000 3250 
2196 3246 3247 3194 3564 
2197 1375 3275 3144 3458 
2198 679 3249 680 3490 
2199 931 930 3100 3142 
2200 1094 2948 3015 3285 
2201 1027 660 772 1157 
2202 815 2957 3359 3425 
2203 2840 3135 3034 3151 
2204 631 2996 3124 3353 
2205 2869 3048 3173 3450 
2206 3076 3083 2884 3136 
2207 637 586 793 3189 
2208 2870 3181 3208 3218 
2209 1169 1186 2940 3180 
2210 864 850 3128 3400 
2211 1271 1273 1265 3130 
2212 536 3058 3212 3328 
2213 1316 3197 1341 3291 
2214 833 563 615 3025 
2215 2834 3380 3011 3387 
2216 892 3036 917 3263 
2217 2879 3025 3313 3427 
2218 827 745 710 1194 
2219 3450 3478 2953 3519 
2220 3418 3456 3035 3516 
2221 203 3097 3047 3129 
2222 783 858 1127 1150 
2223 904 3164 3056 3206 
2224 1396 2931 1364 3299 
2225 752 753 1028 661 
2226 1080 3190 2953 3254 
2227 755 1023 1020 656 
2228 458 508 3249 3340 
2229 877 3151 2932 3347 
2230 2953 3052 2858 3316 
2231 761 1219 786 1129 
2232 989 1183 3067 3343 
2233 1262 2958 3080 3420 
2234 1131 1065 763 954 
2235 1212 3180 3084 3528 
2236 2917 3186 3098 3293 
2237 2911 3175 1390 3318 
2238 1111 744 755 863 
2239 3084 3180 3160 3516 
2240 909 3066 880 3100 
2241 2893 2908 3099 3234 
2242 748 1153 786 709 
2243 2916 3101 2998 3127 
2244 3031 3024 3171 3255 
2245 1367 2981 1385 3127 
2246 1169 3180 2940 3205 
2247 1063 1183 3043 3067 
2248 1370 1390 203 3129 
2249 1025 658 1111 2836 
2250 2937 3197 3055 3291 
2251 1398 3179 1381 3398 
2252 710 745 662 1077 
2253 1322 1343 3039 3145 
2254 2850 3110 2900 3153 
2255 3039 3088 2841 3403 
2256 3056 3343 905 3522 
2257 2864 3155 3123 3200 
2258 898 3233 2909 3235 
2259 1402 1364 2897 3122 
2260 1130 521 982 2952 
2261 2874 2940 3493 3535 
2262 2958 3267 2857 3273 
2263 1071 1159 1209 2916 
2264 3176 3178 2908 3325 
2265 1198 3092 1199 3487 
2266 2932 3151 877 3337 
2267 3030 3108 2882 3294 
2268 2842 2984 3162 3264 
2269 945 906 942 3067 
2270 2851 3192 3118 3381 
2271 1322 2972 3039 3251 
2272 2833 3226 3050 3444 
2273 3164 3479 3015 3556 
2274 2976 2844 3289 3451 
2275 1052 3088 2972 3251 
2276 1316 3010 3055 3291 
2277 3350 3446 3384 3448 
2278 2830 2991 3078 3532 
2279 2858 2999 3052 3478 
2280 2991 3321 3078 3532 
2281 3144 3275 2927 3458 
2282 1078 1039 974 3435 
2283 2931 725 3134 3270 
2284 2838 3070 3031 3253 
2285 3416 3496 3287 3543 
2286 2831 2901 3121 3195 
2287 986 1302 783 1150 
2288 2899 3071 3256 3257 
2289 3057 3153 2829 3280 
2290 1150 858 1127 1225 
2291 473 3074 472 3085 
2292 1360 1345 1341 3291 
2293 904 3036 895 3206 
2294 2975 2951 3044 3442 
2295 1136 2978 1294 3409 
2296 1133 1001 765 634 
2297 2851 3018 2966 3195 
2298 2851 3135 2961 3192 
2299 773 3066 866 3100 
2300 1145 3024 3093 3171 
2301 1247 1294 1136 2978 
2302 896 895 2930 3206 
2303 2826 2984 2985 3140 
2304 507 2976 3016 3289 
2305 2866 3401 3324 3419 
2306 949 1244 3426 3428 
2307 1167 1166 2959 3374 
2308 1181 1401 3012 3484 
2309 541 2999 542 3072 
2310 1335 3138 3033 3274 
2311 2921 3335 2990 3397 
2312 2827 3068 3069 3070 
2313 844 1366 2936 3308 
2314 1138 1119 771 960 
2315 3012 2863 3056 3479 
2316 2868 3190 2953 3311 
2317 505 3155 3123 3515 
2318 3114 3424 3394 3517 
2319 3028 3162 2887 3264 
2320 2842 3162 3028 3264 
2321 3066 3100 2865 3449 
2322 2867 3038 2918 3271 
2323 491 2970 492 3372 
2324 3264 3342 2884 3547 
2325 1370 2911 1390 3318 
2326 1133 1151 1001 634 
2327 2831 3121 3064 3195 
2328 622 767 931 3100 
2329 1160 793 637 1157 
2330 793 790 637 1157 
2331 3020 3021 2949 3284 
2332 2829 3021 3020 3284 
2333 3051 3078 2835 3503 
2334 2939 3313 3029 3427 
2335 2866 3351 2994 3501 
2336 2844 3371 3046 3490 
2337 2846 3178 3176 3483 
2338 752 771 1119 960 
2339 589 2961 1318 3337 
2340 639 637 790 1157 
2341 549 3048 2952 3513 
2342 997 2955 995 3345 
2343 1390 3129 2905 3175 
2344 2852 2951 3044 3212 
2345 2968 3175 2898 3352 
2346 745 710 1194 1077 
2347 723 725 2931 3270 
2348 2838 3031 3070 3255 
2349 469 490 1202 835 
2350 2938 3018 3135 3159 
2351 3023 2910 3221 3549 
2352 2998 3075 2853 3319 
2353 1062 1236 698 869 
2354 662 1075 710 1077 
2355 2906 3158 3082 3476 
2356 2841 3403 3088 3559 
2357 1063 1233 3067 3282 
2358 984 1238 1189 3305 
2359 2912 2926 3365 3449 
2360 2899 3256 3187 3257 
2361 817 815 3353 3399 
2362 2885 3338 865 3496 
2363 630 628 589 2961 
2364 2912 3455 3307 3488 
2365 2842 3082 3079 3162 
2366 542 3072 2999 3527 
2367 783 1127 1128 1150 
2368 1111 585 744 863 
2369 3174 3279 2922 3396 
2370 1019 659 1026 2941 
2371 2844 2943 3268 3289 
2372 2829 3360 3480 3549 
2373 3147 3264 2884 3547 
2374 1402 1382 3122 3196 
2375 986 1301 763 619 
2376 3011 3387 3380 3463 
2377 2906 2888 3158 3416 
2378 3240 3241 3238 3242 
2379 198 1396 199 2931 
2380 2867 3125 2926 3562 
2381 482 486 3200 3461 
2382 1322 1359 2972 3251 
2383 2898 3113 2962 3177 
2384 1266 1271 2918 3330 
2385 790 660 639 1157 
2386 492 491 456 2970 
2387 456 1106 496 2970 
2388 2828 3165 2962 3177 
2389 533 531 553 3058 
2390 2947 3014 2841 3489 
2391 503 1207 840 469 
2392 888 2954 889 3142 
2393 1025 1042 658 2929 
2394 2835 3138 2991 3322 
2395 2859 2977 3085 3491 
2396 796 630 797 3151 
2397 714 3154 2919 3232 
2398 596 597 198 3002 
2399 1076 748 1153 1115 
2400 3016 3268 2943 3289 
2401 2838 3071 3102 3346 
2402 2858 3450 3048 3513 
2403 3001 2860 3283 3540 
2404 462 506 2943 3530 
2405 883 3067 1140 3133 
2406 2897 3003 2954 3142 
2407 1212 1234 3084 3180 
2408 2888 2906 3158 3287 
2409 2907 2848 3123 3203 
2410 2853 3130 3319 3402 
2411 1275 3156 2974 3271 
2412 3217 3387 920 3391 
2413 507 2976 3289 3531 
2414 2848 2907 3063 3268 
2415 637 1160 1004 3189 
2416 1265 2918 3130 3388 
2417 2998 2853 3130 3319 
2418 2834 3217 2974 3330 
2419 1127 568 567 759 
2420 771 1158 1119 1138 
2421 2888 2906 3287 3416 
2422 2888 3158 3082 3287 
2423 1109 3074 2944 3553 
2424 1339 1313 1335 2894 
2425 506 465 462 2943 
2426 1028 1022 753 1120 
2427 871 3004 617 3461 
2428 1378 1377 3040 3125 
2429 762 522 3027 3548 
2430 3014 3158 2889 3451 
2431 3185 3186 2917 3413 
2432 2905 1370 3318 3524 
2433 3132 3138 2835 3322 
2434 3144 3216 2832 3267 
2435 2907 2848 3203 3268 
2436 2929 2874 3493 3494 
2437 1119 791 771 752 
2438 2931 3002 2849 3299 
2439 864 850 602 3128 
2440 812 617 871 3004 
2441 1189 1109 985 3074 
2442 1211 1071 2916 3126 
2443 914 913 907 3288 
2444 1348 2932 1330 3274 
2445 771 752 593 960 
2446 2907 3155 2864 3157 
2447 2838 3031 2968 3253 
2448 2907 3063 2973 3157 
2449 1265 1264 1266 3388 
2450 905 3056 932 3343 
2451 2844 2947 3014 3361 
2452 3053 3394 2901 3395 
2453 2848 2947 3268 3277 
2454 701 3307 3365 3455 
2455 2958 3278 2928 3292 
2456 1381 1366 1397 2936 
2457 2980 3084 2993 3509 
2458 685 3371 2973 3490 
2459 199 1396 1364 3299 
2460 3047 3266 2923 3484 
2461 1033 847 1121 1214 
2462 783 1128 986 1150 
2463 1218 2972 1053 3252 
2464 1330 1318 1352 2961 
2465 748 1153 1133 786 
2466 598 3062 629 3313 
2467 3147 2884 3342 3547 
2468 1183 1135 1064 2892 
2469 2954 3263 3003 3329 
2470 2857 3275 2982 3458 
2471 1324 3301 2975 3497 
2472 3064 3121 2831 3303 
2473 586 1160 793 3189 
2474 2872 3108 3294 3559 
2475 995 2955 997 3428 
2476 2852 2951 3212 3328 
2477 3042 3177 2920 3505 
2478 3153 3057 3460 3536 
2479 2866 3042 2920 3184 
2480 1271 1280 2945 3330 
2481 202 3097 3129 3539 
2482 796 808 3034 3151 
2483 515 455 499 2944 
2484 2957 3279 2922 3430 
2485 1341 196 3008 3197 
2486 3144 3320 1373 3481 
2487 3003 3263 2856 3329 
2488 665 1148 781 748 
2489 2938 3019 3018 3159 
2490 2902 3018 3019 3159 
2491 2869 3173 3000 3254 
2492 2848 2933 2977 3174 
2493 1336 2955 3428 3517 
2494 2832 3267 2958 3326 
2495 677 788 678 3249 
2496 2899 3102 3071 3257 
2497 2917 3188 3007 3410 
2498 3119 3142 2954 3323 
2499 1262 3080 2958 3223 
2500 2955 3061 2979 3345 
2501 2872 2959 3078 3322 
2502 2870 3209 3146 3250 
2503 2962 3397 2849 3480 
2504 2893 3099 3317 3545 
2505 2862 3097 3047 3498 
2506 2835 2997 3132 3322 
2507 3047 3097 2923 3498 
2508 3165 3177 2828 3386 
2509 1285 3223 2958 3278 
2510 1271 1280 1274 2945 
2511 2975 3301 2860 3427 
2512 2939 3301 2975 3427 
2513 3018 2851 3135 3358 
2514 2848 2943 3203 3268 
2515 1125 1045 1047 3294 
2516 1194 827 1041 3507 
2517 2981 2853 3127 3225 
2518 685 679 680 3490 
2519 3063 3157 2864 3279 
2520 3123 3155 2907 3515 
2521 3079 3162 2885 3338 
2522 1387 3043 3012 3459 
2523 2828 3177 2962 3397 
2524 1204 3047 1090 3266 
2525 748 1032 1148 1115 
2526 1223 2998 1067 3127 
2527 1244 3160 1234 3180 
2528 3238 3240 3182 3241 
2529 2859 3466 2977 3491 
2530 833 3025 720 3368 
2531 2862 3107 3106 3148 
2532 3021 3077 3022 3536 
2533 2971 2970 3445 3462 
2534 1194 776 1143 1077 
2535 710 1194 776 827 
2536 2842 3028 3147 3264 
2537 2884 3147 3028 3264 
2538 2907 3123 2864 3155 
2539 2916 2845 3236 3514 
2540 2900 3112 2992 3474 
2541 1133 1151 634 784 
2542 2849 3002 2931 3270 
2543 2920 3186 3432 3433 
2544 3166 3169 3168 3541 
2545 1336 3114 1333 3517 
2546 956 995 997 3428 
2547 1363 3474 3012 3484 
2548 621 3041 856 3156 
2549 2975 2858 3103 3375 
2550 753 752 1119 960 
2551 888 3142 881 3323 
2552 2842 2991 2984 3138 
2553 1222 1130 2952 3478 
2554 3071 3257 3102 3334 
2555 3363 3364 3069 3441 
2556 830 3324 732 3401 
2557 3071 3102 2987 3334 
2558 3012 3043 2892 3459 
2559 3182 3238 2925 3326 
2560 1397 1381 2936 3332 
2561 744 1111 658 2836 
2562 3057 3153 2900 3480 
2563 499 515 2944 3305 
2564 762 522 620 3027 
2565 1132 590 502 957 
2566 203 2923 3097 3474 
2567 2974 3271 2867 3562 
2568 1335 1313 1342 2894 
2569 1353 1352 1318 3062 
2570 3021 3087 2949 3284 
2571 1244 2913 1171 3426 
2572 2833 3103 2975 3497 
2573 2965 3068 3167 3364 
2574 3063 2864 3174 3279 
2575 927 3343 3067 3522 
2576 2844 3289 3014 3489 
2577 1198 1199 3024 3487 
2578 2952 3478 3450 3519 
2579 3085 3198 2977 3438 
2580 3000 3254 2868 3345 
2581 1394 3126 2924 3259 
2582 1337 3039 1343 3132 
2583 2827 3070 3069 3293 
2584 2965 3167 3168 3376 
2585 630 2961 589 3337 
2586 877 3347 2932 3400 
2587 1135 1216 3012 3479 
2588 2973 3128 3215 3371 
2589 3101 3130 2853 3312 
2590 864 3128 3032 3400 
2591 759 858 1127 783 
2592 475 3085 2933 3464 
2593 3106 3473 3107 3510 
2594 3391 3392 2877 3393 
2595 637 639 638 3189 
2596 2831 2979 3181 3303 
2597 3436 3437 3117 3523 
2598 1353 3029 1352 3062 
2599 2920 3042 2866 3177 
2600 2834 3380 2942 3402 
2601 3020 3021 2935 3281 
2602 2970 491 3258 3372 
2603 2829 3480 3280 3549 
2604 1391 3299 3110 3539 
2605 1324 2975 1325 3497 
2606 2968 3031 2837 3068 
2607 1106 968 496 2970 
2608 842 844 608 2936 
2609 2867 3502 3156 3562 
2610 2901 3394 3424 3517 
2611 2871 3223 3080 3388 
2612 999 3362 3272 3435 
2613 3069 3070 3068 3363 
2614 1171 2913 3205 3426 
2615 462 3445 2983 3530 
2616 1153 748 1133 1115 
2617 1167 2940 2959 3205 
2618 566 2999 578 3272 
2619 3092 3093 2838 3346 
2620 598 1353 1318 3062 
2621 2847 2937 3055 3234 
2622 1289 3199 1259 3388 
2623 1375 2982 1376 3332 
2624 1110 970 3008 3553 
2625 3153 3280 3057 3536 
2626 456 1106 2970 3258 
2627 3380 3387 2942 3463 
2628 3017 3224 3089 3354 
2629 2830 3078 3108 3532 
2630 2847 3055 2937 3197 
2631 627 3196 626 3449 
2632 202 3129 3423 3539 
2633 471 3074 473 3085 
2634 3034 3159 2840 3551 
2635 3167 3168 3166 3169 
2636 585 1111 744 2836 
2637 754 872 593 1239 
2638 1176 3084 3509 3528 
2639 3035 3180 2878 3516 
2640 686 2907 3340 3490 
2641 1378 1376 1377 3125 
2642 2963 2892 3043 3459 
2643 1194 710 776 1077 
2644 2832 3194 3216 3244 
2645 1325 3044 3314 3442 
2646 753 1119 752 1028 
2647 2852 3010 3314 3442 
2648 3038 3223 2857 3273 
2649 2954 2897 3142 3537 
2650 2834 2942 3380 3387 
2651 2863 3112 2923 3474 
2652 1381 3179 2936 3332 
2653 2833 2960 3103 3497 
2654 960 1119 753 1120 
2655 752 753 593 960 
2656 2871 3130 3101 3312 
2657 1397 2936 3275 3332 
2658 3055 3234 2937 3291 
2659 1248 1290 1277 3075 
2660 1132 781 590 1148 
2661 1376 2982 1377 3125 
2662 1366 2936 1381 3179 
2663 796 3034 807 3378 
2664 978 1151 1133 784 
2665 2934 3022 3077 3280 
2666 1394 1390 1370 2911 
2667 1394 2911 1370 3259 
2668 1378 1377 2967 3040 
2669 2872 3322 2997 3367 
2670 1198 3024 1178 3467 
2671 1091 2923 3266 3484 
2672 2831 2966 3018 3195 
2673 3050 3226 2879 3436 
2674 2963 3043 2855 3300 
2675 1283 1264 1268 3038 
2676 195 3145 2977 3277 
2677 881 604 887 3323 
2678 3106 3148 3107 3473 
2679 1401 981 1181 3043 
2680 998 3304 3139 3362 
2681 1198 1099 3092 3487 
2682 2962 3113 2898 3423 
2683 2839 2913 3114 3516 
2684 1201 3133 1085 3282 
2685 3139 3304 998 3544 
2686 2913 2839 3114 3160 
2687 3039 3132 2997 3322 
2688 898 3235 2909 3463 
2689 3042 2921 3397 3505 
2690 2850 3119 2995 3134 
2691 970 1360 197 3008 
2692 2896 3132 3138 3456 
2693 783 1302 986 619 
2694 2847 3055 2922 3443 
2695 2917 3293 3098 3351 
2696 2918 2834 3330 3402 
2697 1336 3311 2955 3517 
2698 2837 3068 3031 3167 
2699 1348 3274 3032 3400 
2700 3028 3079 800 3338 
2701 2845 3238 3237 3420 
2702 1153 786 978 1133 
2703 2981 3248 3225 3282 
2704 986 869 1236 1128 
2705 2942 3248 2945 3402 
2706 2978 2845 3236 3237 
2707 2925 3238 3241 3242 
2708 2845 2927 3265 3326 
2709 759 1127 1128 783 
2710 964 1091 1090 3266 
2711 542 2999 3272 3527 
2712 2986 3059 2989 3148 
2713 2978 2845 3237 3420 
2714 2907 3157 2973 3534 
2715 2841 2971 2983 3559 
2716 1290 2998 1267 3199 
2717 542 2999 566 3272 
2718 2837 3167 3031 3170 
2719 482 480 3123 3200 
2720 3139 3272 999 3362 
2721 2849 3042 3002 3270 
2722 847 1128 967 1214 
2723 3158 3289 2844 3451 
2724 927 3067 3073 3522 
2725 2954 3003 2897 3329 
2726 790 772 660 1157 
2727 596 3002 198 3419 
2728 1373 3045 1395 3501 
2729 554 2951 537 3283 
2730 3035 3493 2878 3535 
2731 778 3324 873 3410 
2732 2948 3221 3107 3498 
2733 2847 2922 3055 3396 
2734 960 771 1138 570 
2735 2933 3174 2864 3430 
2736 2916 3236 2978 3514 
2737 455 471 499 2944 
2738 2930 2856 3263 3329 
2739 789 3313 3025 3366 
2740 2949 3015 3164 3284 
2741 2922 3174 2933 3430 
2742 556 577 3139 3527 
2743 2954 3119 2850 3329 
2744 554 3276 2951 3283 
2745 3046 3201 2976 3249 
2746 2899 3333 3257 3434 
2747 2845 2958 3080 3273 
2748 2991 3138 2835 3503 
2749 2827 3069 3007 3293 
2750 802 3028 857 3431 
2751 771 1158 1138 3512 
2752 1071 1209 1211 2916 
2753 537 2951 554 3276 
2754 868 740 686 3515 
2755 2872 3039 2997 3322 
2756 597 640 723 3002 
2757 1402 1382 3196 3398 
2758 3065 3244 2965 3373 
2759 1099 1197 1229 3524 
2760 3017 3149 3022 3280 
2761 1332 3053 1326 3395 
2762 3106 2989 3148 3473 
2763 633 3353 815 3425 
2764 2928 3278 3267 3475 
2765 3067 3343 2892 3522 
2766 1289 1290 1267 3199 
2767 771 560 1138 570 
2768 1028 753 1119 1120 
2769 765 1001 500 634 
2770 2848 3268 3063 3277 
2771 866 3066 717 3449 
2772 724 723 725 2931 
2773 2846 3124 3004 3298 
2774 3061 3095 2979 3406 
2775 1148 748 1133 781 
2776 3005 3045 2919 3351 
2777 197 3252 3008 3466 
2778 2957 3279 1346 3417 
2779 2832 3216 3194 3267 
2780 1052 1053 1218 2972 
2781 3025 3369 3001 3427 
2782 982 1222 1130 2952 
2783 2858 3052 3010 3316 
2784 1326 3395 3053 3497 
2785 2846 2922 3183 3443 
2786 1356 2953 1334 3316 
2787 2844 2973 3371 3490 
2788 612 3229 3156 3365 
2789 2837 3169 3167 3170 
2790 1302 1301 986 619 
2791 2889 3158 3014 3331 
2792 3169 3242 3239 3541 
2793 3182 3238 2845 3420 
2794 894 922 3152 3263 
2795 545 3212 3027 3540 
2796 1259 1257 3080 3199 
2797 1336 1333 3311 3517 
2798 3023 3087 2948 3405 
2799 514 493 462 3090 
2800 781 1148 1132 1133 
2801 2938 3135 3034 3159 
2802 2957 3353 815 3399 
2803 856 3041 792 3518 
2804 3102 3257 2899 3334 
2805 622 911 773 3100 
2806 2902 3095 2993 3309 
2807 2993 3095 2980 3309 
2808 748 1148 1133 1115 
2809 3012 1363 3459 3474 
2810 997 3061 1163 3160 
2811 542 541 566 2999 
2812 683 3368 3313 3370 
2813 2900 3097 3112 3474 
2814 758 3416 3201 3543 
2815 3011 3066 2912 3488 
2816 2828 2989 3059 3148 
2817 2986 3473 3143 3510 
2818 2902 2993 3095 3424 
2819 3031 3068 3070 3363 
2820 2835 3138 3132 3456 
2821 3049 3429 3050 3444 
2822 1071 3126 1037 3236 
2823 2858 2999 3478 3513 
2824 2858 3478 2952 3513 
2825 2961 2851 3053 3358 
2826 2917 3324 3184 3413 
2827 1042 675 2929 3105 
2828 1264 3038 1283 3271 
2829 202 3423 201 3539 
2830 3003 3233 2856 3263 
2831 3383 3384 3350 3446 
2832 1151 1226 634 859 
2833 1133 1001 1132 765 
2834 964 1090 3047 3266 
2835 3040 3122 2865 3408 
2836 991 1036 973 3259 
2837 845 3151 867 3347 
2838 1343 1313 3039 3145 
2839 2910 3480 3360 3549 
2840 718 2961 3135 3192 
2841 3122 3315 3110 3329 
2842 3010 3055 2852 3314 
2843 2839 3084 3061 3160 
2844 783 986 1128 619 
2845 2974 3365 2912 3562 
2846 3078 3322 2991 3476 
2847 2899 3187 3186 3257 
2848 3046 3158 2844 3451 
2849 534 3176 3058 3220 
2850 627 599 626 3196 
2851 1189 1238 1109 2944 
2852 2899 3257 3186 3434 
2853 3140 3492 3035 3493 
2854 827 836 674 3507 
2855 3333 3334 3257 3434 
2856 2884 3151 3076 3347 
2857 2913 3456 3114 3516 
2858 1325 2975 1327 3497 
2859 3014 3289 2889 3489 
2860 2909 3073 2963 3233 
2861 926 3067 927 3343 
2862 2928 3194 3193 3475 
2863 2866 3324 3045 3419 
2864 536 533 3058 3328 
2865 473 3085 476 3198 
2866 1384 3101 1380 3111 
2867 3056 3164 2863 3206 
2868 1308 1279 1253 2969 
2869 960 593 771 570 
2870 2877 3282 3133 3341 
2871 199 3002 2931 3299 
2872 1275 3271 2974 3330 
2873 1375 3144 2927 3458 
2874 3018 3019 2938 3520 
2875 2966 3019 3018 3520 
2876 2973 3063 1347 3534 
2877 2958 3182 3420 3465 
2878 877 804 3347 3400 
2879 781 1132 590 765 
2880 2990 3059 2986 3148 
2881 2954 3142 3119 3537 
2882 2893 3234 3139 3362 
2883 3181 3219 3096 3439 
2884 553 545 536 3212 
2885 843 1398 599 3179 
2886 509 3123 505 3155 
2887 930 889 3003 3142 
2888 2927 3144 1375 3482 
2889 761 1219 1129 3009 
2890 3004 3124 2846 3353 
2891 1027 1139 772 2941 
2892 1325 2975 3044 3442 
2893 3107 3221 2862 3498 
2894 1339 1343 1313 3132 
2895 2849 3057 3299 3480 
2896 1128 1127 759 967 
2897 1258 3080 1257 3420 
2898 2860 3301 3029 3427 
2899 3029 3301 2939 3427 
2900 807 3034 808 3076 
2901 2828 3059 2989 3102 
2902 2989 3059 2987 3102 
2903 1169 1170 3180 3205 
2904 2850 3134 2995 3460 
2905 2848 3198 3123 3203 
2906 772 1027 1157 1139 
2907 1300 1131 763 954 
2908 1358 3128 1347 3534 
2909 549 2952 2869 3290 
2910 2835 2984 3035 3503 
2911 2832 3026 2927 3326 
2912 906 3073 3067 3288 
2913 1358 794 3128 3534 
2914 569 872 600 1239 
2915 2839 3095 2993 3424 
2916 2890 3193 3194 3475 
2917 566 544 578 2999 
2918 2844 3268 3016 3289 
2919 2857 3267 3278 3475 
2920 2841 3421 3014 3559 
2921 927 3067 906 3073 
2922 2845 3326 3265 3486 
2923 2891 3226 3050 3436 
2924 3047 3106 1007 3524 
2925 708 710 1075 3009 
2926 841 769 2969 3518 
2927 3155 3200 2864 3461 
2928 2845 2958 3273 3326 
2929 2872 2997 3039 3251 
2930 753 666 1022 655 
2931 1201 983 3133 3341 
2932 2989 3059 2986 3143 
2933 886 3021 2949 3281 
2934 2974 3217 2912 3348 
2935 2884 3347 3076 3431 
2936 2967 2834 3040 3125 
2937 2966 3018 2938 3520 
2938 815 3359 711 3425 
2939 761 935 1129 933 
2940 203 3047 2923 3484 
2941 2991 2835 3078 3503 
2942 922 890 2954 3263 
2943 812 631 3124 3353 
2944 845 3347 819 3431 
2945 515 984 1189 3305 
2946 2853 3312 3130 3402 
2947 196 1322 197 3466 
2948 3134 3385 2995 3460 
2949 2949 3021 3020 3281 
2950 473 476 3085 3372 
2951 465 514 462 2943 
2952 2838 2968 3175 3253 
2953 1001 1151 1226 634 
2954 2894 3014 2947 3361 
2955 894 896 2930 3228 
2956 2900 3110 2992 3153 
2957 3093 3346 3092 3468 
2958 720 3313 683 3368 
2959 2828 3059 2990 3148 
2960 1383 1384 1380 3111 
2961 2928 3278 1287 3292 
2962 3135 3378 3192 3381 
2963 2828 3333 2920 3335 
2964 989 1140 926 3067 
2965 579 527 3048 3429 
2966 1394 1389 3120 3265 
2967 2925 3326 3238 3486 
2968 1319 2953 1351 3052 
2969 3038 3339 3041 3495 
2970 637 793 1160 3189 
2971 2881 2937 3234 3291 
2972 820 3204 672 3366 
2973 2925 3214 3182 3326 
2974 1367 981 1401 3043 
2975 1256 2978 1247 3237 
2976 2867 3156 2974 3562 
2977 455 470 471 3074 
2978 2879 3313 2939 3427 
2979 2965 3364 3167 3376 
2980 2872 3088 3039 3403 
2981 2906 3033 3032 3128 
2982 2957 3183 2846 3430 
2983 1159 1223 2998 3409 
2984 2973 3157 3063 3534 
2985 2965 3213 3168 3373 
2986 2971 3415 1045 3462 
2987 2882 3294 3108 3559 
2988 2934 2995 3385 3460 
2989 2893 3304 3234 3362 
2990 1132 781 1133 765 
2991 3167 3169 3166 3172 
2992 1344 1322 1355 3251 
2993 2991 3078 2835 3322 
2994 509 484 505 3123 
2995 1276 1272 2974 3330 
2996 2864 2933 3123 3174 
2997 2933 3054 2922 3430 
2998 3076 3342 2903 3551 
2999 719 772 790 1157 
3000 786 1133 748 766 
3001 1408 2981 3300 3504 
3002 3001 3369 3050 3427 
3003 3050 3369 2879 3427 
3004 1059 3230 2874 3470 
3005 1052 1054 3088 3251 
3006 1397 2936 1366 3308 
3007 3140 3493 3035 3535 
3008 2868 3103 2960 3311 
3009 966 1367 1210 2981 
3010 3019 3472 3013 3520 
3011 2899 3187 3070 3293 
3012 666 1022 655 659 
3013 817 3353 3004 3399 
3014 1346 3359 2957 3417 
3015 880 773 911 3100 
3016 2855 3043 2981 3300 
3017 723 3002 640 3270 
3018 666 1022 659 1026 
3019 2986 2989 3143 3473 
3020 1344 2997 1355 3426 
3021 3167 3170 3169 3172 
3022 3043 3067 2855 3282 
3023 989 926 1134 3343 
3024 2948 3087 3023 3221 
3025 1375 1376 1374 3332 
3026 765 766 1133 634 
3027 552 3027 522 3548 
3028 3280 3460 3057 3536 
3029 1059 2874 3374 3470 
3030 1229 1007 3106 3524 
3031 1275 1272 3271 3330 
3032 2987 3059 2989 3143 
3033 2827 3098 3293 3351 
3034 628 2961 718 3192 
3035 696 3196 3349 3485 
3036 708 1075 2824 3009 
3037 1399 1367 1385 3127 
3038 2878 3035 3492 3493 
3039 1196 3259 1393 3318 
3040 3107 3405 2948 3499 
3041 1343 1337 1322 3039 
3042 2948 3023 3107 3221 
3043 1092 3015 2948 3266 
3044 598 629 713 3313 
3045 3227 3317 478 3546 
3046 767 3142 3100 3485 
3047 1408 1367 1401 3043 
3048 924 773 880 3066 
3049 2902 3418 2993 3424 
3050 3181 3218 2870 3303 
3051 2829 3020 3021 3536 
3052 2935 3021 3020 3536 
3053 1290 1248 1299 2998 
3054 516 464 505 3203 
3055 3234 3304 2937 3362 
3056 871 3399 3004 3461 
3057 2870 3218 3000 3303 
3058 634 766 1133 784 
3059 2853 3225 2981 3248 
3060 2845 3238 3182 3326 
3061 817 3004 871 3399 
3062 2927 3111 2845 3265 
3063 2994 2919 3045 3351 
3064 615 720 833 3025 
3065 3019 3309 3096 3472 
3066 3156 3229 2974 3365 
3067 3033 3138 2894 3476 
3068 2839 3424 3114 3517 
3069 1312 2974 1275 3156 
3070 2829 3087 3021 3284 
3071 474 478 499 3227 
3072 2942 3288 2855 3380 
3073 2865 3122 3040 3398 
3074 2918 3130 3312 3402 
3075 3168 3373 3213 3500 
3076 2955 3190 995 3345 
3077 2827 3007 3069 3471 
3078 3006 3069 3007 3471 
3079 847 1062 1128 1214 
3080 3182 3237 3238 3420 
3081 2864 3123 2933 3200 
3082 2867 3041 2936 3495 
3083 1128 986 869 619 
3084 2977 3145 195 3466 
3085 2958 3223 2857 3278 
3086 1372 3481 3352 3482 
3087 667 848 3119 3323 
3088 1236 698 763 1065 
3089 627 3365 2926 3449 
3090 2864 3157 3155 3399 
3091 3038 3223 2871 3388 
3092 686 3340 2907 3515 
3093 1328 3053 2939 3497 
3094 1289 3130 3199 3388 
3095 2890 3144 3216 3481 
3096 2833 3375 3001 3427 
3097 2839 3160 2913 3516 
3098 2963 3233 2856 3408 
3099 810 2919 714 3154 
3100 1169 2940 1167 3205 
3101 532 531 3058 3483 
3102 3038 3271 1264 3388 
3103 1290 3130 1273 3319 
3104 2945 2877 3391 3392 
3105 587 763 698 954 
3106 763 1065 698 954 
3107 3072 3220 555 3328 
3108 3301 3417 3044 3552 
3109 1263 3223 3038 3388 
3110 842 856 792 3518 
3111 1100 3012 3479 3484 
3112 2951 2860 3044 3212 
3113 193 194 3174 3277 
3114 2909 3233 2963 3408 
3115 531 2996 561 3262 
3116 1399 1210 1367 3127 
3117 500 501 1132 765 
3118 688 689 3371 3416 
3119 2827 3351 3005 3471 
3120 2841 3014 3421 3489 
3121 561 531 524 2996 
3122 3089 3134 725 3270 
3123 3073 3233 941 3522 
3124 2859 3085 2977 3438 
3125 2898 3175 2968 3253 
3126 2918 3271 1266 3330 
3127 2828 3177 2920 3386 
3128 554 579 3276 3283 
3129 2983 3296 2971 3462 
3130 1258 1259 1257 3080 
3131 1330 3109 1338 3274 
3132 2942 3380 3248 3402 
3133 1120 1022 753 1033 
3134 1275 2974 1272 3330 
3135 501 502 1132 765 
3136 3014 3421 3108 3559 
3137 2937 2944 3491 3553 
3138 1297 793 586 1160 
3139 633 817 815 3353 
3140 2885 3079 3082 3162 
3141 3002 3113 2849 3299 
3142 3074 3085 2859 3372 
3143 714 2919 716 3320 
3144 2865 2926 3196 3398 
3145 758 3046 3201 3416 
3146 1149 197 977 3252 
3147 2961 3135 2851 3358 
3148 3053 3395 2960 3497 
3149 3099 3139 556 3545 
3150 3257 3333 2899 3334 
3151 2899 3253 3102 3386 
3152 1336 3190 2955 3311 
3153 943 883 983 3133 
3154 3118 3191 2851 3436 
3155 2860 3375 2975 3427 
3156 719 793 1160 1157 
3157 793 719 790 1157 
3158 883 945 3067 3133 
3159 2898 3165 3129 3175 
3160 2947 3215 2844 3268 
3161 623 3204 3029 3366 
3162 859 634 1151 784 
3163 996 3190 1080 3254 
3164 2925 3238 3182 3241 
3165 3135 2938 3378 3381 
3166 2865 3100 3003 3485 
3167 2923 3474 1363 3484 
3168 2862 3129 2962 3165 
3169 1310 1284 1246 3156 
3170 1157 1086 719 1139 
3171 719 772 1157 1139 
3172 2847 3227 3054 3464 
3173 794 1321 1358 3128 
3174 3236 3237 2845 3238 
3175 1365 3126 1394 3259 
3176 784 1133 978 611 
3177 784 766 1133 611 
3178 1350 3010 3316 3442 
3179 2917 3007 3005 3410 
3180 1155 2971 1045 3294 
3181 762 552 522 3548 
3182 2871 2918 3130 3312 
3183 882 1034 3164 3556 
3184 3062 3191 2851 3192 
3185 2886 3212 3027 3262 
3186 2934 3460 3280 3536 
3187 2878 3231 3230 3493 
3188 748 1133 781 766 
3189 3051 3140 2875 3503 
3190 3008 3074 2859 3252 
3191 2852 3212 3058 3328 
3192 2865 3379 2926 3398 
3193 2982 3275 2857 3495 
3194 2868 3000 3173 3254 
3195 2928 3292 1287 3564 
3196 3044 3301 1324 3417 
3197 725 724 2931 3134 
3198 458 3249 601 3340 
3199 2967 2853 3312 3504 
3200 2955 3190 1336 3428 
3201 1267 2998 1299 3409 
3202 1397 3275 1374 3332 
3203 2872 3039 3088 3251 
3204 910 3011 912 3488 
3205 3101 3312 2853 3504 
3206 912 910 902 3011 
3207 766 1133 781 765 
3208 1235 3252 1053 3258 
3209 2852 2951 3072 3442 
3210 3041 3495 2969 3518 
3211 972 2978 3236 3237 
3212 2834 3379 3011 3380 
3213 2932 3337 877 3400 
3214 1408 3300 3043 3459 
3215 2981 3043 2855 3282 
3216 2826 3035 2984 3140 
3217 2911 3318 3259 3467 
3218 3016 3203 2943 3268 
3219 1338 3033 1314 3128 
3220 2912 2926 3379 3562 
3221 1120 753 1121 1033 
3222 2866 3324 3098 3351 
3223 3139 3234 2881 3362 
3224 1387 3012 1401 3484 
3225 1110 1182 970 3553 
3226 1063 3043 993 3282 
3227 1392 3315 3211 3474 
3228 1133 786 978 611 
3229 786 1133 766 611 
3230 834 701 3365 3455 
3231 1286 3292 2958 3465 
3232 1153 786 1129 978 
3233 1347 2973 1314 3063 
3234 1348 1338 3033 3274 
3235 3022 3149 3023 3549 
3236 1337 1355 2997 3426 
3237 932 905 904 3056 
3238 1196 1083 3259 3318 
3239 698 695 1062 869 
3240 2848 3123 2933 3174 
3241 2996 2846 3124 3353 
3242 2830 3014 3403 3476 
3243 3032 3033 2842 3274 
3244 3194 3245 2928 3564 
3245 1372 1373 2994 3481 
3246 864 689 693 3032 
3247 1141 999 3272 3435 
3248 1393 3259 1370 3318 
3249 3072 555 3220 3527 
3250 2849 3057 3017 3089 
3251 3017 3057 2934 3089 
3252 951 1138 1158 3512 
3253 584 791 771 3512 
3254 3041 3339 2969 3495 
3255 2842 3138 2984 3147 
3256 2964 3244 3194 3247 
3257 2830 3078 2991 3476 
3258 2828 3102 2989 3165 
3259 2918 2871 3130 3388 
3260 2845 3111 2927 3273 
3261 2879 3313 3025 3368 
3262 2841 2970 3090 3445 
3263 629 3062 681 3191 
3264 786 761 1129 978 
3265 1106 1053 2970 3258 
3266 1314 3063 2973 3215 
3267 534 3220 3058 3328 
3268 590 1132 502 765 
3269 2888 3158 3046 3451 
3270 718 2961 796 3135 
3271 883 926 1140 3067 
3272 2895 3216 3065 3373 
3273 2884 3076 3151 3538 
3274 2927 2857 3273 3458 
3275 1347 3063 192 3534 
3276 775 3224 3089 3270 
3277 1372 1373 1362 2994 
3278 3056 3164 1215 3479 
3279 893 3233 898 3235 
3280 1212 1234 1175 3084 
3281 2892 3343 3056 3522 
3282 883 945 942 3067 
3283 2916 2871 3101 3514 
3284 1314 2973 1347 3215 
3285 1201 983 1085 3133 
3286 194 193 3174 3396 
3287 1317 3426 1336 3428 
3288 941 3073 899 3233 
3289 1204 1007 3047 3106 
3290 2979 3181 3218 3219 
3291 3194 2928 3246 3564 
3292 695 698 1062 2941 
3293 492 2970 496 3462 
3294 3160 3428 2955 3517 
3295 917 941 3233 3522 
3296 2864 3200 2933 3430 
3297 2965 3383 3350 3446 
3298 2974 3229 2912 3365 
3299 1169 1168 1170 3205 
3300 743 741 3157 3399 
3301 2894 3138 3132 3322 
3302 596 640 597 3002 
3303 1264 1263 3038 3388 
3304 778 3324 3410 3413 
3305 3192 3286 3118 3381 
3306 506 2943 507 3016 
3307 883 1140 983 3133 
3308 3050 3226 2891 3444 
3309 968 2970 1046 3462 
3310 2971 3294 1155 3295 
3311 2855 3248 2981 3282 
3312 2832 2958 3214 3326 
3313 2995 3422 2935 3460 
3314 2985 3083 2826 3494 
3315 2955 3061 2839 3517 
3316 2846 3004 2957 3430 
3317 2884 3342 3076 3551 
3318 3026 3213 2925 3326 
3319 2842 2991 3082 3162 
3320 3182 3240 1298 3241 
3321 1132 1001 500 765 
3322 736 2995 667 3119 
3323 2847 3234 3055 3443 
3324 2964 3216 3194 3244 
3325 2845 3273 2927 3326 
3326 572 3049 3048 3429 
3327 870 621 712 3156 
3328 1256 2978 3237 3420 
3329 2865 3011 3066 3379 
3330 2997 3251 2872 3367 
3331 2898 3175 3129 3423 
3332 2910 3148 3221 3360 
3333 833 523 3025 3368 
3334 2839 3061 2955 3160 
3335 2858 3103 3048 3450 
3336 3026 3265 2927 3326 
3337 1059 1025 2836 2929 
3338 2996 3124 2846 3483 
3339 3051 3374 2874 3470 
3340 2963 3315 1379 3408 
3341 1351 2953 1356 3316 
3342 1272 1266 3271 3330 
3343 2862 3221 3148 3360 
3344 1375 3458 2927 3482 
3345 847 1033 1121 666 
3346 666 847 754 1121 
3347 2981 3225 994 3282 
3348 1183 1064 1063 3043 
3349 1191 3294 3030 3295 
3350 2935 3077 3021 3536 
3351 627 2926 3365 3502 
3352 2894 2991 3138 3322 
3353 1160 1086 719 1157 
3354 3004 2864 3200 3461 
3355 472 473 471 3074 
3356 3174 3277 194 3396 
3357 3229 3307 2912 3365 
3358 1372 3144 3481 3482 
3359 2835 3503 3035 3535 
3360 683 720 789 3313 
3361 1062 1236 869 1128 
3362 2889 3158 3331 3451 
3363 1267 1290 1299 2998 
3364 2918 3312 3125 3402 
3365 1062 1236 1065 698 
3366 1127 568 759 967 
3367 2826 3115 3060 3418 
3368 2939 3062 3029 3313 
3369 879 1134 926 3343 
3370 2902 3060 3418 3424 
3371 2872 3294 3030 3525 
3372 3121 3424 3095 3517 
3373 1027 2825 1113 2941 
3374 3051 3321 3078 3503 
3375 3144 3267 2927 3275 
3376 2859 3252 3074 3258 
3377 2846 2957 3004 3353 
3378 3259 3318 1083 3467 
3379 3213 3214 2925 3326 
3380 1149 3008 197 3252 
3381 459 3004 3298 3461 
3382 3265 3326 3026 3486 
3383 1275 1272 1266 3271 
3384 742 3155 741 3399 
3385 2867 2926 3179 3502 
3386 1328 1329 1330 3053 
3387 3318 3467 2911 3487 
3388 2974 3156 1312 3229 
3389 1373 1368 3045 3320 
3390 2920 2899 3333 3386 
3391 1332 1329 1326 3053 
3392 1348 3033 1338 3128 
3393 3034 2840 3151 3551 
3394 471 473 474 3085 
3395 895 904 905 3036 
3396 3224 3354 3017 3356 
3397 2827 2994 3098 3351 
3398 2984 3138 2896 3147 
3399 1121 960 753 1120 
3400 753 754 593 960 
3401 522 3027 553 3262 
3402 3182 3238 3237 3240 
3403 2829 3021 3087 3536 
3404 1285 2958 1286 3278 
3405 197 1341 196 3008 
3406 666 753 1022 1033 
3407 2953 1351 3052 3316 
3408 1408 1386 3300 3459 
3409 888 889 881 3142 
3410 1316 1350 3010 3291 
3411 734 726 3119 3537 
3412 3002 3270 3042 3401 
3413 1327 2960 3311 3395 
3414 744 658 692 2836 
3415 2958 2857 3223 3273 
3416 701 3307 3229 3365 
3417 2830 3014 3108 3403 
3418 1319 1195 965 3190 
3419 2840 3060 3342 3551 
3420 1062 698 1065 2941 
3421 910 880 909 3066 
3422 199 3113 3002 3299 
3423 1300 719 1296 1086 
3424 1083 3318 1198 3467 
3425 2852 3072 3010 3442 
3426 1126 999 3139 3272 
3427 3034 3076 2903 3551 
3428 3238 3326 2845 3486 
3429 1342 1314 3033 3215 
3430 997 2955 1084 3061 
3431 193 3174 3063 3277 
3432 1065 772 954 1139 
3433 1324 1325 3044 3314 
3434 2981 3127 2853 3504 
3435 3200 3298 3004 3461 
3436 492 456 496 2970 
3437 3032 3274 2932 3400 
3438 2993 3084 2839 3516 
3439 2826 3035 3140 3492 
3440 3010 3052 1351 3316 
3441 746 2825 660 2941 
3442 507 3016 2943 3530 
3443 2833 3048 3001 3375 
3444 754 600 872 1239 
3445 978 784 934 1151 
3446 2900 3299 3057 3480 
3447 479 2933 480 3200 
3448 1262 1260 3080 3223 
3449 1193 3294 1055 3525 
3450 3194 3216 2890 3267 
3451 911 931 930 3100 
3452 2919 3065 3216 3232 
3453 2841 3014 3403 3559 
3454 2829 3112 3360 3498 
3455 2832 2927 3267 3326 
3456 994 2981 1210 3127 
3457 1351 3052 3010 3291 
3458 2936 704 3308 3518 
3459 845 3076 808 3151 
3460 927 942 906 3067 
3461 1383 3265 2927 3482 
3462 2865 3379 3066 3449 
3463 2937 2847 3197 3491 
3464 518 3016 2976 3249 
3465 801 803 804 3347 
3466 2920 3186 3433 3434 
3467 2978 3236 2845 3514 
3468 775 3224 731 3354 
3469 780 2843 3512 3521 
3470 2909 3288 2942 3380 
3471 1354 3190 956 3428 
3472 2862 2962 3129 3360 
3473 832 873 778 3324 
3474 2936 2969 3495 3518 
3475 3003 3100 2865 3235 
3476 2862 3129 3097 3360 
3477 2948 3266 3107 3499 
3478 2827 3068 3065 3563 
3479 1062 1026 659 2941 
3480 2926 2912 3365 3562 
3481 2830 3082 3306 3331 
3482 3097 3129 2962 3360 
3483 3189 3256 3187 3441 
3484 1315 1346 3279 3417 
3485 2874 3230 2940 3470 
3486 2839 3084 3160 3516 
3487 631 632 2996 3353 
3488 2924 3120 3026 3265 
3489 753 666 1121 1033 
3490 753 666 754 1121 
3491 2832 3213 3244 3373 
3492 714 3232 2919 3320 
3493 2871 3273 2982 3458 
3494 1142 3106 1204 3266 
3495 1299 2998 988 3409 
3496 3029 3313 713 3366 
3497 1263 1261 3223 3388 
3498 2898 3129 3165 3423 
3499 2926 2865 3196 3449 
3500 2860 2975 3044 3301 
3501 621 856 712 3156 
3502 632 613 631 2996 
3503 937 2995 929 3323 
3504 917 941 899 3233 
3505 2899 3186 3187 3293 
3506 1379 3300 2963 3408 
3507 829 609 1368 3045 
3508 1275 1284 3156 3271 
3509 2829 3280 3153 3536 
3510 3117 3370 3118 3436 
3511 2971 2882 3296 3421 
3512 2984 3138 2991 3503 
3513 2900 2992 3112 3153 
3514 871 742 3399 3461 
3515 1321 1347 1358 3128 
3516 1084 3061 2955 3345 
3517 3048 3276 2858 3513 
3518 1354 1336 3190 3428 
3519 3422 3460 2934 3536 
3520 617 3004 459 3461 
3521 2894 3132 3039 3322 
3522 2973 3128 794 3534 
3523 1315 193 1323 3279 
3524 666 1022 1026 1033 
3525 896 895 894 2930 
3526 1060 3205 2997 3426 
3527 672 3359 3204 3425 
3528 3339 3475 2969 3495 
3529 1034 882 153 3556 
3530 3090 3198 514 3372 
3531 2967 3040 2834 3380 
3532 3024 3092 2838 3487 
3533 2873 3078 3051 3321 
3534 1216 1181 1064 3012 
3535 620 3027 522 3262 
3536 3108 3403 3014 3559 
3537 1348 2932 3274 3400 
3538 3031 3024 3170 3171 
3539 2872 3078 3108 3403 
3540 820 3027 620 3262 
3541 1274 3319 2945 3392 
3542 2989 3148 2828 3165 
3543 1279 2969 3041 3339 
3544 2945 3330 2834 3402 
3545 2828 3059 3333 3335 
3546 200 3299 1391 3539 
3547 3035 3456 2913 3516 
3548 877 3151 797 3337 
3549 3042 731 3224 3357 
3550 2919 3154 3065 3232 
3551 2964 3065 3154 3232 
3552 2982 3273 2857 3458 
3553 585 2836 825 2883 
3554 3099 3139 2893 3234 
3555 2881 3139 3099 3234 
3556 2828 2920 3333 3386 
3557 719 1086 954 1139 
3558 954 772 719 1139 
3559 3020 2935 3228 3281 
3560 1075 710 1077 3009 
3561 811 831 3045 3324 
3562 1324 1325 1326 3497 
3563 632 764 2996 3262 
3564 2989 3102 2987 3346 
3565 2857 3475 3339 3495 
3566 2852 3044 2951 3442 
3567 924 616 773 3066 
3568 1109 1108 3074 3553 
3569 3028 3389 2887 3431 
3570 2857 3038 2982 3495 
3571 2984 3035 3503 3535 
3572 2872 3088 3403 3559 
3573 1137 3240 3238 3242 
3574 1062 847 1033 1214 
3575 629 3062 3191 3313 
3576 2989 2986 3148 3473 
3577 989 1134 1183 3343 
3578 783 1302 1306 1150 
3579 632 3262 2996 3425 
3580 2850 3057 3134 3460 
3581 2826 2984 3035 3547 
3582 1330 2932 1348 3337 
3583 673 623 3029 3366 
3584 699 612 3156 3365 
3585 2830 3158 3082 3331 
3586 2982 3332 3275 3495 
3587 1064 1181 981 3043 
3588 1125 1155 1045 3294 
3589 978 933 934 611 
3590 2920 2899 3186 3333 
3591 2922 2846 3183 3430 
3592 3155 3399 742 3461 
3593 2901 3053 2960 3195 
3594 2837 3167 3169 3500 
3595 794 3128 2973 3371 
3596 2893 3304 3139 3544 
3597 689 690 3079 3416 
3598 3092 3468 3346 3469 
3599 2995 2934 3385 3422 
3600 3020 3153 2935 3536 
3601 2863 3164 3020 3206 
3602 997 2955 3160 3428 
3603 195 2977 194 3277 
3604 2937 3304 1182 3362 
3605 2959 2872 3078 3525 
3606 2828 2990 3059 3335 
3607 3186 3188 2917 3413 
3608 3185 3188 3186 3413 
3609 463 677 2976 3201 
3610 2869 3254 3000 3557 
3611 1156 2952 3290 3519 
3612 1247 2978 972 3237 
3613 466 505 464 3340 
3614 1380 3300 2967 3504 
3615 1362 1373 1395 3501 
3616 3036 917 3233 3522 
3617 3005 3324 2917 3410 
3618 3065 3068 2895 3373 
3619 3114 3160 2839 3517 
3620 996 965 1080 3190 
3621 1246 1308 769 3041 
3622 817 871 742 3399 
3623 930 889 891 3003 
3624 2981 3248 2855 3300 
3625 2888 3201 3046 3416 
3626 1177 3170 3260 3467 
3627 2888 3201 3416 3543 
3628 1145 3024 1199 3093 
3629 1059 1025 1111 2836 
3630 2834 3125 2967 3402 
3631 888 890 889 2954 
3632 1034 153 1097 3556 
3633 2907 3203 3016 3268 
3634 1351 1356 1334 3316 
3635 2837 3026 3120 3373 
3636 3012 2892 3211 3459 
3637 983 943 3133 3341 
3638 2867 2926 3502 3562 
3639 2859 3145 3090 3438 
3640 3063 3157 192 3534 
3641 2982 3038 2867 3495 
3642 2936 2969 3475 3495 
3643 960 753 754 1121 
3644 3151 3538 3076 3551 
3645 2853 3248 2981 3504 
3646 897 893 898 3235 
3647 2919 3320 3232 3481 
3648 3060 3538 3342 3547 
3649 2977 2847 3085 3491 
3650 2865 2926 3379 3449 
3651 2831 3086 3064 3303 
3652 1084 1048 2979 3345 
3653 2981 1385 3127 3504 
3654 3087 3221 2948 3284 
3655 772 1139 1065 2941 
3656 2973 3063 2907 3268 
3657 507 3289 3016 3530 
3658 587 698 772 954 
3659 1065 772 698 954 
3660 2828 3102 3165 3386 
3661 1356 2953 1319 3190 
3662 3034 3151 3076 3551 
3663 711 633 815 3425 
3664 1140 1085 983 3133 
3665 2862 3047 3266 3498 
3666 1267 3199 2998 3409 
3667 1238 3304 2944 3305 
3668 2870 3146 3049 3173 
3669 2869 3049 3146 3173 
3670 972 3236 1070 3237 
3671 1307 1287 2928 2969 
3672 556 3139 3099 3527 
3673 754 960 1239 593 
3674 3000 3146 2870 3173 
3675 2869 3146 3000 3173 
3676 2829 3221 3087 3284 
3677 985 3074 1107 3258 
3678 1331 3417 3301 3552 
3679 2829 3153 3020 3536 
3680 2960 3053 2901 3395 
3681 892 895 3036 3263 
3682 2882 3294 2971 3295 
3683 534 3058 533 3328 
3684 1204 1007 1090 3047 
3685 1264 1261 1263 3388 
3686 3102 3333 3059 3334 
3687 3045 3324 831 3419 
3688 3444 2870 3453 3454 
3689 2940 3051 2874 3470 
3690 1356 1354 1336 3190 
3691 2853 3127 3101 3504 
3692 3068 3031 3167 3363 
3693 1397 3275 2936 3308 
3694 2930 3263 2954 3329 
3695 2940 2874 3051 3535 
3696 2923 3012 3474 3484 
3697 2852 3072 2951 3328 
3698 487 3085 473 3198 
3699 192 3157 3063 3279 
3700 2886 3204 3027 3552 
3701 193 3063 3174 3279 
3702 820 762 620 3027 
3703 2947 3145 1313 3277 
3704 3218 3219 3181 3439 
3705 974 990 1345 3052 
3706 2891 3444 3453 3454 
3707 2882 3421 2971 3559 
3708 2960 3121 2901 3195 
3709 1201 1002 3225 3282 
3710 830 831 732 3324 
3711 2895 3120 3026 3373 
3712 3017 2910 3149 3549 
3713 1208 2978 1136 3409 
3714 949 1206 1244 3428 
3715 891 892 893 3263 
3716 579 3048 548 3276 
3717 2908 3220 3176 3325 
3718 760 759 1128 783 
3719 2977 3466 3197 3491 
3720 2978 3199 1257 3409 
3721 1047 3088 1055 3294 
3722 1323 3314 2922 3396 
3723 3166 3168 3167 3376 
3724 2944 2937 3304 3553 
3725 2859 3090 2970 3372 
3726 972 2978 1070 3236 
3727 2863 3012 3211 3474 
3728 632 764 613 2996 
3729 3085 3198 2859 3372 
3730 675 676 2929 3105 
3731 2830 3014 3158 3331 
3732 2859 3074 3008 3491 
3733 2971 3296 2983 3421 
3734 1348 3337 2932 3400 
3735 1383 2927 3265 3458 
3736 1155 2971 3295 3415 
3737 1395 1373 1368 3045 
3738 718 3192 3135 3378 
3739 1336 1356 3190 3311 
3740 864 687 689 3371 
3741 1058 3367 2959 3525 
3742 795 3076 845 3431 
3743 966 1210 994 2981 
3744 2896 3035 2984 3547 
3745 3060 3115 2826 3342 
3746 2998 3199 2916 3409 
3747 1328 2939 3301 3497 
3748 2852 3055 3010 3526 
3749 1052 2972 1161 3251 
3750 2983 2971 3445 3462 
3751 640 3002 596 3419 
3752 2927 3458 1383 3482 
3753 3063 3215 1342 3277 
3754 3404 3499 3107 3510 
3755 2984 2875 3140 3503 
3756 3102 2899 3333 3334 
3757 2917 3098 3324 3351 
3758 3071 2987 3102 3346 
3759 982 2952 521 3290 
3760 2971 3294 2882 3559 
3761 2935 3153 3460 3536 
3762 2989 2987 3143 3469 
3763 2866 3184 3324 3401 
3764 844 2936 704 3308 
3765 2904 3321 3306 3532 
3766 2849 3017 3057 3480 
3767 1244 1234 1170 3180 
3768 2859 2972 3145 3466 
3769 2975 3375 2951 3442 
3770 507 3289 3530 3531 
3771 1306 858 783 1150 
3772 3043 3300 2963 3459 
3773 993 2981 994 3282 
3774 630 796 718 2961 
3775 2995 2934 3422 3460 
3776 786 761 978 611 
3777 719 587 772 954 
3778 2997 3205 1060 3367 
3779 2899 3186 3333 3434 
3780 1262 2958 1285 3223 
3781 3017 2934 3057 3280 
3782 635 3365 627 3449 
3783 1371 1361 3352 3423 
3784 1319 1345 990 3052 
3785 2964 3216 3065 3232 
3786 952 1192 2836 2883 
3787 640 3270 3002 3401 
3788 462 494 2983 3445 
3789 1045 968 1046 3462 
3790 1392 2963 1379 3459 
3791 614 3196 1369 3349 
3792 3011 3235 902 3463 
3793 1106 1046 968 2970 
3794 1235 1053 1107 3258 
3795 1331 3204 3359 3417 
3796 2971 3421 2983 3559 
3797 3168 3169 3167 3500 
3798 2851 3018 3195 3358 
3799 3036 3233 3073 3522 
3800 1379 2963 1392 3315 
3801 989 1233 1140 3067 
3802 2926 3365 3502 3562 
3803 1222 3478 2952 3519 
3804 2884 3076 3538 3551 
3805 606 3308 669 3320 
3806 763 587 1300 954 
3807 1314 1347 3128 3215 
3808 193 192 3063 3279 
3809 761 978 933 1129 
3810 1128 760 783 619 
3811 1245 985 1107 3258 
3812 3333 3433 3335 3434 
3813 2919 3216 3065 3481 
3814 506 3016 464 3203 
3815 2873 3477 3078 3532 
3816 2870 3181 3086 3208 
3817 1058 3205 2959 3367 
3818 1109 2944 1238 3553 
3819 1002 994 3225 3282 
3820 1317 1355 1336 3426 
3821 1149 970 197 3008 
3822 761 1129 935 3009 
3823 523 563 833 3025 
3824 2977 3277 3174 3396 
3825 1306 858 1150 1225 
3826 2839 2993 3418 3424 
3827 2893 3139 3304 3362 
3828 3444 3452 2870 3454 
3829 2897 3003 3142 3485 
3830 2999 3072 2881 3527 
3831 1261 1289 1259 3388 
3832 1290 1273 1277 3319 
3833 482 484 509 3123 
3834 3110 3122 1364 3315 
3835 2843 2929 676 3105 
3836 3248 3300 2981 3504 
3837 2920 3184 3042 3432 
3838 629 628 681 3062 
3839 812 3004 817 3353 
3840 3207 3218 3208 3439 
3841 2972 3088 3039 3251 
3842 759 600 1128 967 
3843 759 1128 600 760 
3844 908 3164 3206 3281 
3845 3221 3360 2829 3549 
3846 2858 2975 3103 3316 
3847 3452 3453 2870 3454 
3848 473 472 476 3372 
3849 2962 3129 3097 3539 
3850 1105 3341 1068 3393 
3851 2859 2970 3258 3372 
3852 3208 3218 3181 3439 
3853 2995 3119 736 3134 
3854 1262 3080 1258 3420 
3855 1124 1113 1019 2941 
3856 652 746 757 2941 
3857 703 841 2969 3518 
3858 2886 3183 2957 3417 
3859 2853 2945 3248 3402 
3860 504 3198 465 3203 
3861 795 3136 3076 3431 
3862 1324 3314 3044 3417 
3863 1084 2979 3061 3345 
3864 2969 3475 3193 3518 
3865 898 902 3235 3463 
3866 2859 3198 3085 3438 
3867 1155 1045 2971 3415 
3868 703 2969 3193 3518 
3869 2832 3214 3245 3529 
3870 2963 3211 2892 3459 
3871 1257 1294 1247 2978 
3872 1324 1323 1325 3314 
3873 1182 3304 2937 3553 
3874 695 1062 659 2941 
3875 695 847 1062 1128 
3876 1210 1399 975 3127 
3877 3032 3128 1348 3400 
3878 1375 1383 3458 3482 
3879 2826 3493 3140 3494 
3880 2841 2983 3421 3559 
3881 789 713 3313 3366 
3882 1316 3055 1340 3197 
3883 1382 3040 3122 3398 
3884 3101 3127 1385 3504 
3885 2947 1342 3215 3277 
3886 472 3074 3258 3372 
3887 3017 3280 2910 3549 
3888 3190 3254 996 3345 
3889 672 3204 673 3366 
3890 1248 979 1237 3075 
3891 767 3100 816 3485 
3892 2832 3213 3026 3326 
3893 532 3058 3176 3483 
3894 1065 698 772 2941 
3895 475 2933 479 3464 
3896 3169 3239 3500 3541 
3897 2864 3399 3155 3461 
3898 892 3233 893 3263 
3899 2942 3288 2909 3463 
3900 796 808 807 3034 
3901 991 973 1365 3259 
3902 2978 2916 3199 3409 
3903 2892 3073 3067 3522 
3904 3017 3149 3280 3549 
3905 2979 3181 3219 3406 
3906 3096 3219 3181 3406 
3907 844 842 704 2936 
3908 2855 3248 2942 3380 
3909 673 3204 623 3366 
3910 2860 3212 2951 3283 
3911 487 475 473 3085 
3912 960 754 1239 1121 
3913 3151 3347 2884 3538 
3914 2831 3181 3086 3303 
3915 1402 3196 1398 3398 
3916 2977 194 3277 3396 
3917 2900 3112 3097 3360 
3918 2829 3221 3284 3498 
3919 1404 1368 609 3419 
3920 705 3368 3117 3523 
3921 3045 3005 3324 3351 
3922 3110 3299 2900 3539 
3923 3002 3113 199 3501 
3924 2973 2844 3215 3268 
3925 3054 3178 2846 3298 
3926 829 624 716 3320 
3927 2989 3346 2987 3469 
3928 848 604 768 3142 
3929 3264 3389 3028 3431 
3930 1331 1324 3301 3417 
3931 2832 3214 3213 3326 
3932 1156 2952 982 3290 
3933 2934 3280 3077 3536 
3934 832 3324 778 3413 
3935 3000 3146 3557 3558 
3936 1145 1240 1199 3024 
3937 600 847 1128 967 
3938 847 600 1128 760 
3939 2827 3253 3070 3293 
3940 912 3387 3011 3463 
3941 198 3002 1395 3419 
3942 2826 3140 2985 3494 
3943 203 202 3097 3129 
3944 2826 3492 3493 3494 
3945 1143 1077 776 3009 
3946 2942 3387 913 3463 
3947 2886 3044 3183 3417 
3948 3067 3073 2855 3288 
3949 3313 3368 2879 3370 
3950 784 978 934 611 
3951 3078 3321 2991 3503 
3952 2855 3300 3248 3380 
3953 716 714 810 2919 
3954 3077 3280 3022 3536 
3955 780 3512 2880 3521 
3956 2870 3086 3181 3303 
3957 1318 2961 1330 3337 
3958 762 3027 820 3548 
3959 2853 3319 2945 3402 
3960 2978 2845 3420 3514 
3961 3059 3102 2828 3333 
3962 2922 3279 3174 3430 
3963 199 1395 198 3002 
3964 1247 1136 972 2978 
3965 1294 2978 1257 3409 
3966 2958 3292 3214 3465 
3967 1351 1319 1356 2953 
3968 2884 3389 3264 3431 
3969 1372 2994 3352 3481 
3970 2881 3362 3291 3435 
3971 3011 3380 2909 3463 
3972 2910 3397 2962 3480 
3973 1047 1055 1125 3294 
3974 464 3016 508 3340 
3975 1374 3144 1375 3275 
3976 2853 2967 3248 3504 
3977 3082 3158 2906 3287 
3978 3280 3480 2910 3549 
3979 1379 1378 2967 3040 
3980 524 2996 530 3483 
3981 1326 1327 3395 3497 
3982 3068 3363 3167 3364 
3983 1381 3179 3332 3398 
3984 2884 3264 3028 3431 
3985 1331 3204 3417 3552 
3986 1026 659 666 1062 
3987 2864 3174 3279 3430 
3988 1060 1171 3205 3426 
3989 2833 3226 2939 3427 
3990 549 548 3048 3513 
3991 585 744 825 2836 
3992 1353 828 623 3029 
3993 1331 3359 1346 3417 
3994 704 2936 842 3518 
3995 964 3047 204 3484 
3996 1353 3029 623 3204 
3997 1041 2988 1203 3507 
3998 2826 3115 3418 3492 
3999 687 688 689 3371 
4000 966 994 993 2981 
4001 1186 1224 2940 3230 
4002 820 672 673 3366 
4003 2920 3432 3042 3505 
4004 2919 3232 3216 3481 
4005 913 3288 2942 3463 
4006 545 553 522 3027 
4007 2937 3491 3008 3553 
4008 3095 3309 3096 3406 
4009 2927 2857 3267 3273 
4010 2860 3212 3283 3540 
4011 2937 3291 2881 3362 
4012 3000 3146 2869 3557 
4013 2885 3162 3082 3306 
4014 1169 1167 1168 3205 
4015 3057 3280 2934 3460 
4016 3169 3260 2837 3500 
4017 2937 3197 3008 3491 
4018 703 2969 605 3193 
4019 2867 2936 3179 3332 
4020 1363 203 2923 3484 
4021 2884 3347 3147 3538 
4022 605 769 1253 2969 
4023 2827 3098 3253 3293 
4024 895 917 892 3036 
4025 1387 1363 3012 3484 
4026 2932 3147 3347 3538 
4027 2958 3326 3182 3465 
4028 2879 3369 3025 3427 
4029 2896 3147 3138 3274 
4030 1257 1247 1256 2978 
4031 1338 1348 1330 3274 
4032 2925 3182 3214 3241 
4033 3028 3264 2887 3389 
4034 3079 3082 2906 3287 
4035 623 828 713 3029 
4036 773 717 866 3066 
4037 2898 3165 2962 3423 
4038 674 2854 1041 3507 
4039 2923 3266 3047 3498 
4040 760 1128 869 619 
4041 1223 988 1079 2998 
4042 809 3034 807 3076 
4043 710 776 1077 3009 
4044 2999 2881 3272 3527 
4045 1110 3008 1108 3553 
4046 2982 3125 1376 3332 
4047 1066 994 1067 3225 
4048 2839 3095 3424 3517 
4049 1234 1164 1175 3160 
4050 2871 3080 3223 3273 
4051 1344 1161 1359 3251 
4052 2830 2991 3082 3476 
4053 1371 1372 2994 3352 
4054 3000 3250 3146 3558 
4055 3191 3226 2851 3436 
4056 1268 3038 1263 3339 
4057 2858 2975 3316 3442 
4058 2947 3277 2848 3438 
4059 794 2973 685 3371 
4060 2870 3064 3086 3303 
4061 3076 3136 2884 3431 
4062 574 1127 858 1225 
4063 2860 3027 3212 3540 
4064 1361 3129 3175 3423 
4065 2859 3252 2972 3466 
4066 1201 1068 1105 3341 
4067 2856 3315 2963 3408 
4068 1080 3254 2953 3519 
4069 967 1121 847 1214 
4070 1218 1161 1052 2972 
4071 2885 3082 3079 3287 
4072 1215 3056 1213 3164 
4073 2829 3360 3221 3498 
4074 1127 567 574 759 
4075 3350 3383 3244 3384 
4076 1161 1344 969 3251 
4077 2851 3191 3118 3192 
4078 1231 3251 2997 3367 
4079 3068 3373 3065 3563 
4080 539 3072 555 3328 
4081 2918 3271 3038 3388 
4082 1368 3045 609 3419 
4083 770 3194 3193 3246 
4084 2886 3359 3204 3417 
4085 1264 1263 1268 3038 
4086 853 3359 815 3457 
4087 2872 3294 3088 3559 
4088 1106 1053 1046 2970 
4089 2953 3190 2868 3254 
4090 2868 3173 3000 3303 
4091 3000 3173 2870 3303 
4092 916 3455 3066 3488 
4093 673 623 713 3029 
4094 743 3399 3157 3457 
4095 2944 3304 1238 3553 
4096 2852 3183 3044 3314 
4097 1156 1222 982 2952 
4098 2871 3111 3101 3514 
4099 1376 3332 3125 3398 
4100 2991 2894 3138 3476 
4101 2856 3233 3036 3263 
4102 1344 1359 1322 3251 
4103 802 800 857 3028 
4104 1126 1141 999 3272 
4105 1347 3128 2973 3534 
4106 2903 3115 3342 3554 
4107 682 3313 3191 3370 
4108 1103 3479 3164 3556 
4109 1052 1054 1047 3088 
4110 3125 3312 2967 3402 
4111 539 541 542 3072 
4112 3129 3165 2905 3175 
4113 2872 3322 3078 3403 
4114 2949 3284 3087 3285 
4115 2974 3156 2867 3271 
4116 3065 3216 2964 3244 
4117 804 693 3032 3400 
4118 492 493 3372 3445 
4119 2962 3165 3129 3423 
4120 802 801 3028 3347 
4121 916 3066 910 3488 
4122 2916 3101 3111 3514 
4123 1081 1036 3259 3260 
4124 1343 3145 1322 3466 
4125 906 900 3073 3288 
4126 2980 3309 3095 3406 
4127 622 773 866 3100 
4128 1105 1152 901 3393 
4129 3038 3223 1263 3339 
4130 1340 3197 3055 3396 
4131 2976 3201 3046 3451 
4132 3046 3201 2888 3451 
4133 713 673 3029 3366 
4134 1063 1085 1233 3282 
4135 3029 3204 3301 3552 
4136 2993 3509 3084 3516 
4137 2838 3346 3102 3550 
4138 2961 2840 3135 3358 
4139 3026 3120 2895 3482 
4140 1387 3012 1363 3459 
4141 815 3359 2957 3457 
4142 2966 3086 2831 3472 
4143 1232 2873 3327 3374 
4144 811 3005 873 3324 
4145 869 695 1062 1128 
4146 794 602 1321 3128 
4147 531 530 524 2996 
4148 3004 3399 2957 3430 
4149 2868 2960 3121 3311 
4150 507 2943 506 3530 
4151 203 1363 2923 3474 
4152 525 3146 3049 3452 
4153 915 914 3133 3341 
4154 2871 3199 3130 3388 
4155 1323 3314 1324 3417 
4156 3107 3148 2862 3221 
4157 3169 3239 3260 3500 
4158 2939 3226 2879 3427 
4159 2955 2839 3160 3517 
4160 867 3151 877 3347 
4161 2948 3284 3015 3285 
4162 3079 3287 2906 3416 
4163 3138 3147 2842 3274 
4164 2829 3284 3112 3498 
4165 3182 3326 3214 3465 
4166 800 3028 691 3079 
4167 1256 1257 2978 3420 
4168 2858 2951 3375 3442 
4169 1398 1369 614 3196 
4170 2829 3087 3221 3549 
4171 1300 719 1086 954 
4172 1149 1108 3008 3252 
4173 3035 2896 3418 3547 
4174 2856 3315 3122 3329 
4175 3080 3420 2845 3514 
4176 2978 3420 3080 3514 
4177 716 811 831 3045 
4178 1333 3395 3311 3517 
4179 1383 3265 3111 3458 
4180 2827 3069 3068 3563 
4181 2826 3492 3140 3493 
4182 484 516 505 3123 
4183 2844 3215 2947 3361 
4184 932 3056 944 3343 
4185 532 3058 534 3176 
4186 3022 3536 3280 3549 
4187 893 892 917 3233 
4188 2960 3395 1327 3497 
4189 1267 1257 3199 3409 
4190 2895 3120 2968 3352 
4191 3083 2826 3494 3554 
4192 1351 3010 1350 3291 
4193 3034 3135 2938 3378 
4194 952 1192 1111 2836 
4195 718 3135 796 3378 
4196 2852 3010 3072 3526 
4197 2881 3072 3010 3526 
4198 2840 3342 3060 3538 
4199 3244 3384 3383 3529 
4200 3072 3220 3526 3527 
4201 1336 1337 1333 3114 
4202 2901 3424 3121 3517 
4203 2881 3272 3139 3362 
4204 1068 1066 3075 3225 
4205 905 932 948 3343 
4206 1248 1295 979 3075 
4207 2866 3045 3351 3501 
4208 931 767 881 3142 
4209 2965 3065 3373 3563 
4210 2993 2878 3509 3516 
4211 2971 2882 3295 3296 
4212 605 841 769 2969 
4213 3169 3170 2837 3260 
4214 922 3152 2954 3323 
4215 719 793 1296 1160 
4216 769 621 1246 3041 
4217 2864 2957 3399 3430 
4218 1226 1151 940 859 
4219 667 730 937 2995 
4220 1137 3237 3238 3240 
4221 2957 3359 2886 3417 
4222 2832 3245 3244 3529 
4223 1365 1403 1394 3126 
4224 2829 3112 3020 3153 
4225 1375 1377 1376 2982 
4226 3244 3247 2964 3384 
4227 2965 3244 3350 3383 
4228 2977 3197 2847 3491 
4229 900 899 906 3073 
4230 3033 3138 2842 3274 
4231 1395 3002 199 3501 
4232 3023 3221 3087 3549 
4233 2832 3026 3213 3373 
4234 1163 3061 1174 3084 
4235 2948 3284 3221 3498 
4236 1000 3304 998 3362 
4237 978 761 933 611 
4238 1276 2974 3229 3348 
4239 1204 1229 1007 3106 
4240 1346 3279 2957 3457 
4241 2874 3140 3051 3535 
4242 2827 3471 3069 3563 
4243 1062 666 847 695 
4244 1045 3415 1044 3462 
4245 1128 695 847 760 
4246 1375 3144 1372 3482 
4247 474 3085 475 3464 
4248 487 473 476 3198 
4249 2864 3004 3399 3461 
4250 3272 3362 2881 3435 
4251 2896 3109 3147 3274 
4252 680 3046 688 3371 
4253 759 568 600 967 
4254 2841 3421 2983 3489 
4255 930 891 897 3003 
4256 615 3025 563 3548 
4257 3067 2855 3133 3288 
4258 1156 1222 2952 3519 
4259 2987 3102 3059 3334 
4260 1262 3420 1291 3465 
4261 858 1127 574 759 
4262 678 3046 680 3249 
4263 1167 2959 1058 3205 
4264 2994 3351 3045 3501 
4265 2870 3173 3049 3444 
4266 2996 3262 2886 3425 
4267 1379 1378 1377 2967 
4268 1369 1396 3261 3349 
4269 2980 3095 3061 3406 
4270 532 531 533 3058 
4271 2863 2992 3112 3474 
4272 2937 2881 3234 3362 
4273 2901 3121 2960 3395 
4274 3055 3197 2847 3396 
4275 2933 3200 3054 3430 
4276 1307 1311 1287 2969 
4277 2965 3376 3168 3446 
4278 2973 3215 3063 3268 
4279 1062 659 666 695 
4280 3214 3241 3182 3465 
4281 2859 3085 3074 3491 
4282 1231 1056 3251 3367 
4283 732 3324 3184 3401 
4284 847 666 1062 1033 
4285 2934 3077 3422 3536 
4286 1107 985 1108 3074 
4287 1070 1071 1037 3236 
4288 628 629 598 3062 
4289 1198 1199 1178 3024 
4290 2858 3375 2975 3442 
4291 688 3371 3046 3416 
4292 793 1297 1296 1160 
4293 1109 1108 985 3074 
4294 1243 3544 3546 3555 
4295 1335 3109 1329 3394 
4296 1408 3300 1386 3504 
4297 1203 2988 3150 3507 
4298 1393 1394 1370 3259 
4299 1186 1224 1169 2940 
4300 3363 3364 3068 3563 
4301 2965 3244 3065 3350 
4302 2977 2847 3197 3396 
4303 111 622 911 773 
4304 971 944 3056 3343 
4305 2858 2952 3450 3513 
4306 1339 3114 1337 3132 
4307 630 589 839 3337 
4308 2984 3264 3147 3547 
4309 3207 3439 3013 3440 
4310 938 971 944 3056 
4311 3008 3491 3074 3553 
4312 520 578 987 3272 
4313 2905 3106 3047 3524 
4314 1062 666 1026 1033 
4315 1086 719 1296 1160 
4316 504 516 3123 3203 
4317 712 3156 856 3502 
4318 460 958 2882 3295 
4319 803 877 804 3347 
4320 936 935 1129 3009 
4321 936 761 935 3009 
4322 1175 1164 1163 3160 
4323 1321 1348 3128 3400 
4324 940 1151 934 784 
4325 1092 3266 2948 3499 
4326 734 733 726 3537 
4327 3322 3403 2894 3476 
4328 1372 1362 1371 2994 
4329 898 918 902 3463 
4330 2935 3460 3422 3536 
4331 541 544 566 2999 
4332 1331 3029 3204 3301 
4333 2871 3111 3273 3458 
4334 3146 2869 3557 3558 
4335 1255 1247 972 3237 
4336 719 1300 587 954 
4337 479 475 480 2933 
4338 2887 3264 2985 3389 
4339 942 926 883 3067 
4340 2834 3040 3379 3380 
4341 683 3313 682 3370 
4342 930 931 889 3142 
4343 2978 3199 2916 3514 
4344 3060 3418 2896 3547 
4345 493 3090 3372 3445 
4346 2833 3049 3173 3444 
4347 2921 3357 3356 3506 
4348 2856 2992 3315 3329 
4349 3069 3364 3363 3563 
4350 3066 3455 2912 3488 
4351 699 3365 3156 3502 
4352 2936 3495 3041 3518 
4353 1375 1377 2982 3458 
4354 2844 3014 3158 3361 
4355 1270 1295 3392 3393 
4356 3299 3480 2900 3539 
4357 505 3340 466 3515 
4358 1395 3419 3002 3501 
4359 2864 3004 3200 3430 
4360 672 711 3359 3425 
4361 2869 3049 525 3146 
4362 531 530 2996 3483 
4363 2965 3068 3364 3563 
4364 3187 3256 3070 3441 
4365 1141 3272 987 3435 
4366 2905 3175 3165 3550 
4367 834 3365 635 3449 
4368 3020 3228 3206 3281 
4369 716 609 829 3045 
4370 2974 2912 3229 3348 
4371 558 1126 3139 3272 
4372 511 3227 3178 3325 
4373 1027 1124 1139 2941 
4374 772 757 660 2941 
4375 196 197 3008 3466 
4376 849 3349 3261 3537 
4377 3238 3239 1038 3242 
4378 3069 3471 3006 3563 
4379 685 2973 794 3534 
4380 702 3194 2964 3232 
4381 2864 3279 2957 3430 
4382 2922 3183 3314 3417 
4383 1269 3223 3278 3339 
4384 1093 3015 1092 3266 
4385 679 685 686 3490 
4386 1307 2928 1287 3564 
4387 1391 1364 3122 3315 
4388 3352 3481 2895 3482 
4389 3065 3216 2895 3481 
4390 2879 3226 3191 3436 
4391 3069 3363 3068 3563 
4392 3118 3436 2891 3437 
4393 1286 2958 1262 3465 
4394 2908 3234 3443 3526 
4395 3180 3516 3084 3528 
4396 3084 3509 2878 3516 
4397 549 572 2869 3048 
4398 3015 3284 2949 3285 
4399 774 820 620 3262 
4400 908 3206 3228 3281 
4401 509 3155 505 3515 
4402 1110 970 1149 3008 
4403 1351 1350 3010 3316 
4404 1367 1408 1385 2981 
4405 3020 3112 2829 3284 
4406 1379 1378 3040 3408 
4407 1316 1351 1350 3291 
4408 2849 3089 3017 3224 
4409 1275 1276 1272 2974 
4410 2866 3045 3324 3351 
4411 965 956 1354 3190 
4412 458 601 517 3340 
4413 1339 1337 1343 3132 
4414 1193 3030 3294 3525 
4415 882 908 2949 3164 
4416 2826 3342 3115 3554 
4417 3111 3265 2927 3458 
4418 3017 2910 3280 3480 
4419 993 994 1002 3282 
4420 2993 3418 3115 3492 
4421 995 3190 996 3345 
4422 741 782 743 3157 
4423 1388 1375 1372 3482 
4424 1372 3144 1373 3481 
4425 860 513 585 2883 
4426 3025 3368 523 3369 
4427 3042 3184 2866 3401 
4428 915 3133 943 3341 
4429 1063 981 993 3043 
4430 743 3157 782 3457 
4431 622 931 110 911 
4432 1151 940 859 784 
4433 3117 3436 3118 3437 
4434 1108 1110 1149 3008 
4435 1206 3160 1244 3428 
4436 2984 3140 3035 3535 
4437 809 807 808 3076 
4438 2859 3372 3198 3438 
4439 3015 3285 2949 3556 
4440 514 493 3090 3372 
4441 2967 3312 2853 3402 
4442 1060 1231 2997 3367 
4443 2907 2973 3268 3490 
4444 2849 3177 3042 3397 
4445 1388 1372 3352 3482 
4446 600 569 1239 967 
4447 2849 3042 3224 3397 
4448 3044 3212 2860 3552 
4449 2886 3417 3204 3552 
4450 3160 3180 2913 3516 
4451 1103 3015 3479 3556 
4452 457 509 3155 3461 
4453 1402 1398 1381 3398 
4454 2852 3314 3044 3442 
4455 1163 1174 1175 3084 
4456 1244 1164 1234 3160 
4457 1338 1342 1314 3033 
4458 754 600 1239 1121 
4459 2858 2951 3276 3375 
4460 3029 2860 3366 3552 
4461 2942 2909 3380 3463 
4462 731 3042 3224 3270 
4463 2870 3049 3146 3452 
4464 2984 3147 2896 3547 
4465 1094 2948 1092 3015 
4466 1365 1399 1403 3126 
4467 741 868 782 3157 
4468 1311 2969 1279 3339 
4469 2869 3450 3254 3519 
4470 1331 3301 3204 3552 
4471 701 738 3307 3455 
4472 2920 3433 3333 3434 
4473 1300 118 763 1303 
4474 1303 1300 165 1131 
4475 1333 3114 1339 3394 
4476 2957 2886 3359 3425 
4477 195 194 2977 3396 
4478 1186 1162 3230 3528 
4479 691 800 801 3028 
4480 1128 869 695 760 
4481 2908 3099 3234 3526 
4482 193 3063 1342 3277 
4483 2867 3125 2982 3332 
4484 2920 3333 3186 3434 
4485 2958 3214 3326 3465 
4486 2977 195 3197 3466 
4487 3198 3372 3090 3438 
4488 1317 949 3426 3428 
4489 2867 2936 3332 3495 
4490 2864 3399 3004 3430 
4491 3070 3253 2899 3293 
4492 911 909 880 3100 
4493 773 911 111 880 
4494 938 944 932 3056 
4495 491 492 493 3372 
4496 2860 3212 3027 3552 
4497 1342 2947 1313 3277 
4498 2951 2860 3283 3375 
4499 2884 3136 3083 3389 
4500 903 3307 3455 3488 
4501 2863 3211 2992 3474 
4502 880 112 773 924 
4503 782 3157 868 3534 
4504 2957 3399 815 3457 
4505 2859 3090 3372 3438 
4506 931 109 881 767 
4507 538 554 537 3283 
4508 191 782 3157 3457 
4509 1303 117 763 1301 
4510 1301 1303 164 1131 
4511 2899 3253 3098 3293 
4512 2844 3268 2973 3490 
4513 492 3445 2970 3462 
4514 2924 3265 3026 3486 
4515 812 871 817 3004 
4516 1278 3075 3319 3392 
4517 943 915 883 3133 
4518 2989 3165 3102 3550 
4519 1372 1374 1373 3144 
4520 926 927 879 3343 
4521 2908 3443 3220 3526 
4522 535 534 533 3328 
4523 640 837 3270 3401 
4524 508 3016 518 3249 
4525 2827 3065 3471 3563 
4526 524 529 3124 3483 
4527 2865 3040 3379 3398 
4528 2894 3361 3033 3476 
4529 477 3054 3227 3464 
4530 2974 3271 2918 3330 
4531 802 3347 3028 3431 
4532 2965 3373 3068 3563 
4533 2962 3423 3129 3539 
4534 1269 1263 3223 3339 
4535 1275 1283 1284 3271 
4536 3040 3125 2834 3379 
4537 1383 1375 1388 3482 
4538 3280 3536 2829 3549 
4539 2849 3224 3017 3397 
4540 927 3073 941 3522 
4541 3017 3280 3057 3480 
4542 2912 3348 3217 3488 
4543 3239 2925 3500 3541 
4544 3175 3318 2911 3487 
4545 2905 3318 3175 3487 
4546 1286 1287 3278 3292 
4547 789 720 615 3025 
4548 1216 1100 3012 3479 
4549 2826 3492 3494 3554 
4550 1332 1333 1339 3394 
4551 1083 1198 1178 3467 
4552 2830 3158 3014 3476 
4553 556 3139 558 3545 
4554 3190 3311 2868 3345 
4555 2955 3311 3190 3345 
4556 3304 3305 1179 3544 
4557 3248 3300 2967 3380 
4558 988 2998 1223 3409 
4559 1389 3265 1383 3482 
4560 717 3066 834 3449 
4561 679 686 3340 3490 
4562 2860 3001 3375 3427 
4563 622 816 767 3100 
4564 3065 3244 2964 3350 
4565 854 2861 1221 2950 
4566 2920 3335 3333 3433 
4567 628 630 718 2961 
4568 1087 1156 3290 3519 
4569 2991 3322 2894 3476 
4570 2958 3223 3080 3273 
4571 2859 3438 2977 3466 
4572 1291 3420 3182 3465 
4573 477 479 3054 3464 
4574 2921 3224 3042 3397 
4575 2842 3147 2984 3264 
4576 2967 3300 3248 3504 
4577 2860 3025 3366 3540 
4578 1000 1182 3304 3362 
4579 980 558 1126 3139 
4580 1388 3352 3120 3482 
4581 1105 901 3341 3393 
4582 1169 1224 1167 2940 
4583 3026 2927 3265 3482 
4584 3022 3280 3149 3549 
4585 551 3025 523 3369 
4586 1333 3114 3395 3517 
4587 3100 3142 3003 3485 
4588 2890 3308 3193 3475 
4589 2965 3364 3376 3446 
4590 3093 3346 3468 3560 
4591 1392 202 3097 3474 
4592 3192 3378 3286 3381 
4593 1005 2854 638 3189 
4594 3042 3357 3224 3505 
4595 2859 3258 3074 3372 
4596 1402 1382 1364 3122 
4597 1074 3544 3305 3546 
4598 3000 3254 1049 3557 
4599 2875 2991 3321 3503 
4600 922 894 890 3263 
4601 203 204 3047 3484 
4602 974 1039 990 3052 
4603 2879 3050 3436 3523 
4604 2908 3220 3099 3526 
4605 853 1357 3359 3457 
4606 3001 3283 2860 3375 
4607 915 914 907 3133 
4608 1390 1361 3129 3175 
4609 802 803 801 3347 
4610 1103 1215 3164 3479 
4611 1333 3114 3394 3395 
4612 535 539 555 3328 
4613 789 3366 3025 3548 
4614 767 931 110 622 
4615 3204 3359 2886 3425 
4616 1255 1256 1247 3237 
4617 1404 1395 1368 3419 
4618 3005 3411 3007 3471 
4619 3007 3411 3006 3471 
4620 194 1323 193 3396 
4621 980 1126 999 3139 
4622 2903 3342 3083 3554 
4623 1058 1060 3205 3367 
4624 551 563 3025 3540 
4625 456 489 1245 3258 
4626 3107 3148 2986 3473 
4627 524 529 625 3124 
4628 696 866 717 3449 
4629 3027 3204 3366 3552 
4630 484 482 480 3123 
4631 658 675 676 2929 
4632 917 3036 905 3522 
4633 726 736 3119 3134 
4634 2857 3223 3038 3339 
4635 2860 3366 3027 3540 
4636 2878 2993 3492 3516 
4637 1198 1099 1199 3092 
4638 927 906 941 3073 
4639 1319 965 1354 3190 
4640 1335 1342 1338 3033 
4641 2910 3360 3221 3549 
4642 596 198 1404 3419 
4643 2855 3067 3133 3282 
4644 2878 3516 3180 3528 
4645 2977 3197 195 3396 
4646 2878 3230 3231 3528 
4647 1216 1100 1181 3012 
4648 630 839 797 3337 
4649 2921 3224 3357 3505 
4650 2874 3493 3140 3535 
4651 2921 3042 3224 3505 
4652 734 3119 848 3537 
4653 195 1313 3145 3277 
4654 1379 2963 3300 3459 
4655 537 539 535 3328 
4656 1063 1233 1183 3067 
4657 1326 3053 1328 3497 
4658 3065 3154 3006 3350 
4659 2964 3154 3065 3350 
4660 1395 3045 1368 3419 
4661 600 754 847 1121 
4662 1307 2928 668 3193 
4663 1267 1294 1257 3409 
4664 1352 3029 1331 3301 
4665 2870 3209 3208 3453 
4666 555 3220 534 3328 
4667 789 3025 615 3548 
4668 2919 3154 3005 3471 
4669 1319 1351 1345 3052 
4670 3070 3071 3255 3256 
4671 819 795 845 3431 
4672 1253 1279 1311 2969 
4673 2980 3096 3309 3406 
4674 2858 2953 3316 3450 
4675 2831 3181 3096 3472 
4676 1098 3107 3106 3499 
4677 2858 3316 3010 3442 
4678 3027 3366 2860 3552 
4679 2970 3372 3090 3445 
4680 2993 2839 3418 3516 
4681 3017 3224 2921 3397 
4682 2917 3324 3005 3351 
4683 605 703 841 2969 
4684 2928 3193 2969 3475 
4685 1181 3012 1100 3484 
4686 845 808 867 3151 
4687 701 3229 612 3365 
4688 769 792 621 3041 
4689 3069 3364 3189 3441 
4690 561 524 83 764 
4691 1253 1311 1307 2969 
4692 690 3496 3416 3543 
4693 31 557 1 3555 
4694 900 3288 913 3463 
4695 1087 1156 982 3290 
4696 712 699 612 3156 
4697 2901 3053 3195 3358 
4698 3005 3410 3007 3411 
4699 3112 3097 3360 3498 
4700 708 2824 852 3009 
4701 916 924 3066 3455 
4702 1340 195 3197 3396 
4703 552 3540 3027 3548 
4704 2925 3242 3241 3541 
4705 1171 1170 1168 3205 
4706 3110 3315 2992 3329 
4707 998 3304 1179 3544 
4708 2849 3397 3017 3480 
4709 2910 3017 3397 3480 
4710 1384 1385 1380 3101 
4711 2848 3063 3174 3277 
4712 3080 3199 2978 3514 
4713 1388 1389 3120 3352 
4714 942 927 926 3067 
4715 1126 520 987 3272 
4716 731 837 3042 3270 
4717 3194 3216 2964 3232 
4718 1381 3332 1376 3398 
4719 973 1036 1037 3126 
4720 3044 3314 3183 3417 
4721 191 603 782 3457 
4722 457 486 509 3461 
4723 3018 3135 2840 3358 
4724 779 3118 3117 3370 
4725 592 3247 1254 3384 
4726 707 812 631 3124 
4727 1246 1279 1308 3041 
4728 3217 3330 1282 3348 
4729 881 767 604 3142 
4730 1330 1329 1338 3109 
4731 2965 3168 3383 3446 
4732 3074 3491 2944 3553 
4733 2901 3195 3018 3358 
4734 2996 3353 632 3425 
4735 559 3099 3220 3527 
4736 779 595 3118 3286 
4737 2925 3026 3326 3486 
4738 483 3298 3200 3461 
4739 3140 3503 3051 3535 
4740 1379 2967 1380 3300 
4741 3099 3139 2881 3527 
4742 915 946 914 3341 
4743 737 3229 701 3307 
4744 2903 3159 3034 3551 
4745 3244 2964 3350 3384 
4746 2849 3224 3042 3270 
4747 544 2999 541 3513 
4748 1068 1066 979 3075 
4749 2878 3084 3516 3528 
4750 2962 2900 3480 3539 
4751 3189 3364 3069 3448 
4752 2851 3195 3053 3358 
4753 457 3155 618 3461 
4754 600 1239 1121 967 
4755 758 688 3046 3416 
4756 834 3066 616 3455 
4757 1371 1362 200 3113 
4758 191 192 3157 3534 
4759 2997 3205 2913 3426 
4760 3254 2869 3519 3557 
4761 547 3001 579 3283 
4762 997 1164 1206 3160 
4763 1326 1325 1327 3497 
4764 3239 3242 2925 3541 
4765 545 3027 552 3540 
4766 1371 3113 200 3423 
4767 485 3305 478 3546 
4768 2918 3330 2945 3402 
4769 200 1391 201 3539 
4770 3046 3371 2906 3416 
4771 2947 3145 3277 3438 
4772 2928 3245 3292 3564 
4773 3006 3448 3069 3563 
4774 1280 1282 3217 3330 
4775 3026 3486 2925 3500 
4776 997 1084 2955 3345 
4777 1034 1103 3164 3556 
4778 3004 3353 2957 3399 
4779 2957 3359 1346 3457 
4780 1180 1091 964 3484 
4781 2848 3174 2977 3277 
4782 199 3113 1362 3501 
4783 2900 3360 2962 3480 
4784 916 924 910 3066 
4785 2925 3486 3239 3500 
4786 3026 3265 3120 3482 
4787 633 812 817 3353 
4788 2863 3015 3164 3479 
4789 888 922 2954 3323 
4790 2975 3301 2939 3497 
4791 475 474 473 3085 
4792 466 464 508 3340 
4793 680 758 688 3046 
4794 924 616 3066 3455 
4795 1365 1211 1399 3126 
4796 2894 3403 3014 3476 
4797 640 3401 3002 3419 
4798 1208 972 1136 2978 
4799 761 101 936 935 
4800 935 147 936 1129 
4801 472 3258 491 3372 
4802 2844 3016 3268 3490 
4803 524 613 83 764 
4804 1295 1270 1104 3393 
4805 1273 1271 1274 3319 
4806 532 533 534 3058 
4807 870 1250 1310 3156 
4808 2859 3008 3466 3491 
4809 1094 3285 3015 3556 
4810 2969 3278 2928 3475 
4811 1163 997 1084 3061 
4812 536 535 533 3328 
4813 535 555 534 3328 
4814 845 867 819 3347 
4815 1210 975 1209 3127 
4816 870 712 612 3156 
4817 540 537 554 3276 
4818 1331 3029 1353 3204 
4819 629 3191 682 3313 
4820 3097 3360 2962 3539 
4821 1167 2940 1224 3470 
4822 482 479 480 3200 
4823 1172 3084 2980 3104 
4824 2866 3113 3002 3501 
4825 2853 3248 2967 3402 
4826 2966 3472 3019 3520 
4827 968 1045 1044 3462 
4828 2879 3368 3025 3369 
4829 3259 3260 2911 3467 
4830 3418 3492 2993 3516 
4831 1285 1262 1286 2958 
4832 3296 3415 2971 3462 
4833 2962 3360 2910 3480 
4834 490 952 585 2883 
4835 2890 3216 3194 3232 
4836 488 3054 3200 3298 
4837 3109 3147 2932 3538 
4838 558 520 1126 3272 
4839 563 3025 3540 3548 
4840 1196 976 1083 3318 
4841 924 112 773 616 
4842 989 926 156 1134 
4843 758 680 678 3046 
4844 1374 1372 1375 3144 
4845 789 855 3366 3548 
4846 1284 1312 1275 3156 
4847 3117 3368 705 3370 
4848 792 3041 769 3518 
4849 794 864 602 3128 
4850 1279 3041 1309 3339 
4851 1149 1235 1108 3252 
4852 905 3343 948 3522 
4853 848 736 667 3119 
4854 3027 3366 820 3548 
4855 503 957 61 502 
4856 502 44 503 590 
4857 2870 3208 3086 3453 
4858 1389 1388 3120 3482 
4859 1079 1237 979 3075 
4860 912 3011 3387 3488 
4861 3055 3443 3234 3526 
4862 2965 3244 3213 3373 
4863 101 761 936 3009 
4864 147 936 1129 3009 
4865 1338 1335 3033 3274 
4866 2949 3164 3015 3556 
4867 998 3139 999 3362 
4868 632 774 3262 3425 
4869 1206 1164 1244 3160 
4870 555 3072 539 3527 
4871 843 608 1366 3179 
4872 487 465 504 3198 
4873 1301 117 763 619 
4874 986 1301 164 1131 
4875 3220 3328 3072 3526 
4876 702 3194 671 3246 
4877 3082 3287 2885 3306 
4878 1391 3110 1364 3315 
4879 2965 3446 3350 3448 
4880 697 3485 3349 3537 
4881 2863 3164 3056 3479 
4882 926 157 1140 989 
4883 1211 1037 1071 3126 
4884 3168 3213 2965 3383 
4885 199 200 3113 3299 
4886 1408 1385 2981 3504 
4887 1378 1391 3122 3315 
4888 1290 1289 1273 3130 
4889 458 508 518 3249 
4890 997 3160 1206 3428 
4891 3154 3411 3005 3471 
4892 3139 3272 2881 3527 
4893 516 484 504 3123 
4894 2897 3485 3142 3537 
4895 1307 668 2928 3246 
4896 2868 3254 3190 3345 
4897 2944 3304 2893 3305 
4898 2826 3035 3418 3547 
4899 1312 1276 2974 3229 
4900 3039 3322 2872 3403 
4901 849 697 3349 3537 
4902 552 545 522 3027 
4903 2894 3322 3039 3403 
4904 1265 3130 1289 3388 
4905 725 3134 3089 3385 
4906 478 485 499 3305 
4907 1223 1067 1209 3127 
4908 1040 3052 1039 3478 
4909 2979 3218 3181 3303 
4910 191 3157 782 3534 
4911 701 834 738 3455 
4912 964 1090 1007 3047 
4913 1348 1338 1314 3128 
4914 758 826 3416 3543 
4915 2987 3346 3071 3560 
4916 2952 2869 3290 3519 
4917 1316 196 1341 3197 
4918 1316 1340 195 3197 
4919 1181 1407 1401 3484 
4920 2942 920 3387 3391 
4921 1039 1040 990 3052 
4922 3118 3370 3191 3436 
4923 691 689 690 3079 
4924 743 742 741 3399 
4925 606 669 624 3320 
4926 484 480 504 3123 
4927 2980 3061 1173 3406 
4928 3082 3158 2830 3476 
4929 911 930 909 3100 
4930 507 2976 518 3016 
4931 3125 3379 3040 3398 
4932 3049 2870 3444 3452 
4933 2932 3147 3109 3274 
4934 1179 3304 1238 3305 
4935 2845 3111 3273 3514 
4936 2948 3087 3285 3405 
4937 605 1253 1307 2969 
4938 847 600 1121 967 
4939 805 3034 809 3076 
4940 851 685 794 3534 
4941 2930 3206 3020 3228 
4942 1397 1374 1381 3332 
4943 640 830 3401 3419 
4944 877 867 797 3151 
4945 1208 1070 972 2978 
4946 3055 2852 3443 3526 
4947 2909 3380 3040 3408 
4948 603 743 782 3457 
4949 3058 3220 2852 3328 
4950 3013 3019 3096 3472 
4951 2889 3421 3014 3489 
4952 1338 3109 1335 3274 
4953 2845 3273 3080 3514 
4954 679 3340 3249 3490 
4955 503 61 957 1207 
4956 44 503 590 840 
4957 2864 2957 3279 3399 
4958 2900 2962 3360 3539 
4959 2885 3079 3338 3496 
4960 2873 3078 3321 3532 
4961 1262 1260 1258 3080 
4962 1047 1054 1055 3088 
4963 200 1362 199 3113 
4964 577 558 3139 3272 
4965 843 3179 627 3502 
4966 589 1318 839 3337 
4967 1368 624 829 3320 
4968 2870 3064 3173 3444 
4969 888 922 890 2954 
4970 879 156 926 1134 
4971 3029 3366 3204 3552 
4972 2925 3213 3026 3500 
4973 3000 1051 3250 3558 
4974 1380 1379 1377 2967 
4975 1270 1295 1278 3392 
4976 814 3261 849 3349 
4977 488 3178 3054 3298 
4978 1383 1384 3111 3265 
4979 612 1250 3156 3229 
4980 604 846 887 3323 
4981 551 547 546 3540 
4982 2995 3134 727 3385 
4983 853 815 603 3457 
4984 2843 3096 3019 3309 
4985 855 789 615 3548 
4986 2901 3395 3394 3517 
4987 2907 3268 3016 3490 
4988 892 894 895 3263 
4989 989 1183 1233 3067 
4990 695 659 698 2941 
4991 1026 1062 1065 2941 
4992 553 531 561 3262 
4993 1057 1055 3367 3525 
4994 558 556 577 3139 
4995 3035 2878 3492 3516 
4996 1402 1369 3196 3349 
4997 498 618 457 3155 
4998 3144 2895 3481 3482 
4999 671 3194 770 3246 
5000 1398 614 599 3196 
5001 192 1347 1314 3063 
5002 1340 1325 1323 3314 
5003 1275 1312 1276 2974 
5004 3070 3255 3363 3441 
5005 539 3072 542 3527 
5006 997 995 1084 3345 
5007 3029 3301 2860 3552 
5008 3004 3298 3200 3430 
5009 3050 3369 3001 3429 
5010 1314 1342 3063 3215 
5011 3342 3538 3147 3547 
5012 109 604 881 767 
5013 69 1130 580 521 
5014 924 880 910 3066 
5015 3113 200 3423 3539 
5016 1366 1398 843 3179 
5017 1092 1091 1093 3266 
5018 1378 1382 3040 3122 
5019 536 537 535 3328 
5020 3143 3469 1096 3473 
5021 1379 3300 1386 3459 
5022 3102 3346 2989 3550 
5023 595 571 3117 3437 
5024 1265 1273 1289 3130 
5025 1402 1396 1369 3349 
5026 1167 1058 1168 3205 
5027 834 717 616 3066 
5028 945 3133 907 3288 
5029 1294 173 1247 1136 
5030 3070 3255 3031 3363 
5031 628 718 681 3192 
5032 2872 2959 3367 3525 
5033 2977 3438 3145 3466 
5034 920 2942 913 3391 
5035 618 3155 498 3515 
5036 2893 3139 3099 3545 
5037 3168 3169 3500 3541 
5038 913 2942 920 3387 
5039 2886 3027 3212 3552 
5040 1069 3239 1036 3260 
5041 979 1295 177 1104 
5042 1129 935 146 933 
5043 935 761 100 933 
5044 488 3054 479 3200 
5045 3188 3410 2917 3413 
5046 2850 3153 3057 3460 
5047 764 84 561 3262 
5048 1088 1096 3468 3469 
5049 1087 3519 3290 3557 
5050 191 782 610 3534 
5051 3335 3433 2920 3505 
5052 714 716 624 3320 
5053 764 620 84 3262 
5054 511 3317 3227 3325 
5055 2826 3418 3035 3492 
5056 2870 3452 3209 3453 
5057 3050 3049 3444 3454 
5058 2857 3278 3223 3339 
5059 2864 3279 3157 3457 
5060 490 585 513 2883 
5061 1250 870 612 3156 
5062 1340 3055 3314 3396 
5063 3191 3313 2879 3370 
5064 1332 1333 3394 3395 
5065 2919 3065 3154 3471 
5066 1141 1126 987 3272 
5067 582 877 3337 3400 
5068 2834 3379 3125 3562 
5069 569 600 568 967 
5070 964 204 3047 3524 
5071 2919 3005 3351 3471 
5072 1184 3304 1182 3553 
5073 1388 1361 1389 3352 
5074 722 3354 3224 3357 
5075 1338 1329 1335 3109 
5076 2837 3026 3373 3500 
5077 1320 1353 623 3204 
5078 1301 1302 116 619 
5079 202 3129 1361 3423 
5080 3379 3398 3125 3562 
5081 2834 2967 3380 3402 
5082 3035 3492 3418 3516 
5083 1277 1278 3075 3319 
5084 1349 3337 1348 3400 
5085 1196 1393 976 3318 
5086 2864 3157 3399 3457 
5087 196 1343 1322 3466 
5088 714 669 3232 3320 
5089 3114 3394 3395 3517 
5090 2907 3016 3340 3490 
5091 618 3155 742 3461 
5092 1187 1141 987 3435 
5093 1132 63 501 500 
5094 677 463 2976 3249 
5095 1054 1052 1161 3251 
5096 1314 1347 1348 3128 
5097 632 774 764 3262 
5098 3024 2911 3467 3487 
5099 195 3145 1343 3466 
5100 1389 1383 1388 3482 
5101 1393 991 1365 3259 
5102 1276 1282 3330 3348 
5103 2882 3108 3094 3421 
5104 157 1140 883 926 
5105 3102 3333 2899 3386 
5106 1254 1252 122 3384 
5107 1067 994 1210 3127 
5108 456 1245 1106 3258 
5109 203 204 1370 3524 
5110 196 3008 3197 3466 
5111 893 899 898 3233 
5112 2966 2938 3381 3520 
5113 3219 3439 3218 3440 
5114 163 1302 1301 986 
5115 518 2976 507 3531 
5116 3143 3473 1089 3510 
5117 489 1245 53 456 
5118 997 1163 1164 3160 
5119 779 595 3117 3118 
5120 1201 1002 1068 3225 
5121 699 3156 712 3502 
5122 489 52 1245 470 
5123 192 3157 3279 3457 
5124 575 3178 3124 3483 
5125 84 522 561 3262 
5126 832 3184 732 3324 
5127 620 522 84 3262 
5128 2936 3475 3275 3495 
5129 2890 3216 3144 3267 
5130 46 501 500 765 
5131 980 3139 998 3544 
5132 853 603 1357 3457 
5133 1082 1003 3166 3172 
5134 717 773 616 3066 
5135 1331 3204 1320 3359 
5136 1240 1178 1199 3024 
5137 1058 1060 1168 3205 
5138 629 681 682 3191 
5139 564 75 951 560 
5140 1378 3315 3122 3408 
5141 798 2887 800 3338 
5142 2952 3450 2869 3519 
5143 1260 1259 1258 3080 
5144 3000 3557 1051 3558 
5145 1168 1060 1171 3205 
5146 1224 2940 3230 3470 
5147 569 77 570 1239 
5148 2984 3503 3140 3535 
5149 2857 3339 3038 3495 
5150 2982 2867 3332 3495 
5151 551 546 563 3540 
5152 816 3100 696 3485 
5153 2899 3098 3253 3386 
5154 783 116 1302 619 
5155 2909 3235 3011 3463 
5156 1135 3056 1215 3479 
5157 203 3047 204 3524 
5158 1386 3300 1380 3504 
5159 2870 3173 3064 3303 
5160 528 3050 3369 3523 
5161 934 933 99 611 
5162 1331 1320 1346 3359 
5163 700 3179 843 3502 
5164 1169 1170 1186 3180 
5165 1378 1379 3315 3408 
5166 965 995 956 3190 
5167 1389 3120 3265 3482 
5168 919 913 3387 3463 
5169 2852 3220 3443 3526 
5170 470 472 471 3074 
5171 1038 3236 2924 3239 
5172 696 3196 614 3349 
5173 1277 1295 1248 3075 
5174 1074 1243 3544 3546 
5175 3346 3468 2987 3469 
5176 2857 3275 3475 3495 
5177 1180 964 204 3484 
5178 3106 3107 1098 3510 
5179 687 794 685 3371 
5180 964 3047 1007 3524 
5181 3213 3373 3026 3500 
5182 609 3045 831 3419 
5183 1060 1056 1231 3367 
5184 948 3343 927 3522 
5185 1173 2980 1174 3061 
5186 2854 2988 1041 3507 
5187 560 564 92 584 
5188 460 3295 2882 3296 
5189 1064 981 1063 3043 
5190 3006 3411 3154 3471 
5191 626 3196 696 3449 
5192 1378 3122 3040 3408 
5193 2843 3019 3013 3520 
5194 1327 1350 1334 3316 
5195 2845 3236 3238 3486 
5196 1387 1408 1401 3043 
5197 822 457 618 3461 
5198 725 3089 775 3385 
5199 1162 3231 3230 3528 
5200 985 1245 52 470 
5201 1213 971 938 3056 
5202 163 1302 986 1150 
5203 843 842 608 3179 
5204 2858 3276 3048 3375 
5205 684 787 3368 3370 
5206 724 733 813 3261 
5207 2894 3014 3361 3476 
5208 1299 988 174 3409 
5209 1212 1186 3180 3528 
5210 145 978 933 934 
5211 2893 3305 3304 3544 
5212 2989 3092 3346 3469 
5213 1048 995 996 3345 
5214 905 917 895 3036 
5215 587 118 763 1300 
5216 1131 1300 165 954 
5217 814 1369 1405 3261 
5218 679 601 3249 3340 
5219 2900 3360 3097 3539 
5220 597 9 198 1405 
5221 2864 3399 3279 3457 
5222 1294 1299 174 3409 
5223 964 963 204 3524 
5224 2977 3277 3145 3438 
5225 1318 134 839 3337 
5226 1320 623 607 3204 
5227 2969 2936 3475 3518 
5228 3069 3006 3412 3448 
5229 1345 3052 1351 3291 
5230 606 1400 3308 3320 
5231 1333 1334 3311 3395 
5232 2989 3346 3092 3550 
5233 734 848 768 3537 
5234 2833 3173 3064 3444 
5235 567 568 96 759 
5236 2852 3328 3220 3526 
5237 79 1127 568 567 
5238 133 1321 850 3400 
5239 2987 3468 3346 3560 
5240 490 1202 59 469 
5241 832 811 873 3324 
5242 3052 3435 1039 3478 
5243 2840 3342 3538 3551 
5244 489 491 472 3258 
5245 1166 1058 2959 3525 
5246 2828 3333 3102 3386 
5247 67 987 520 578 
5248 2988 1203 3150 3511 
5249 839 877 797 3337 
5250 2866 3002 3419 3501 
5251 559 3220 555 3527 
5252 855 820 3366 3548 
5253 1219 2824 1075 3009 
5254 3093 3071 3346 3560 
5255 517 601 739 3340 
5256 1327 3311 1334 3395 
5257 803 867 877 3347 
5258 1335 1329 1332 3394 
5259 191 1347 192 3534 
5260 2936 3308 3275 3475 
5261 2866 3002 3401 3419 
5262 1266 1272 1271 3330 
5263 952 1202 59 490 
5264 2882 3108 3421 3559 
5265 607 3204 672 3359 
5266 2838 3175 3487 3550 
5267 559 576 3220 3325 
5268 620 762 85 522 
5269 63 1132 1001 500 
5270 3089 3224 2849 3270 
5271 822 512 457 3461 
5272 550 1154 3290 3558 
5273 3064 3226 2833 3444 
5274 2891 3226 3064 3444 
5275 1398 1402 1369 3196 
5276 1328 1352 1331 3301 
5277 1369 1396 1405 3261 
5278 2847 3464 3085 3491 
5279 3006 3154 3065 3471 
5280 119 1300 719 1296 
5281 2852 3072 3328 3526 
5282 1296 166 1300 1086 
5283 903 3455 916 3488 
5284 2922 3314 3055 3396 
5285 1184 1238 3304 3553 
5286 640 830 862 3401 
5287 2891 3050 3444 3454 
5288 1260 1263 1261 3223 
5289 2921 3224 3017 3356 
5290 195 194 1313 3277 
5291 134 1349 839 3337 
5292 2925 3241 3214 3382 
5293 1034 1103 1215 3164 
5294 1207 503 60 469 
5295 840 43 503 469 
5296 2872 3403 3108 3559 
5297 1262 1285 1260 3223 
5298 1289 1267 1259 3199 
5299 887 888 881 3323 
5300 884 3152 2995 3422 
5301 1050 3254 1080 3519 
5302 42 490 469 835 
5303 1384 1389 1394 3265 
5304 2948 3087 3284 3285 
5305 2869 3146 525 3558 
5306 1369 3261 814 3349 
5307 938 932 904 3056 
5308 670 844 704 3308 
5309 670 669 606 3308 
5310 2875 3321 3051 3503 
5311 2926 3125 3398 3562 
5312 1404 1368 829 609 
5313 621 792 856 3041 
5314 808 845 809 3076 
5315 1279 1246 1309 3041 
5316 765 500 46 634 
5317 1332 1326 1327 3395 
5318 3275 3308 2890 3475 
5319 819 3347 802 3431 
5320 1095 3285 955 3405 
5321 677 821 788 3201 
5322 891 890 892 3263 
5323 1043 1042 2929 3105 
5324 944 1134 879 3343 
5325 582 839 1349 3337 
5326 696 816 866 3100 
5327 1081 3260 3259 3467 
5328 1326 1329 1328 3053 
5329 2925 3239 3238 3242 
5330 835 42 490 585 
5331 2886 3212 3044 3552 
5332 604 848 846 3323 
5333 2889 2983 3489 3530 
5334 3193 3194 671 3232 
5335 2951 3283 3276 3375 
5336 903 921 7 3307 
5337 3168 3213 2925 3500 
5338 2882 3094 2914 3297 
5339 1397 3308 1400 3320 
5340 1319 1354 1356 3190 
5341 696 3349 697 3485 
5342 3121 3311 2960 3395 
5343 2994 2895 3352 3481 
5344 2925 3213 3168 3382 
5345 729 3357 3042 3505 
5346 1333 1327 1334 3395 
5347 822 33 512 617 
5348 699 701 612 3365 
5349 1378 3040 1382 3398 
5350 1155 1044 1045 3415 
5351 3182 3237 1298 3240 
5352 494 462 493 3445 
5353 1354 1319 182 965 
5354 3069 3448 3364 3563 
5355 2826 3115 3492 3554 
5356 729 3222 3357 3505 
5357 127 1246 1308 769 
5358 1269 3223 1285 3278 
5359 1311 1279 1269 3339 
5360 2925 3214 3213 3382 
5361 1173 2979 3219 3406 
5362 2999 3272 2881 3435 
5363 700 843 627 3502 
5364 192 191 3157 3457 
5365 2858 3316 3103 3450 
5366 3055 3314 2922 3443 
5367 1041 1203 2988 3511 
5368 2949 3087 2950 3285 
5369 1371 1388 1372 3352 
5370 2926 3398 3379 3562 
5371 3254 3450 2953 3519 
5372 1 557 65 3555 
5373 2826 3418 3060 3547 
5374 2936 3275 3332 3495 
5375 2838 3092 3346 3550 
5376 782 868 851 3534 
5377 1216 1101 1100 3479 
5378 1130 69 982 521 
5379 2949 3021 2950 3087 
5380 768 3142 3485 3537 
5381 547 3283 546 3540 
5382 3049 3452 3444 3454 
5383 1038 2924 1036 3239 
5384 2893 3545 3317 3546 
5385 819 803 802 3347 
5386 1320 1331 1353 3204 
5387 612 737 130 3229 
5388 2890 3193 671 3232 
5389 3004 2846 3298 3430 
5390 1267 1257 1259 3199 
5391 618 741 742 3155 
5392 2983 2943 3489 3530 
5393 76 1138 560 570 
5394 93 560 771 570 
5395 2889 2983 3421 3489 
5396 1074 3305 49 3546 
5397 1196 991 1393 3259 
5398 713 789 673 3366 
5399 716 831 609 3045 
5400 1339 1335 1332 3394 
5401 739 3340 686 3515 
5402 723 640 837 3270 
5403 2898 3253 3098 3386 
5404 1083 976 1198 3318 
5405 497 3296 2983 3462 
5406 589 134 839 1318 
5407 896 908 3206 3228 
5408 2869 525 3290 3558 
5409 3054 3298 2846 3430 
5410 1207 60 1202 469 
5411 469 840 43 835 
5412 931 881 889 3142 
5413 1393 1406 976 3318 
5414 1339 1333 1337 3114 
5415 947 946 3341 3391 
5416 597 198 9 596 
5417 893 917 899 3233 
5418 3044 2860 3301 3552 
5419 2895 3216 3144 3481 
5420 563 3540 546 3548 
5421 1034 1215 1213 3164 
5422 477 3054 488 3227 
5423 1080 1040 1156 3519 
5424 3106 1098 3473 3510 
5425 2921 3335 3505 3506 
5426 3290 3519 2869 3557 
5427 991 1081 1036 3259 
5428 523 551 563 3025 
5429 509 498 3155 3515 
5430 522 762 85 552 
5431 2977 2848 3277 3438 
5432 3103 3316 2953 3450 
5433 198 1395 1404 3419 
5434 3433 3505 3335 3506 
5435 67 987 1126 520 
5436 1318 1349 134 3337 
5437 971 1134 944 3343 
5438 2866 3419 3045 3501 
5439 699 627 3365 3502 
5440 1200 550 1154 3290 
5441 979 1066 1079 3075 
5442 1183 1134 1135 3343 
5443 2859 3008 3252 3466 
5444 784 934 99 611 
5445 1331 1352 1353 3029 
5446 1314 1342 193 3063 
5447 546 3540 552 3548 
5448 2831 3086 3181 3472 
5449 458 517 508 3340 
5450 555 539 542 3527 
5451 1323 1324 1315 3417 
5452 973 1211 1365 3126 
5453 971 3056 1135 3343 
5454 896 904 895 3206 
5455 2859 3145 3438 3466 
5456 2826 3083 3342 3554 
5457 527 572 3048 3429 
5458 1231 1056 1054 3251 
5459 963 976 1406 3524 
5460 578 68 1130 580 
5461 2959 3327 1166 3525 
5462 1277 1278 1295 3075 
5463 456 1245 53 1106 
5464 49 3305 485 3546 
5465 572 525 2869 3049 
5466 1380 3101 1385 3504 
5467 1390 1361 202 3129 
5468 2993 2878 3492 3509 
5469 1244 1171 949 3426 
5470 461 490 513 2883 
5471 1242 2929 3230 3231 
5472 833 787 523 3368 
5473 134 582 839 1349 
5474 934 145 978 1151 
5475 557 3317 3099 3545 
5476 1085 1063 993 3282 
5477 462 507 506 3530 
5478 1142 1204 1090 3266 
5479 1269 1263 1285 3223 
5480 1349 1330 1348 3337 
5481 3147 3342 2884 3538 
5482 976 3318 1406 3524 
5483 1378 1391 1364 3122 
5484 546 3283 538 3540 
5485 3007 3069 3006 3412 
5486 3070 3256 3255 3441 
5487 2938 3378 3381 3521 
5488 3286 3381 3378 3521 
5489 547 538 546 3283 
5490 1276 1282 1272 3330 
5491 1135 1101 1216 3479 
5492 1103 3015 1093 3479 
5493 883 915 945 3133 
5494 1365 1393 189 991 
5495 201 3423 200 3539 
5496 3349 3485 2897 3537 
5497 701 737 612 3229 
5498 1307 668 605 3193 
5499 1174 2980 1172 3084 
5500 1262 1258 1291 3420 
5501 1136 174 988 3409 
5502 843 700 842 3179 
5503 551 562 3001 3369 
5504 3121 3395 2901 3517 
5505 1331 1346 1315 3417 
5506 77 960 570 1239 
5507 2832 3213 3214 3529 
5508 576 3176 3220 3325 
5509 680 688 687 3371 
5510 796 797 808 3151 
5511 520 566 578 3272 
5512 775 728 3089 3354 
5513 459 3124 467 3298 
5514 2890 3267 3144 3275 
5515 1081 3259 1083 3467 
5516 1279 1309 1268 3339 
5517 1340 3314 1323 3396 
5518 483 3200 486 3461 
5519 1098 3106 1142 3499 
5520 3099 3526 3220 3527 
5521 481 31 1 3555 
5522 3238 3239 2925 3486 
5523 147 1129 961 3009 
5524 594 761 101 3009 
5525 139 1398 1369 614 
5526 1312 3156 1250 3229 
5527 597 813 9 1405 
5528 3080 2871 3199 3514 
5529 672 774 711 3425 
5530 1294 174 1136 3409 
5531 1000 998 999 3362 
5532 1098 3107 3499 3510 
5533 196 195 1343 3466 
5534 2935 3422 3077 3536 
5535 3050 2879 3369 3523 
5536 909 897 902 3235 
5537 3261 3349 2897 3537 
5538 683 684 3368 3370 
5539 822 871 617 3461 
5540 962 3207 3013 3440 
5541 3197 3466 3008 3491 
5542 640 862 837 3401 
5543 740 739 686 3515 
5544 1196 1083 991 3259 
5545 830 609 831 3419 
5546 948 879 927 3343 
5547 671 669 2890 3232 
5548 800 802 801 3028 
5549 965 996 995 3190 
5550 1143 776 925 3009 
5551 804 850 693 3400 
5552 2971 3296 3295 3415 
5553 898 900 918 3463 
5554 673 672 623 3204 
5555 1366 1381 1398 3179 
5556 1196 1393 1406 976 
5557 1171 1060 1217 3426 
5558 727 2995 736 3134 
5559 3168 3382 3213 3383 
5560 1036 2924 1038 3236 
5561 3136 3389 2884 3431 
5562 1392 1363 202 3474 
5563 1378 1382 1376 3398 
5564 1349 1321 133 3400 
5565 945 907 906 3288 
5566 551 562 547 3001 
5567 729 3432 3222 3505 
5568 476 514 3198 3372 
5569 671 3193 2890 3308 
5570 3099 2881 3234 3526 
5571 711 607 672 3359 
5572 202 1361 201 3423 
5573 815 853 711 3359 
5574 466 3340 739 3515 
5575 459 3298 483 3461 
5576 907 945 915 3133 
5577 876 529 467 3124 
5578 1135 1215 1101 3479 
5579 3069 3070 3363 3441 
5580 998 1000 1179 3304 
5581 1354 182 956 965 
5582 1041 2854 1005 3131 
5583 899 941 906 3073 
5584 610 191 8 782 
5585 980 999 998 3139 
5586 554 579 548 3276 
5587 544 543 581 3513 
5588 2905 3487 3175 3550 
5589 3054 3200 3298 3430 
5590 498 457 509 3155 
5591 635 699 627 3365 
5592 1266 1264 1283 3271 
5593 582 877 839 3337 
5594 497 2983 3445 3462 
5595 599 614 626 3196 
5596 978 1129 146 933 
5597 933 761 100 611 
5598 1241 3104 1043 3231 
5599 511 488 3178 3227 
5600 1333 1334 1336 3311 
5601 582 3337 1349 3400 
5602 900 907 913 3288 
5603 1038 3238 3236 3239 
5604 2965 3350 3065 3563 
5605 729 3042 3432 3505 
5606 2856 3122 3315 3408 
5607 3213 3244 2965 3383 
5608 603 8 191 782 
5609 1187 1039 3435 3478 
5610 700 712 856 3502 
5611 2885 3287 3079 3496 
5612 1246 127 621 769 
5613 1212 1186 1234 3180 
5614 679 678 680 3249 
5615 961 1129 1219 3009 
5616 594 852 761 3009 
5617 1159 988 1223 3409 
5618 992 980 998 3544 
5619 2989 3469 3143 3473 
5620 201 1371 200 3423 
5621 2912 3307 3229 3348 
5622 3112 3474 3097 3498 
5623 2871 3080 3273 3514 
5624 579 527 572 3048 
5625 2923 3474 3112 3498 
5626 677 458 463 3249 
5627 1320 853 1357 3359 
5628 2925 3241 3382 3541 
5629 2923 3097 3474 3498 
5630 199 1364 200 3299 
5631 938 904 882 3164 
5632 1167 1165 3374 3470 
5633 1138 76 960 570 
5634 593 93 771 570 
5635 3279 3399 2957 3457 
5636 947 3391 2877 3393 
5637 947 3341 2877 3391 
5638 947 2877 3341 3393 
5639 964 1007 963 3524 
5640 1201 1085 1002 3282 
5641 1358 191 610 3534 
5642 3364 3448 2965 3563 
5643 563 546 552 3548 
5644 606 624 1400 3320 
5645 1130 987 68 578 
5646 1405 813 814 3261 
5647 1383 1389 1384 3265 
5648 878 618 498 3515 
5649 1000 1182 1184 3304 
5650 940 510 1226 859 
5651 858 1306 574 1225 
5652 1087 1156 3519 3557 
5653 481 3317 31 3555 
5654 583 103 928 925 
5655 2870 3146 3209 3452 
5656 1408 3043 1387 3459 
5657 1320 3204 607 3359 
5658 143 1404 829 609 
5659 2965 3364 3446 3448 
5660 669 671 2890 3308 
5661 582 133 850 3400 
5662 1198 976 1197 3318 
5663 1359 1344 179 969 
5664 1300 587 119 719 
5665 1086 166 1300 954 
5666 65 558 992 3555 
5667 1149 977 1218 3252 
5668 1212 3084 1176 3528 
5669 1291 3182 1298 3465 
5670 3170 3171 1073 3172 
5671 925 149 928 950 
5672 1080 1050 996 3254 
5673 1307 1249 3246 3564 
5674 1138 951 75 560 
5675 1379 1386 1363 3459 
5676 543 541 540 3513 
5677 2838 3487 3092 3550 
5678 2905 3092 3487 3550 
5679 3327 3477 3030 3525 
5680 1161 969 1231 3251 
5681 2999 3435 3052 3478 
5682 844 1400 1366 3308 
5683 962 1146 3250 3440 
5684 2871 3273 3111 3514 
5685 1222 1187 1130 3478 
5686 972 1247 173 1136 
5687 789 713 683 3313 
5688 779 3117 705 3370 
5689 884 886 923 3161 
5690 1095 3405 3404 3499 
5691 1232 2873 3374 3533 
5692 2979 1173 3061 3406 
5693 1100 1101 1093 3479 
5694 3158 3361 3014 3476 
5695 509 505 498 3515 
5696 953 1004 3189 3377 
5697 944 155 879 1134 
5698 1078 1182 1000 3362 
5699 589 598 135 1318 
5700 771 560 92 584 
5701 1256 1258 1257 3420 
5702 2987 2988 1061 3336 
5703 726 736 734 3119 
5704 2832 3244 3213 3529 
5705 3290 3557 2869 3558 
5706 203 1390 202 3129 
5707 908 3164 904 3206 
5708 2927 3273 3111 3458 
5709 1250 1284 1310 3156 
5710 1357 603 191 3457 
5711 3248 3380 2967 3402 
5712 943 159 901 3341 
5713 685 680 687 3371 
5714 1395 3045 3419 3501 
5715 953 3189 2876 3377 
5716 822 618 742 3461 
5717 1317 180 1344 3426 
5718 1406 3318 1370 3524 
5719 1274 1278 3319 3392 
5720 1379 1380 1386 3300 
5721 543 544 541 3513 
5722 3120 3352 2895 3482 
5723 714 624 669 3320 
5724 3113 3299 200 3539 
5725 2888 3416 3287 3543 
5726 918 900 913 3463 
5727 2884 3538 3342 3551 
5728 612 130 1250 3229 
5729 1368 1400 624 3320 
5730 2852 3314 3055 3443 
5731 459 707 467 3124 
5732 2925 3382 3168 3541 
5733 2884 3028 3347 3431 
5734 456 491 489 3258 
5735 1212 1175 1176 3084 
5736 547 579 554 3283 
5737 2971 3088 3294 3559 
5738 829 1368 142 624 
5739 1058 1057 3367 3525 
5740 626 635 627 3449 
5741 1172 1176 3084 3104 
5742 2886 3044 3417 3552 
5743 3092 3106 1096 3469 
5744 531 532 530 3483 
5745 525 549 2869 3290 
5746 914 920 913 3391 
5747 1336 1334 1356 3311 
5748 679 739 601 3340 
5749 1213 1215 971 3056 
5750 137 853 1357 1320 
5751 1050 1049 3254 3557 
5752 1317 1206 949 3428 
5753 902 897 898 3235 
5754 3013 3439 3219 3440 
5755 521 2952 549 3290 
5756 3213 3382 3214 3529 
5757 1267 1299 1294 3409 
5758 1073 3024 1240 3171 
5759 1401 1367 186 981 
5760 477 3227 474 3464 
5761 1057 1055 1056 3367 
5762 955 2949 2950 3285 
5763 1354 956 181 3428 
5764 548 579 572 3048 
5765 1197 3318 976 3524 
5766 1179 1238 984 3305 
5767 1357 1346 3359 3457 
5768 1067 1210 1209 3127 
5769 3433 3434 3185 3507 
5770 496 456 54 1106 
5771 3311 3395 3121 3517 
5772 1149 197 11 977 
5773 615 833 87 563 
5774 971 1215 1135 3056 
5775 1094 1097 3285 3556 
5776 1154 3557 3290 3558 
5777 54 496 1106 968 
5778 775 3089 725 3270 
5779 2925 3168 3500 3541 
5780 1184 1238 1179 3304 
5781 1149 11 197 970 
5782 943 983 159 3341 
5783 878 36 739 3515 
5784 3317 481 3546 3555 
5785 540 548 543 3513 
5786 192 1314 193 3063 
5787 204 1407 1180 3484 
5788 1106 1107 1053 3258 
5789 1363 1387 203 3484 
5790 2955 3311 3121 3517 
5791 1050 3519 1156 3557 
5792 499 485 515 3305 
5793 670 3193 671 3308 
5794 696 626 614 3196 
5795 466 517 739 3340 
5796 66 1126 558 520 
5797 2826 3060 3342 3547 
5798 1344 1359 1161 969 
5799 2962 3113 3423 3539 
5800 183 974 990 1345 
5801 673 855 820 3366 
5802 86 615 563 3548 
5803 2893 3544 3139 3545 
5804 2965 3448 3350 3563 
5805 798 857 800 2887 
5806 204 1406 1370 3524 
5807 2932 3347 3151 3538 
5808 1365 189 973 991 
5809 1061 3143 2987 3468 
5810 1320 607 853 3359 
5811 1193 3030 1191 3294 
5812 540 3276 548 3513 
5813 631 633 632 3353 
5814 506 507 464 3016 
5815 919 918 913 3463 
5816 582 1349 133 3400 
5817 542 3272 577 3527 
5818 1243 1074 49 3546 
5819 1235 1218 1053 3252 
5820 916 910 912 3488 
5821 196 3197 195 3466 
5822 581 549 521 2952 
5823 1252 3302 122 3384 
5824 2890 3267 3275 3475 
5825 602 132 794 1321 
5826 1193 1055 1057 3525 
5827 1179 3305 1074 3544 
5828 2888 3331 3158 3451 
5829 2876 3166 953 3377 
5830 1321 132 794 1358 
5831 103 583 776 925 
5832 1321 1348 1347 3128 
5833 549 2952 581 3513 
5834 1104 1105 1068 3393 
5835 867 803 819 3347 
5836 737 785 131 3307 
5837 980 66 1126 558 
5838 892 890 894 3263 
5839 729 3042 3184 3432 
5840 545 552 546 3540 
5841 725 726 724 3134 
5842 1371 1361 1388 3352 
5843 830 640 596 3419 
5844 1358 610 794 3534 
5845 623 607 136 1320 
5846 622 866 816 3100 
5847 1353 135 598 1318 
5848 633 632 3353 3425 
5849 1025 1043 1042 2929 
5850 1088 1199 3092 3093 
5851 195 1340 194 3396 
5852 730 2995 727 3385 
5853 1196 189 1393 991 
5854 3065 3350 3006 3563 
5855 1087 1050 1156 3557 
5856 2921 3224 3356 3357 
5857 857 3136 795 3431 
5858 677 678 601 3249 
5859 1195 182 1319 965 
5860 779 3286 3192 3378 
5861 549 548 572 3048 
5862 925 1143 149 950 
5863 545 546 538 3540 
5864 669 670 671 3308 
5865 737 701 738 3307 
5866 2835 3051 3503 3535 
5867 568 1127 79 967 
5868 600 96 568 759 
5869 2986 3107 3473 3510 
5870 1319 183 990 1345 
5871 758 3201 824 3543 
5872 845 795 809 3076 
5873 1211 188 1365 1399 
5874 1400 1397 1366 3308 
5875 705 3368 787 3370 
5876 1204 1142 1098 3106 
5877 1200 982 550 3290 
5878 3207 3218 3439 3440 
5879 2922 3314 3183 3443 
5880 512 457 34 822 
5881 1196 1406 190 976 
5882 817 742 743 3399 
5883 3027 3540 3366 3548 
5884 566 577 542 3272 
5885 625 707 631 3124 
5886 58 461 1227 490 
5887 1186 1162 1224 3230 
5888 921 3348 3307 3488 
5889 1404 1368 143 829 
5890 667 846 848 3323 
5891 991 1083 1081 3259 
5892 31 3317 557 3555 
5893 192 3279 1346 3457 
5894 463 821 677 3201 
5895 1368 1400 142 624 
5896 1315 1324 1331 3417 
5897 2852 3183 3314 3443 
5898 3366 3540 3025 3548 
5899 549 543 548 3513 
5900 956 1206 181 3428 
5901 631 812 633 3353 
5902 194 193 1342 3277 
5903 2881 3526 3099 3527 
5904 1087 3290 1154 3557 
5905 3124 3178 467 3298 
5906 799 800 3079 3338 
5907 1363 1392 1379 3459 
5908 2857 3275 3267 3475 
5909 1343 195 1313 3145 
5910 1105 901 159 3341 
5911 3065 3006 3471 3563 
5912 769 1308 126 1253 
5913 585 825 860 2883 
5914 1353 623 136 1320 
5915 1043 1242 1241 3231 
5916 1408 1386 1385 3504 
5917 559 556 3099 3527 
5918 878 498 36 3515 
5919 1227 1192 952 2883 
5920 1037 1211 973 3126 
5921 1398 843 140 1366 
5922 1146 2979 3218 3440 
5923 494 497 2983 3445 
5924 849 3261 733 3537 
5925 1275 1266 1283 3271 
5926 36 466 739 3515 
5927 1375 1383 1377 3458 
5928 1141 1039 1078 3435 
5929 3249 3340 3016 3490 
5930 815 817 743 3399 
5931 193 1315 192 3279 
5932 1297 120 793 1296 
5933 155 944 971 1134 
5934 814 614 1369 3349 
5935 3097 2862 3360 3498 
5936 2987 3059 2988 3334 
5937 457 618 34 822 
5938 853 137 607 1320 
5939 914 946 947 3391 
5940 1398 139 599 614 
5941 1002 994 1066 3225 
5942 557 3317 3545 3555 
5943 1284 1250 1312 3156 
5944 1315 1346 192 3279 
5945 683 713 629 3313 
5946 1298 3237 3182 3420 
5947 3545 3546 3544 3555 
5948 703 704 841 3518 
5949 559 3099 557 3317 
5950 623 672 607 3204 
5951 1088 3093 3092 3468 
5952 901 1105 160 1152 
5953 1296 1297 167 1160 
5954 1407 1387 1401 3484 
5955 602 850 133 1321 
5956 2878 3509 3084 3528 
5957 814 733 849 3261 
5958 1061 2988 2987 3511 
5959 3106 1096 3469 3473 
5960 1061 2987 3143 3511 
5961 1265 1261 1264 3388 
5962 3169 3239 1082 3260 
5963 2861 2950 854 3355 
5964 1161 1359 179 969 
5965 3368 2879 3370 3523 
5966 731 3224 775 3270 
5967 876 467 707 3124 
5968 1243 3546 481 3555 
5969 1234 1186 1170 3180 
5970 1378 1364 1382 3122 
5971 770 3193 668 3246 
5972 488 477 479 3054 
5973 472 491 476 3372 
5974 717 834 635 3449 
5975 808 797 867 3151 
5976 2882 3297 2914 3414 
5977 1092 1142 3266 3499 
5978 717 626 696 3449 
5979 168 1297 1305 953 
5980 780 3269 2843 3521 
5981 2881 3072 3526 3527 
5982 721 3413 3185 3432 
5983 1051 3000 1049 3557 
5984 554 538 547 3283 
5985 3184 3324 721 3413 
5986 1285 1286 1287 3278 
5987 2854 3186 3185 3188 
5988 814 849 697 3349 
5989 953 3166 2876 3447 
5990 1254 3037 1252 3384 
5991 2879 3191 3370 3436 
5992 3213 3244 3383 3529 
5993 596 198 9 1404 
5994 679 686 739 3340 
5995 608 140 843 1366 
5996 563 552 86 3548 
5997 971 1135 1134 3343 
5998 3049 565 3452 3454 
5999 834 701 635 3365 
6000 1109 1110 1108 3553 
6001 1317 181 1206 3428 
6002 56 55 1188 3415 
6003 35 498 878 618 
6004 195 196 1316 3197 
6005 3368 3369 2879 3523 
6006 2878 3231 3509 3528 
6007 3222 3357 3505 3506 
6008 1381 1374 1376 3332 
6009 518 2976 463 3249 
6010 728 3089 3354 3385 
6011 697 696 614 3349 
6012 982 521 550 3290 
6013 512 486 457 3461 
6014 1265 1289 1261 3388 
6015 1181 1100 1180 3484 
6016 605 668 770 3193 
6017 3222 3505 3433 3506 
6018 1105 159 983 3341 
6019 1269 1287 1311 3278 
6020 1191 1155 3294 3295 
6021 204 963 1406 3524 
6022 1210 187 1399 1367 
6023 3086 3208 2880 3453 
6024 862 830 732 3401 
6025 1156 1050 1080 3519 
6026 528 3369 3368 3523 
6027 721 3184 3413 3432 
6028 1269 1268 1263 3339 
6029 1310 128 870 621 
6030 1381 1376 1382 3398 
6031 706 3005 3154 3411 
6032 3030 3295 2882 3414 
6033 906 907 900 3288 
6034 1391 1378 1392 3315 
6035 1393 1365 1394 3259 
6036 1393 1406 190 1196 
6037 497 3415 3296 3462 
6038 762 86 552 3548 
6039 475 479 477 3464 
6040 571 91 861 90 
6041 947 901 1152 3393 
6042 562 3001 3369 3429 
6043 1137 3237 3236 3238 
6044 3079 799 3338 3496 
6045 1093 1094 1092 3015 
6046 3357 2921 3505 3506 
6047 561 522 553 3262 
6048 618 35 498 457 
6049 1081 1177 3260 3467 
6050 981 1367 186 966 
6051 1073 3170 3024 3171 
6052 3305 3544 2893 3546 
6053 2854 3185 3186 3434 
6054 1402 1381 1382 3398 
6055 511 478 3227 3317 
6056 2840 3538 3151 3551 
6057 203 1387 204 3484 
6058 729 3042 837 3401 
6059 3254 3519 1050 3557 
6060 638 2854 674 3507 
6061 2920 3433 3432 3505 
6062 3221 3360 2862 3498 
6063 841 792 769 3518 
6064 816 696 697 3485 
6065 86 762 615 3548 
6066 3289 3451 2889 3531 
6067 2976 3451 3289 3531 
6068 959 1082 3166 3169 
6069 1341 1345 1351 3291 
6070 1070 3236 1137 3237 
6071 1176 1175 1174 3084 
6072 774 620 764 3262 
6073 780 2843 838 3512 
6074 720 683 684 3368 
6075 2889 3530 3289 3531 
6076 1270 1281 10 947 
6077 3370 3436 3117 3523 
6078 1060 1058 1056 3367 
6079 3213 3383 3382 3529 
6080 596 1404 609 3419 
6081 963 1197 976 3524 
6082 1316 1341 1351 3291 
6083 3222 3432 3433 3505 
6084 723 775 725 3270 
6085 1358 191 8 610 
6086 608 844 141 1366 
6087 878 740 618 3515 
6088 1395 199 1362 3501 
6089 860 513 41 585 
6090 877 582 804 3400 
6091 534 576 3176 3220 
6092 2873 3141 3051 3374 
6093 1273 1274 1277 3319 
6094 1317 1354 181 3428 
6095 161 3217 1282 3348 
6096 2986 3143 3059 3511 
6097 1184 1182 1110 3553 
6098 524 530 529 3483 
6099 2889 3489 3289 3530 
6100 1181 1180 1407 3484 
6101 1187 1039 1141 3435 
6102 465 487 514 3198 
6103 861 780 838 3512 
6104 1373 1397 1400 3320 
6105 2885 2904 3306 3344 
6106 953 1003 1004 3377 
6107 762 820 855 3548 
6108 128 1310 1246 621 
6109 1099 1096 3092 3106 
6110 1197 1007 1229 3524 
6111 997 1206 956 3428 
6112 1100 1091 1180 3484 
6113 1159 1208 1136 3409 
6114 936 925 102 3009 
6115 1101 1103 1093 3479 
6116 64 1001 1226 500 
6117 629 682 683 3313 
6118 832 721 3324 3413 
6119 1349 1318 1330 3337 
6120 120 719 793 1296 
6121 992 65 980 558 
6122 1055 1193 1125 3294 
6123 577 520 558 3272 
6124 1219 1075 961 3009 
6125 852 594 708 3009 
6126 936 148 925 3009 
6127 1146 3000 3218 3345 
6128 487 476 514 3198 
6129 504 465 516 3203 
6130 1107 1106 1245 3258 
6131 543 549 581 3513 
6132 1145 1073 1240 3171 
6133 1149 1218 1235 3252 
6134 2876 3376 3166 3377 
6135 1085 993 1002 3282 
6136 495 507 3530 3531 
6137 733 814 813 3261 
6138 633 711 632 3425 
6139 1082 3169 3170 3172 
6140 1086 1296 167 1160 
6141 776 102 925 3009 
6142 1287 1269 1285 3278 
6143 1125 1191 1155 3294 
6144 1084 2979 1173 3061 
6145 1349 1348 1321 3400 
6146 1288 1287 3292 3564 
6147 1143 925 148 3009 
6148 634 500 47 859 
6149 1144 3093 3468 3560 
6150 726 727 736 3134 
6151 181 949 1317 1206 
6152 3209 3210 3208 3453 
6153 1285 1263 1260 3223 
6154 1200 1087 982 3290 
6155 1231 1054 1161 3251 
6156 1393 1370 1406 3318 
6157 2873 3051 3141 3321 
6158 1293 161 1282 3348 
6159 861 2880 780 3512 
6160 731 3224 722 3354 
6161 1350 1351 1334 3316 
6162 826 690 3416 3543 
6163 497 496 3415 3462 
6164 1099 1229 1096 3106 
6165 704 842 792 3518 
6166 1365 973 188 1211 
6167 557 3545 558 3555 
6168 1400 141 844 1366 
6169 1331 1324 1328 3301 
6170 708 709 852 2824 
6171 604 767 768 3142 
6172 1069 1038 3239 3242 
6173 37 739 517 601 
6174 1226 510 64 500 
6175 459 483 486 3461 
6176 1137 3238 1038 3242 
6177 879 932 944 3343 
6178 498 466 36 3515 
6179 1166 1057 1058 3525 
6180 884 939 886 3161 
6181 683 682 684 3370 
6182 517 739 36 466 
6183 486 483 482 3200 
6184 3285 3405 1095 3499 
6185 810 706 3005 3154 
6186 464 507 508 3016 
6187 1002 1066 1068 3225 
6188 1105 983 1201 3341 
6189 204 1387 1407 3484 
6190 601 678 679 3249 
6191 458 518 463 3249 
6192 932 879 948 3343 
6193 1166 1058 1167 2959 
6194 1282 3217 161 3391 
6195 768 816 697 3485 
6196 636 592 586 3302 
6197 603 191 8 1357 
6198 1069 1036 1081 3260 
6199 838 791 584 3512 
6200 1205 951 1158 3512 
6201 1136 988 1159 3409 
6202 1227 952 58 490 
6203 794 610 851 3534 
6204 1297 586 121 1252 
6205 1277 1274 1278 3319 
6206 1176 1174 1172 3084 
6207 3350 3448 3006 3563 
6208 559 534 555 3220 
6209 500 510 47 859 
6210 459 512 33 617 
6211 919 913 920 3387 
6212 1165 1059 3374 3470 
6213 673 789 855 3366 
6214 1034 1213 882 3164 
6215 2879 3436 3370 3523 
6216 3289 3489 2943 3530 
6217 1167 1165 1166 3374 
6218 3166 3376 2876 3447 
6219 959 1003 953 3166 
6220 1187 1040 1039 3478 
6221 884 929 2995 3152 
6222 575 3176 3178 3483 
6223 3218 3250 1146 3440 
6224 833 523 87 563 
6225 838 2843 3105 3512 
6226 1271 1272 1280 3330 
6227 729 3184 3042 3401 
6228 616 924 113 3455 
6229 1399 975 187 1210 
6230 624 1400 142 606 
6231 575 467 3124 3178 
6232 1293 7 161 3307 
6233 1146 1048 3000 3345 
6234 1088 3468 3092 3469 
6235 2929 3141 2874 3494 
6236 192 1346 191 3457 
6237 575 3178 3176 3325 
6238 606 1400 844 3308 
6239 495 462 2983 3530 
6240 3024 3170 1073 3467 
6241 1005 1004 2956 3189 
6242 466 508 517 3340 
6243 605 769 126 1253 
6244 1104 1152 1105 3393 
6245 688 690 689 3416 
6246 2950 3022 3021 3077 
6247 1255 972 1035 3237 
6248 1298 1256 3237 3420 
6249 811 832 831 3324 
6250 497 495 2983 3296 
6251 1097 886 955 2949 
6252 3006 3302 3154 3411 
6253 1340 1323 194 3396 
6254 806 796 807 3378 
6255 1252 2876 3302 3384 
6256 625 876 707 3124 
6257 1109 1238 1184 3553 
6258 514 476 493 3372 
6259 949 1171 1217 3426 
6260 566 520 577 3272 
6261 699 712 700 3502 
6262 825 744 692 2836 
6263 758 826 688 3416 
6264 1146 3218 2979 3345 
6265 188 1211 975 1399 
6266 1369 1405 138 814 
6267 984 1189 50 515 
6268 1306 574 81 858 
6269 1320 1357 1346 3359 
6270 547 562 579 3001 
6271 736 730 667 2995 
6272 833 720 787 3368 
6273 1405 813 138 814 
6274 1327 1333 1332 3395 
6275 990 1195 183 1319 
6276 3023 3149 3022 3150 
6277 742 871 822 3461 
6278 738 616 113 3455 
6279 526 2880 861 3512 
6280 775 731 728 3354 
6281 846 667 937 3323 
6282 3222 3433 3185 3507 
6283 161 3217 920 3391 
6284 3544 3545 2893 3546 
6285 964 204 12 1180 
6286 915 901 946 3341 
6287 32 459 617 707 
6288 821 591 824 3201 
6289 574 6 81 858 
6290 510 4 48 1226 
6291 1306 81 6 858 
6292 940 3 48 859 
6293 559 555 556 3527 
6294 540 554 548 3276 
6295 493 476 491 3372 
6296 488 3200 483 3298 
6297 3143 3468 1061 3469 
6298 510 940 48 859 
6299 48 940 510 1226 
6300 606 844 670 3308 
6301 690 799 3079 3496 
6302 814 139 1369 614 
6303 191 1358 1347 3534 
6304 1317 1344 1355 3426 
6305 779 806 780 3286 
6306 1232 3327 1166 3374 
6307 528 705 89 3117 
6308 510 48 3 859 
6309 940 48 4 1226 
6310 1179 1074 998 3544 
6311 2988 3143 2987 3511 
6312 886 2950 2949 3021 
6313 526 571 861 2880 
6314 1089 3499 3404 3510 
6315 805 807 809 3034 
6316 525 549 572 2869 
6317 7 921 161 3307 
6318 1057 1166 3327 3525 
6319 1075 1077 961 3009 
6320 594 710 708 3009 
6321 1137 1035 3237 3240 
6322 1270 1281 947 3393 
6323 832 721 3184 3324 
6324 1270 177 1295 1104 
6325 787 528 523 3368 
6326 1088 1145 1199 3093 
6327 1003 2956 1004 3377 
6328 857 795 819 3431 
6329 1353 136 623 828 
6330 734 736 848 3119 
6331 1305 953 2876 3447 
6332 599 843 140 1398 
6333 959 1082 1003 3166 
6334 481 478 3317 3546 
6335 3013 3019 2843 3096 
6336 1074 1179 984 3305 
6337 2950 3077 3021 3161 
6338 1089 3143 1096 3473 
6339 758 824 826 3543 
6340 204 12 963 964 
6341 725 727 3134 3385 
6342 832 732 831 3324 
6343 2880 3118 595 3286 
6344 846 937 887 3323 
6345 1072 1146 1051 3250 
6346 465 506 464 3203 
6347 851 610 782 3534 
6348 1386 1380 1385 3504 
6349 779 705 684 3370 
6350 915 943 901 3341 
6351 528 565 3050 3454 
6352 671 3193 770 3194 
6353 1353 598 135 828 
6354 132 794 1358 610 
6355 1081 1083 1177 3467 
6356 607 711 853 3359 
6357 1003 953 3166 3377 
6358 876 625 529 3124 
6359 793 586 121 1297 
6360 1082 3170 3169 3260 
6361 592 3246 1254 3247 
6362 1093 1103 1094 3015 
6363 1146 2979 1048 3345 
6364 1378 1379 1392 3315 
6365 1367 1210 187 966 
6366 468 40 591 860 
6367 1242 3230 1059 3470 
6368 729 731 3042 3357 
6369 972 1070 1137 3237 
6370 477 478 474 3227 
6371 601 517 37 458 
6372 2880 595 3118 3437 
6373 658 2929 676 2946 
6374 495 462 494 2983 
6375 1404 143 596 609 
6376 652 757 659 2941 
6377 1019 1026 1124 2941 
6378 556 542 577 3527 
6379 3118 3192 779 3286 
6380 3269 2938 3520 3521 
6381 800 691 799 3079 
6382 150 928 950 1221 
6383 977 1359 179 1161 
6384 1368 1373 1400 3320 
6385 1179 1000 1184 3304 
6386 515 1189 50 455 
6387 1005 1004 1003 2956 
6388 1192 1232 1059 3374 
6389 737 738 785 3307 
6390 2956 3189 1004 3377 
6391 1000 999 1078 3362 
6392 970 11 197 1360 
6393 775 3089 728 3385 
6394 905 948 927 3522 
6395 1307 1287 1249 3564 
6396 773 111 112 880 
6397 490 41 513 585 
6398 1188 958 56 3295 
6399 963 190 1406 976 
6400 1304 1298 3237 3240 
6401 1059 2874 2929 3141 
6402 2988 2987 3334 3336 
6403 1095 3404 1089 3499 
6404 2854 3185 3434 3507 
6405 477 474 475 3464 
6406 1190 3327 3030 3525 
6407 2938 3381 3520 3521 
6408 722 3224 731 3357 
6409 555 542 556 3527 
6410 699 700 627 3502 
6411 1252 3037 2876 3384 
6412 1103 1094 3015 3556 
6413 1268 1269 1279 3339 
6414 770 703 605 3193 
6415 1042 1043 1205 3105 
6416 705 595 89 3117 
6417 779 780 595 3286 
6418 1005 3189 2956 3561 
6419 526 861 91 3512 
6420 2843 2938 3019 3520 
6421 730 736 727 2995 
6422 596 609 830 3419 
6423 1035 1304 3237 3240 
6424 1097 955 1095 3285 
6425 186 1181 1401 981 
6426 168 1297 953 1160 
6427 1298 3182 1291 3420 
6428 958 57 460 461 
6429 1359 11 197 977 
6430 551 523 562 3369 
6431 464 516 465 3203 
6432 878 739 740 3515 
6433 523 3368 528 3369 
6434 1059 1111 1192 2836 
6435 3187 3188 2854 3189 
6436 1101 1215 1103 3479 
6437 1336 1354 1317 3428 
6438 10 1152 1270 3393 
6439 1407 12 204 1180 
6440 592 636 715 3302 
6441 779 3191 3118 3370 
6442 886 2949 908 3281 
6443 1098 1096 3473 3510 
6444 1240 1073 1178 3024 
6445 711 774 632 3425 
6446 529 575 467 3124 
6447 1041 2988 1061 3511 
6448 714 715 3154 3232 
6449 1408 1387 1386 3459 
6450 1270 3392 1281 3393 
6451 1254 3247 3037 3384 
6452 574 81 5 1306 
6453 850 804 582 3400 
6454 962 1146 1072 3250 
6455 65 992 1243 3555 
6456 582 134 133 1349 
6457 508 507 518 3016 
6458 985 52 51 470 
6459 55 460 497 3415 
6460 996 1050 1049 3254 
6461 1096 3143 1061 3469 
6462 931 110 109 767 
6463 2986 3059 2990 3150 
6464 1200 1154 1087 3290 
6465 1162 1186 1212 3528 
6466 74 1228 526 3512 
6467 615 87 86 563 
6468 928 150 939 1221 
6469 958 57 461 1227 
6470 110 111 622 911 
6471 1178 3024 1073 3467 
6472 1280 1272 1282 3330 
6473 564 526 91 3512 
6474 525 3049 565 3452 
6475 953 959 3166 3243 
6476 83 84 561 764 
6477 1197 963 1007 3524 
6478 799 691 690 3079 
6479 1143 148 961 3009 
6480 776 594 102 3009 
6481 74 526 564 3512 
6482 705 528 3368 3523 
6483 3081 3117 571 3437 
6484 40 468 513 860 
6485 1298 1256 1255 3237 
6486 1090 1091 1092 3266 
6487 699 635 701 3365 
6488 894 3152 923 3228 
6489 1191 3295 3030 3414 
6490 604 887 108 881 
6491 3000 1146 3218 3250 
6492 1241 3231 1162 3528 
6493 982 69 70 521 
6494 74 564 951 3512 
6495 3217 3348 921 3488 
6496 177 176 1295 979 
6497 1177 1073 3170 3467 
6498 738 903 785 3307 
6499 705 3117 528 3523 
6500 175 174 1299 988 
6501 155 156 879 1134 
6502 762 86 85 552 
6503 1192 1059 2836 3374 
6504 1361 1371 201 3423 
6505 992 3544 1243 3555 
6506 1174 1173 1172 2980 
6507 74 951 1228 3512 
6508 779 595 705 3117 
6509 626 717 635 3449 
6510 565 3049 3429 3454 
6511 3209 3250 3207 3542 
6512 702 671 3194 3232 
6513 834 616 738 3455 
6514 920 3217 921 3387 
6515 2873 3414 3327 3477 
6516 3013 3105 2843 3512 
6517 1178 1177 1083 3467 
6518 534 559 576 3220 
6519 511 477 488 3227 
6520 1342 1313 194 3277 
6521 158 157 1140 883 
6522 937 107 730 667 
6523 1247 172 1255 972 
6524 91 584 564 3512 
6525 923 908 3228 3281 
6526 3187 3189 2854 3256 
6527 785 903 7 3307 
6528 772 698 757 2941 
6529 1065 1139 1124 2941 
6530 873 3005 706 3410 
6531 118 117 763 1303 
6532 1303 165 164 1131 
6533 3059 3143 2988 3511 
6534 1305 2876 1252 3447 
6535 64 63 1001 500 
6536 456 53 54 1106 
6537 116 115 783 1302 
6538 493 492 494 3445 
6539 1143 961 1077 3009 
6540 776 710 594 3009 
6541 1095 1094 1097 3285 
6542 1177 3170 1082 3260 
6543 861 584 91 3512 
6544 3201 3344 824 3543 
6545 526 3210 2880 3512 
6546 3188 3189 3187 3412 
6547 47 46 500 634 
6548 901 160 947 1152 
6549 814 697 614 3349 
6550 1302 163 162 1150 
6551 1044 1188 55 3415 
6552 576 3317 31 3325 
6553 3117 3437 3081 3454 
6554 762 855 615 3548 
6555 1069 1038 1036 3239 
6556 1270 1152 1104 3393 
6557 482 483 479 3200 
6558 1049 1146 1048 3000 
6559 518 519 2976 3531 
6560 1009 1113 1027 2825 
6561 734 849 733 3537 
6562 838 2843 780 3269 
6563 777 638 694 3188 
6564 1288 1287 1286 3292 
6565 1155 3295 1188 3415 
6566 3295 3296 460 3415 
6567 1203 1102 1221 2950 
6568 870 612 129 1250 
6569 2836 2875 2904 3321 
6570 860 591 468 2883 
6571 2988 3335 2990 3506 
6572 836 854 735 2861 
6573 684 705 787 3370 
6574 1294 174 173 1136 
6575 565 3429 3050 3454 
6576 512 459 486 3461 
6577 1005 2956 1003 3561 
6578 3152 3161 2935 3422 
6579 1154 1051 3557 3558 
6580 85 84 620 522 
6581 960 76 77 570 
6582 94 93 593 570 
6583 2914 3030 2882 3414 
6584 488 479 483 3200 
6585 1222 1040 1187 3478 
6586 1163 1173 1174 3061 
6587 779 3118 3191 3192 
6588 865 2885 3163 3338 
6589 49 485 481 3546 
6590 2854 3187 3186 3188 
6591 529 575 3124 3483 
6592 956 181 182 1354 
6593 917 905 941 3522 
6594 460 2882 958 3297 
6595 1050 1051 1049 3557 
6596 2843 3019 2938 3159 
6597 921 3307 903 3488 
6598 488 467 3178 3298 
6599 3208 3210 2880 3453 
6600 2882 958 3297 3414 
6601 1281 161 10 947 
6602 2950 3023 3404 3405 
6603 1301 164 163 986 
6604 117 116 619 1301 
6605 1110 1109 1184 3553 
6606 1400 844 141 606 
6607 98 99 784 934 
6608 588 885 105 3091 
6609 929 3152 922 3323 
6610 2887 3389 2985 3390 
6611 1357 191 1346 3457 
6612 463 3201 2976 3202 
6613 576 532 534 3176 
6614 495 494 497 2983 
6615 849 734 768 3537 
6616 1145 3093 1144 3171 
6617 34 35 618 457 
6618 746 642 660 2825 
6619 1190 3030 1193 3525 
6620 904 908 882 3164 
6621 1084 995 1048 3345 
6622 1205 3105 1228 3512 
6623 728 730 727 3385 
6624 1084 1173 1163 3061 
6625 1281 2945 3391 3392 
6626 934 144 145 1151 
6627 592 702 3246 3247 
6628 511 488 467 3178 
6629 592 2964 702 3247 
6630 1096 1061 3468 3469 
6631 1126 66 67 520 
6632 738 903 3307 3455 
6633 481 1243 49 3546 
6634 958 2882 3295 3414 
6635 955 3285 2950 3405 
6636 841 704 792 3518 
6637 860 468 513 2883 
6638 1095 1102 3404 3405 
6639 692 2836 2946 3390 
6640 478 477 511 3227 
6641 676 2843 838 3269 
6642 56 460 55 3415 
6643 694 3222 729 3432 
6644 824 758 788 3201 
6645 156 157 926 989 
6646 953 3243 3166 3447 
6647 2854 694 3185 3507 
6648 3007 3188 3187 3412 
6649 113 112 924 616 
6650 62 61 957 502 
6651 44 45 590 502 
6652 571 91 526 861 
6653 3286 3378 3269 3521 
6654 1146 3000 1051 3250 
6655 3007 3006 3411 3412 
6656 124 1254 123 3246 
6657 528 89 571 3117 
6658 723 837 775 3270 
6659 1306 5 574 1225 
6660 732 832 721 3184 
6661 1048 1146 1084 2979 
6662 559 557 576 3317 
6663 1072 3250 1051 3558 
6664 947 3341 901 3393 
6665 1189 51 50 455 
6666 515 49 984 3305 
6667 692 658 676 2946 
6668 1095 955 1102 3405 
6669 505 466 498 3515 
6670 129 870 1250 1310 
6671 3005 706 3410 3411 
6672 1176 1241 1162 3528 
6673 1228 3105 3013 3512 
6674 152 151 955 886 
6675 461 958 1227 2883 
6676 115 6 858 1306 
6677 64 4 510 1226 
6678 97 6 574 858 
6679 3 98 859 940 
6680 521 549 550 3290 
6681 952 59 58 490 
6682 550 3290 525 3558 
6683 714 669 702 3232 
6684 908 904 896 3206 
6685 837 729 731 3042 
6686 682 3191 779 3370 
6687 2888 3344 3201 3543 
6688 603 137 853 1357 
6689 2950 3285 3087 3405 
6690 45 46 765 501 
6691 1132 63 62 501 
6692 970 1220 184 1360 
6693 99 100 611 933 
6694 978 146 145 933 
6695 1369 138 139 814 
6696 595 571 89 3117 
6697 2875 3141 3051 3321 
6698 2934 3355 3354 3385 
6699 1074 984 49 3305 
6700 571 2880 526 3210 
6701 96 97 567 759 
6702 3208 3209 3207 3210 
6703 119 118 587 1300 
6704 166 165 1300 954 
6705 67 68 987 578 
6706 726 725 727 3134 
6707 958 460 56 3295 
6708 947 1152 10 3393 
6709 183 184 974 1345 
6710 101 100 935 761 
6711 146 147 935 1129 
6712 1088 1199 1099 3092 
6713 2956 3256 3189 3441 
6714 575 2 529 467 
6715 937 884 929 2995 
6716 1165 1059 1232 3374 
6717 1193 1191 1125 3294 
6718 1177 1178 1073 3467 
6719 2964 3302 3154 3350 
6720 3154 3302 3006 3350 
6721 607 137 136 1320 
6722 824 788 821 3201 
6723 1087 1154 1051 3557 
6724 1162 1212 1176 3528 
6725 1127 79 80 567 
6726 589 135 134 1318 
6727 42 41 490 585 
6728 729 3184 721 3432 
6729 779 3191 681 3192 
6730 565 3049 572 3429 
6731 575 31 2 467 
6732 1102 3404 3150 3511 
6733 821 463 39 519 
6734 757 698 659 2941 
6735 1124 1026 1065 2941 
6736 127 128 1246 621 
6737 780 2880 3286 3521 
6738 927 941 905 3522 
6739 735 2861 854 3355 
6740 60 61 503 1207 
6741 43 44 840 503 
6742 204 12 1406 963 
6743 571 595 90 861 
6744 730 884 937 2995 
6745 2874 3051 3141 3374 
6746 1073 3171 1003 3172 
6747 947 946 901 3341 
6748 595 861 571 2880 
6749 108 107 937 846 
6750 705 528 787 3368 
6751 68 69 1130 580 
6752 161 921 3217 3348 
6753 1167 1224 1165 3470 
6754 3118 3286 2880 3381 
6755 958 57 56 460 
6756 2861 2990 2921 3506 
6757 53 52 1245 489 
6758 32 459 707 467 
6759 806 718 796 3378 
6760 114 738 903 785 
6761 1307 1249 668 3246 
6762 188 189 973 1365 
6763 1069 1082 3239 3260 
6764 528 3117 3081 3454 
6765 1407 1181 185 1180 
6766 497 3445 492 3462 
6767 1082 3169 959 3242 
6768 876 32 707 467 
6769 638 2854 3188 3189 
6770 947 10 1270 3393 
6771 1291 1258 1256 3420 
6772 185 186 1181 1401 
6773 832 778 721 3413 
6774 1248 176 175 1237 
6775 677 601 38 458 
6776 886 908 923 3281 
6777 638 3189 3188 3412 
6778 873 811 706 3005 
6779 1255 1304 1298 3237 
6780 525 550 549 3290 
6781 1232 3374 1192 3533 
6782 142 143 1368 829 
6783 1255 1035 1304 3237 
6784 894 923 896 3228 
6785 694 3185 3222 3432 
6786 806 3286 779 3378 
6787 3116 2929 3231 3493 
6788 1219 1076 1075 2824 
6789 119 120 1296 719 
6790 1095 1098 1142 3499 
6791 1056 1058 1057 3367 
6792 1088 3092 1096 3469 
6793 91 92 564 584 
6794 467 483 459 3298 
6795 2880 3472 3086 3520 
6796 1147 1228 1205 3105 
6797 568 79 78 967 
6798 95 96 568 600 
6799 1190 1057 3327 3525 
6800 1256 1298 1291 3420 
6801 588 854 885 3355 
6802 515 485 49 3305 
6803 3241 3465 3214 3565 
6804 819 802 857 3431 
6805 5 80 574 1225 
6806 1306 162 5 1225 
6807 1296 167 166 1086 
6808 894 922 923 3152 
6809 3207 3208 3013 3439 
6810 951 74 75 564 
6811 1104 1270 178 1152 
6812 2854 3256 3189 3561 
6813 1203 1102 2950 3150 
6814 1387 1363 1386 3459 
6815 511 3178 31 3325 
6816 725 775 728 3385 
6817 36 37 739 517 
6818 1249 1287 1288 3564 
6819 42 43 835 469 
6820 1202 60 59 469 
6821 671 702 669 3232 
6822 557 556 558 3545 
6823 874 795 875 3136 
6824 810 714 715 3154 
6825 947 161 920 3391 
6826 1138 75 76 560 
6827 1082 3170 1073 3172 
6828 882 908 886 2949 
6829 1188 1191 958 3295 
6830 180 181 949 1317 
6831 1407 185 1181 1401 
6832 1147 3013 1228 3105 
6833 813 138 9 1405 
6834 636 3412 3006 3448 
6835 1043 3104 2929 3231 
6836 1155 1188 1044 3415 
6837 92 93 560 771 
6838 861 838 584 3512 
6839 1228 951 1205 3512 
6840 1 65 1243 3555 
6841 1074 992 998 3544 
6842 2 876 529 467 
6843 103 102 925 776 
6844 676 875 692 2946 
6845 3389 3390 2887 3431 
6846 1298 3240 1251 3241 
6847 586 122 1252 3302 
6848 921 903 916 3488 
6849 690 823 3496 3543 
6850 2950 3150 1102 3404 
6851 1137 3236 1038 3238 
6852 1190 1191 1193 3030 
6853 684 787 720 3368 
6854 706 811 810 3005 
6855 1074 1243 992 3544 
6856 885 588 105 854 
6857 3136 3390 3389 3431 
6858 738 113 903 3455 
6859 1143 149 148 925 
6860 47 3 859 510 
6861 940 4 144 1226 
6862 1274 2945 1281 3392 
6863 846 887 108 604 
6864 588 885 3091 3355 
6865 31 3178 575 3325 
6866 729 732 3184 3401 
6867 2843 2903 3115 3159 
6868 728 731 722 3354 
6869 586 637 636 3189 
6870 1154 550 71 3558 
6871 190 189 1393 1196 
6872 862 729 837 3401 
6873 888 929 922 3323 
6874 1051 1146 1049 3000 
6875 3013 3210 1228 3512 
6876 557 558 65 3555 
6877 557 3099 556 3545 
6878 886 3161 3021 3281 
6879 592 124 123 3246 
6880 694 721 3185 3432 
6881 160 159 1105 901 
6882 179 11 1359 977 
6883 729 3222 722 3357 
6884 676 838 780 3269 
6885 39 38 463 821 
6886 1147 962 3013 3440 
6887 865 3338 799 3496 
6888 498 36 35 878 
6889 2956 3189 3256 3561 
6890 1035 171 1304 3240 
6891 3006 3302 636 3448 
6892 1254 124 1249 3246 
6893 2885 865 3344 3496 
6894 2883 2914 3094 3297 
6895 596 9 143 1404 
6896 1274 1280 1281 2945 
6897 692 825 2836 3163 
6898 94 95 569 872 
6899 569 78 77 1239 
6900 955 2949 886 2950 
6901 1043 2929 1242 3231 
6902 668 1249 124 3246 
6903 1072 71 72 525 
6904 928 149 150 950 
6905 882 153 154 1213 
6906 947 920 914 3391 
6907 1305 3243 953 3447 
6908 638 3188 777 3412 
6909 2843 3310 3115 3554 
6910 2876 3384 3383 3446 
6911 1089 3473 1096 3510 
6912 1059 1043 1025 2929 
6913 779 682 681 3191 
6914 971 944 154 938 
6915 896 923 908 3228 
6916 703 671 670 3193 
6917 921 3387 3217 3488 
6918 151 955 939 1221 
6919 3437 3453 3081 3454 
6920 523 528 562 3369 
6921 928 104 103 583 
6922 526 1228 3210 3512 
6923 1172 1241 1176 3104 
6924 3356 3506 3357 3508 
6925 608 141 140 1366 
6926 2880 3210 3013 3512 
6927 1084 1146 1173 2979 
6928 511 481 478 3317 
6929 924 903 113 3455 
6930 1098 1096 3106 3473 
6931 2903 3034 3159 3269 
6932 2950 3404 1102 3405 
6933 983 159 158 943 
6934 1088 1099 1096 3092 
6935 151 955 886 939 
6936 1051 1050 1087 3557 
6937 694 836 722 3508 
6938 494 492 497 3445 
6939 170 959 169 3243 
6940 1043 1059 1242 2929 
6941 884 105 885 3091 
6942 2887 2985 2875 3163 
6943 1228 73 74 526 
6944 488 483 467 3298 
6945 2935 3161 3152 3228 
6946 2929 2946 3141 3494 
6947 1292 3292 1286 3465 
6948 962 3207 3209 3210 
6949 1095 1089 1098 3499 
6950 3006 3350 3302 3448 
6951 559 556 557 3099 
6952 467 31 511 3178 
6953 512 34 33 822 
6954 495 507 462 3530 
6955 2880 3013 3472 3520 
6956 1137 959 3240 3242 
6957 1081 1177 1082 3260 
6958 826 690 688 3416 
6959 1292 1291 1298 3465 
6960 1308 126 127 769 
6961 2861 2921 3356 3506 
6962 2885 3163 2904 3344 
6963 885 939 3161 3355 
6964 481 485 478 3546 
6965 2843 3115 2902 3159 
6966 2950 3021 886 3161 
6967 2861 836 3507 3508 
6968 1190 1193 1057 3525 
6969 460 461 468 3297 
6970 121 120 793 1297 
6971 184 11 970 1360 
6972 737 1293 3229 3307 
6973 2880 3381 3286 3521 
6974 1205 1043 1147 3105 
6975 603 8 137 1357 
6976 599 140 139 1398 
6977 10 178 1270 1152 
6978 903 7 114 785 
6979 735 728 722 3354 
6980 1358 8 132 610 
6981 463 821 3201 3202 
6982 1155 1191 1188 3295 
6983 2836 3374 2873 3533 
6984 2883 2914 2915 3094 
6985 2880 2891 3086 3453 
6986 595 2880 571 3437 
6987 1102 1089 1095 3404 
6988 576 557 31 3317 
6989 1096 1229 1204 3106 
6990 729 862 732 3401 
6991 2861 3507 3506 3508 
6992 780 2880 595 3286 
6993 3022 3077 2950 3355 
6994 3350 3384 3302 3448 
6995 1242 3230 1162 3231 
6996 518 507 519 3531 
6997 2836 1192 3374 3533 
6998 728 3354 3091 3385 
6999 1035 1255 172 972 
7000 637 638 636 3189 
7001 857 2887 3390 3431 
7002 903 924 916 3455 
7003 3222 3506 3433 3507 
7004 591 39 40 468 
7005 694 722 729 3222 
7006 528 3050 565 3369 
7007 467 575 31 3178 
7008 1005 1003 1144 3561 
7009 2891 2880 3437 3453 
7010 737 1293 130 3229 
7011 497 492 496 3462 
7012 3021 3022 2950 3087 
7013 1232 3327 2873 3414 
7014 2891 2966 2880 3086 
7015 1061 1041 1005 3131 
7016 2843 3105 3096 3309 
7017 1344 180 179 969 
7018 1037 1038 1070 3236 
7019 602 133 132 1321 
7020 586 1252 2876 3302 
7021 3302 3350 2964 3384 
7022 2880 3086 2966 3520 
7023 2902 2843 3019 3309 
7024 805 3034 3076 3269 
7025 1227 2883 958 3414 
7026 592 123 1254 3246 
7027 550 71 1200 1154 
7028 715 3154 3302 3411 
7029 2861 3022 3017 3149 
7030 714 702 715 3232 
7031 778 873 706 3410 
7032 1297 168 167 1160 
7033 154 971 938 1213 
7034 780 861 595 2880 
7035 187 186 1367 966 
7036 2876 3364 3189 3448 
7037 1089 1098 3499 3510 
7038 1096 1089 1061 3143 
7039 182 183 1195 1319 
7040 1144 3093 1088 3468 
7041 511 31 3317 3325 
7042 888 887 929 3323 
7043 706 3154 715 3411 
7044 1282 1276 1293 3348 
7045 799 798 800 3338 
7046 886 955 152 1097 
7047 682 779 684 3370 
7048 1145 1144 1073 3171 
7049 1090 1092 1142 3266 
7050 171 959 170 3240 
7051 3096 3309 3105 3407 
7052 731 775 837 3270 
7053 937 929 887 3323 
7054 3241 3242 3240 3243 
7055 1292 1286 1262 3465 
7056 2843 2902 3019 3159 
7057 1241 1172 1043 3104 
7058 787 523 88 833 
7059 857 3390 3136 3431 
7060 860 591 2883 3344 
7061 2880 2966 2891 3437 
7062 591 3201 821 3202 
7063 825 2883 2836 3163 
7064 937 887 108 846 
7065 3037 3247 3245 3384 
7066 481 511 31 3317 
7067 1165 1242 1059 3470 
7068 2843 676 2929 3137 
7069 187 188 975 1399 
7070 3189 3364 2956 3441 
7071 2854 3186 3187 3257 
7072 779 681 718 3192 
7073 1142 1092 1095 3499 
7074 1406 12 190 963 
7075 468 461 513 2883 
7076 2883 2904 2836 3163 
7077 1254 1251 1252 3037 
7078 955 939 1221 2950 
7079 676 2946 2929 3137 
7080 690 826 823 3543 
7081 885 3161 3091 3355 
7082 525 573 72 3542 
7083 3269 3286 806 3378 
7084 1154 71 1072 3558 
7085 3022 3023 2950 3087 
7086 947 1281 161 3391 
7087 962 3209 3207 3542 
7088 1096 1061 1088 3468 
7089 461 2883 468 3297 
7090 2921 2990 2861 3149 
7091 2934 3022 3017 3355 
7092 2854 3186 3257 3434 
7093 694 729 721 3432 
7094 497 460 3296 3415 
7095 798 3338 865 3390 
7096 586 636 2876 3189 
7097 1253 125 605 1307 
7098 1059 2929 2836 3141 
7099 496 55 497 3415 
7100 89 88 705 528 
7101 1292 1298 1251 3241 
7102 702 592 715 2964 
7103 1305 169 953 3243 
7104 141 142 1400 606 
7105 1270 1278 1281 3392 
7106 955 886 939 2950 
7107 572 565 525 3049 
7108 1232 1166 1165 3374 
7109 1041 1061 1203 3511 
7110 2854 3257 3334 3434 
7111 638 674 694 3507 
7112 1250 130 1293 3229 
7113 1292 1251 1254 3565 
7114 2980 3406 1173 3407 
7115 2929 3104 1043 3105 
7116 1154 1072 1051 3558 
7117 674 836 694 3507 
7118 2883 2914 3297 3414 
7119 1147 1043 1172 3105 
7120 1228 73 526 3210 
7121 671 770 592 3246 
7122 676 780 805 3269 
7123 2904 2915 2914 3532 
7124 2934 3017 3354 3355 
7125 1005 1144 3131 3561 
7126 1292 1262 1291 3465 
7127 727 725 728 3385 
7128 876 2 32 467 
7129 2885 3162 2904 3163 
7130 2904 3162 2875 3163 
7131 3069 3412 3189 3448 
7132 1305 1252 3243 3447 
7133 692 865 825 3163 
7134 481 1 1243 3555 
7135 592 702 671 3246 
7136 735 854 588 3355 
7137 885 884 3091 3161 
7138 463 518 519 2976 
7139 3104 3105 2929 3310 
7140 495 519 507 3531 
7141 1147 3013 3219 3440 
7142 2929 2946 2836 3141 
7143 3013 3207 962 3210 
7144 2938 3269 3378 3521 
7145 706 715 636 3411 
7146 130 129 612 1250 
7147 1082 1073 1003 3172 
7148 737 131 1293 3307 
7149 875 795 857 3136 
7150 2854 3334 2988 3434 
7151 1192 2836 2883 3533 
7152 3171 3172 3167 3377 
7153 3245 3529 3214 3565 
7154 2904 3163 2883 3344 
7155 468 2883 591 3344 
7156 172 171 1304 1035 
7157 1282 161 1281 3391 
7158 2921 3149 2861 3356 
7159 953 169 959 3243 
7160 1043 3104 1172 3105 
7161 636 586 2876 3302 
7162 919 920 921 3387 
7163 122 586 592 3302 
7164 1061 1144 1088 3468 
7165 2888 3287 3306 3344 
7166 738 113 114 903 
7167 636 638 777 3412 
7168 884 885 939 3161 
7169 2988 3059 2990 3335 
7170 88 523 787 528 
7171 728 735 3091 3354 
7172 2938 3269 3034 3378 
7173 575 3176 576 3325 
7174 870 129 128 1310 
7175 636 3189 638 3412 
7176 729 732 721 3184 
7177 1286 1292 1288 3292 
7178 49 1 1243 481 
7179 463 38 677 821 
7180 1276 3229 1293 3348 
7181 185 12 1407 1180 
7182 1034 1097 1103 3556 
7183 1172 3104 2980 3407 
7184 962 3207 3250 3542 
7185 2935 3161 3077 3422 
7186 636 3411 3006 3412 
7187 2929 3493 3116 3494 
7188 810 715 706 3154 
7189 3021 3077 2935 3161 
7190 1177 1073 1082 3170 
7191 3229 3307 1293 3348 
7192 922 929 923 3152 
7193 1094 1103 1097 3556 
7194 3242 3243 3241 3541 
7195 2986 3510 3143 3511 
7196 1307 124 125 668 
7197 71 525 1072 3558 
7198 1069 1082 959 3242 
7199 3214 3241 3037 3529 
7200 3297 3530 2889 3531 
7201 1254 3247 3246 3565 
7202 1353 135 136 828 
7203 1251 171 170 3240 
7204 939 150 151 1221 
7205 2889 3297 2983 3530 
7206 1069 1081 1082 3260 
7207 525 3452 565 3542 
7208 1190 1057 1166 3327 
7209 1173 3406 3219 3407 
7210 875 676 874 3137 
7211 638 694 2854 3507 
7212 955 2950 1102 3405 
7213 690 823 799 3496 
7214 586 122 121 1252 
7215 2950 3087 3023 3405 
7216 706 777 778 3410 
7217 3021 3161 2935 3281 
7218 497 460 495 3296 
7219 625 82 876 529 
7220 777 3410 3188 3413 
7221 692 865 3163 3390 
7222 1035 972 1137 3237 
7223 532 3176 575 3483 
7224 1292 3465 3241 3565 
7225 962 1228 1147 3210 
7226 571 573 565 3081 
7227 958 3295 1191 3414 
7228 1038 1069 959 3242 
7229 805 3076 809 3137 
7230 529 530 575 3483 
7231 2889 3094 3202 3331 
7232 636 3302 3006 3411 
7233 2875 3162 2887 3163 
7234 152 153 886 1097 
7235 1247 173 172 972 
7236 955 1221 1102 2950 
7237 860 825 591 3344 
7238 1255 172 1304 1035 
7239 715 3154 2964 3302 
7240 3081 3209 573 3452 
7241 161 921 920 3217 
7242 573 3452 3209 3542 
7243 1088 1144 1145 3093 
7244 571 3081 528 3117 
7245 2876 3384 3446 3448 
7246 3081 3209 3452 3453 
7247 2914 3030 3414 3477 
7248 2990 3023 2986 3150 
7249 2966 2880 3381 3437 
7250 2986 3059 3150 3511 
7251 912 3387 921 3488 
7252 2990 3059 2988 3150 
7253 170 169 1251 3243 
7254 1305 1251 169 3243 
7255 1213 882 153 1034 
7256 2887 3163 3162 3338 
7257 3162 3163 2885 3338 
7258 980 65 66 558 
7259 1292 1254 1288 3565 
7260 3214 3465 3245 3565 
7261 2885 3306 3287 3344 
7262 591 824 3201 3344 
7263 2836 2904 2883 3533 
7264 1204 1098 1096 3106 
7265 876 82 2 529 
7266 550 525 71 3558 
7267 2883 3297 958 3414 
7268 1224 1162 1242 3230 
7269 865 3163 2885 3344 
7270 1098 1089 1096 3510 
7271 2915 3306 2888 3331 
7272 3076 3136 795 3137 
7273 692 3163 2836 3390 
7274 860 2883 825 3344 
7275 636 2876 3189 3448 
7276 1035 959 171 3240 
7277 3161 3228 2935 3281 
7278 3181 3208 3013 3472 
7279 565 3452 573 3542 
7280 2986 3150 3023 3404 
7281 959 1137 1038 3242 
7282 1192 2883 1227 3414 
7283 468 591 3202 3344 
7284 3245 3465 3292 3565 
7285 592 668 124 3246 
7286 591 821 39 3202 
7287 604 108 109 881 
7288 2903 3083 3137 3554 
7289 3410 3411 706 3412 
7290 565 3081 573 3452 
7291 884 3161 3152 3422 
7292 3404 3510 2986 3511 
7293 2876 636 3302 3448 
7294 3187 3256 2854 3257 
7295 2980 3104 2993 3310 
7296 3037 3243 1252 3447 
7297 458 38 677 463 
7298 463 2976 519 3202 
7299 912 919 921 3387 
7300 41 40 513 860 
7301 2843 3137 2929 3554 
7302 3241 3382 3037 3529 
7303 519 39 821 3202 
7304 1232 3414 2873 3533 
7305 1292 3241 1251 3565 
7306 2946 3494 2929 3554 
7307 1089 3404 1102 3511 
7308 729 722 731 3357 
7309 824 823 826 3543 
7310 528 565 562 3369 
7311 495 3530 3297 3531 
7312 613 83 82 524 
7313 1137 959 1035 3240 
7314 2874 3141 3140 3494 
7315 3013 3096 2843 3105 
7316 3037 3384 3245 3529 
7317 1241 1242 1162 3231 
7318 2990 3149 3023 3150 
7319 2843 2929 3105 3310 
7320 735 3354 722 3508 
7321 178 177 1270 1104 
7322 495 2983 3296 3297 
7323 2956 3171 3255 3363 
7324 528 571 565 3081 
7325 937 730 107 884 
7326 2876 3376 3364 3446 
7327 591 39 468 3202 
7328 668 1307 124 1249 
7329 947 160 10 1152 
7330 107 937 846 667 
7331 1003 1073 1144 3171 
7332 3059 2988 3334 3335 
7333 605 126 125 1253 
7334 1003 3171 1144 3561 
7335 2861 3149 3017 3356 
7336 1312 1293 1276 3229 
7337 2904 3532 2914 3533 
7338 2983 3297 2889 3421 
7339 3166 3168 3243 3541 
7340 573 526 73 3210 
7341 2876 3037 1252 3447 
7342 798 2887 3338 3390 
7343 495 2983 3297 3530 
7344 460 3296 2882 3297 
7345 2854 3434 2988 3507 
7346 1250 1293 1312 3229 
7347 3245 3247 3037 3565 
7348 875 2946 676 3137 
7349 1203 1061 1089 3511 
7350 735 3354 2861 3355 
7351 939 2950 886 3161 
7352 571 3081 2880 3210 
7353 1005 1144 1061 3131 
7354 525 3146 3452 3542 
7355 1307 125 605 668 
7356 777 778 3410 3413 
7357 3104 3116 2929 3231 
7358 3118 3381 2880 3437 
7359 57 58 461 1227 
7360 2993 2902 3309 3310 
7361 2993 3115 2902 3310 
7362 2880 3081 571 3437 
7363 2938 3159 3034 3269 
7364 573 571 526 3210 
7365 2995 3091 884 3422 
7366 519 460 468 3297 
7367 2880 3520 3381 3521 
7368 3333 3334 2988 3335 
7369 728 3091 730 3385 
7370 2934 3077 3022 3355 
7371 3166 3172 1003 3377 
7372 2988 3334 3333 3434 
7373 592 770 668 3246 
7374 2956 3364 3363 3441 
7375 463 519 821 3202 
7376 2915 3094 2914 3532 
7377 2830 3094 2915 3532 
7378 3333 3335 2988 3434 
7379 780 3286 3269 3521 
7380 2929 3310 2843 3554 
7381 2854 2988 3334 3336 
7382 1203 1102 3150 3511 
7383 2880 2966 3381 3520 
7384 519 468 39 3202 
7385 865 3338 3163 3390 
7386 1305 169 168 953 
7387 798 799 865 3338 
7388 3296 3297 2983 3421 
7389 576 31 575 3325 
7390 787 705 88 528 
7391 3081 2880 3210 3453 
7392 2904 3306 2915 3532 
7393 2830 2915 3306 3532 
7394 885 105 104 854 
7395 3143 3510 1089 3511 
7396 944 154 155 971 
7397 2980 2993 3309 3310 
7398 3096 3181 3013 3472 
7399 857 2887 798 3390 
7400 2995 3385 3091 3422 
7401 882 154 938 1213 
7402 962 72 73 3210 
7403 3167 3364 3363 3377 
7404 2875 3140 3051 3141 
7405 3083 3136 3076 3137 
7406 929 923 3152 3161 
7407 3013 2880 3208 3210 
7408 3096 2980 3309 3407 
7409 3081 3452 565 3454 
7410 2985 3163 2887 3390 
7411 962 1147 3013 3210 
7412 694 3222 3185 3507 
7413 737 131 130 1293 
7414 3364 3376 2876 3377 
7415 3152 3161 923 3228 
7416 2946 3083 2985 3494 
7417 3037 3383 2876 3384 
7418 721 778 777 3413 
7419 3081 3210 3209 3453 
7420 532 575 530 3483 
7421 3171 3255 3093 3561 
7422 2903 3083 3076 3137 
7423 1228 3013 1147 3210 
7424 525 72 1072 3542 
7425 1172 3105 3104 3407 
7426 730 3091 2995 3385 
7427 575 532 576 3176 
7428 2874 3051 3140 3141 
7429 1251 170 959 3240 
7430 3327 3414 3030 3477 
7431 72 573 73 3210 
7432 3083 3494 2946 3554 
7433 468 2915 2883 3344 
7434 823 865 799 3496 
7435 2830 2915 3094 3331 
7436 528 3081 565 3454 
7437 3256 3257 3071 3336 
7438 2873 2836 3141 3374 
7439 3091 3385 2934 3422 
7440 1251 3037 1254 3565 
7441 1274 1281 1278 3392 
7442 825 2883 3163 3344 
7443 730 106 107 884 
7444 2861 3506 3356 3508 
7445 3013 3096 3219 3439 
7446 73 1228 962 3210 
7447 3115 3116 2993 3492 
7448 824 3344 823 3543 
7449 87 88 523 833 
7450 1172 2980 1173 3407 
7451 2861 3022 3149 3150 
7452 1251 1298 1304 3240 
7453 636 3189 3412 3448 
7454 50 49 984 515 
7455 3007 3410 3188 3412 
7456 805 809 874 3137 
7457 601 37 38 458 
7458 2830 3306 2915 3331 
7459 2993 3310 3104 3509 
7460 468 3202 2915 3344 
7461 2873 3141 2836 3321 
7462 595 90 89 571 
7463 2915 3306 2904 3344 
7464 886 923 3161 3281 
7465 1070 1038 1137 3236 
7466 1191 3030 1190 3414 
7467 2885 3344 3287 3496 
7468 3115 3310 3116 3554 
7469 1192 1227 958 3414 
7470 3209 3452 3146 3542 
7471 735 836 2861 3508 
7472 3243 3382 3241 3541 
7473 1232 1190 1166 3327 
7474 2888 3201 3202 3451 
7475 2976 3202 3201 3451 
7476 874 795 3136 3137 
7477 3287 3344 2888 3543 
7478 2889 3331 3202 3451 
7479 1192 2883 3414 3533 
7480 1003 2956 3171 3561 
7481 3013 3181 3096 3439 
7482 33 32 459 617 
7483 1251 3241 3240 3243 
7484 2988 3433 3335 3506 
7485 2950 3023 3022 3150 
7486 2878 3116 3231 3493 
7487 929 3152 884 3161 
7488 171 1251 1304 3240 
7489 2946 2929 3137 3554 
7490 573 3081 571 3210 
7491 3037 3383 3384 3529 
7492 636 715 3302 3411 
7493 692 798 865 3390 
7494 1144 3468 3131 3560 
7495 730 884 2995 3091 
7496 694 3507 836 3508 
7497 519 3202 2976 3531 
7498 3007 3411 3410 3412 
7499 3116 3231 3104 3509 
7500 2878 3231 3116 3509 
7501 2836 2873 3321 3533 
7502 3093 1144 3171 3561 
7503 1061 3143 1089 3511 
7504 3163 3338 2887 3390 
7505 3071 3334 2987 3336 
7506 3287 3496 3344 3543 
7507 3202 3331 2888 3451 
7508 2985 3083 2946 3389 
7509 962 3250 1072 3542 
7510 780 806 3269 3286 
7511 2950 3023 3150 3404 
7512 2980 3096 3406 3407 
7513 495 3297 519 3531 
7514 3335 3433 2988 3434 
7515 3013 3208 3207 3210 
7516 588 728 735 3091 
7517 525 565 573 3542 
7518 1249 3564 1288 3565 
7519 2875 2985 3140 3141 
7520 865 825 3163 3344 
7521 495 460 519 3297 
7522 3219 3406 3096 3407 
7523 2861 3022 2950 3355 
7524 692 2946 875 3390 
7525 1144 3093 3560 3561 
7526 2946 2985 3141 3494 
7527 1251 3241 3037 3565 
7528 3181 3013 3208 3439 
7529 923 3228 3161 3281 
7530 2882 3297 3296 3421 
7531 3269 3520 2843 3521 
7532 3140 3141 2985 3494 
7533 3083 3136 2946 3389 
7534 1251 3037 3241 3243 
7535 3166 3168 3376 3447 
7536 770 671 703 3193 
7537 3357 3506 3222 3508 
7538 2876 3446 3364 3448 
7539 1147 3105 1172 3407 
7540 2843 3269 2938 3520 
7541 2889 3297 3094 3421 
7542 3094 3297 2882 3421 
7543 2988 3434 3433 3507 
7544 2836 3321 2904 3533 
7545 3116 3492 3115 3554 
7546 730 588 106 3091 
7547 496 54 55 968 
7548 591 825 823 3344 
7549 728 588 730 3091 
7550 694 722 3222 3508 
7551 2883 2915 2904 3344 
7552 1061 3131 1144 3468 
7553 735 3091 3354 3355 
7554 959 3240 3242 3243 
7555 1232 1192 3414 3533 
7556 3096 3105 3013 3407 
7557 3059 2988 3150 3511 
7558 527 565 572 3429 
7559 3116 3494 3492 3554 
7560 2956 3255 3256 3441 
7561 2929 3494 3116 3554 
7562 958 1190 1192 3414 
7563 3250 3542 3146 3558 
7564 3071 3093 3255 3561 
7565 592 715 2964 3302 
7566 1173 3219 1147 3407 
7567 3168 3382 3447 3541 
7568 2903 3159 2843 3269 
7569 3146 3250 3209 3542 
7570 962 3210 3209 3542 
7571 3081 3437 2880 3453 
7572 3071 3257 3334 3336 
7573 823 3344 865 3496 
7574 2883 3094 2915 3297 
7575 2878 3492 3116 3493 
7576 2889 3451 3202 3531 
7577 3202 3451 2976 3531 
7578 3116 3492 2878 3509 
7579 2993 3492 3116 3509 
7580 921 916 912 3488 
7581 3116 3493 3492 3494 
7582 2836 3141 2875 3321 
7583 676 3137 2843 3269 
7584 2956 3363 3255 3441 
7585 3241 3243 3037 3382 
7586 591 3201 3202 3344 
7587 2980 3104 3310 3407 
7588 2888 3202 3201 3344 
7589 3071 3560 3093 3561 
7590 2876 3302 3384 3448 
7591 2883 2915 468 3297 
7592 2836 2904 2875 3163 
7593 874 3136 875 3137 
7594 2843 3159 2938 3269 
7595 70 71 1200 550 
7596 468 2915 3202 3297 
7597 3167 3172 3166 3377 
7598 2873 3414 3477 3533 
7599 875 3136 857 3390 
7600 3167 3376 3364 3377 
7601 735 722 836 3508 
7602 2854 3257 3256 3336 
7603 1251 3240 959 3243 
7604 2985 3389 2946 3390 
7605 823 825 865 3344 
7606 3383 3446 3168 3447 
7607 3354 3355 3091 3385 
7608 636 706 3411 3412 
7609 1203 1089 1102 3511 
7610 2934 3091 3355 3385 
7611 495 3296 460 3297 
7612 525 3542 1072 3558 
7613 3209 3210 573 3542 
7614 562 565 527 3429 
7615 3477 3532 2873 3533 
7616 1089 3510 3404 3511 
7617 777 3410 706 3412 
7618 573 3209 3081 3210 
7619 3168 3382 3383 3447 
7620 2946 3141 2985 3390 
7621 780 806 805 3269 
7622 2987 3071 3336 3560 
7623 3081 3453 3452 3454 
7624 3376 3168 3446 3447 
7625 1254 3037 3247 3565 
7626 2929 3116 3310 3554 
7627 1172 1173 1147 3407 
7628 3037 3241 3214 3565 
7629 805 3076 3137 3269 
7630 3146 3542 525 3558 
7631 2914 2915 2904 3533 
7632 3433 3506 2988 3507 
7633 722 3357 3222 3508 
7634 962 1072 72 3542 
7635 3255 3256 3071 3561 
7636 1190 3030 3327 3414 
7637 3141 3163 2985 3390 
7638 958 1191 1190 3414 
7639 2861 3017 3022 3355 
7640 170 1251 959 3243 
7641 730 106 884 3091 
7642 1072 3542 3250 3558 
7643 2980 3310 3309 3407 
7644 1190 1232 1192 3414 
7645 2914 3532 3477 3533 
7646 3167 3166 3376 3377 
7647 2876 3446 3383 3447 
7648 1147 3013 3105 3407 
7649 823 824 591 3344 
7650 3382 3383 3037 3529 
7651 929 884 923 3161 
7652 3245 3292 3564 3565 
7653 519 468 3202 3297 
7654 2873 3532 3321 3533 
7655 2985 3141 2875 3163 
7656 588 3091 735 3355 
7657 875 3136 2946 3137 
7658 1190 3327 1232 3414 
7659 823 3344 3496 3543 
7660 2843 2902 3115 3310 
7661 2843 3105 3309 3310 
7662 2836 3141 2946 3390 
7663 3506 3507 3222 3508 
7664 2843 3309 2902 3310 
7665 3037 3214 3529 3565 
7666 1292 3292 3465 3565 
7667 3083 2946 3137 3554 
7668 2914 3414 2883 3533 
7669 2861 2950 3022 3150 
7670 875 857 798 3390 
7671 3150 3404 2986 3511 
7672 2903 2843 3137 3269 
7673 3188 3410 777 3412 
7674 2854 3334 3257 3336 
7675 3321 3532 2904 3533 
7676 636 777 706 3412 
7677 3309 3310 3105 3407 
7678 2929 3116 3104 3310 
7679 798 692 875 3390 
7680 1147 3219 3013 3407 
7681 2888 3306 2915 3344 
7682 2889 3202 3094 3297 
7683 875 2946 3136 3390 
7684 1288 3564 3292 3565 
7685 2956 3255 3171 3561 
7686 3037 2876 3383 3447 
7687 3096 3013 3219 3407 
7688 2915 3202 3094 3331 
7689 1254 1249 1288 3565 
7690 3105 3310 3104 3407 
7691 1292 1288 3292 3565 
7692 519 3297 3202 3531 
7693 3091 3161 884 3422 
7694 2946 3389 3136 3390 
7695 2861 3149 2990 3150 
7696 2915 2888 3202 3331 
7697 3037 3529 3245 3565 
7698 2836 3163 3141 3390 
7699 694 3222 3507 3508 
7700 3202 3297 2889 3531 
7701 2883 2904 2915 3533 
7702 2883 2915 2914 3533 
7703 3166 3243 3168 3447 
7704 2993 3116 3115 3310 
7705 3376 3446 2876 3447 
7706 1144 3560 3131 3561 
7707 2993 3116 3310 3509 
7708 3104 3310 3116 3509 
7709 2854 3336 3256 3561 
7710 3256 3336 3071 3561 
7711 2956 3256 3255 3561 
7712 2956 3363 3364 3377 
7713 3168 3447 3243 3541 
7714 2946 3136 3083 3137 
7715 2914 3477 3414 3533 
7716 3037 3383 3382 3447 
7717 3094 3202 2915 3297 
7718 2854 3131 3336 3561 
7719 3037 3382 3243 3447 
7720 3243 3447 3382 3541 
7721 2915 3202 2888 3344 
7722 2836 2875 3141 3163 
7723 3336 3560 3071 3561 
7724 3131 3560 3336 3561 
7725 660 1009 1027 2825 
7726 709 1076 1219 2824 
7727 852 709 1219 2824 
7728 660 642 1009 2825 
7729 642 1113 1009 2825 
7730 642 746 1113 2825 
7731 3425 3027 774 3262 
7732 3425 774 3027 3204 
7733 3051 3535 2959 2940 
7734 3051 2959 3535 2835 
7735 3205 2959 3535 2940 
7736 3205 3535 2959 2835 
7737 3362 1220 3291 1078 
7738 3362 3291 1220 2937 
7739 3072 537 3276 2951 
7740 3072 3276 537 539 
7741 3088 1045 3294 1047 
7742 3088 3294 1045 2971 
7743 3534 686 868 851 
7744 3534 868 686 2907 
7745 3550 3175 2898 2838 
7746 2898 3175 3550 3165 
7747 2898 3253 3550 2838 
7748 3550 3253 2898 3165 
7749 3537 3134 2850 3261 
7750 3537 2850 3134 3119 
7751 3175 1389 2911 1390 
7752 3175 2911 1389 3120 
7753 2972 1046 1053 2970 
7754 2972 1053 1046 1052 
7755 3276 539 3513 540 
7756 3276 3513 539 3072 
7757 541 3513 539 540 
7758 541 539 3513 3072 
7759 3339 1283 3038 3271 
7760 3339 3038 1283 1268 
7761 3225 3341 1068 1201 
7762 1068 3341 3225 2877 
7763 3283 536 3540 3212 
7764 3283 3540 536 538 
7765 545 3540 536 3212 
7766 545 536 3540 538 
7767 537 3283 536 538 
7768 536 3283 537 2951 
7769 3329 3153 3110 2850 
7770 3329 3110 3153 2992 
7771 3438 2943 3198 2848 
7772 3438 3198 2943 3090 
7773 3301 1352 2939 1328 
7774 3301 2939 1352 3029 
7775 3311 3316 1327 1334 
7776 1327 3316 3311 3103 
7777 1042 3512 3105 1205 
7778 3432 2917 2920 3184 
7779 3432 2920 2917 3186 
7780 3248 3133 3282 2855 
7781 3248 3282 3133 2877 
7782 3512 675 3105 838 
7783 3512 3105 675 1042 
7784 3549 3536 3087 3022 
7785 3549 3087 3536 2829 
7786 1384 3126 1394 1403 
7787 1384 1394 3126 3265 
7788 3249 788 3046 3201 
7789 3249 3046 788 678 
7790 758 3046 788 3201 
7791 758 788 3046 678 
7792 3226 3497 3053 2960 
7793 3053 3497 3226 2939 
7794 3204 820 774 3027 
7795 3204 774 820 672 
7796 3126 3486 3265 2924 
7797 3265 3486 3126 2845 
7798 3537 3329 2954 2897 
7799 3537 2954 3329 3119 
7800 3271 1284 1309 1283 
7801 3271 1309 1284 3156 
7802 3524 1099 3318 2905 
7803 3524 3318 1099 1197 
7804 3114 3516 3418 2839 
7805 3418 3516 3114 3456 
7806 1194 3507 836 827 
7807 836 3507 1194 1203 
7808 3417 1323 3279 1315 
7809 3417 3279 1323 3314 
7810 3138 1339 2894 3132 
7811 3138 2894 1339 1335 
7812 3520 3521 3512 2843 
7813 3512 3521 3520 2880 
7814 3512 3013 3520 2843 
7815 3520 3013 3512 2880 
7816 3227 499 3305 478 
7817 3227 3305 499 2944 
7818 3478 987 3435 1187 
7819 3478 3435 987 2999 
7820 3435 3010 3291 2881 
7821 3435 3291 3010 3052 
7822 3449 2912 3455 3365 
7823 3449 3455 2912 3066 
7824 1309 3156 1246 1284 
7825 1246 3156 1309 3041 
7826 3532 2991 3306 2830 
7827 3532 3306 2991 3321 
7828 3313 598 3029 713 
7829 3313 3029 598 3062 
7830 3090 3489 2947 2841 
7831 2947 3489 3090 2943 
7832 1380 3111 3458 1383 
7833 3458 3111 1380 3101 
7834 3400 864 693 3032 
7835 3400 693 864 850 
7836 950 776 925 1143 
7837 583 925 950 776 
7838 950 925 583 928 
7839 455 985 51 470 
7840 455 51 985 1189 
7841 2861 1203 3507 836 
7842 2861 3507 1203 3150 
7843 3194 3475 3267 2890 
7844 3267 3475 3194 2928 
7845 3125 1378 3398 3040 
7846 3125 3398 1378 1376 
7847 3247 3564 3565 3245 
7848 3565 3564 3247 3246 
7849 3205 3456 3132 2913 
7850 3132 3456 3205 2835 
7851 3132 2997 3205 2913 
7852 3205 2997 3132 2835 
7853 969 3426 180 1217 
7854 180 3426 969 1344 
7855 3260 3500 2924 2837 
7856 2924 3500 3260 3239 
7857 3345 1049 996 1048 
7858 3345 996 1049 3254 
7859 3515 741 618 3155 
7860 3515 618 741 740 
7861 1405 597 2931 198 
7862 1405 2931 597 813 
7863 3282 1233 3133 1085 
7864 3282 3133 1233 3067 
7865 1140 3133 1233 1085 
7866 1140 1233 3133 3067 
7867 3258 1235 3074 1107 
7868 3258 3074 1235 3252 
7869 1108 3074 1235 1107 
7870 1108 1235 3074 3252 
7871 3550 3106 3165 2905 
7872 3550 3165 3106 2989 
7873 3393 3391 1281 947 
7874 3393 1281 3391 3392 
7875 3235 893 3003 897 
7876 3235 3003 893 3233 
7877 3304 3234 2847 2893 
7878 3304 2847 3234 2937 
7879 3461 509 482 486 
7880 3461 482 509 3155 
7881 3539 202 1392 201 
7882 3539 1392 202 3097 
7883 3084 1163 3160 1175 
7884 3084 3160 1163 3061 
7885 3537 848 3142 3119 
7886 3537 3142 848 768 
7887 3478 3513 544 2952 
7888 544 3513 3478 2999 
7889 544 580 3478 2952 
7890 3474 3315 2900 1392 
7891 3474 2900 3315 2992 
7892 3110 2900 3315 1392 
7893 3110 3315 2900 2992 
7894 3105 676 838 675 
7895 3105 838 676 2843 
7896 3312 3504 1380 2967 
7897 1380 3504 3312 3101 
7898 3339 3475 3278 2969 
7899 3278 3475 3339 2857 
7900 1132 502 62 957 
7901 62 502 1132 501 
7902 765 502 45 501 
7903 765 45 502 590 
7904 3299 1391 1364 200 
7905 3299 1364 1391 3110 
7906 3463 912 902 3011 
7907 3463 902 912 918 
7908 694 3188 3413 777 
7909 3413 3188 694 3185 
7910 3413 721 694 777 
7911 694 721 3413 3185 
7912 560 584 3512 564 
7913 3512 584 560 771 
7914 560 1138 3512 771 
7915 3544 980 558 992 
7916 3544 558 980 3139 
7917 2876 1305 586 953 
7918 2876 586 1305 1252 
7919 1297 586 1305 953 
7920 1297 1305 586 1252 
7921 3426 1231 1060 1217 
7922 3426 1060 1231 2997 
7923 3485 767 768 816 
7924 3485 768 767 3142 
7925 979 1248 176 1295 
7926 979 176 1248 1237 
7927 3497 1324 1328 1326 
7928 3497 1328 1324 3301 
7929 574 759 97 858 
7930 97 759 574 567 
7931 3371 864 794 3128 
7932 3371 794 864 687 
7933 2946 658 2836 692 
7934 2946 2836 658 2929 
7935 3429 579 562 3001 
7936 3429 562 579 527 
7937 3357 3354 3508 722 
7938 3357 3508 3354 3356 
7939 1147 1146 3219 1173 
7940 1147 3219 1146 3440 
7941 2979 3219 1146 1173 
7942 2979 1146 3219 3440 
7943 3345 3311 3121 2955 
7944 3345 3121 3311 2868 
7945 3534 685 686 851 
7946 3534 686 685 2973 
7947 3339 1311 3278 1269 
7948 3339 3278 1311 2969 
7949 3459 3474 1392 3211 
7950 1392 3474 3459 1363 
7951 3164 938 1213 882 
7952 3164 1213 938 3056 
7953 560 951 3512 1138 
7954 560 3512 951 564 
7955 570 1239 593 569 
7956 593 1239 570 960 
7957 569 593 94 872 
7958 569 94 593 570 
7959 1203 2861 2950 1221 
7960 2950 2861 1203 3150 
7961 783 1306 115 858 
7962 783 115 1306 1302 
7963 3435 999 1078 1141 
7964 3435 1078 999 3362 
7965 3325 559 3317 3099 
7966 3325 3317 559 576 
7967 3474 202 203 1363 
7968 3474 203 202 3097 
7969 500 1226 634 1001 
7970 3416 3496 3079 3287 
7971 3079 3496 3416 690 
7972 988 1248 175 1237 
7973 988 175 1248 1299 
7974 3188 694 2854 638 
7975 3188 2854 694 3185 
7976 3537 697 768 849 
7977 3537 768 697 3485 
7978 3230 1059 2929 1242 
7979 3230 2929 1059 2874 
7980 3457 743 815 603 
7981 3457 815 743 3399 
7982 940 784 98 859 
7983 98 784 940 934 
7984 1044 3462 496 968 
7985 496 3462 1044 3415 
7986 496 55 1044 968 
7987 1044 55 496 3415 
7988 883 983 158 943 
7989 883 158 983 1140 
7990 3384 592 123 1254 
7991 123 122 3384 1254 
7992 967 569 78 568 
7993 967 78 569 1239 
7994 600 569 95 872 
7995 95 569 600 568 
7996 3463 919 912 3387 
7997 3463 912 919 918 
7998 524 625 82 613 
7999 524 82 625 529 
8000 1345 1220 184 974 
8001 1345 184 1220 1360 
8002 574 1127 80 567 
8003 80 1127 574 1225 
8004 3009 147 148 961 
8005 3009 148 147 936 
8006 101 3009 102 594 
8007 102 3009 101 936 
8008 3426 180 949 1317 
8009 3426 949 180 1217 
8010 500 859 1226 510 
8011 1226 859 500 634 
8012 982 550 70 1200 
8013 70 550 982 521 
8014 161 3307 3348 1293 
8015 3348 3307 161 921 
8016 3378 718 779 806 
8017 3378 779 718 3192 
8018 3236 1036 1037 1038 
8019 3236 1037 1036 3126 
8020 1150 1306 162 1302 
8021 1150 162 1306 1225 
8022 3508 3354 2861 735 
8023 3508 2861 3354 3356 
8024 1097 2949 153 886 
8025 1097 153 2949 3556 
8026 882 153 2949 886 
8027 882 2949 153 3556 
8028 3150 3507 3506 2861 
8029 3506 3507 3150 2988 
8030 3506 2990 3150 2861 
8031 3150 2990 3506 2988 
8032 490 1227 2883 461 
8033 490 2883 1227 952 
8034 2945 3391 1280 1281 
8035 2945 1280 3391 3217 
8036 1282 1280 3391 1281 
8037 1282 3391 1280 3217 
8038 807 3378 3269 806 
8039 3269 3378 807 3034 
8040 3269 805 807 806 
8041 807 805 3269 3034 
8042 3499 1092 1094 2948 
8043 1094 1092 3499 1095 
8044 1094 3285 3499 2948 
8045 3499 3285 1094 1095 
8046 617 512 3461 459 
8047 617 3461 512 822 
8048 1061 3336 1041 3131 
8049 1061 1041 3336 2988 
8050 2854 1041 3336 3131 
8051 2854 3336 1041 2988 
8052 854 928 104 885 
8053 104 928 854 583 
8054 1082 3239 3242 1069 
8055 3242 3239 1082 3169 
8056 940 1151 144 934 
8057 940 144 1151 1226 
8058 3161 3355 2950 3077 
8059 2950 3355 3161 939 
8060 3528 1241 3104 1176 
8061 3528 3104 1241 3231 
8062 3355 939 854 885 
8063 3355 854 939 2950 
8064 1221 939 854 2950 
8065 3470 1242 1224 1165 
8066 3470 1224 1242 3230 
8067 3561 1005 2854 3131 
8068 3561 2854 1005 3189 
8069 3232 715 2964 702 
8070 3232 2964 715 3154 
8071 3307 131 7 785 
8072 3307 7 131 1293 
8073 3141 1059 3374 2836 
8074 3141 3374 1059 2874 
8075 3336 3560 3468 2987 
8076 3468 3560 3336 3131 
8077 3468 1061 3336 2987 
8078 3336 1061 3468 3131 
8079 3355 2934 3422 3091 
8080 3422 2934 3355 3077 
8081 3422 3161 3355 3091 
8082 3355 3161 3422 3077 
8083 1298 3465 3241 1292 
8084 3241 3465 1298 3182 
8085 3091 105 106 884 
8086 3091 106 105 588 
8087 3384 592 2964 3302 
8088 3384 2964 592 3247 
8089 592 122 3384 123 
8090 3384 122 592 3302 
8091 3369 565 3429 3050 
8092 3369 3429 565 562 
8093 3415 56 3295 1188 
8094 3415 3295 56 460 
8095 3297 461 958 460 
8096 3297 958 461 2883 
8097 3554 2843 2903 3115 
8098 3554 2903 2843 3137 
8099 1252 3243 1251 1305 
8100 1251 3243 1252 3037 
8101 3137 809 795 3076 
8102 3137 795 809 874 
8103 3472 3208 2880 3086 
8104 3472 2880 3208 3013 
8105 3187 3412 3441 3007 
8106 3187 3441 3412 3189 
8107 3069 3441 3412 3007 
8108 3069 3412 3441 3189 
8109 3210 72 3542 962 
8110 3210 3542 72 573 
8111 3169 3242 3166 959 
8112 3169 3166 3242 3541 
8113 3243 3166 3242 959 
8114 3243 3242 3166 3541 
8115 3269 3076 2903 3034 
8116 3269 2903 3076 3137 
8117 3137 805 676 874 
8118 3137 676 805 3269 
8119 3246 3565 1249 1254 
8120 1249 3565 3246 3564 
8121 3189 3377 3364 2876 
8122 3364 3377 3189 2956 
8123 2861 3354 3017 3355 
8124 3017 3354 2861 3356 
8125 3377 3171 1003 2956 
8126 3377 1003 3171 3172 
8127 3377 3363 3171 2956 
8128 3377 3171 3363 3167 
8129 2824 1075 663 1076 
8130 663 1075 2824 708 
8131 663 709 2824 1076 
8132 2824 709 663 708 
8133 3519 1222 1040 1156 
8134 3519 1040 1222 3478 
8135 1221 1194 836 827 
8136 1221 854 836 2861 
8137 836 854 1221 827 
8138 1203 836 1221 1194 
8139 1203 1221 836 2861 
8140 544 578 1130 580 
8141 1130 578 544 2999 
8142 1130 3478 544 580 
8143 544 3478 1130 2999 
8144 985 3258 470 3074 
8145 985 470 3258 1245 
8146 489 3258 470 1245 
8147 939 854 928 1221 
8148 939 928 854 885 
8149 3258 470 472 489 
8150 3258 472 470 3074 
3 2 4 168
8151 192 3566 1315 3569 
8152 1328 3566 1330 3569 
8153 192 1314 3566 3569 
8154 1331 1315 3566 3569 
8155 1331 3566 1328 3569 
8156 1338 1330 3566 3569 
8157 1315 192 1346 3566 
8158 1314 1338 3566 3569 
8159 1328 1352 1330 3566 
8160 196 1341 3568 3570 
8161 192 1315 193 3569 
8162 1315 1346 1331 3566 
8163 1331 1352 1328 3566 
8164 1314 1347 192 3566 
8165 1338 1330 1348 3566 
8166 196 1316 1341 3570 
8167 1351 3568 1341 3570 
8168 1336 3568 1356 3570 
8169 191 1358 1409 3566 
8170 191 1409 1357 3566 
8171 1338 1348 1314 3566 
8172 1356 3568 1351 3570 
8173 1331 1324 1315 3569 
8174 1351 1341 1316 3570 
8175 1330 1329 1328 3569 
8176 192 193 1314 3569 
8177 196 3568 1322 3570 
8178 1328 1324 1331 3569 
8179 1336 1337 3568 3570 
8180 1334 1336 1356 3570 
8181 1322 3568 1337 3570 
8182 1349 1409 1321 3566 
8183 1321 1409 1358 3566 
8184 1314 1348 1347 3566 
8185 1334 1356 1351 3570 
8186 1320 1357 1409 3566 
8187 1410 197 1360 3568 
8188 1410 1360 1345 3568 
8189 1410 1359 197 3568 
8190 1409 1349 1318 3566 
8191 1344 1359 1410 3568 
8192 1355 1337 1322 3568 
8193 1349 1409 133 1321 
8194 1338 1329 1330 3569 
8195 1354 1317 1410 3568 
8196 1319 1354 1410 3568 
8197 1317 1344 1410 3568 
8198 191 8 1409 1358 
8199 1355 1336 1337 3568 
8200 191 8 1357 1409 
8201 1326 1332 3567 3569 
8202 1340 195 3567 3570 
8203 1318 1409 134 1349 
8204 1323 3567 194 3569 
8205 1360 184 1410 1345 
8206 1345 1319 1410 3568 
8207 1320 1357 137 1409 
8208 1319 182 1410 1354 
8209 1327 3567 1333 3570 
8210 1323 194 193 3569 
8211 1326 1329 1332 3569 
8212 133 134 1409 1349 
8213 1353 1320 1409 3566 
8214 1332 1333 1327 3567 
8215 181 1410 1354 1317 
8216 1350 1340 3567 3570 
8217 1323 1325 3567 3569 
8218 1326 3567 1325 3569 
8219 1410 197 11 1360 
8220 1353 1409 1318 3566 
8221 1340 1316 195 3570 
8222 1340 195 194 3567 
8223 191 1346 192 3566 
8224 1321 1409 132 1358 
8225 182 181 1410 1354 
8226 1410 11 197 1359 
8227 180 1410 1317 1344 
8228 1320 137 136 1409 
8229 184 183 1410 1345 
8230 1347 191 192 3566 
8231 1333 3567 1339 3570 
8232 1336 1334 1333 3570 
8233 1319 1410 183 1345 
8234 1327 1350 3567 3570 
8235 1323 1340 194 3567 
8236 196 1322 1343 3570 
8237 1324 1326 1325 3569 
8238 179 1410 1344 1359 
8239 1323 1324 1325 3569 
8240 1350 1316 1340 3570 
8241 1339 1333 1332 3567 
8242 1341 197 196 3568 
8243 1332 1335 3567 3569 
8244 1343 1322 1337 3570 
8245 195 1316 196 3570 
8246 1340 1325 1350 3567 
8247 136 1353 1320 1409 
8248 1313 3567 195 3570 
8249 1327 1326 1332 3567 
8250 1337 1336 1333 3570 
8251 134 135 1409 1318 
8252 193 1315 1323 3569 
8253 1323 1325 1340 3567 
8254 194 3567 1342 3569 
8255 1327 1350 1325 3567 
8256 1327 1325 1326 3567 
8257 1315 1324 1323 3569 
8258 1332 1329 1335 3569 
8259 1409 135 1353 1318 
8260 1410 180 179 1344 
8261 1409 132 133 1321 
8262 1357 1346 191 3566 
8263 1330 1352 1318 3566 
8264 1326 1324 1328 3569 
8265 1358 1347 1321 3566 
8266 194 1342 193 3569 
8267 1358 191 1347 3566 
8268 1326 1328 1329 3569 
8269 1330 1318 1349 3566 
8270 1333 1334 1327 3570 
8271 197 1322 196 3568 
8272 195 196 1343 3570 
8273 1339 3567 1313 3570 
8274 1341 1351 1345 3568 
8275 1351 1356 1319 3568 
8276 1350 1327 1334 3570 
8277 1410 179 11 1359 
8278 1320 1346 1357 3566 
8279 1410 183 182 1319 
8280 1354 1336 1317 3568 
8281 195 1313 194 3567 
8282 1410 181 180 1317 
8283 1331 1346 1320 3566 
8284 1360 197 1341 3568 
8285 1345 1351 1319 3568 
8286 1351 1316 1350 3570 
8287 1357 8 137 1409 
8288 1410 11 184 1360 
8289 1409 8 132 1358 
8290 1336 1355 1317 3568 
8291 1334 1351 1350 3570 
8292 1336 1354 1356 3568 
8293 1360 1341 1345 3568 
8294 1344 1322 1359 3568 
8295 1347 1348 1321 3566 
8296 1343 1313 195 3570 
8297 1342 3567 1335 3569 
8298 1343 1339 1313 3570 
8299 197 1359 1322 3568 
8300 1355 1344 1317 3568 
8301 1355 1322 1344 3568 
8302 1353 136 135 1409 
8303 1349 1348 1330 3566 
8304 1337 1333 1339 3570 
8305 1343 1337 1339 3570 
8306 1354 1319 1356 3568 
8307 1321 1348 1349 3566 
8308 1313 1339 1335 3567 
8309 1335 1339 1332 3567 
8310 194 1313 1342 3567 
8311 1335 1342 1313 3567 
8312 1314 1342 1338 3569 
8313 1353 1318 1352 3566 
8314 193 1342 1314 3569 
8315 1338 1342 1335 3569 
8316 1329 1338 1335 3569 
8317 1331 1353 3566 1320 
8318 1331 3566 1353 1352 
3 3 4 161
8319 1382 1376 1374 3572 
8320 1372 1362 1374 3572 
8321 1374 1362 1364 3572 
8322 1364 1382 1374 3572 
8323 1362 200 1364 3572 
8324 199 1362 1364 3571 
8325 1381 1382 1374 3571 
8326 1386 1385 3573 3574 
8327 1373 1374 1362 3571 
8328 1385 1384 3573 3574 
8329 1394 3573 1384 3574 
8330 1390 3573 1394 3574 
8331 1386 3573 1363 3574 
8332 203 3573 1390 3574 
8333 1363 3573 203 3574 
8334 1385 1380 1386 3573 
8335 199 1395 1362 3571 
8336 1385 1384 1380 3573 
8337 1384 1385 1403 3574 
8338 1382 1381 1374 1376 
8339 1386 1408 1385 3574 
8340 1394 1389 1384 3573 
8341 1384 1403 1394 3574 
8342 1364 199 200 1362 
8343 1372 1362 1373 1374 
8344 1371 1362 1372 3572 
8345 1394 1370 1390 3574 
8346 1374 1375 1372 3572 
8347 1381 1374 1397 3571 
8348 1394 1390 1389 3573 
8349 200 1362 1371 3572 
8350 1376 1375 1374 3572 
8351 1395 1373 1362 3571 
8352 1373 1397 1374 3571 
8353 1364 1396 199 3571 
8354 203 1390 1370 3574 
8355 1386 1387 1408 3574 
8356 200 1391 1364 3572 
8357 1382 1402 1364 3571 
8358 1363 1387 1386 3574 
8359 1402 1382 1381 3571 
8360 1405 1411 198 3571 
8361 198 1411 1404 3571 
8362 1402 1396 1364 3571 
8363 1405 1369 1411 3571 
8364 1382 1378 1376 3572 
8365 1411 198 9 1405 
8366 1368 1404 1411 3571 
8367 9 198 1411 1404 
8368 1382 1364 1378 3572 
8369 1411 1369 1398 3571 
8370 202 1390 203 3573 
8371 1378 1364 1391 3572 
8372 1365 1412 1393 3574 
8373 1393 1412 1406 3574 
8374 1366 1411 1398 3571 
8375 1401 1412 1367 3574 
8376 1407 1412 1401 3574 
8377 1363 203 1387 3574 
8378 1399 1412 1365 3574 
8379 1411 1368 143 1404 
8380 1405 138 1411 1369 
8381 1388 3572 1383 3573 
8382 202 203 1363 3573 
8383 189 1393 1365 1412 
8384 1383 3572 1377 3573 
8385 201 3572 1361 3573 
8386 1400 1411 1366 3571 
8387 1400 1368 1411 3571 
8388 1406 1412 204 3574 
8389 1367 1412 1399 3574 
8390 202 201 1361 3573 
8391 1366 140 1398 1411 
8392 1399 188 1365 1412 
8393 1393 190 1406 1412 
8394 1361 3572 1388 3573 
8395 143 142 1368 1411 
8396 204 1412 1407 3574 
8397 1383 1388 1375 3572 
8398 1383 1375 1377 3572 
8399 201 1391 200 3572 
8400 198 199 1396 3571 
8401 198 1395 199 3571 
8402 1411 139 1398 1369 
8403 1405 1396 1369 3571 
8404 1377 1380 1383 3573 
8405 189 190 1393 1412 
8406 1377 1375 1376 3572 
8407 1372 1375 1388 3572 
8408 187 1399 1367 1412 
8409 188 189 1365 1412 
8410 1371 1372 1388 3572 
8411 1371 201 200 3572 
8412 141 140 1366 1411 
8413 1368 142 1400 1411 
8414 1389 1388 1383 3573 
8415 198 1396 1405 3571 
8416 1401 186 1367 1412 
8417 1389 1361 1388 3573 
8418 1371 1361 201 3572 
8419 1366 1400 141 1411 
8420 1384 1383 1380 3573 
8421 198 1404 1395 3571 
8422 1401 1407 185 1412 
8423 1392 3572 201 3573 
8424 1403 1385 1399 3574 
8425 1411 143 9 1404 
8426 1371 1388 1361 3572 
8427 9 138 1411 1405 
8428 1408 1367 1385 3574 
8429 138 139 1411 1369 
8430 1379 1377 3572 3573 
8431 1389 1383 1384 3573 
8432 1381 1397 1366 3571 
8433 202 1392 201 3573 
8434 1399 187 188 1412 
8435 1399 1385 1367 3574 
8436 1368 1395 1404 3571 
8437 1365 1394 1403 3574 
8438 1408 1401 1367 3574 
8439 1398 1381 1366 3571 
8440 1406 12 204 1412 
8441 1390 202 1361 3573 
8442 1370 1394 1393 3574 
8443 185 186 1401 1412 
8444 1369 1396 1402 3571 
8445 1373 1395 1368 3571 
8446 1378 1391 1392 3572 
8447 1393 1394 1365 3574 
8448 1407 204 12 1412 
8449 1401 1387 1407 3574 
8450 1398 140 139 1411 
8451 1390 1361 1389 3573 
8452 1392 1391 201 3572 
8453 1377 1379 1380 3573 
8454 1386 1379 1363 3573 
8455 1377 1376 1378 3572 
8456 1380 1379 1386 3573 
8457 186 187 1367 1412 
8458 1403 1399 1365 3574 
8459 1402 1381 1398 3571 
8460 1370 1393 1406 3574 
8461 204 1387 203 3574 
8462 1406 190 12 1412 
8463 1398 1369 1402 3571 
8464 1407 1387 204 3574 
8465 1379 3572 1392 3573 
8466 1370 204 203 3574 
8467 1408 1387 1401 3574 
8468 1400 142 141 1411 
8469 1366 1397 1400 3571 
8470 1392 1379 1378 3572 
8471 1370 1406 204 3574 
8472 1379 1377 1378 3572 
8473 1392 1363 1379 3573 
8474 1407 12 185 1412 
8475 1392 202 1363 3573 
8476 1374 1364 3571 1382 
8477 1374 3571 1364 1362 
8478 1373 1400 3571 1368 
8479 3571 1400 1373 1397 
3 4 4 3029
8480 1730 3584 1615 3623 
8481 734 3584 849 3623 
8482 1458 3598 1714 3624 
8483 631 3578 3625 3650 
8484 3603 3618 1595 3629 
8485 714 3618 3603 3629 
8486 1587 778 1659 3579 
8487 631 3625 3597 3650 
8488 1470 3587 1720 3608 
8489 839 3587 589 3608 
8490 868 3599 3577 3645 
8491 1701 3611 3600 3635 
8492 1701 3600 3585 3635 
8493 734 3609 3584 3623 
8494 3584 3609 1615 3623 
8495 1781 1619 3592 3615 
8496 812 631 3578 3625 
8497 741 3577 3599 3651 
8498 741 3588 3577 3651 
8499 682 3610 3593 3640 
8500 1804 3639 1650 3657 
8501 1693 3625 3578 3650 
8502 589 3587 1822 3608 
8503 1477 3581 1843 3594 
8504 741 3577 868 3599 
8505 1650 3639 3580 3657 
8506 717 3592 3589 3596 
8507 1598 3589 3592 3596 
8508 1598 3596 3592 3643 
8509 1752 3578 1498 3632 
8510 1840 3581 596 3594 
8511 670 606 3618 3633 
8512 839 1822 589 3587 
8513 1659 778 721 3579 
8514 717 635 3592 3596 
8515 717 635 834 3592 
8516 635 3592 3596 3643 
8517 1693 1512 3625 3650 
8518 1588 1418 3578 3625 
8519 707 3578 1418 3625 
8520 1816 3587 1470 3608 
8521 582 3583 3587 3647 
8522 3600 3611 672 3635 
8523 1470 1816 1720 3587 
8524 1598 3592 1715 3643 
8525 1487 1551 3618 3633 
8526 842 3580 3602 3633 
8527 608 3602 1832 3633 
8528 1772 3592 738 3615 
8529 682 3620 3610 3640 
8530 1723 3602 3580 3633 
8531 672 3611 3600 3658 
8532 598 3614 3593 3656 
8533 1588 1418 1498 3578 
8534 1418 707 617 3578 
8535 582 3587 877 3647 
8536 1437 1436 3578 3632 
8537 716 3594 3579 3629 
8538 3579 3594 1597 3629 
8539 804 3583 582 3647 
8540 1553 3600 1701 3611 
8541 1843 3581 1828 3594 
8542 1563 3593 3610 3640 
8543 842 3602 608 3633 
8544 1711 3581 1477 3594 
8545 596 3581 830 3594 
8546 812 3578 631 3650 
8547 804 582 877 3647 
8548 615 3585 1453 3598 
8549 820 3600 672 3635 
8550 1490 1477 1843 3594 
8551 635 834 3592 3643 
8552 1436 1498 3578 3632 
8553 849 3584 697 3616 
8554 1578 3584 1730 3616 
8555 582 3583 1815 3587 
8556 1843 3581 1477 3644 
8557 1598 1516 3596 3643 
8558 1451 3598 1458 3624 
8559 1841 1829 3576 3584 
8560 1828 3581 1840 3594 
8561 1840 596 609 3594 
8562 3584 3606 697 3616 
8563 1578 3606 3584 3616 
8564 589 1822 3593 3608 
8565 3580 3602 1723 3619 
8566 842 3602 3580 3619 
8567 1723 1489 3602 3633 
8568 3576 3584 733 3653 
8569 598 1814 828 3656 
8570 1703 1752 1498 3632 
8571 670 3618 3590 3633 
8572 1816 1470 3593 3608 
8573 731 1612 3595 3654 
8574 1842 3576 1829 3584 
8575 841 3580 3639 3657 
8576 1598 1715 1516 3643 
8577 1508 1480 3596 3602 
8578 1598 3589 3596 3652 
8579 833 3598 1451 3624 
8580 1840 596 3581 3644 
8581 3584 3609 733 3653 
8582 820 3585 3600 3635 
8583 716 3603 3594 3629 
8584 3594 3603 1597 3629 
8585 1831 3596 1480 3602 
8586 1692 3579 1597 3629 
8587 716 3579 811 3629 
8588 808 3605 3621 3626 
8589 1689 3621 3605 3626 
8590 1722 3580 1650 3639 
8591 1730 1615 1649 3623 
8592 768 734 849 3623 
8593 1597 3579 1692 3594 
8594 811 3579 716 3594 
8595 724 3576 733 3653 
8596 596 830 609 3594 
8597 1490 1711 1477 3594 
8598 1843 1828 3581 3644 
8599 1816 1822 3587 3608 
8600 1835 3603 624 3618 
8601 873 811 3579 3629 
8602 1754 3579 1692 3629 
8603 718 796 3608 3621 
8604 1840 3581 1828 3644 
8605 3590 3618 1551 3633 
8606 1418 1436 1498 3578 
8607 1837 3602 843 3637 
8608 1705 3601 3612 3641 
8609 824 3612 3601 3641 
8610 1682 3586 3583 3622 
8611 3583 3586 801 3622 
8612 1680 3631 3622 3642 
8613 3622 3631 799 3642 
8614 1830 1487 3618 3633 
8615 3606 3638 1697 3652 
8616 682 3593 629 3640 
8617 3587 3605 867 3647 
8618 598 3593 1814 3656 
8619 1838 3602 1489 3633 
8620 1437 3578 617 3632 
8621 3597 3625 1512 3650 
8622 1698 3651 1624 3659 
8623 3586 3630 802 3631 
8624 1751 1593 3607 3619 
8625 870 3607 712 3619 
8626 1441 1453 3585 3598 
8627 806 3608 3610 3621 
8628 3586 3622 1681 3631 
8629 800 3622 3586 3631 
8630 797 3605 3587 3621 
8631 1705 3612 824 3641 
8632 741 782 3577 3588 
8633 1511 1470 1720 3608 
8634 839 589 630 3608 
8635 841 3639 769 3657 
8636 606 1839 3618 3633 
8637 1687 3610 3608 3621 
8638 702 3618 714 3629 
8639 1583 1595 3618 3629 
8640 877 3587 867 3647 
8641 3587 3605 1678 3621 
8642 1696 1698 1624 3659 
8643 1655 3611 1701 3635 
8644 3593 3614 629 3640 
8645 3596 3602 1831 3637 
8646 1714 3598 1601 3624 
8647 720 3598 833 3624 
8648 3606 3616 1697 3638 
8649 702 1583 3618 3629 
8650 1677 1599 3608 3621 
8651 803 867 3605 3647 
8652 845 3605 3628 3630 
8653 599 1837 843 3637 
8654 3577 3645 3599 3651 
8655 3607 3619 1581 3660 
8656 1563 3610 3620 3640 
8657 871 617 3578 3632 
8658 1841 3576 1694 3584 
8659 693 3583 3622 3646 
8660 1682 3583 1574 3622 
8661 693 3583 801 3622 
8662 696 3638 3606 3652 
8663 782 868 741 3577 
8664 813 3576 1842 3584 
8665 1480 3596 1831 3637 
8666 1791 3639 1804 3657 
8667 803 877 867 3647 
8668 3602 1581 3619 3660 
8669 672 3611 774 3635 
8670 1562 1563 3593 3610 
8671 681 3593 682 3610 
8672 589 3593 628 3608 
8673 1509 3593 1470 3608 
8674 726 724 733 3653 
8675 1418 617 1437 3578 
8676 1751 3607 1799 3619 
8677 1835 1830 3603 3618 
8678 1563 1510 3593 3640 
8679 726 733 3609 3653 
8680 615 762 1453 3585 
8681 711 3611 3582 3650 
8682 1755 874 3626 3628 
8683 1747 1697 3638 3652 
8684 1505 3603 1830 3618 
8685 803 3605 3586 3647 
8686 1826 3577 1491 3613 
8687 1816 3593 1822 3608 
8688 610 3577 1824 3613 
8689 696 3589 866 3638 
8690 1553 1701 1655 3611 
8691 1569 3591 1561 3601 
8692 1458 1496 1714 3598 
8693 1669 1705 3601 3612 
8694 788 3601 824 3612 
8695 1418 1437 1436 3578 
8696 696 3589 3638 3652 
8697 1609 3654 728 3655 
8698 1569 3591 3601 3641 
8699 820 672 774 3635 
8700 1683 3630 3586 3631 
8701 1681 3586 1682 3622 
8702 800 801 3586 3622 
8703 1825 603 853 3582 
8704 1690 3626 3605 3628 
8705 809 3605 3626 3628 
8706 1561 3601 3591 3649 
8707 812 3578 707 3625 
8708 1588 3578 1693 3625 
8709 1487 1505 1830 3618 
8710 726 3653 3609 3655 
8711 711 632 3611 3650 
8712 1508 1724 1480 3602 
8713 720 3598 3624 3640 
8714 1696 1624 3588 3659 
8715 797 3587 630 3621 
8716 812 617 707 3578 
8717 1693 1588 1498 3578 
8718 1624 3651 3588 3659 
8719 868 3577 686 3645 
8720 1835 3594 829 3603 
8721 627 3602 3596 3637 
8722 1703 1498 1436 3632 
8723 870 1802 3607 3619 
8724 741 743 3588 3651 
8725 1698 1696 3650 3659 
8726 1748 1678 3587 3605 
8727 867 3587 797 3605 
8728 689 3622 3591 3646 
8729 3600 3614 713 3656 
8730 1553 1488 3600 3658 
8731 1592 3582 1488 3658 
8732 1837 1831 3602 3637 
8733 1561 3604 3601 3649 
8734 688 3641 3601 3649 
8735 1678 1511 3587 3621 
8736 1689 3605 1690 3626 
8737 808 809 3605 3626 
8738 1734 1484 1827 3582 
8739 1511 1720 3587 3608 
8740 839 630 3587 3608 
8741 1747 3638 3589 3652 
8742 1553 1592 1488 3658 
8743 603 3582 1825 3588 
8744 3587 3608 630 3621 
8745 824 3601 758 3641 
8746 1705 1639 3601 3641 
8747 1736 1496 3585 3598 
8748 855 3585 615 3598 
8749 867 3605 797 3621 
8750 1748 1678 3605 3621 
8751 717 3596 3589 3652 
8752 1818 1488 3582 3658 
8753 1781 3592 1764 3615 
8754 688 3591 3641 3649 
8755 1726 3628 3605 3630 
8756 843 3602 627 3637 
8757 1711 3581 3594 3627 
8758 629 682 681 3593 
8759 1510 1562 1563 3593 
8760 1592 1553 3611 3658 
8761 1511 3608 3587 3621 
8762 3585 3598 855 3661 
8763 693 3622 864 3646 
8764 1805 3607 1493 3615 
8765 1441 3585 1496 3598 
8766 604 3616 1782 3623 
8767 804 801 3583 3586 
8768 623 3600 713 3656 
8769 1827 3582 1484 3588 
8770 3583 3586 1682 3647 
8771 1826 1812 3577 3613 
8772 1710 3594 1834 3603 
8773 1581 3602 1508 3660 
8774 1698 3650 3578 3659 
8775 1673 3619 1502 3657 
8776 1480 1507 3596 3637 
8777 640 723 3595 3644 
8778 1604 1521 3595 3644 
8779 1812 1824 3577 3613 
8780 1444 3597 625 3625 
8781 1759 3599 1429 3634 
8782 1444 1506 3597 3625 
8783 1787 3607 1805 3615 
8784 1821 3587 3583 3647 
8785 628 3608 3593 3610 
8786 1509 3593 3608 3610 
8787 845 819 3605 3630 
8788 830 3594 3581 3627 
8789 673 3614 3600 3661 
8790 1673 3580 3619 3657 
8791 599 843 627 3637 
8792 1705 1639 1669 3601 
8793 758 824 788 3601 
8794 1829 1841 1836 3584 
8795 804 3586 3583 3647 
8796 713 3600 673 3614 
8797 1736 3598 3585 3661 
8798 1698 3578 3651 3659 
8799 720 683 3598 3640 
8800 1690 3605 1726 3628 
8801 845 3605 809 3628 
8802 1560 3617 3604 3634 
8803 804 803 3586 3647 
8804 1673 1650 3580 3657 
8805 701 3592 834 3643 
8806 804 877 803 3647 
8807 1815 1822 839 3587 
8808 623 713 828 3656 
8809 689 864 3622 3646 
8810 851 686 868 3577 
8811 3600 3611 1553 3658 
8812 1710 1597 3594 3603 
8813 716 829 3594 3603 
8814 1480 1495 1507 3637 
8815 1786 1502 1751 3619 
8816 789 855 3598 3661 
8817 673 3585 855 3661 
8818 633 711 3582 3650 
8819 816 3616 3606 3638 
8820 3576 3595 723 3644 
8821 1604 3595 3576 3644 
8822 1503 1648 1778 3638 
8823 1689 1726 1690 3605 
8824 845 808 809 3605 
8825 717 626 3596 3652 
8826 1835 1839 1830 3618 
8827 602 794 3613 3646 
8828 1818 3600 1488 3658 
8829 3601 3604 1560 3617 
8830 679 3604 3601 3617 
8831 813 733 3576 3584 
8832 1614 1694 3576 3584 
8833 633 632 711 3650 
8834 3601 3612 678 3617 
8835 1559 3612 3601 3617 
8836 1835 609 829 3594 
8837 1495 1507 3637 3652 
8838 1840 609 1835 3594 
8839 1723 1673 3580 3619 
8840 842 3580 792 3619 
8841 701 3615 3592 3643 
8842 1778 1648 3616 3638 
8843 693 864 3583 3646 
8844 3577 3604 686 3645 
8845 3578 3632 1752 3651 
8846 1604 1478 1521 3644 
8847 640 597 723 3644 
8848 841 3580 703 3639 
8849 1584 3580 1722 3639 
8850 1673 1502 1650 3657 
8851 1561 3591 1568 3649 
8852 1839 1830 3618 3633 
8853 1831 1480 1724 3602 
8854 602 850 864 3646 
8855 597 3576 723 3644 
8856 1604 3576 1478 3644 
8857 683 3614 3598 3640 
8858 1581 3607 1593 3619 
8859 3601 3604 679 3649 
8860 1469 730 1611 3655 
8861 1614 3584 3576 3653 
8862 1568 3613 1566 3649 
8863 740 3599 868 3645 
8864 632 3611 3597 3648 
8865 1560 3601 1561 3604 
8866 3593 3614 1594 3656 
8867 1438 1453 762 3585 
8868 1470 1479 1816 3593 
8869 1571 3622 3591 3642 
8870 3591 3622 690 3642 
8871 1571 3591 3641 3642 
8872 3591 690 3641 3642 
8873 1561 1566 3604 3649 
8874 629 3614 683 3640 
8875 1748 3605 3587 3647 
8876 3577 1663 3645 3651 
8877 789 673 855 3661 
8878 3597 3611 632 3650 
8879 1731 3583 1819 3646 
8880 3577 3604 1732 3613 
8881 851 3604 3577 3613 
8882 769 3639 1791 3657 
8883 693 689 864 3622 
8884 1580 3607 1581 3660 
8885 1786 1751 1799 3619 
8886 812 631 633 3650 
8887 742 743 3651 3659 
8888 1508 3596 3643 3660 
8889 741 3599 3632 3651 
8890 3576 3595 1604 3653 
8891 1550 1487 1551 3618 
8892 669 670 606 3618 
8893 1510 3614 3593 3640 
8894 855 762 615 3585 
8895 1496 1643 1736 3585 
8896 1815 3583 1821 3587 
8897 1799 3607 1802 3619 
8898 3591 3613 687 3646 
8899 741 742 743 3651 
8900 816 3606 696 3638 
8901 3601 3641 3591 3649 
8902 1782 3616 1762 3623 
8903 1479 3593 1594 3656 
8904 1813 1825 3582 3588 
8905 1764 3592 1772 3615 
8906 632 764 3611 3648 
8907 1818 1827 1813 3582 
8908 1491 3577 1732 3613 
8909 851 3577 610 3613 
8910 688 758 3601 3641 
8911 1569 3601 1639 3641 
8912 725 3595 3576 3653 
8913 1592 3611 3582 3658 
8914 874 1686 1755 3626 
8915 725 3595 3653 3654 
8916 1681 3622 1680 3631 
8917 799 3622 800 3631 
8918 1685 3583 1682 3647 
8919 1781 1764 1619 3615 
8920 1698 3578 1752 3651 
8921 670 3590 704 3633 
8922 602 1820 850 3646 
8923 679 3604 3617 3634 
8924 704 3590 3580 3633 
8925 1561 1568 1566 3649 
8926 1685 1574 1682 3583 
8927 693 804 801 3583 
8928 703 3580 3590 3639 
8929 1584 3590 3580 3639 
8930 582 850 1815 3583 
8931 604 767 1782 3616 
8932 1696 3588 3582 3659 
8933 713 623 673 3600 
8934 1577 3606 1697 3652 
8935 1828 1840 1835 3594 
8936 589 1822 598 3593 
8937 1818 3582 1813 3658 
8938 1704 1705 824 3641 
8939 1774 3589 1761 3592 
8940 740 868 686 3645 
8941 1502 1593 1751 3619 
8942 870 712 621 3619 
8943 632 3597 764 3648 
8944 802 3586 819 3630 
8945 789 3614 673 3661 
8946 817 742 871 3578 
8947 1507 3596 3637 3652 
8948 1503 1760 1654 3638 
8949 1444 613 625 3597 
8950 1574 1570 3622 3646 
8951 3582 3650 1696 3659 
8952 1494 1444 1506 3597 
8953 1711 3594 1712 3627 
8954 3581 3595 1521 3644 
8955 640 3595 3581 3644 
8956 851 686 3577 3604 
8957 1581 1508 1580 3660 
8958 1747 1577 1697 3652 
8959 1621 3599 1759 3634 
8960 1622 1749 1663 3645 
8961 1508 3602 3596 3660 
8962 1804 1788 1650 3639 
8963 1832 843 1837 3602 
8964 635 701 834 3643 
8965 1582 3615 3607 3643 
8966 1836 3584 1695 3606 
8967 1821 1463 3587 3647 
8968 721 1610 1602 3627 
8969 3580 3590 1585 3633 
8970 717 3589 696 3652 
8971 3577 3588 1663 3651 
8972 1451 1458 1459 3624 
8973 1779 1774 1761 3592 
8974 1458 1441 1496 3598 
8975 616 1761 3589 3592 
8976 603 3582 3588 3659 
8977 742 3651 3632 3659 
8978 1623 1752 3632 3651 
8979 1752 1693 1498 3578 
8980 871 617 812 3578 
8981 741 3632 742 3651 
8982 1813 3582 1827 3588 
8983 704 3580 842 3633 
8984 3585 673 3600 3661 
8985 701 3607 3615 3643 
8986 1566 3613 3604 3649 
8987 774 3611 672 3658 
8988 1569 1568 1561 3591 
8989 1499 3632 3599 3651 
8990 1802 870 621 3619 
8991 1433 1620 1415 3617 
8992 723 3576 725 3595 
8993 615 1451 833 3598 
8994 1453 1451 615 3598 
8995 3586 3605 819 3630 
8996 741 743 782 3588 
8997 1582 3592 3615 3643 
8998 1585 3590 1551 3633 
8999 1710 1597 1490 3594 
9000 716 829 609 3594 
9001 1826 283 1491 3577 
9002 1510 1594 3593 3614 
9003 845 3628 795 3630 
9004 1574 3622 3583 3646 
9005 3591 3613 1568 3649 
9006 1560 3604 1567 3634 
9007 812 633 3578 3650 
9008 613 764 3597 3648 
9009 1826 1491 1675 3613 
9010 701 3607 3643 3660 
9011 3588 3651 743 3659 
9012 1821 3583 1463 3647 
9013 606 670 844 3633 
9014 1824 610 284 3577 
9015 700 3602 842 3619 
9016 1723 3602 1581 3619 
9017 1566 1732 3604 3613 
9018 851 685 3604 3613 
9019 1560 1620 3617 3634 
9020 831 3594 830 3627 
9021 626 717 696 3652 
9022 1712 1692 3579 3594 
9023 811 831 3579 3594 
9024 1710 1490 1834 3594 
9025 602 3613 1820 3646 
9026 794 610 1824 3613 
9027 623 828 1814 3656 
9028 1820 3583 850 3646 
9029 1620 1415 3617 3634 
9030 1761 773 616 3589 
9031 1734 1696 1484 3582 
9032 853 603 815 3582 
9033 3598 3614 1670 3640 
9034 1696 1484 3582 3588 
9035 1762 3616 1485 3623 
9036 1834 3594 1835 3603 
9037 680 688 3601 3649 
9038 602 864 794 3646 
9039 1729 3623 3609 3636 
9040 848 3609 3623 3636 
9041 1605 1614 3576 3653 
9042 1787 612 3607 3615 
9043 1622 3645 1663 3651 
9044 628 589 598 3593 
9045 1470 1509 1479 3593 
9046 813 733 724 3576 
9047 1614 1694 1605 3576 
9048 1508 3643 1580 3660 
9049 1656 3595 1612 3654 
9050 731 3595 775 3654 
9051 867 797 808 3621 
9052 1832 608 843 3602 
9053 812 707 631 3625 
9054 1588 1693 1512 3625 
9055 764 3635 3611 3648 
9056 1838 1832 3602 3633 
9057 1482 1620 1433 3617 
9058 762 620 1455 3635 
9059 1816 1822 1815 3587 
9060 1582 1715 3592 3643 
9061 1814 598 1822 3593 
9062 1510 1594 1479 3593 
9063 696 717 866 3589 
9064 867 808 3605 3621 
9065 1459 833 1451 3624 
9066 739 3617 1425 3634 
9067 1428 739 1425 3634 
9068 1592 1734 1488 3582 
9069 782 284 3577 3588 
9070 283 1663 3577 3588 
9071 871 3578 742 3632 
9072 1495 3637 3606 3652 
9073 1802 3619 621 3657 
9074 850 3583 864 3646 
9075 769 1808 1791 3639 
9076 742 3578 817 3659 
9077 1585 1723 3580 3633 
9078 1683 3586 1681 3631 
9079 800 3586 802 3631 
9080 740 878 3599 3634 
9081 1765 1782 767 3616 
9082 1487 1550 1505 3618 
9083 606 624 669 3618 
9084 1748 3587 1678 3647 
9085 1701 3585 3600 3661 
9086 1480 1831 1495 3637 
9087 1774 1497 1654 3589 
9088 721 1602 1659 3579 
9089 677 3612 1434 3617 
9090 820 3585 673 3600 
9091 1731 1819 1483 3646 
9092 1601 3624 3598 3640 
9093 1503 1778 1760 3638 
9094 623 1814 3600 3656 
9095 1501 1655 1701 3635 
9096 1694 1695 1841 3584 
9097 789 3598 683 3614 
9098 704 703 3580 3590 
9099 1585 3580 1584 3590 
9100 1787 1807 612 3615 
9101 1501 3635 1456 3648 
9102 631 3597 633 3650 
9103 1700 3605 3586 3630 
9104 1764 1772 738 3615 
9105 628 3593 681 3610 
9106 1509 1562 3593 3610 
9107 1587 706 778 3579 
9108 582 1815 839 3587 
9109 582 804 850 3583 
9110 1685 1463 1731 3583 
9111 797 867 877 3587 
9112 1570 3591 3622 3646 
9113 1842 814 813 3584 
9114 1764 738 785 3615 
9115 1521 3581 1718 3595 
9116 837 3581 640 3595 
9117 1712 3594 3579 3627 
9118 1832 1837 1831 3602 
9119 1684 3586 1700 3605 
9120 819 3586 803 3605 
9121 1748 1689 1678 3621 
9122 712 3619 3607 3660 
9123 1623 3632 1499 3651 
9124 1648 1503 1697 3638 
9125 616 3589 717 3592 
9126 1497 1598 3589 3592 
9127 3609 3653 1607 3655 
9128 740 686 3634 3645 
9129 1684 3586 3605 3647 
9130 1834 1490 1843 3594 
9131 283 3577 284 3588 
9132 1697 3606 1578 3616 
9133 816 697 3606 3616 
9134 1441 1453 1438 3585 
9135 1501 1701 3585 3635 
9136 1748 3605 1689 3621 
9137 1726 3605 1700 3630 
9138 1598 3596 1516 3652 
9139 678 679 3601 3617 
9140 1559 3601 1560 3617 
9141 689 3591 864 3646 
9142 1841 1695 1836 3584 
9143 1698 1752 1623 3651 
9144 680 3601 679 3649 
9145 680 688 758 3601 
9146 1639 1569 1561 3601 
9147 804 803 801 3586 
9148 789 3598 3614 3661 
9149 1764 1666 1619 3615 
9150 737 612 1807 3615 
9151 1648 1697 3616 3638 
9152 1585 1722 1584 3580 
9153 703 841 704 3580 
9154 849 697 768 3616 
9155 1649 1578 1730 3616 
9156 1836 1833 3584 3606 
9157 1703 1413 1499 3632 
9158 831 3579 3594 3627 
9159 1614 3609 3584 3653 
9160 1791 1788 1804 3639 
9161 742 3632 3578 3659 
9162 724 725 723 3576 
9163 1823 3593 1479 3656 
9164 864 3591 687 3646 
9165 1479 1823 1816 3593 
9166 1805 1493 1806 3615 
9167 725 3576 724 3653 
9168 679 3617 739 3634 
9169 1650 1786 1804 3657 
9170 1826 1819 1812 3613 
9171 842 843 608 3602 
9172 1723 1489 1724 3602 
9173 1592 3582 3611 3650 
9174 603 815 3582 3659 
9175 725 3654 3653 3655 
9176 613 3597 1461 3648 
9177 1828 1835 1834 3594 
9178 626 3637 3596 3652 
9179 633 3597 632 3650 
9180 1619 1582 3592 3615 
9181 738 3592 701 3615 
9182 1685 1463 3583 3647 
9183 1814 3593 1823 3656 
9184 613 764 632 3597 
9185 1434 3612 1558 3617 
9186 808 3621 807 3626 
9187 1493 3607 1582 3615 
9188 612 701 3607 3615 
9189 712 700 3619 3660 
9190 856 842 792 3619 
9191 1723 1737 1673 3619 
9192 1842 1829 1833 3584 
9193 1609 1469 1611 3655 
9194 740 3634 3599 3645 
9195 871 822 617 3632 
9196 687 3613 3591 3649 
9197 1683 1682 1681 3586 
9198 801 802 800 3586 
9199 1427 3599 1499 3632 
9200 728 730 588 3655 
9201 1681 1682 1572 3622 
9202 800 691 801 3622 
9203 1459 787 833 3624 
9204 1650 1722 1673 3580 
9205 1689 1688 3621 3626 
9206 1669 3601 1559 3612 
9207 788 678 3601 3612 
9208 1705 1472 824 3612 
9209 829 1835 1840 609 
9210 283 1812 284 3577 
9211 283 1663 1491 3577 
9212 610 782 284 3577 
9213 1440 1501 3585 3635 
9214 1683 1700 3586 3630 
9215 1507 1508 1480 3596 
9216 682 629 683 3640 
9217 640 830 596 3581 
9218 1477 1711 1521 3581 
9219 1712 1597 1692 3594 
9220 811 716 831 3594 
9221 1830 1505 1834 3603 
9222 635 701 3643 3660 
9223 1838 1724 1489 3602 
9224 626 696 3637 3652 
9225 715 706 1587 3629 
9226 1826 1812 283 3577 
9227 589 628 630 3608 
9228 1511 1509 1470 3608 
9229 1559 1558 3612 3617 
9230 678 3612 677 3617 
9231 1429 1759 1427 3599 
9232 3596 3602 627 3660 
9233 1501 1655 3635 3648 
9234 834 701 738 3592 
9235 1619 1582 1715 3592 
9236 686 3604 679 3634 
9237 1812 1824 284 3577 
9238 1503 1747 1697 3638 
9239 285 1829 286 3576 
9240 1551 1487 1725 3633 
9241 792 3619 3580 3657 
9242 3604 3634 686 3645 
9243 625 3597 631 3625 
9244 1506 1512 3597 3625 
9245 1414 3599 878 3634 
9246 845 795 819 3630 
9247 1580 1593 1581 3607 
9248 1841 1829 285 3576 
9249 612 870 1787 3607 
9250 1592 3611 1513 3650 
9251 616 717 834 3592 
9252 1497 1715 1598 3592 
9253 1568 3613 3591 3646 
9254 635 3643 3596 3660 
9255 1502 1786 1650 3657 
9256 726 725 3653 3655 
9257 740 741 868 3599 
9258 1821 1720 1816 3587 
9259 1605 3576 1604 3653 
9260 1787 870 1802 3607 
9261 286 1829 1842 3576 
9262 1828 1834 1843 3594 
9263 596 640 3581 3644 
9264 1521 1477 3581 3644 
9265 1614 1615 3584 3609 
9266 733 3584 734 3609 
9267 1817 623 1814 3600 
9268 1623 1703 1499 3632 
9269 720 833 787 3624 
9270 1668 1714 1601 3624 
9271 1463 1821 1731 3583 
9272 1732 3604 3577 3645 
9273 1786 3619 1802 3657 
9274 1458 1451 1441 3598 
9275 1787 1805 1806 3615 
9276 1463 1720 1821 3587 
9277 764 774 3611 3635 
9278 1799 1802 1786 3619 
9279 697 3584 814 3606 
9280 1695 3584 1578 3606 
9281 797 630 796 3621 
9282 1491 1732 1675 3613 
9283 851 610 794 3613 
9284 1758 3587 1463 3647 
9285 1651 770 671 3590 
9286 1737 1723 1581 3619 
9287 856 700 842 3619 
9288 1803 1802 621 3657 
9289 1726 1676 3628 3630 
9290 1703 1436 1413 3632 
9291 1814 1818 3600 3656 
9292 762 1455 1438 3635 
9293 1564 1670 3614 3640 
9294 1819 1731 1821 3583 
9295 1703 1623 1752 3632 
9296 857 802 3630 3631 
9297 1453 1441 1451 3598 
9298 762 1438 3585 3635 
9299 1429 3599 1414 3634 
9300 721 729 1610 3627 
9301 717 626 635 3596 
9302 1567 3634 3604 3645 
9303 696 3606 3637 3652 
9304 700 3602 3619 3660 
9305 774 632 764 3611 
9306 1513 3611 3597 3650 
9307 613 1461 764 3648 
9308 1521 1743 1718 3581 
9309 837 862 640 3581 
9310 1836 1695 1495 3606 
9311 1818 1813 1817 3658 
9312 1817 623 3600 3658 
9313 3611 3635 1655 3648 
9314 1560 1567 1620 3634 
9315 1713 1712 3579 3627 
9316 730 3636 1611 3655 
9317 1749 3577 1663 3645 
9318 1781 1772 1764 3592 
9319 731 722 1612 3654 
9320 841 605 769 3639 
9321 1486 1722 1650 3639 
9322 1781 1497 1779 3592 
9323 1718 3581 1610 3595 
9324 729 3581 837 3595 
9325 1678 1677 1511 3621 
9326 1829 1836 1833 3584 
9327 693 801 691 3622 
9328 1572 1682 1574 3622 
9329 814 3584 1833 3606 
9330 701 699 3607 3660 
9331 1814 1822 1823 3593 
9332 820 855 673 3585 
9333 1606 3653 3595 3654 
9334 1483 1819 1675 3646 
9335 691 3622 799 3642 
9336 1680 3622 1572 3642 
9337 1701 3600 1554 3661 
9338 779 1476 1660 3620 
9339 630 3608 796 3621 
9340 1560 1559 1561 3601 
9341 678 679 680 3601 
9342 633 3650 3582 3659 
9343 782 603 284 3588 
9344 1663 283 1484 3588 
9345 1782 1765 1762 3616 
9346 605 1808 769 3639 
9347 1817 3600 1818 3658 
9348 286 3576 597 3644 
9349 1478 3576 285 3644 
9350 720 615 833 3598 
9351 1496 1601 1714 3598 
9352 1414 618 878 3599 
9353 1502 3619 1786 3657 
9354 1427 1499 1413 3632 
9355 1711 1613 3581 3627 
9356 1670 3614 3598 3661 
9357 1761 1777 773 3589 
9358 1678 3587 1758 3647 
9359 789 713 673 3614 
9360 842 608 844 3633 
9361 1488 1818 1504 3600 
9362 1614 1615 1730 3584 
9363 733 849 734 3584 
9364 1686 874 805 3626 
9365 1815 850 1820 3583 
9366 1463 1758 1720 3587 
9367 877 582 839 3587 
9368 631 632 633 3597 
9369 1675 1819 1826 3613 
9370 789 720 683 3598 
9371 1825 284 603 3588 
9372 3578 3650 633 3659 
9373 1746 3631 1680 3642 
9374 799 3631 865 3642 
9375 1566 1560 1561 3604 
9376 685 3604 3613 3649 
9377 1836 1833 3606 3637 
9378 832 3579 831 3627 
9379 739 601 1425 3617 
9380 1499 1427 1759 3599 
9381 721 1602 3579 3627 
9382 770 3590 1651 3639 
9383 1613 1743 3581 3627 
9384 1763 1548 1611 3636 
9385 3582 3611 711 3658 
9386 1765 1778 3616 3638 
9387 1564 3614 1510 3640 
9388 1819 3583 1820 3646 
9389 730 667 1763 3636 
9390 1677 3608 1511 3621 
9391 1516 3596 1507 3652 
9392 3632 3651 3578 3659 
9393 1645 1501 1456 3648 
9394 830 3581 732 3627 
9395 1587 1596 715 3629 
9396 768 3616 604 3623 
9397 1485 3616 1649 3623 
9398 3599 3634 1621 3645 
9399 1748 1684 3605 3647 
9400 830 862 732 3581 
9401 1743 1711 1613 3581 
9402 718 806 3608 3610 
9403 1599 3608 1687 3610 
9404 3597 3611 1513 3648 
9405 817 3578 633 3659 
9406 1501 1645 1655 3648 
9407 1508 3596 1516 3643 
9408 737 785 738 3615 
9409 1666 1618 1619 3615 
9410 1687 806 1661 3610 
9411 602 794 1820 3613 
9412 1493 1799 1751 3607 
9413 1759 1429 1620 3634 
9414 1816 1823 1822 3593 
9415 671 1552 1651 3590 
9416 1803 1786 1802 3657 
9417 716 811 810 3629 
9418 1691 1692 1597 3629 
9419 1553 1488 1504 3600 
9420 283 1827 1484 3588 
9421 1437 617 822 3632 
9422 1698 1693 3578 3650 
9423 1444 1461 613 3597 
9424 716 810 3603 3629 
9425 1691 1597 3603 3629 
9426 1819 3613 1675 3646 
9427 874 1755 875 3628 
9428 1494 1462 3597 3648 
9429 1805 1799 1493 3607 
9430 595 1476 779 3620 
9431 724 723 597 3576 
9432 1604 1605 1478 3576 
9433 812 633 817 3578 
9434 1812 1820 1824 3613 
9435 601 677 1434 3617 
9436 696 866 816 3638 
9437 1702 1416 821 3612 
9438 866 3589 773 3638 
9439 1469 1609 728 3655 
9440 1778 1762 1765 3616 
9441 1654 1497 1598 3589 
9442 717 616 773 3589 
9443 807 3621 806 3626 
9444 1425 3617 1415 3634 
9445 1701 1643 1501 3585 
9446 862 732 3581 3627 
9447 1618 1806 1493 3615 
9448 730 1763 1775 3636 
9449 1775 1763 1611 3636 
9450 1502 1673 1737 3619 
9451 1586 3620 705 3624 
9452 1818 1817 1814 3600 
9453 1580 3643 3607 3660 
9454 1580 1582 3607 3643 
9455 1748 1678 1758 3647 
9456 1728 1576 1641 3575 
9457 1688 1687 3621 3626 
9458 848 3609 734 3623 
9459 1615 3609 1729 3623 
9460 1505 1710 1834 3603 
9461 844 670 704 3633 
9462 1738 3630 1683 3631 
9463 792 3580 841 3657 
9464 704 670 703 3590 
9465 1585 1584 1551 3590 
9466 1678 1511 1720 3587 
9467 797 839 630 3587 
9468 1501 1440 1456 3635 
9469 1568 3591 1570 3646 
9470 1592 1696 3582 3650 
9471 806 3610 1687 3621 
9472 844 704 842 3633 
9473 1574 1745 1570 3646 
9474 689 687 864 3591 
9475 695 847 760 3575 
9476 726 725 724 3653 
9477 1438 1454 1441 3585 
9478 1736 1670 3598 3661 
9479 1619 1497 1781 3592 
9480 1696 1624 1484 3588 
9481 1592 1553 1655 3611 
9482 697 849 814 3584 
9483 1578 1695 1730 3584 
9484 814 1842 1833 3584 
9485 84 1455 620 3635 
9486 842 704 792 3580 
9487 1723 1673 1585 3580 
9488 1821 1816 1815 3587 
9489 1493 1751 1593 3607 
9490 870 612 712 3607 
9491 1606 3653 3654 3655 
9492 1444 1494 1462 3597 
9493 740 878 618 3599 
9494 1621 1499 1759 3599 
9495 1621 3634 1567 3645 
9496 1469 588 730 3655 
9497 690 3591 689 3622 
9498 1570 3591 1571 3622 
9499 1505 1595 3603 3618 
9500 714 624 3603 3618 
9501 820 673 672 3600 
9502 1701 1553 1554 3600 
9503 596 286 597 3644 
9504 285 1477 1478 3644 
9505 1711 1712 1613 3627 
9506 815 633 3582 3659 
9507 688 3591 690 3641 
9508 1569 1571 3591 3641 
9509 1787 1806 1807 3615 
9510 1433 1415 1425 3617 
9511 1838 1831 1724 3602 
9512 1486 1650 1788 3639 
9513 1494 1506 1512 3597 
9514 631 625 613 3597 
9515 1817 607 623 3658 
9516 1437 1413 1436 3632 
9517 1780 767 622 3638 
9518 686 679 739 3634 
9519 1683 1700 1684 3586 
9520 802 803 819 3586 
9521 693 864 850 3583 
9522 1574 1731 1745 3583 
9523 1843 1477 285 3644 
9524 1606 1604 3595 3653 
9525 1723 1725 1489 3633 
9526 1787 1799 1805 3607 
9527 1643 1496 225 1454 
9528 1514 1698 1696 3650 
9529 618 3599 1431 3632 
9530 1482 1434 1558 3617 
9531 1451 615 833 1453 
9532 1687 3608 1599 3621 
9533 875 3630 1756 3631 
9534 829 624 1835 3603 
9535 1832 844 608 3633 
9536 1745 3583 1731 3646 
9537 1809 1811 668 3639 
9538 789 855 615 3598 
9539 1736 1670 1496 3598 
9540 821 1472 1702 3612 
9541 718 3608 806 3621 
9542 1617 3609 1607 3655 
9543 1604 1521 1718 3595 
9544 723 837 640 3595 
9545 3599 3645 1622 3651 
9546 1681 1572 1680 3622 
9547 691 800 799 3622 
9548 1777 3589 1774 3638 
9549 773 3589 1777 3638 
9550 1818 1504 3600 3656 
9551 816 697 696 3606 
9552 1577 1578 1697 3606 
9553 1748 1684 1700 3605 
9554 819 803 867 3605 
9555 1499 3599 1622 3651 
9556 1840 286 596 3644 
9557 633 711 815 3582 
9558 1428 878 739 3634 
9559 1571 1572 3622 3642 
9560 690 3622 691 3642 
9561 679 601 739 3617 
9562 1482 1560 1620 3617 
9563 1598 1516 1507 3652 
9564 733 813 814 3584 
9565 1614 1695 1694 3584 
9566 1624 1663 3588 3651 
9567 1819 1820 1812 3613 
9568 806 3621 1687 3626 
9569 286 285 3576 3644 
9570 1675 3613 1568 3646 
9571 1444 1461 3597 3648 
9572 720 3624 684 3640 
9573 1513 3611 1655 3648 
9574 1501 1643 224 1454 
9575 810 714 3603 3629 
9576 1691 3603 1595 3629 
9577 84 620 764 3635 
9578 1431 618 1414 3599 
9579 1521 1478 1477 3644 
9580 596 597 640 3644 
9581 1428 1414 878 3634 
9582 1726 1700 1676 3630 
9583 1830 1834 1835 3603 
9584 1690 1755 3626 3628 
9585 874 809 3626 3628 
9586 1609 722 728 3654 
9587 1617 3636 3609 3655 
9588 1512 1513 3597 3650 
9589 1765 3616 767 3638 
9590 1732 1567 3604 3645 
9591 1592 1514 1696 3650 
9592 629 713 683 3614 
9593 1510 1564 1594 3614 
9594 831 830 732 3627 
9595 606 844 1839 3633 
9596 712 700 856 3619 
9597 1737 1581 1593 3619 
9598 614 814 1833 3606 
9599 1819 1821 1820 3583 
9600 1698 1514 1693 3650 
9601 778 706 873 3579 
9602 1587 1659 1754 3579 
9603 1705 1702 1472 3612 
9604 873 832 778 3579 
9605 1713 1754 1659 3579 
9606 1574 3583 1745 3646 
9607 701 699 612 3607 
9608 1582 1493 1580 3607 
9609 866 773 622 3638 
9610 1494 3597 1513 3648 
9611 794 3613 687 3649 
9612 1689 1690 1688 3626 
9613 808 807 809 3626 
9614 1607 3609 1614 3653 
9615 1430 1437 822 3632 
9616 1725 1487 1830 3633 
9617 685 3613 794 3649 
9618 117 118 763 1797 
9619 257 256 1644 1797 
9620 1725 1585 1551 3633 
9621 1701 1736 3585 3661 
9622 1585 1725 1723 3633 
9623 1802 1799 1787 3607 
9624 1807 1790 737 3615 
9625 794 685 851 3613 
9626 1675 1732 1566 3613 
9627 1791 1808 1788 3639 
9628 609 830 831 3594 
9629 1490 1712 1711 3594 
9630 716 624 829 3603 
9631 1597 1710 1505 3603 
9632 614 3606 1833 3637 
9633 730 1775 1611 3636 
9634 1824 1820 794 3613 
9635 1838 1832 1831 3602 
9636 1713 3579 1602 3627 
9637 1666 1781 1764 1619 
9638 848 736 3609 3636 
9639 1617 1729 3609 3636 
9640 721 3579 832 3627 
9641 627 3596 626 3637 
9642 724 597 813 3576 
9643 1694 1478 1605 3576 
9644 1485 1648 1649 3616 
9645 768 767 604 3616 
9646 1621 1759 1620 3634 
9647 1427 1414 1429 3599 
9648 1790 1618 1666 3615 
9649 1431 3599 1427 3632 
9650 597 286 9 1842 
9651 1682 3586 1684 3647 
9652 84 1439 1455 3635 
9653 589 839 134 1822 
9654 629 681 628 3593 
9655 1509 1562 1510 3593 
9656 1509 3608 1599 3610 
9657 628 718 3608 3610 
9658 614 697 814 3606 
9659 1578 1495 1695 3606 
9660 1580 1508 1516 3643 
9661 1438 1440 3585 3635 
9662 736 3609 3636 3655 
9663 1669 1639 1559 3601 
9664 758 788 678 3601 
9665 742 817 743 3659 
9666 773 1777 622 3638 
9667 115 116 783 1796 
9668 255 254 1664 1796 
9669 1478 18 285 1841 
9670 1568 1675 1566 3613 
9671 1819 1820 3613 3646 
9672 1752 1698 1693 3578 
9673 871 812 817 3578 
9674 685 679 3604 3649 
9675 1815 1820 1821 3583 
9676 856 3619 792 3657 
9677 687 3591 688 3649 
9678 737 1790 785 3615 
9679 720 684 683 3640 
9680 220 219 1423 1515 
9681 47 46 634 1423 
9682 685 794 687 3649 
9683 1749 1732 3577 3645 
9684 635 699 701 3660 
9685 1620 1429 1415 3634 
9686 693 691 689 3622 
9687 1572 1574 1570 3622 
9688 1711 1743 1521 3581 
9689 640 862 830 3581 
9690 1505 1550 1595 3618 
9691 714 669 624 3618 
9692 1825 1813 284 3588 
9693 1826 1675 1483 1819 
9694 1764 785 1790 3615 
9695 627 3602 700 3660 
9696 1567 1621 1620 3634 
9697 1444 3597 1462 3648 
9698 1440 1454 1438 3585 
9699 856 621 712 3619 
9700 1502 1737 1593 3619 
9701 1469 728 588 3655 
9702 736 726 3609 3655 
9703 1815 134 839 1822 
9704 1554 3600 3656 3661 
9705 1764 1790 1666 3615 
9706 612 737 701 3615 
9707 1618 1493 1582 3615 
9708 1433 1434 1482 3617 
9709 603 3588 743 3659 
9710 1574 1685 1731 3583 
9711 804 693 850 3583 
9712 1610 1718 1743 3581 
9713 862 837 729 3581 
9714 1586 1476 705 3620 
9715 3614 3656 3600 3661 
9716 1496 1441 225 1454 
9717 283 1813 1827 3588 
9718 250 1654 1503 1760 
9719 1648 249 1503 1778 
9720 1817 853 607 3658 
9721 1566 1732 1567 3604 
9722 851 685 686 3604 
9723 1772 616 738 3592 
9724 689 688 687 3591 
9725 1570 1568 1569 3591 
9726 116 117 619 1792 
9727 255 256 1792 1500 
9728 792 704 841 3580 
9729 1673 1722 1585 3580 
9730 1723 1724 1581 3602 
9731 700 843 842 3602 
9732 764 1439 3635 3648 
9733 1428 1425 1415 3634 
9734 1761 1774 1777 3589 
9735 780 806 779 3610 
9736 1687 1661 1660 3610 
9737 1490 1597 1712 3594 
9738 716 609 831 3594 
9739 272 1483 1731 1819 
9740 45 44 590 1422 
9741 217 218 1471 1422 
9742 1571 3641 1707 3642 
9743 826 3641 690 3642 
9744 588 1469 244 1784 
9745 1513 1494 1512 3597 
9746 613 632 631 3597 
9747 1439 84 764 3635 
9748 1836 1831 1833 3637 
9749 767 110 1780 622 
9750 1558 1669 1559 3612 
9751 788 677 678 3612 
9752 1592 1655 1513 3611 
9753 774 711 632 3611 
9754 822 618 34 1430 
9755 1623 1499 1622 3651 
9756 1587 778 1658 1659 
9757 1704 824 823 3641 
9758 696 3606 614 3637 
9759 622 1777 1780 3638 
9760 1603 722 1609 3654 
9761 1588 1417 1418 3625 
9762 1504 1554 3600 3656 
9763 1610 3581 1743 3627 
9764 707 1418 1417 3625 
9765 237 238 1665 1769 
9766 99 98 784 1769 
9767 782 851 868 3577 
9768 1663 1749 1732 3577 
9769 1724 1508 1581 3602 
9770 700 627 843 3602 
9771 857 802 819 3630 
9772 1514 1592 1513 3650 
9773 767 3616 816 3638 
9774 1772 1761 616 3592 
9775 1804 1650 266 1786 
9776 1568 1570 1745 3646 
9777 862 3581 729 3627 
9778 1756 1679 798 3631 
9779 1727 3623 1729 3636 
9780 848 3623 846 3636 
9781 1697 1578 1649 3616 
9782 816 768 697 3616 
9783 233 232 1474 1447 
9784 93 94 593 1447 
9785 782 743 603 3588 
9786 1663 1484 1624 3588 
9787 1592 1696 1734 3582 
9788 815 711 853 3582 
9789 1813 283 284 3588 
9790 699 712 3607 3660 
9791 1780 1765 767 3638 
9792 806 1687 1661 3626 
9793 853 3582 711 3658 
9794 102 101 594 1771 
9795 241 240 1771 1475 
9796 1747 3589 1598 3652 
9797 1622 3599 1621 3645 
9798 731 1612 1610 3595 
9799 726 733 734 3609 
9800 1614 1607 1615 3609 
9801 1461 1439 764 3648 
9802 787 1459 1442 3624 
9803 1759 209 1620 1429 
9804 1678 1720 1758 3587 
9805 877 839 797 3587 
9806 706 3579 1587 3629 
9807 1683 1684 1682 3586 
9808 801 803 802 3586 
9809 1509 1510 1479 3593 
9810 629 628 598 3593 
9811 1438 1455 1440 3635 
9812 789 683 713 3614 
9813 1594 1564 1670 3614 
9814 1440 1501 224 1454 
9815 1809 668 1549 3639 
9816 811 831 832 3579 
9817 1692 1713 1712 3579 
9818 1709 1823 1479 3656 
9819 740 618 741 3599 
9820 1621 1622 1499 3599 
9821 1430 1413 1437 3632 
9822 1608 1607 3653 3655 
9823 672 3600 623 3658 
9824 1648 1485 248 1778 
9825 774 711 3611 3658 
9826 689 690 688 3591 
9827 1571 1570 1569 3591 
9828 1748 1700 1726 3605 
9829 819 867 845 3605 
9830 627 635 3596 3660 
9831 1619 1618 1582 3615 
9832 737 738 701 3615 
9833 1428 37 1425 739 
9834 1701 1736 1643 3585 
9835 820 762 855 3585 
9836 244 105 588 1784 
9837 220 14 1740 1419 
9838 236 15 1445 1739 
9839 14 237 1740 1768 
9840 254 15 1739 1795 
9841 1651 702 1552 671 
9842 1651 1549 668 3639 
9843 1444 625 1443 3625 
9844 44 43 840 1421 
9845 217 216 1421 1721 
9846 1444 1443 1506 3625 
9847 627 635 626 3596 
9848 1507 1516 1508 3596 
9849 1488 1734 276 1827 
9850 721 1659 1658 778 
9851 718 806 796 3621 
9852 1720 1470 273 1816 
9853 219 218 1424 1646 
9854 46 45 765 1424 
9855 1470 1479 274 1816 
9856 1670 1594 3614 3661 
9857 1727 1762 1485 3623 
9858 769 792 841 3657 
9859 1806 1618 1790 3615 
9860 1839 1832 844 608 
9861 714 716 810 3603 
9862 1595 1691 1597 3603 
9863 702 1596 1583 3629 
9864 1559 1482 1558 3617 
9865 601 678 677 3617 
9866 1425 601 1434 3617 
9867 250 1654 1760 1774 
9868 100 99 611 1770 
9869 239 238 1770 1492 
9870 615 720 789 3598 
9871 1670 1601 1496 3598 
9872 1783 3623 1727 3636 
9873 680 758 678 3601 
9874 1639 1561 1559 3601 
9875 1677 1687 1599 3621 
9876 599 627 626 3637 
9877 1495 3606 1577 3652 
9878 1483 271 1675 1826 
9879 1594 3656 3614 3661 
9880 1728 847 1576 3575 
9881 684 3624 3620 3640 
9882 829 1840 143 609 
9883 774 620 820 3635 
9884 118 119 587 1793 
9885 258 257 1468 1793 
9886 1685 1682 1684 3647 
9887 1615 1729 1649 3623 
9888 768 848 734 3623 
9889 1554 3656 1594 3661 
9890 770 1651 668 3639 
9891 1775 1611 1469 730 
9892 240 239 1766 1642 
9893 101 100 761 1766 
9894 1650 1502 266 1786 
9895 1624 1622 1663 3651 
9896 615 86 1453 762 
9897 96 97 759 1449 
9898 236 235 1640 1449 
9899 1645 1513 1655 3648 
9900 1777 1774 1760 3638 
9901 844 1832 1839 3633 
9902 265 1650 1804 1788 
9903 1745 1731 1483 3646 
9904 866 717 773 3589 
9905 1598 1747 1654 3589 
9906 618 1431 34 1430 
9907 1477 18 285 1478 
9908 597 9 286 596 
9909 1693 1514 1512 3650 
9910 9 813 597 1842 
9911 226 1458 1496 1714 
9912 797 796 808 3621 
9913 1713 1613 1712 3627 
9914 1439 1456 3635 3648 
9915 1610 3581 729 3595 
9916 43 42 835 1420 
9917 215 216 1716 1420 
9918 119 120 719 1794 
9919 258 259 1794 1600 
9920 684 3620 682 3640 
9921 85 1455 762 620 
9922 1732 1491 1663 3577 
9923 610 851 782 3577 
9924 814 849 733 3584 
9925 1730 1695 1614 3584 
9926 1486 1584 1722 3639 
9927 841 703 605 3639 
9928 779 1660 3610 3620 
9929 1789 1811 668 1809 
9930 685 680 679 3649 
9931 1778 249 1503 1760 
9932 778 832 721 3579 
9933 1659 1602 1713 3579 
9934 1554 1553 1504 3600 
9935 672 673 623 3600 
9936 739 878 740 3634 
9937 131 785 737 1807 
9938 1487 281 1830 1505 
9939 612 699 712 3607 
9940 1580 1493 1593 3607 
9941 1478 1694 18 1841 
9942 97 6 858 1445 
9943 3 47 859 1419 
9944 6 115 858 1795 
9945 98 3 859 1768 
9946 1603 1612 722 3654 
9947 1837 1832 140 843 
9948 1701 1554 1736 3661 
9949 135 598 1814 828 
9950 1826 1483 271 1819 
9951 278 1831 1836 1495 
9952 1606 3595 1656 3654 
9953 775 3595 725 3654 
9954 1482 1559 1560 3617 
9955 678 601 679 3617 
9956 1821 1720 273 1816 
9957 1779 1772 1781 3592 
9958 1689 1748 1726 3605 
9959 867 808 845 3605 
9960 705 3620 684 3624 
9961 1586 1565 3620 3624 
9962 1838 1489 1725 3633 
9963 739 740 686 3634 
9964 1809 1486 1788 3639 
9965 1512 1514 1513 3650 
9966 785 737 1807 1790 
9967 811 832 873 3579 
9968 1713 1692 1754 3579 
9969 1427 1431 1414 3599 
9970 1497 1619 1715 3592 
9971 834 738 616 3592 
9972 699 700 712 3660 
9973 253 1781 1666 1619 
9974 136 1814 623 828 
9975 1765 1760 1778 3638 
9976 1745 1675 1568 3646 
9977 696 697 614 3606 
9978 1577 1495 1578 3606 
9979 1837 1833 1831 3637 
9980 1689 1677 1678 3621 
9981 1709 1479 1594 3656 
9982 37 1425 739 601 
9983 621 3619 856 3657 
9984 1494 1513 1645 3648 
9985 1459 1668 1586 3624 
9986 1493 1805 268 1751 
9987 1663 17 283 1491 
9988 8 284 610 782 
9989 284 8 603 782 
9990 1663 283 17 1484 
9991 251 1654 1774 1497 
9992 1761 773 112 616 
9993 1751 1805 268 1799 
9994 1745 1483 1675 3646 
9995 233 234 1448 1753 
9996 94 95 872 1448 
9997 135 598 1822 1814 
9998 780 805 806 3626 
9999 1686 1661 1687 3626 
10000 1785 3623 1783 3636 
10001 1509 1599 1562 3610 
10002 628 681 718 3610 
10003 1782 1785 604 3623 
10004 1781 252 1779 1497 
10005 1569 1639 1707 3641 
10006 688 826 758 3641 
10007 1816 1479 274 1823 
10008 1622 1621 1749 3645 
10009 1645 1501 223 1456 
10010 832 831 732 3627 
10011 103 102 776 1767 
10012 242 241 1767 1657 
10013 1834 1830 281 1505 
10014 142 1835 624 606 
10015 1838 1725 1830 3633 
10016 235 234 1481 1450 
10017 95 96 600 1450 
10018 1785 846 3623 3636 
10019 603 743 815 3659 
10020 1787 612 129 870 
10021 1485 1762 248 1778 
10022 1755 1756 875 3628 
10023 1611 3636 1617 3655 
10024 1783 1548 1763 3636 
10025 92 93 771 1446 
10026 231 232 1446 1652 
10027 1779 251 1774 1497 
10028 707 625 631 3625 
10029 1506 1588 1512 3625 
10030 779 1660 1661 3610 
10031 731 729 837 3595 
10032 1718 1610 1612 3595 
10033 1606 3654 1608 3655 
10034 764 620 774 3635 
10035 1814 1817 136 623 
10036 685 679 686 3604 
10037 1560 1566 1567 3604 
10038 1615 1617 1729 3609 
10039 734 848 736 3609 
10040 1780 1765 110 767 
10041 139 1833 1837 3637 
10042 1565 3620 3624 3640 
10043 588 244 1469 1776 
10044 1746 865 3631 3642 
10045 1685 1758 1463 3647 
10046 1690 1726 1676 3628 
10047 795 845 809 3628 
10048 1415 1620 209 1429 
10049 111 622 773 1777 
10050 1435 821 1702 1416 
10051 1759 208 1429 1427 
10052 822 742 618 3632 
10053 816 767 768 3616 
10054 1648 1697 1649 3616 
10055 680 687 688 3649 
10056 728 722 731 3654 
10057 1603 1609 1612 3654 
10058 595 705 1476 3620 
10059 1809 668 1789 1549 
10060 1611 1608 1609 3655 
10061 1576 847 695 3575 
10062 1438 1453 86 762 
10063 1729 1485 1649 3623 
10064 848 768 604 3623 
10065 1755 875 1557 874 
10066 1606 1608 3653 3655 
10067 1728 760 847 3575 
10068 139 1837 599 3637 
10069 1430 1431 1413 3632 
10070 767 816 622 3638 
10071 1819 1731 272 1821 
10072 622 111 1780 1777 
10073 229 90 1460 595 
10074 1831 278 1480 1495 
10075 1772 1779 1761 3592 
10076 1482 1620 210 1433 
10077 273 1463 1720 1821 
10078 607 672 623 3658 
10079 1431 1427 1413 3632 
10080 1623 1624 1698 3651 
10081 729 3581 1610 3627 
10082 785 114 738 1764 
10083 716 714 624 3603 
10084 1597 1505 1595 3603 
10085 850 133 582 1815 
10086 1608 3654 1609 3655 
10087 1751 1493 1805 1799 
10088 1429 1414 1415 3634 
10089 1608 1617 1607 3655 
10090 85 1455 1438 762 
10091 252 1781 1619 1497 
10092 1738 1683 1681 3631 
10093 800 802 857 3631 
10094 1502 1751 267 1786 
10095 1456 1501 223 1440 
10096 1808 605 1811 3639 
10097 1609 1656 1612 3654 
10098 731 775 728 3654 
10099 1801 123 122 592 
10100 105 244 588 1776 
10101 1565 3624 1601 3640 
10102 1444 1462 1461 3648 
10103 1504 1594 1554 3656 
10104 690 689 691 3622 
10105 1570 1571 1572 3622 
10106 795 857 819 3630 
10107 1460 1476 229 595 
10108 208 1759 1499 1427 
10109 684 682 683 3640 
10110 1563 1564 1510 3640 
10111 1473 262 261 1801 
10112 1472 1705 824 1704 
10113 839 582 134 1815 
10114 843 1832 140 608 
10115 1802 1787 129 870 
10116 798 875 1756 3631 
10117 775 723 725 3595 
10118 1656 1606 1604 3595 
10119 1843 285 1828 3644 
10120 788 824 821 3612 
10121 1669 1702 1705 3612 
10122 736 3636 730 3655 
10123 1777 773 112 1761 
10124 109 1782 604 767 
10125 1818 1488 276 1827 
10126 1441 226 1458 1496 
10127 1704 3641 823 3642 
10128 1840 1828 286 3644 
10129 1683 1738 1700 3630 
10130 1587 3579 1754 3629 
10131 873 3579 706 3629 
10132 726 734 736 3609 
10133 1615 1607 1617 3609 
10134 1456 1440 1439 3635 
10135 1583 1596 1595 3629 
10136 715 702 714 3629 
10137 589 135 598 1822 
10138 725 727 3654 3655 
10139 114 1772 738 1764 
10140 1818 1709 1504 3656 
10141 728 727 730 3655 
10142 113 1772 616 738 
10143 1457 90 229 1742 
10144 821 1702 1472 1435 
10145 1651 3590 1584 3639 
10146 703 3590 770 3639 
10147 1415 1414 1428 3634 
10148 822 871 742 3632 
10149 1786 1751 267 1799 
10150 1782 109 1765 767 
10151 1571 1680 1572 3642 
10152 690 691 799 3642 
10153 130 737 612 1807 
10154 808 796 807 3621 
10155 726 727 725 3655 
10156 614 1833 139 3637 
10157 677 1416 1434 3612 
10158 1840 143 1835 829 
10159 265 1650 1788 1486 
10160 1807 612 130 1787 
10161 1725 280 1830 1487 
10162 592 1801 1473 1467 
10163 696 614 626 3637 
10164 133 850 1820 1815 
10165 1749 1567 1732 3645 
10166 780 1661 806 3610 
10167 1415 210 1620 1433 
10168 731 1610 729 3595 
10169 1494 1645 1462 3648 
10170 41 42 1426 585 
10171 214 215 1466 1426 
10172 1563 3620 1565 3640 
10173 816 866 622 3638 
10174 1709 1504 275 1818 
10175 1507 1495 1577 3652 
10176 1477 285 18 1843 
10177 715 1596 702 3629 
10178 1748 1758 1684 3647 
10179 843 140 1837 599 
10180 1587 1754 1692 3629 
10181 873 706 811 3629 
10182 1727 1783 1762 3623 
10183 796 806 807 3621 
10184 1511 1677 1599 3608 
10185 796 630 718 3608 
10186 1467 592 1801 586 
10187 1434 1416 1558 3612 
10188 280 1830 1838 1725 
10189 795 3628 875 3630 
10190 139 599 614 3637 
10191 774 672 711 3658 
10192 1688 1677 1689 3621 
10193 1765 1780 1760 3638 
10194 1727 1485 1729 3623 
10195 604 846 848 3623 
10196 128 1803 1802 621 
10197 1705 1707 1639 3641 
10198 826 824 758 3641 
10199 688 690 826 3641 
10200 1569 1707 1571 3641 
10201 596 9 286 1840 
10202 1831 279 1838 1724 
10203 1445 15 1795 1739 
10204 1768 1740 14 1419 
10205 875 692 1756 1557 
10206 1782 1762 1785 3623 
10207 844 141 1839 608 
10208 246 1611 1763 1548 
10209 87 833 615 1453 
10210 1688 1687 1677 3621 
10211 870 128 1802 621 
10212 1780 1777 1760 3638 
10213 1679 865 798 3631 
10214 1724 1831 279 1480 
10215 1806 1790 1807 3615 
10216 1666 1790 270 1618 
10217 1435 40 213 860 
10218 667 107 730 1763 
10219 1670 1554 1594 3661 
10220 1772 1761 113 616 
10221 1658 1602 1659 721 
10222 1747 1598 1577 3652 
10223 1605 1604 1606 3653 
10224 1509 1511 1599 3608 
10225 628 718 630 3608 
10226 1756 3628 1676 3630 
10227 1843 1834 282 1490 
10228 1804 1786 1791 3657 
10229 1596 715 592 1517 
10230 131 785 1807 1790 
10231 736 727 726 3655 
10232 1764 253 1781 1666 
10233 739 1428 36 878 
10234 769 126 1791 1808 
10235 1808 1811 1788 3639 
10236 1610 731 722 1612 
10237 1835 142 1839 606 
10238 1491 17 283 1826 
10239 728 3654 727 3655 
10240 1582 1516 1715 3643 
10241 668 1789 1549 592 
10242 1433 1425 1434 3617 
10243 1776 588 106 1775 
10244 1576 695 1641 3575 
10245 1469 588 1775 730 
10246 621 127 1803 3657 
10247 1818 1823 1709 3656 
10248 1587 777 778 706 
10249 1645 1456 1462 3648 
10250 1548 1783 1727 3636 
10251 8 284 1824 610 
10252 853 711 607 3658 
10253 1790 1806 270 1618 
10254 1469 1609 735 728 
10255 1728 1641 760 3575 
10256 1757 1417 1588 3625 
10257 1417 876 707 3625 
10258 833 87 1451 1453 
10259 1694 277 1841 1695 
10260 1445 1795 6 858 
10261 3 859 1768 1419 
10262 1718 1656 1604 3595 
10263 837 723 775 3595 
10264 1707 3641 1704 3642 
10265 823 3641 826 3642 
10266 1825 284 8 603 
10267 213 1472 1435 1741 
10268 591 40 1435 860 
10269 1469 588 1776 1775 
10270 1605 1607 1614 3653 
10271 281 1834 1505 1710 
10272 1841 277 1836 1695 
10273 814 813 138 1842 
10274 735 1609 722 728 
10275 1832 1839 141 608 
10276 604 1785 846 3623 
10277 621 769 127 3657 
10278 1800 123 1801 592 
10279 1801 1473 262 1800 
10280 627 699 635 3660 
10281 1785 1783 1763 3636 
10282 860 40 213 1432 
10283 1824 132 794 1820 
10284 1474 232 93 1447 
10285 607 136 1817 623 
10286 230 231 1452 1465 
10287 1463 272 1731 1821 
10288 137 1817 1825 853 
10289 215 585 1426 42 
10290 1710 282 1834 1490 
10291 1586 1565 1660 3620 
10292 684 705 779 3620 
10293 621 856 792 3657 
10294 1704 1707 1705 3641 
10295 826 823 824 3641 
10296 1484 283 17 1827 
10297 1832 1838 1839 3633 
10298 779 1661 1660 1476 
10299 1495 1836 278 1695 
10300 764 613 83 1461 
10301 246 1611 1775 1763 
10302 1414 36 1428 878 
10303 126 769 605 1808 
10304 1784 588 1469 1735 
10305 1676 1700 1738 3630 
10306 1476 1586 705 1442 
10307 815 817 633 3659 
10308 107 1775 730 1763 
10309 1608 1611 1617 3655 
10310 1756 875 1557 1755 
10311 1551 3590 1552 3618 
10312 671 3590 670 3618 
10313 1838 1830 1839 3633 
10314 591 1435 1472 860 
10315 1613 1610 1743 3627 
10316 760 1641 695 3575 
10317 245 1469 1776 1775 
10318 593 1474 93 1447 
10319 1610 1602 1575 721 
10320 1489 1838 279 1724 
10321 1457 861 90 1742 
10322 1473 1552 702 1583 
10323 1741 1435 213 860 
10324 1548 1727 1729 3636 
10325 667 848 846 3636 
10326 1771 240 101 1475 
10327 780 779 1661 3610 
10328 585 215 1426 1466 
10329 243 242 1773 1464 
10330 1773 103 104 583 
10331 602 794 132 1820 
10332 1824 794 132 610 
10333 1491 1675 271 1826 
10334 1843 282 1477 1490 
10335 1476 779 1661 595 
10336 1598 1507 1577 3652 
10337 1809 1549 1486 3639 
10338 685 687 680 3649 
10339 594 1771 101 1475 
10340 1586 1660 1476 3620 
10341 595 779 705 3620 
10342 1452 92 91 584 
10343 1534 653 1530 1531 
10344 650 1530 653 1531 
10345 1530 650 653 649 
10346 1531 650 1530 1529 
10347 1530 1535 653 1534 
10348 650 649 1530 1529 
10349 1527 1530 649 1529 
10350 654 649 1530 653 
10351 649 650 648 1529 
10352 648 1527 649 1529 
10353 1535 654 1530 653 
10354 1527 648 649 646 
10355 1564 1565 1601 3640 
10356 1679 865 1573 798 
10357 651 1528 648 1532 
10358 647 1527 1525 646 
10359 1644 118 257 1797 
10360 1529 648 1528 1532 
10361 1529 648 1527 1528 
10362 286 1828 285 3644 
10363 648 646 1527 647 
10364 876 1443 625 3625 
10365 1506 1443 1757 3625 
10366 1527 647 1525 1528 
10367 649 1630 654 1530 
10368 1630 1535 654 1530 
10369 644 646 647 1525 
10370 1528 651 648 647 
10371 647 1527 648 1528 
10372 663 1543 645 662 
10373 1630 649 654 749 
10374 663 1630 1526 1544 
10375 1630 663 1526 749 
10376 1527 646 1526 1525 
10377 1543 1544 663 1526 
10378 749 663 1526 645 
10379 649 1630 1530 1527 
10380 1526 663 1543 645 
10381 657 1531 1632 650 
10382 749 1527 646 1526 
10383 644 645 646 1525 
10384 645 1526 646 1525 
10385 649 749 1527 646 
10386 1531 657 1632 1538 
10387 749 1630 1527 1526 
10388 649 749 1630 1527 
10389 648 751 651 1532 
10390 751 648 1529 1532 
10391 1526 646 749 645 
10392 1632 657 650 751 
10393 1529 1632 751 1532 
10394 650 1531 1632 1529 
10395 595 229 90 1742 
10396 648 650 751 1529 
10397 651 1528 1532 1533 
10398 105 588 1784 854 
10399 1784 1469 244 1735 
10400 127 1791 1803 3657 
10401 1439 1440 1455 3635 
10402 651 647 1528 1533 
10403 650 1632 751 1529 
10404 645 1543 643 662 
10405 644 643 645 1525 
10406 645 1524 1526 1525 
10407 1525 647 1627 1528 
10408 1630 1544 747 1628 
10409 1786 1803 1791 3657 
10410 862 729 732 3627 
10411 647 1525 1627 644 
10412 1526 1543 1524 645 
10413 1544 663 1630 747 
10414 749 1630 663 747 
10415 596 143 1840 609 
10416 1543 663 1589 662 
10417 1525 644 642 1627 
10418 1589 1544 663 1543 
10419 1644 256 117 1797 
10420 651 647 1533 652 
10421 127 769 1791 3657 
10422 643 1524 645 1525 
10423 653 1535 664 1534 
10424 583 1657 1708 1464 
10425 1535 653 664 654 
10426 1535 747 1630 654 
10427 643 1524 1543 645 
10428 747 1535 1630 1628 
10429 1523 1525 642 1627 
10430 746 644 647 1627 
10431 1627 647 1533 1528 
10432 1525 644 643 642 
10433 1630 749 654 747 
10434 1741 1472 1435 860 
10435 592 122 1801 586 
10436 642 644 746 1627 
10437 1603 1616 1609 722 
10438 1535 1545 664 1534 
10439 708 1589 663 662 
10440 275 1709 1818 1823 
10441 1494 1645 222 1462 
10442 652 647 1533 746 
10443 1524 1525 642 1523 
10444 1532 751 651 661 
10445 643 1524 1525 642 
10446 647 1627 1533 746 
10447 619 117 256 1792 
10448 1801 261 1473 1467 
10449 1461 1462 1439 3648 
10450 1746 1679 1680 3631 
10451 799 798 865 3631 
10452 1532 1632 751 1542 
10453 657 751 1631 750 
10454 1535 664 665 654 
10455 1632 1538 657 1631 
10456 1546 1545 664 1535 
10457 751 1632 657 1631 
10458 595 1476 229 1742 
10459 1661 1476 595 1742 
10460 1775 588 106 730 
10461 763 118 1644 1797 
10462 1609 1616 1469 735 
10463 1551 1552 1550 3618 
10464 671 670 669 3618 
10465 1811 1809 1788 3639 
10466 665 1546 664 1535 
10467 1702 212 1435 1416 
10468 1631 751 1542 750 
10469 1661 780 676 1719 
10470 599 626 614 3637 
10471 1664 254 115 1796 
10472 1613 1713 1602 3627 
10473 83 764 1461 1439 
10474 89 1460 595 1442 
10475 763 1644 117 1797 
10476 751 1631 1542 1632 
10477 665 1535 654 747 
10478 1704 823 1746 3642 
10479 665 1535 747 1628 
10480 205 1498 1588 1418 
10481 728 735 1469 588 
10482 1516 1582 1580 3643 
10483 1703 1498 206 1436 
10484 33 822 1437 617 
10485 780 806 1661 3626 
10486 102 241 1771 1475 
10487 617 1418 32 707 
10488 1749 1621 1567 3645 
10489 1423 47 220 1515 
10490 709 1544 663 1589 
10491 751 1532 1542 661 
10492 709 1590 1544 1589 
10493 230 861 1457 1742 
10494 1535 665 1546 1628 
10495 1631 675 657 750 
10496 676 1719 838 675 
10497 1617 1548 1729 3636 
10498 848 667 736 3636 
10499 1556 675 1538 1631 
10500 1685 1684 1758 3647 
10501 1814 1823 1818 3656 
10502 684 720 787 3624 
10503 1668 1601 1565 3624 
10504 642 1523 1627 1541 
10505 675 657 1538 1631 
10506 1725 1838 280 1489 
10507 213 1741 860 1432 
10508 1686 1755 1557 874 
10509 133 850 602 1820 
10510 1462 1645 222 1456 
10511 1627 746 642 1541 
10512 1709 274 1479 1823 
10513 783 1664 115 1796 
10514 1589 663 709 708 
10515 1609 735 722 1616 
10516 1594 1504 1709 3656 
10517 1524 642 641 1523 
10518 1651 671 770 592 
10519 1441 225 226 1496 
10520 746 642 1541 660 
10521 642 1524 641 643 
10522 1473 702 1596 1583 
10523 1423 219 46 1515 
10524 1542 750 751 661 
10525 699 627 700 3660 
10526 764 83 84 1439 
10527 876 1417 1443 3625 
10528 1757 1443 1417 3625 
10529 815 743 817 3659 
10530 117 1644 619 256 
10531 1651 702 671 592 
10532 1746 865 1679 3631 
10533 642 1541 639 1523 
10534 1544 747 1628 1590 
10535 747 1544 663 709 
10536 1544 747 1590 709 
10537 668 1651 592 1549 
10538 729 1575 721 1610 
10539 1536 651 1532 1533 
10540 1541 642 639 660 
10541 1651 702 1473 1552 
10542 1533 746 1638 652 
10543 1756 875 3628 3630 
10544 1534 656 653 1531 
10545 656 650 653 1531 
10546 727 736 730 3655 
10547 656 650 1531 657 
10548 657 1531 656 1538 
10549 746 1533 1638 1627 
10550 787 1442 705 3624 
10551 1517 1658 777 1519 
10552 1762 1783 1785 3623 
10553 1533 655 651 652 
10554 675 1631 791 750 
10555 664 755 653 1534 
10556 1631 1556 675 1672 
10557 793 120 121 1798 
10558 259 260 1798 1674 
10559 236 97 1449 1640 
10560 676 1719 675 1556 
10561 1719 676 1557 1556 
10562 675 1631 1672 791 
10563 664 1636 1534 1545 
10564 96 235 1481 1450 
10565 656 1539 744 658 
10566 1437 822 33 1430 
10567 1644 117 619 763 
10568 714 702 669 3618 
10569 1550 1583 1595 3618 
10570 39 821 1435 1416 
10571 1664 116 255 1796 
10572 1633 750 1631 1542 
10573 744 1573 692 1539 
10574 625 1444 82 613 
10575 1522 639 638 1520 
10576 823 1472 824 1704 
10577 1606 1608 1607 3653 
10578 1575 1603 722 1717 
10579 643 1543 745 662 
10580 651 1532 661 1536 
10581 721 832 732 3627 
10582 1506 1494 221 1444 
10583 594 102 1771 1475 
10584 1651 668 592 770 
10585 1628 747 665 748 
10586 1638 746 1627 1541 
10587 256 1500 619 1792 
10588 47 1423 634 1515 
10589 710 1626 745 827 
10590 621 792 769 3657 
10591 614 814 139 1833 
10592 1543 643 745 1524 
10593 639 1522 638 641 
10594 1519 1522 638 1520 
10595 1541 757 746 660 
10596 1469 245 1611 1775 
10597 1439 1462 1456 3648 
10598 595 1460 1476 1442 
10599 1628 665 1546 1629 
10600 641 1524 1523 1522 
10601 668 1811 605 3639 
10602 1772 113 114 738 
10603 865 1746 823 3642 
10604 1523 1541 639 1520 
10605 791 1631 1633 750 
10606 1842 138 814 1833 
10607 698 1644 763 1468 
10608 675 1538 658 1556 
10609 752 1652 771 1474 
10610 1538 675 658 657 
10611 116 1664 783 1796 
10612 827 1555 1626 674 
10613 1640 759 1481 760 
10614 705 89 595 1442 
10615 1518 1519 637 1520 
10616 731 1610 722 729 
10617 1631 791 1633 1672 
10618 747 1590 748 1628 
10619 1589 708 594 710 
10620 1652 752 1633 1474 
10621 784 98 237 1769 
10622 1719 861 1465 1742 
10623 1590 747 748 709 
10624 634 1423 46 1515 
10625 1467 260 121 1810 
10626 1474 94 233 1447 
10627 218 590 1422 45 
10628 1766 239 100 1642 
10629 1542 752 750 661 
10630 781 1546 818 665 
10631 1532 1542 661 1536 
10632 761 1475 240 1642 
10633 1586 705 1442 3624 
10634 137 1817 853 607 
10635 641 1523 642 639 
10636 692 1573 1756 1557 
10637 246 247 1727 1783 
10638 590 217 44 840 
10639 1742 861 780 1719 
10640 744 1636 1537 755 
10641 657 656 658 1538 
10642 1459 1586 1442 3624 
10643 255 116 619 1792 
10644 583 1708 1735 1464 
10645 661 1542 1634 1536 
10646 1624 1623 1622 3651 
10647 590 1471 1699 1662 
10648 238 99 784 1769 
10649 771 752 1474 593 
10650 1537 1625 744 1539 
10651 1539 656 744 1537 
10652 722 1610 1575 729 
10653 745 1543 710 662 
10654 1539 676 1556 1557 
10655 675 658 676 1556 
10656 1626 745 1524 1543 
10657 715 1517 1587 706 
10658 775 731 837 3595 
10659 1612 1656 1718 3595 
10660 1636 664 1534 755 
10661 1719 780 676 838 
10662 1500 1644 256 619 
10663 852 1733 594 761 
10664 1686 1687 1688 3626 
10665 807 806 805 3626 
10666 711 672 607 3658 
10667 1674 637 1671 1518 
10668 1472 821 1435 591 
10669 1475 240 101 761 
10670 600 1728 760 847 
10671 710 1708 1626 827 
10672 765 219 46 1424 
10673 1638 757 652 746 
10674 1626 745 827 674 
10675 590 218 1422 1471 
10676 100 239 1770 611 
10677 1770 238 99 611 
10678 636 1517 1519 1518 
10679 1647 634 765 1515 
10680 655 1533 651 1536 
10681 840 1471 217 1721 
10682 1467 637 636 586 
10683 705 595 1476 1442 
10684 1654 250 251 1774 
10685 1471 840 217 590 
10686 1539 658 1538 1556 
10687 1563 3610 1660 3620 
10688 682 779 3610 3620 
10689 217 840 1421 44 
10690 639 637 638 1520 
10691 1540 1533 1638 652 
10692 45 1646 1424 218 
10693 865 1679 1573 1746 
10694 1475 101 594 761 
10695 1634 1633 752 1474 
10696 1793 258 119 587 
10697 1468 118 1793 257 
10698 1413 1703 206 1436 
10699 1533 1540 655 652 
10700 1736 1554 1670 3661 
10701 1636 744 1537 1625 
10702 656 755 744 1537 
10703 810 715 714 3629 
10704 1691 1595 1596 3629 
10705 1658 1575 1602 721 
10706 784 1665 766 1492 
10707 224 223 1501 1440 
10708 1531 1534 656 1537 
10709 1537 656 1531 1538 
10710 1422 217 44 590 
10711 710 1708 1591 1626 
10712 639 1522 1523 1520 
10713 656 1539 658 1538 
10714 1519 638 637 1520 
10715 835 215 42 585 
10716 1557 692 1573 1539 
10717 1546 818 1699 1662 
10718 761 240 1766 1642 
10719 838 1465 584 1672 
10720 1672 584 1652 1465 
10721 1667 748 766 786 
10722 759 1449 97 1640 
10723 757 1541 746 1638 
10724 655 651 661 1536 
10725 1733 708 709 852 
10726 636 1517 1518 1467 
10727 1517 592 1473 1467 
10728 1543 745 710 1626 
10729 818 1662 590 1699 
10730 655 661 1634 1536 
10731 676 1557 1661 1719 
10732 753 1474 752 593 
10733 1474 753 752 1634 
10734 641 1523 639 1522 
10735 829 142 1835 624 
10736 766 1667 786 1492 
10737 676 1539 1556 658 
10738 730 736 667 3636 
10739 1617 1611 1548 3636 
10740 1744 585 835 863 
10741 586 1467 121 1810 
10742 643 641 745 1524 
10743 1717 1555 827 836 
10744 1504 1488 275 1818 
10745 838 1719 1465 1672 
10746 692 875 676 1557 
10747 1539 692 744 658 
10748 791 1672 1652 1633 
10749 840 217 1421 1721 
10750 861 780 595 1742 
10751 676 1557 1686 1661 
10752 1610 1613 1602 3627 
10753 755 656 653 1534 
10754 1633 752 750 1542 
10755 780 1661 1742 1719 
10756 1629 1628 665 748 
10757 664 1546 818 1545 
10758 1664 255 116 619 
10759 748 1667 766 1629 
10760 860 1741 41 1432 
10761 240 761 1766 101 
10762 1644 257 118 1468 
10763 1638 1540 659 1579 
10764 776 1708 710 827 
10765 710 1657 1708 776 
10766 590 1422 217 1471 
10767 1522 674 1555 1519 
10768 876 625 707 3625 
10769 1506 1757 1588 3625 
10770 771 232 93 1474 
10771 1610 1603 1612 722 
10772 209 210 1620 1415 
10773 1690 1676 1755 3628 
10774 874 795 809 3628 
10775 1555 827 1626 1708 
10776 861 595 90 1742 
10777 1662 1546 818 781 
10778 1546 664 818 665 
10779 1470 274 273 1816 
10780 1467 636 592 586 
10781 232 771 1652 1474 
10782 757 1638 659 1579 
10783 1610 722 1575 1603 
10784 637 1518 1520 1671 
10785 585 835 215 1466 
10786 1716 215 835 1466 
10787 590 45 218 1646 
10788 1733 594 708 852 
10789 765 46 219 1515 
10790 122 261 1801 586 
10791 1647 781 1662 1646 
10792 1662 818 590 781 
10793 1543 1589 710 662 
10794 1706 825 585 1625 
10795 1704 823 1472 1706 
10796 1719 675 1672 838 
10797 92 231 1446 771 
10798 1741 585 1706 860 
10799 748 1629 1628 1590 
10800 1576 659 1540 1579 
10801 752 750 791 1633 
10802 1589 594 1475 710 
10803 710 1475 1589 1591 
10804 1590 748 1667 709 
10805 1625 1744 1636 863 
10806 91 230 861 1457 
10807 869 698 695 1750 
10808 783 1664 116 619 
10809 824 591 1472 823 
10810 230 861 1742 1465 
10811 237 1665 784 1769 
10812 661 1634 753 655 
10813 1717 827 1735 836 
10814 1517 1596 715 1587 
10815 1657 710 1708 1591 
10816 1626 745 641 1524 
10817 1721 840 1471 1699 
10818 1519 637 636 1518 
10819 656 1537 1539 1538 
10820 590 1471 840 1699 
10821 1541 639 790 660 
10822 676 1686 874 805 
10823 1519 694 674 1575 
10824 1589 708 710 662 
10825 1466 1706 585 1625 
10826 1686 1690 1755 3626 
10827 874 809 805 3626 
10828 779 780 1661 595 
10829 1557 676 692 1539 
10830 619 1500 255 1792 
10831 1647 634 1515 1665 
10832 1517 636 592 1467 
10833 761 1766 100 1642 
10834 1474 93 771 593 
10835 592 1473 1596 1517 
10836 584 1672 1652 791 
10837 666 1728 754 847 
10838 818 664 1545 756 
10839 584 838 1672 791 
10840 583 776 827 1708 
10841 1657 583 1708 776 
10842 1653 757 1541 660 
10843 665 1629 781 1546 
10844 752 1542 1634 661 
10845 659 1638 652 1540 
10846 1468 763 118 1644 
10847 1471 590 218 1646 
10848 655 1536 1540 1533 
10849 1647 781 1629 1662 
10850 784 1665 238 1769 
10851 1426 214 41 1466 
10852 732 729 721 3627 
10853 1671 790 637 793 
10854 637 1674 1671 793 
10855 1540 659 655 652 
10856 280 281 1830 1487 
10857 1638 659 652 757 
10858 1640 760 1664 783 
10859 1625 1573 744 1539 
10860 641 1522 1626 1524 
10861 1679 1681 1680 3631 
10862 799 800 798 3631 
10863 781 1629 748 766 
10864 765 1646 1647 1515 
10865 1600 258 119 1794 
10866 120 259 1600 1794 
10867 1518 637 636 1467 
10868 1646 1647 781 765 
10869 102 241 1475 1657 
10870 836 1555 827 674 
10871 1691 1587 1692 3629 
10872 810 811 706 3629 
10873 786 1733 709 852 
10874 1534 1636 755 1537 
10875 1486 1651 1584 3639 
10876 703 770 605 3639 
10877 710 1543 1626 1591 
10878 1637 818 1545 756 
10879 744 1573 825 692 
10880 639 637 1520 790 
10881 1522 674 1626 1555 
10882 1541 790 1653 660 
10883 675 1719 1672 1556 
10884 1665 1647 766 1492 
10885 611 784 766 1492 
10886 1699 1721 840 1637 
10887 1418 1588 205 1417 
10888 102 241 1657 1767 
10889 41 1741 860 585 
10890 838 675 1672 791 
10891 818 1699 1545 1546 
10892 707 1418 32 1417 
10893 206 207 1703 1413 
10894 709 1589 1733 1590 
10895 1733 852 786 761 
10896 590 1662 1646 1471 
10897 207 208 1499 1427 
10898 1468 763 698 587 
10899 698 1579 1644 1468 
10900 674 1522 641 638 
10901 674 1522 638 1519 
10902 593 94 1474 1447 
10903 639 1541 790 1520 
10904 1765 109 110 767 
10905 1483 272 271 1819 
10906 766 634 1665 784 
10907 46 765 634 1515 
10908 777 1587 778 1658 
10909 780 1661 595 1742 
10910 766 1629 1667 1647 
10911 277 278 1836 1695 
10912 141 140 1832 608 
10913 722 1603 1616 1717 
10914 1589 709 1733 708 
10915 844 1839 141 606 
10916 216 43 1721 1716 
10917 1637 840 818 756 
10918 1634 753 1547 1635 
10919 783 760 1664 619 
10920 91 230 1452 584 
10921 1575 674 836 694 
10922 611 766 786 1492 
10923 1667 766 1647 1492 
10924 1699 840 590 818 
10925 594 1657 710 776 
10926 853 1825 137 603 
10927 243 1464 1773 583 
10928 1539 676 692 658 
10929 1761 112 113 616 
10930 715 592 702 1596 
10931 1641 1640 1481 760 
10932 600 1481 759 760 
10933 634 1647 765 766 
10934 1420 43 216 1716 
10935 638 637 636 1519 
10936 1753 872 233 1474 
10937 1773 104 243 583 
10938 1657 594 102 776 
10939 1647 766 781 765 
10940 1750 869 698 763 
10941 715 636 592 1517 
10942 238 611 784 99 
10943 659 1576 695 1579 
10944 752 1652 791 771 
10945 1664 1500 255 619 
10946 1466 585 835 1744 
10947 835 1716 1466 1744 
10948 636 1517 777 1519 
10949 748 786 1667 709 
10950 755 656 1534 1537 
10951 1814 136 135 828 
10952 1800 1801 1473 592 
10953 1465 584 861 838 
10954 1652 752 791 1633 
10955 108 107 846 1785 
10956 1699 818 1545 1637 
10957 858 1445 1795 1739 
10958 1768 859 1740 1419 
10959 698 757 659 1579 
10960 710 1657 1475 1591 
10961 1657 594 710 1475 
10962 1626 745 674 641 
10963 112 111 773 1777 
10964 735 1469 1735 1616 
10965 655 1634 1547 1536 
10966 1733 1475 761 1642 
10967 249 250 1503 1760 
10968 1586 1668 1565 3624 
10969 787 705 684 3624 
10970 1481 600 96 1450 
10971 102 1657 776 1767 
10972 1638 757 1653 1579 
10973 760 1640 759 783 
10974 582 133 134 1815 
10975 1721 43 840 1716 
10976 1779 252 251 1497 
10977 854 1735 583 827 
10978 594 1589 1733 708 
10979 698 772 1653 587 
10980 584 230 1452 1465 
10981 1475 594 102 1657 
10982 1644 1750 698 763 
10983 744 585 825 1625 
10984 790 637 1520 1671 
10985 861 1719 1465 838 
10986 1734 1484 276 1827 
10987 698 659 695 1579 
10988 1469 735 1735 588 
10989 1653 757 1638 1541 
10990 854 1735 827 836 
10991 1542 752 1634 1633 
10992 1781 253 252 1619 
10993 835 840 43 1716 
10994 818 1699 840 1637 
10995 781 1647 1629 766 
10996 790 1520 1541 1671 
10997 1562 1660 1563 3610 
10998 682 779 681 3610 
10999 790 1653 719 1671 
11000 722 1616 735 1717 
11001 674 1522 1626 641 
11002 754 1547 753 1635 
11003 666 1547 753 754 
11004 823 591 1472 825 
11005 1629 748 1667 1590 
11006 781 1546 1629 1662 
11007 1573 825 1706 1625 
11008 759 235 1481 96 
11009 1803 128 127 621 
11010 765 1646 219 1424 
11011 1702 1558 1416 3612 
11012 821 1416 677 3612 
11013 1719 861 780 838 
11014 239 100 1642 611 
11015 1629 665 781 748 
11016 584 231 1652 1465 
11017 1755 1676 1756 3628 
11018 874 875 795 3628 
11019 1420 835 43 1716 
11020 212 1472 1702 1435 
11021 763 619 1750 869 
11022 1545 664 1636 756 
11023 752 1634 753 661 
11024 585 1744 1625 863 
11025 589 134 135 1822 
11026 1646 45 1424 765 
11027 584 1652 771 791 
11028 1473 1789 263 1800 
11029 1667 1590 709 1733 
11030 1702 1669 1558 3612 
11031 821 677 788 3612 
11032 1589 710 1591 1543 
11033 1634 655 1547 753 
11034 235 759 1481 1640 
11035 760 1500 1664 619 
11036 1674 586 637 1467 
11037 865 1746 1573 825 
11038 872 94 233 1474 
11039 1475 594 1733 761 
11040 1800 1789 124 592 
11041 1717 735 1735 1616 
11042 836 1555 1575 1717 
11043 1502 267 266 1786 
11044 1648 248 249 1778 
11045 1653 698 757 772 
11046 790 1541 1653 1671 
11047 1658 721 778 777 
11048 1662 590 1646 781 
11049 1727 1762 247 1485 
11050 1468 698 1653 587 
11051 1579 698 1653 1468 
11052 1644 619 1750 763 
11053 1653 790 719 772 
11054 1653 1671 1600 719 
11055 827 1708 1555 1717 
11056 860 1472 591 825 
11057 1805 268 269 1493 
11058 771 231 1446 1652 
11059 1636 1637 1545 756 
11060 757 1653 772 660 
11061 756 1744 835 863 
11062 1431 34 35 618 
11063 216 43 1421 1721 
11064 674 1575 1555 1519 
11065 634 1647 766 1665 
11066 755 744 1636 863 
11067 765 219 1646 1515 
11068 1646 590 45 765 
11069 1674 121 260 1798 
11070 771 92 231 584 
11071 1519 777 694 1658 
11072 611 239 1770 1492 
11073 611 1770 238 1492 
11074 587 258 119 1600 
11075 1641 1481 1728 760 
11076 1728 600 760 1481 
11077 85 84 1455 620 
11078 1449 96 235 759 
11079 1788 1809 264 1486 
11080 695 1576 1750 1579 
11081 660 1653 772 790 
11082 584 230 861 91 
11083 1498 205 1436 1418 
11084 1708 583 1735 827 
11085 1750 619 760 869 
11086 1716 840 1721 1637 
11087 784 238 1665 1492 
11088 753 1547 666 655 
11089 615 86 87 1453 
11090 1708 827 1735 1717 
11091 781 590 1646 765 
11092 754 1728 1547 1635 
11093 1728 666 754 1547 
11094 1793 1468 258 587 
11095 118 1468 1793 587 
11096 1547 655 1536 1540 
11097 753 1635 1474 593 
11098 1634 753 1635 1474 
11099 1573 1756 1679 798 
11100 857 795 875 3630 
11101 755 1636 664 756 
11102 1780 110 111 622 
11103 1547 659 655 1540 
11104 756 1636 1744 863 
11105 225 224 1643 1454 
11106 698 1653 757 1579 
11107 1716 835 840 1637 
11108 235 1449 759 1640 
11109 1467 1801 261 586 
11110 1791 127 126 769 
11111 1435 821 39 591 
11112 840 1421 43 1721 
11113 1637 835 840 756 
11114 122 261 586 1810 
11115 1645 223 222 1456 
11116 1750 698 695 1579 
11117 587 772 1653 719 
11118 1600 587 1653 719 
11119 228 1476 1460 1442 
11120 1702 211 212 1416 
11121 613 1444 82 1461 
11122 1636 744 1625 863 
11123 619 1644 1750 1500 
11124 763 1468 118 587 
11125 230 584 861 1465 
11126 1563 1565 1564 3640 
11127 875 676 1557 874 
11128 82 1443 1444 625 
11129 860 1741 1472 1706 
11130 1443 1506 221 1444 
11131 667 846 107 1763 
11132 1555 836 1575 674 
11133 1733 786 709 1667 
11134 1463 273 272 1821 
11135 38 1434 601 677 
11136 1573 744 825 1625 
11137 790 1671 719 793 
11138 1600 1671 1674 793 
11139 1589 594 1733 1475 
11140 1599 1687 1660 3610 
11141 779 806 718 3610 
11142 1741 214 41 1432 
11143 234 600 1450 95 
11144 786 1667 1733 1642 
11145 106 107 1775 730 
11146 100 761 1642 611 
11147 583 1464 242 1657 
11148 719 1600 119 1794 
11149 120 1600 719 1794 
11150 761 786 1733 1642 
11151 694 1519 674 638 
11152 1551 1584 1552 3590 
11153 671 703 670 3590 
11154 1438 86 85 762 
11155 585 1426 41 1466 
11156 1635 753 754 593 
11157 637 1518 1674 1467 
11158 638 636 777 1519 
11159 1741 41 214 1466 
11160 813 9 138 1842 
11161 1744 585 1625 1466 
11162 278 279 1831 1480 
11163 1694 277 18 1841 
11164 1457 229 230 1742 
11165 777 1587 1517 706 
11166 1653 1468 587 1600 
11167 1444 1494 221 1462 
11168 1418 32 1437 617 
11169 242 103 776 1767 
11170 138 139 814 1833 
11171 1671 1600 719 793 
11172 140 139 1837 599 
11173 1783 246 1763 1548 
11174 584 1452 231 1465 
11175 1750 619 1500 760 
11176 823 1704 1746 1706 
11177 36 37 1428 739 
11178 42 215 835 1420 
11179 836 1575 694 722 
11180 1839 142 141 606 
11181 835 1716 1744 1637 
11182 39 38 821 1416 
11183 588 1784 854 1735 
11184 115 1664 1739 254 
11185 1744 756 835 1637 
11186 1579 1750 698 1644 
11187 659 1547 655 666 
11188 1714 227 1458 1668 
11189 1474 872 94 593 
11190 611 238 784 1492 
11191 1459 1442 88 787 
11192 1446 232 93 771 
11193 760 1641 1640 1664 
11194 771 1446 232 1652 
11195 1476 228 1586 1442 
11196 266 265 1650 1804 
11197 1515 47 220 859 
11198 1652 771 231 584 
11199 783 1739 115 1664 
11200 1571 1707 1704 3642 
11201 823 826 690 3642 
11202 215 835 1420 1716 
11203 1452 231 92 584 
11204 1744 1637 1636 756 
11205 1739 783 115 858 
11206 269 270 1806 1618 
11207 786 1667 1642 1492 
11208 725 727 728 3654 
11209 1606 1609 1608 3654 
11210 1642 761 786 611 
11211 825 1746 823 865 
11212 612 129 130 1787 
11213 1549 1789 263 1473 
11214 1641 760 1500 1664 
11215 611 1642 239 1492 
11216 96 600 1481 759 
11217 1600 119 587 719 
11218 1625 744 585 863 
11219 1443 82 876 625 
11220 1757 1506 221 1443 
11221 1740 1515 220 859 
11222 1789 668 124 592 
11223 97 236 1739 1640 
11224 872 1481 1753 234 
11225 861 90 91 1457 
11226 1611 245 246 1775 
11227 1658 1575 694 1519 
11228 18 282 1477 1843 
11229 1599 1660 1562 3610 
11230 681 779 718 3610 
11231 1739 1640 1664 783 
11232 1784 243 104 854 
11233 787 88 1459 833 
11234 1674 260 121 1467 
11235 1750 760 695 869 
11236 836 1575 722 1717 
11237 586 1674 637 793 
11238 756 755 1636 863 
11239 705 88 89 1442 
11240 1739 759 783 858 
11241 1738 1681 1679 3631 
11242 798 800 857 3631 
11243 825 585 860 1706 
11244 1515 634 47 859 
11245 876 707 32 1417 
11246 1588 1757 205 1417 
11247 34 33 822 1430 
11248 668 605 770 3639 
11249 1486 1549 1651 3639 
11250 1751 268 267 1799 
11251 242 103 583 776 
11252 1606 1607 1605 3653 
11253 859 98 237 784 
11254 143 9 596 1840 
11255 1739 858 97 759 
11256 1635 872 1753 1474 
11257 585 1741 1706 1466 
11258 587 1468 258 1600 
11259 600 234 872 95 
11260 129 128 1802 870 
11261 1782 1785 108 604 
11262 1558 1482 211 1434 
11263 259 120 1600 793 
11264 586 261 1467 1810 
11265 776 1657 242 1767 
11266 125 605 1811 1808 
11267 121 1674 1467 586 
11268 721 1658 694 777 
11269 237 1740 859 1665 
11270 1575 729 721 694 
11271 1709 275 274 1823 
11272 759 1739 783 1640 
11273 865 1573 798 692 
11274 1773 1464 242 583 
11275 692 1756 798 875 
11276 1756 1676 1738 3630 
11277 243 1735 1464 583 
11278 611 786 1642 1492 
11279 759 97 1739 1640 
11280 854 243 104 583 
11281 1759 208 209 1429 
11282 1609 1606 1656 3654 
11283 775 725 728 3654 
11284 872 234 1753 1448 
11285 41 1741 585 1466 
11286 1824 132 8 610 
11287 1825 8 137 603 
11288 872 233 1448 1753 
11289 833 88 1459 1451 
11290 1563 1660 1565 3620 
11291 682 684 779 3620 
11292 1473 1549 1789 592 
11293 760 1500 1750 1641 
11294 1785 107 846 1763 
11295 247 1783 1762 1727 
11296 722 729 1575 694 
11297 271 17 1491 1826 
11298 264 263 1549 1809 
11299 1459 227 1586 1668 
11300 1484 17 276 1827 
11301 1665 859 237 784 
11302 1488 276 275 1818 
11303 121 1674 793 1798 
11304 872 234 1448 95 
11305 1548 1783 246 1727 
11306 1657 242 583 776 
11307 259 120 793 1798 
11308 38 1434 677 1416 
11309 233 872 1448 94 
11310 1576 695 1750 1641 
11311 1414 35 36 878 
11312 702 1651 1473 592 
11313 1674 259 1600 793 
11314 1686 1688 1690 3626 
11315 805 809 807 3626 
11316 1547 659 1540 1576 
11317 666 1728 847 1576 
11318 1571 1704 1680 3642 
11319 690 799 823 3642 
11320 1445 97 236 1739 
11321 859 47 220 1419 
11322 1739 115 254 1795 
11323 859 237 98 1768 
11324 865 1573 692 825 
11325 1635 872 1481 1753 
11326 859 1740 1515 1665 
11327 1800 1473 1789 592 
11328 211 1558 1434 1416 
11329 1434 1482 211 1433 
11330 600 234 1450 1481 
11331 227 1459 1458 1668 
11332 719 1600 120 793 
11333 735 1717 1735 836 
11334 1817 137 136 607 
11335 854 1784 243 1735 
11336 859 1515 634 1665 
11337 777 1519 694 638 
11338 1635 872 1474 593 
11339 220 1740 859 1419 
11340 97 1445 858 1739 
11341 1739 115 1795 858 
11342 859 1740 237 1768 
11343 143 142 1835 829 
11344 1425 38 1434 601 
11345 669 702 671 3618 
11346 1550 1552 1583 3618 
11347 1558 211 1702 1416 
11348 821 38 677 1416 
11349 1773 242 103 583 
11350 860 41 40 1432 
11351 1741 213 214 1432 
11352 586 121 122 1810 
11353 1717 735 722 836 
11354 825 1472 823 1706 
11355 261 260 1467 1810 
11356 1784 244 243 1735 
11357 1784 104 105 854 
11358 1576 666 659 695 
11359 1750 760 1641 695 
11360 1517 715 636 706 
11361 634 859 1665 784 
11362 825 860 1472 1706 
11363 1658 1587 1517 777 
11364 1587 1691 1596 3629 
11365 715 810 706 3629 
11366 1658 1575 721 694 
11367 659 1547 666 1576 
11368 825 1746 1573 1706 
11369 872 1635 754 593 
11370 121 1674 586 793 
11371 1704 1746 1680 3642 
11372 799 865 823 3642 
11373 702 1473 1596 592 
11374 1735 243 854 583 
11375 668 124 125 1811 
11376 754 847 1728 600 
11377 1651 1549 1473 592 
11378 588 106 105 1776 
11379 793 1674 259 1798 
11380 130 131 737 1807 
11381 735 1735 854 836 
11382 1735 588 735 854 
11383 872 1481 234 600 
11384 1576 847 666 695 
11385 1552 1584 1651 3590 
11386 671 770 703 3590 
11387 1728 666 1547 1576 
11388 1838 279 280 1489 
11389 876 2 82 1443 
11390 876 32 2 1417 
11391 1785 846 108 604 
11392 1557 676 1686 874 
11393 1834 281 282 1710 
11394 1469 244 245 1776 
11395 1486 1809 264 1549 
11396 228 227 1586 1442 
11397 1809 1789 263 1549 
11398 872 1635 1481 754 
11399 1811 668 124 1789 
11400 1635 754 1728 1481 
11401 1746 825 823 1706 
11402 754 1481 872 600 
11403 798 1573 1756 692 
11404 263 262 1473 1800 
11405 1800 124 123 592 
11406 600 1728 754 1481 
11407 1517 636 777 706 
11408 1788 264 265 1486 
11409 1442 705 88 787 
11410 1472 212 213 1435 
11411 602 132 133 1820 
11412 668 125 605 1811 
11413 1435 39 40 591 
11414 1762 248 247 1485 
11415 227 1586 1442 1459 
11416 1460 90 89 595 
11417 1425 37 38 601 
11418 1417 2 876 1443 
11419 1764 785 7 1790 
11420 125 126 605 1808 
11421 613 82 83 1461 
11422 14 3 1768 1419 
11423 6 15 1795 1445 
11424 1757 221 13 1443 
11425 1757 13 205 1417 
11426 222 221 1494 1462 
11427 108 109 1782 604 
11428 785 7 114 1764 
11429 1437 32 33 617 
11430 205 206 1498 1436 
11431 1764 7 16 1790 
11432 785 131 7 1790 
11433 87 88 833 1451 
11434 1476 229 228 1460 
11435 210 211 1482 1433 
11436 13 2 1417 1443 
11437 1417 1757 13 1443 
11438 1458 226 227 1714 
11439 16 1764 1790 1666 
11440 1790 270 16 1666 
11441 1764 16 253 1666 
11442 3623 1730 3616 1649 
11443 3623 3616 1730 3584 
11444 849 3623 3616 768 
11445 3616 3623 849 3584 
11446 3656 713 598 3614 
11447 3656 598 713 828 
11448 3618 702 1552 1583 
11449 3618 671 1552 702 
11450 3618 1552 671 3590 
11451 1654 3638 1747 1503 
11452 1747 3638 1654 3589 
11453 3592 1774 1497 1779 
11454 3592 1497 1774 3589 
11455 1835 606 3618 624 
11456 3618 606 1835 1839 
11457 3637 1836 1495 3606 
11458 3637 1495 1836 1831 
11459 3614 598 629 713 
11460 3614 629 598 3593 
11461 3646 794 687 864 
11462 3646 687 794 3613 
11463 3640 1670 1601 1564 
11464 3640 1601 1670 3598 
11465 3632 741 618 3599 
11466 3632 618 741 742 
11467 3635 762 820 3585 
11468 3635 820 762 620 
11469 3638 1774 1654 3589 
11470 3638 1654 1774 1760 
11471 853 3658 1825 3582 
11472 853 1825 3658 1817 
11473 1813 1825 3658 3582 
11474 1813 3658 1825 1817 
11475 1485 1778 3616 1762 
11476 3616 1778 1485 1648 
11477 1841 1478 3576 285 
11478 1841 3576 1478 1694 
11479 1501 1454 3585 1643 
11480 3585 1454 1501 1440 
11481 3631 1756 1738 3630 
11482 3631 1738 1756 1679 
11483 1488 1827 3582 1734 
11484 3582 1827 1488 1818 
11485 1496 1454 3585 1441 
11486 3585 1454 1496 1643 
11487 1842 597 3576 813 
11488 1842 3576 597 286 
11489 1499 1413 207 1427 
11490 207 1413 1499 1703 
11491 3631 875 857 798 
11492 3631 857 875 3630 
11493 1493 1806 269 1805 
11494 1493 269 1806 1618 
11495 1458 1668 3624 1714 
11496 3624 1668 1458 1459 
11497 1414 618 35 878 
11498 35 618 1414 1431 
11499 618 1430 3632 1431 
11500 3632 1430 618 822 
11501 821 1472 824 591 
11502 821 824 1472 3612 
11503 1763 846 3636 667 
11504 1763 3636 846 1785 
11505 1661 3626 805 780 
11506 805 3626 1661 1686 
11507 805 676 1661 780 
11508 1661 676 805 1686 
3 5 4 66
11509 1825 1409 284 3662 
11510 284 1409 1824 3662 
11511 1825 1817 1409 3662 
11512 1812 284 1824 3662 
11513 1824 1409 1820 3662 
11514 1822 1409 1814 3662 
11515 1815 1409 1822 3662 
11516 1814 1409 1817 3662 
11517 1844 283 1826 3662 
11518 1844 1827 283 3662 
11519 284 1813 1825 3662 
11520 1844 1826 1819 3662 
11521 1820 1409 1815 3662 
11522 1826 271 1844 1819 
11523 283 284 1812 3662 
11524 1844 283 17 1826 
11525 1825 8 284 1409 
11526 1812 1824 1820 3662 
11527 1824 284 8 1409 
11528 17 283 1844 1827 
11529 1817 1825 1813 3662 
11530 271 272 1844 1819 
11531 1814 1822 135 1409 
11532 1818 1827 1844 3662 
11533 135 136 1814 1409 
11534 1816 1823 1844 3662 
11535 1821 1844 1819 3662 
11536 1814 136 1817 1409 
11537 1822 1815 134 1409 
11538 1844 273 274 1816 
11539 283 1813 284 3662 
11540 272 1844 1819 1821 
11541 1812 1826 283 3662 
11542 274 1844 1816 1823 
11543 1821 1816 1844 3662 
11544 1823 1818 1844 3662 
11545 1818 276 1844 1827 
11546 273 1844 1821 1816 
11547 1822 134 135 1409 
11548 1815 133 134 1409 
11549 1825 1817 137 1409 
11550 1817 1813 1818 3662 
11551 1818 1844 275 1823 
11552 1844 274 275 1823 
11553 1814 1817 1818 3662 
11554 1820 1819 1812 3662 
11555 1844 272 273 1821 
11556 1815 1820 133 1409 
11557 1812 1819 1826 3662 
11558 1813 283 1827 3662 
11559 1820 1824 132 1409 
11560 1815 1822 1816 3662 
11561 1824 8 132 1409 
11562 137 8 1825 1409 
11563 1844 17 271 1826 
11564 1813 1827 1818 3662 
11565 1844 276 17 1827 
11566 1844 275 276 1818 
11567 136 137 1817 1409 
11568 1823 1814 1818 3662 
11569 1815 1816 1821 3662 
11570 1820 132 133 1409 
11571 1820 1821 3662 1815 
11572 3662 1821 1820 1819 
11573 1822 1823 3662 1814 
11574 3662 1823 1822 1816 
3 6 4 66
11575 285 1841 1845 3663 
11576 1843 285 1845 3663 
11577 1836 1845 1841 3663 
11578 1843 1845 1834 3663 
11579 1841 285 1829 3663 
11580 1831 1845 1836 3663 
11581 1841 1829 1836 3663 
11582 1834 1845 1830 3663 
11583 1842 286 1411 3663 
11584 1830 1845 1838 3663 
11585 286 1840 1411 3663 
11586 1843 1828 285 3663 
11587 1832 1837 1411 3663 
11588 1838 1845 1831 3663 
11589 1841 18 285 1845 
11590 9 286 1411 1842 
11591 1843 285 18 1845 
11592 1837 140 1832 1411 
11593 1411 286 9 1840 
11594 1829 285 286 3663 
11595 1843 1834 1828 3663 
11596 1837 1833 1411 3663 
11597 1841 1836 277 1845 
11598 140 141 1832 1411 
11599 1835 1411 1840 3663 
11600 1832 1411 1839 3663 
11601 1842 1411 1833 3663 
11602 285 1828 286 3663 
11603 281 280 1830 1845 
11604 1836 1831 278 1845 
11605 1832 141 1839 1411 
11606 1842 1829 286 3663 
11607 1834 281 1830 1845 
11608 1838 1830 280 1845 
11609 1835 1411 143 1840 
11610 1842 1411 138 1833 
11611 1411 1837 139 1833 
11612 1836 1829 1833 3663 
11613 1831 1838 279 1845 
11614 1411 1835 1839 3663 
11615 282 1834 1843 1845 
11616 1837 139 140 1411 
11617 1835 1828 1834 3663 
11618 279 278 1831 1845 
11619 1836 278 277 1845 
11620 1411 138 9 1842 
11621 1843 18 282 1845 
11622 1841 277 18 1845 
11623 1835 1834 1830 3663 
11624 1411 142 1839 1835 
11625 1411 9 143 1840 
11626 1837 1831 1833 3663 
11627 1836 1833 1831 3663 
11628 1839 141 142 1411 
11629 1840 286 1828 3663 
11630 1831 1837 1832 3663 
11631 143 142 1411 1835 
11632 1840 1828 1835 3663 
11633 1411 139 138 1833 
11634 280 279 1838 1845 
11635 1833 1829 1842 3663 
11636 1834 282 281 1845 
11637 1838 1831 1832 3663 
11638 1835 1830 1839 3663 
11639 1839 1838 3663 1830 
11640 3663 1838 1839 1832 
3 7 4 5451
11641 2352 3825 3688 3984 
11642 1915 3757 3718 3912 
11643 2380 3735 1480 3806 
11644 3722 3966 3713 4068 
11645 1892 1964 2182 3707 
11646 2190 3696 3819 3941 
11647 1734 2354 3738 4068 
11648 1486 2316 3695 3931 
11649 3672 3832 3687 3901 
11650 2090 3686 3786 3934 
11651 3731 3914 3918 3968 
11652 1703 1846 3720 3873 
11653 3694 3799 2194 3884 
11654 2389 1480 1495 2380 
11655 3720 3738 1698 3923 
11656 1891 3718 1969 3812 
11657 2265 3745 3742 3834 
11658 1470 2351 3749 4056 
11659 1931 2226 2188 3970 
11660 1619 1618 1666 3741 
11661 3838 3901 367 3909 
11662 3696 3941 2190 3998 
11663 3890 3978 3707 3981 
11664 1726 3805 3698 3846 
11665 1489 2359 3788 4034 
11666 3722 3892 3677 3968 
11667 3793 3915 3795 3945 
11668 2301 3695 2299 3831 
11669 2188 3691 2346 3970 
11670 1846 1876 3720 3873 
11671 1712 3851 3736 3993 
11672 2340 3892 3722 3968 
11673 3668 3800 3729 3943 
11674 3763 3772 3669 3933 
11675 3705 3672 3909 3937 
11676 3669 3834 3763 3933 
11677 2036 3913 3730 3937 
11678 3672 3721 3686 3760 
11679 3713 3722 2340 3892 
11680 2226 3691 2188 3970 
11681 3720 3783 1876 4049 
11682 2077 3726 4007 4008 
11683 1479 1470 2351 3749 
11684 3687 3783 3761 3873 
11685 3736 3664 3851 3956 
11686 3730 3913 3705 3937 
11687 3667 3992 3886 4017 
11688 1605 3706 3767 3961 
11689 1849 3934 3786 4045 
11690 1692 3736 3851 3956 
11691 3729 3782 3668 3943 
11692 2188 2346 3691 3843 
11693 1495 2380 1480 3806 
11694 3687 3832 3686 3901 
11695 366 2348 3774 3965 
11696 1849 1871 3934 4045 
11697 3736 3851 3693 3993 
11698 3876 3959 3736 4063 
11699 3703 3800 3668 3943 
11700 3667 3743 3992 4017 
11701 366 3774 3856 3965 
11702 3669 3745 3742 3946 
11703 3669 3772 3763 3893 
11704 3783 3761 3873 4045 
11705 3672 3901 3838 3909 
11706 3765 3851 3664 3956 
11707 3742 3745 3669 3834 
11708 3876 3950 3959 4063 
11709 1696 1698 3738 3923 
11710 2332 367 3901 3909 
11711 3686 3721 3672 3832 
11712 1622 3873 3720 3923 
11713 2202 1952 2357 3734 
11714 2090 3786 1967 3934 
11715 3680 3876 3950 3959 
11716 3677 3918 3914 3968 
11717 1624 1622 3720 3923 
11718 3743 3751 3690 3833 
11719 3731 3914 3882 3918 
11720 3808 3809 3779 3810 
11721 2357 3734 1952 3774 
11722 1892 1964 3707 3812 
11723 3668 3782 3729 3800 
11724 3709 3730 2213 3782 
11725 3731 3843 2328 3994 
11726 3667 3737 3886 3992 
11727 2159 3790 3739 3796 
11728 3696 3878 2294 3885 
11729 3668 3705 3913 3936 
11730 3747 3851 3930 3989 
11731 3788 2359 3949 4034 
11732 3672 3686 3832 3901 
11733 3711 3779 3809 3810 
11734 1931 2188 2346 3970 
11735 2332 3838 367 3909 
11736 3839 3949 2359 4034 
11737 1692 3736 1712 3851 
11738 2370 3848 3700 3849 
11739 3691 3825 2345 3970 
11740 2294 3878 3696 3911 
11741 1891 1916 3718 3812 
11742 1722 3788 3695 4034 
11743 1947 3731 2328 3994 
11744 3686 3832 3687 4045 
11745 2316 2302 3695 3931 
11746 3763 3933 3834 4032 
11747 3712 3974 3817 4015 
11748 3709 3730 2337 3970 
11749 3674 3744 3694 3847 
11750 2338 3688 2352 3825 
11751 3809 3976 3975 3980 
11752 1489 3839 2359 4034 
11753 3718 3812 1916 3815 
11754 3673 3688 3710 3845 
11755 2278 2301 2299 3831 
11756 1698 3738 3720 4038 
11757 3708 3713 3677 3722 
11758 1967 3786 1849 3934 
11759 2029 3913 2036 3937 
11760 3713 3722 3708 3966 
11761 3755 3829 1473 3938 
11762 1754 3851 3765 3956 
11763 3760 3909 3672 3937 
11764 1480 3735 2380 4070 
11765 3690 3814 2300 3878 
11766 2300 3814 3690 3888 
11767 3672 3870 3705 3909 
11768 3744 3847 3674 4046 
11769 1730 3946 3769 4035 
11770 2316 2302 2301 3695 
11771 1470 3749 1509 4056 
11772 2146 3843 3691 4013 
11773 3700 3848 2370 4065 
11774 3745 3669 3834 3893 
11775 3694 3847 3744 4046 
11776 3917 3930 3928 3988 
11777 3736 3959 3956 4063 
11778 3686 3687 3783 4045 
11779 1892 3707 1919 3812 
11780 3673 3710 3688 3846 
11781 1722 3695 3831 4034 
11782 3698 3846 3673 3898 
11783 1605 3706 1607 3767 
11784 3734 3774 2348 3965 
11785 3703 3729 3800 3943 
11786 1938 1947 2328 3843 
11787 3690 3751 3743 3899 
11788 3711 3975 3809 3976 
11789 2301 2278 1650 3831 
11790 2202 2164 1952 3734 
11791 3677 3722 3713 3892 
11792 1947 3843 1938 3994 
11793 3817 3974 3712 3977 
11794 1568 3717 3777 3951 
11795 3674 3694 3744 3862 
11796 2377 1487 3788 4067 
11797 1876 3783 3720 3873 
11798 2213 3730 3709 3970 
11799 1549 3931 3752 3932 
11800 3754 3820 3675 3941 
11801 3675 3762 3754 3941 
11802 1479 3749 2351 4012 
11803 2029 3705 3913 3937 
11804 1906 3718 1915 3757 
11805 3693 3736 3664 3851 
11806 1689 3805 1726 3846 
11807 3720 3921 1698 4038 
11808 3705 3909 3730 3937 
11809 3886 3992 3685 4017 
11810 2143 3730 2356 3760 
11811 3743 3833 3690 3899 
11812 3720 3738 3671 3887 
11813 3756 3956 3959 4063 
11814 2159 3796 3739 3821 
11815 1718 3908 3733 3961 
11816 3699 3770 3853 3947 
11817 3756 3959 3950 4063 
11818 1906 2113 3718 3757 
11819 2361 1963 3743 3849 
11820 3680 3736 3876 3959 
11821 2164 1952 3734 3774 
11822 3786 3934 3686 4045 
11823 1948 2361 1963 3743 
11824 3740 3834 3933 4032 
11825 1703 3720 1846 3921 
11826 3742 3745 1617 3946 
11827 1624 1622 1623 3720 
11828 2377 3716 1487 4067 
11829 1718 3807 3733 3908 
11830 3686 3937 3721 3960 
11831 1607 3767 3706 3946 
11832 3731 3918 3822 3968 
11833 2268 2241 3886 4050 
11834 3689 3738 3720 3887 
11835 2036 3782 3730 3913 
11836 1947 2328 3843 3994 
11837 3822 3918 3677 3968 
11838 1615 3742 3946 4035 
11839 3822 3892 3823 4071 
11840 2146 3691 3884 4013 
11841 3748 3794 3859 3944 
11842 2111 1905 1891 3812 
11843 3670 3914 3731 3968 
11844 3670 3882 3731 3914 
11845 2284 262 261 3829 
11846 1722 1584 3695 3788 
11847 1726 3698 1748 3846 
11848 2337 3730 3709 3804 
11849 2290 3814 2300 3888 
11850 3729 3784 3770 3904 
11851 2143 2356 1959 3760 
11852 1692 3851 1754 3956 
11853 3714 3913 3705 3936 
11854 3686 3721 3934 3960 
11855 1963 1975 3743 3849 
11856 2111 1891 1969 3812 
11857 1748 3846 3698 3879 
11858 1858 3873 3761 4045 
11859 3677 3892 3822 3968 
11860 2352 2336 3825 3984 
11861 1512 3907 4030 4038 
11862 3686 3671 3783 3901 
11863 2338 2352 3688 3845 
11864 3672 3760 3901 3909 
11865 1509 3710 3871 4056 
11866 1948 1963 1975 3743 
11867 2340 3861 3713 3892 
11868 1979 3995 3843 4013 
11869 3696 3675 3941 3998 
11870 1712 3693 3851 3993 
11871 3720 3873 3687 3923 
11872 3696 3768 3675 3998 
11873 3689 4030 3907 4038 
11874 3779 3673 3808 3810 
11875 3672 3761 3687 3832 
11876 3668 3870 3705 3936 
11877 3669 3781 3772 3857 
11878 2340 3722 3713 4068 
11879 3696 3940 3675 4002 
11880 3696 3819 3675 3940 
11881 3668 3913 3714 3936 
11882 3669 3857 3772 3991 
11883 1734 3738 2354 3923 
11884 2036 2038 3730 3782 
11885 3721 3937 3934 3960 
11886 3669 3725 3772 3893 
11887 2064 3798 3797 3865 
11888 3772 3857 3781 3991 
11889 3779 3673 3810 3910 
11890 3686 3760 3721 3937 
11891 3745 3767 3669 3893 
11892 1623 3720 1622 3873 
11893 1607 3706 1614 3946 
11894 2377 3788 3716 4067 
11895 2338 3688 3825 3845 
11896 1489 2359 1725 3788 
11897 3808 3810 3673 3910 
11898 3743 3751 3667 3899 
11899 1979 3843 2146 4013 
11900 1703 3720 1623 3873 
11901 1568 3777 3717 3813 
11902 3723 3767 3725 3991 
11903 3710 1509 4015 4056 
11904 2182 3707 2069 3981 
11905 1479 1509 1470 3749 
11906 1976 3833 3743 3899 
11907 1607 1605 1614 3706 
11908 3698 3805 3673 3846 
11909 3723 3725 3767 4000 
11910 1688 3811 3805 4011 
11911 3718 3757 2113 4042 
11912 3754 3762 3680 3821 
11913 1470 1509 3871 4056 
11914 3966 4012 1504 4068 
11915 3673 3688 3845 3898 
11916 3763 3834 3669 3893 
11917 1919 3812 3707 3939 
11918 2118 2293 2285 3696 
11919 2169 1969 3718 3812 
11920 3672 3687 3838 3901 
11921 1906 1969 1891 3718 
11922 1902 1916 3812 3815 
11923 1489 3788 1725 4034 
11924 2358 2177 2349 1947 
11925 3749 4015 1509 4056 
11926 1615 3946 1730 4035 
11927 2064 3796 3798 3865 
11928 1722 3695 1486 3831 
11929 2268 3886 3697 4050 
11930 3684 3723 3955 3991 
11931 2143 3730 3760 3937 
11932 3682 3712 3710 3779 
11933 2349 3731 2177 3822 
11934 2347 2356 3730 3760 
11935 2345 3691 2338 3825 
11936 3806 3891 3848 4017 
11937 3690 3667 3751 3899 
11938 2169 3812 3718 3971 
11939 1698 1624 3720 3923 
11940 1858 3761 3832 4045 
11941 2352 3688 3845 3871 
11942 3760 3937 3686 3960 
11943 1690 3698 3805 3854 
11944 3763 3772 2085 3773 
11945 1486 3695 2301 3831 
11946 2260 3697 2268 3886 
11947 3761 3785 1856 4019 
11948 3741 3775 2230 3776 
11949 3671 3686 3774 3901 
11950 2306 3819 3696 3940 
11951 3677 3713 3708 3815 
11952 2376 3867 3716 3949 
11953 3710 3712 3682 4041 
11954 2018 3868 3762 4058 
11955 1693 1698 3921 4038 
11956 3667 3690 3751 3814 
11957 1512 4030 3759 4038 
11958 2038 2213 3730 3782 
11959 3737 3775 2238 3967 
11960 1690 1726 3698 3854 
11961 2182 1964 2069 3707 
11962 2085 3933 3763 4032 
11963 3686 3783 3671 3786 
11964 1752 3720 1703 3921 
11965 2260 2268 2241 3886 
11966 1907 3757 1915 3912 
11967 3772 3781 3669 3933 
11968 2335 3717 2355 3838 
11969 3723 3961 3767 3991 
11970 3725 3724 3727 3883 
11971 1891 1905 1916 3812 
11972 3685 3743 3849 3881 
11973 3710 3779 3673 4013 
11974 3915 3945 3793 4051 
11975 3725 3669 3767 3893 
11976 2348 3734 2357 3774 
11977 3671 3774 3686 3786 
11978 1902 3815 3812 3939 
11979 2190 3819 2052 3941 
11980 3709 3668 3782 3943 
11981 1729 3742 1548 3745 
11982 2158 3799 3694 3847 
11983 3667 3751 3701 3814 
11984 3788 3949 3867 4002 
11985 2328 3731 2353 3843 
11986 3716 3788 3867 4002 
11987 3917 3928 3792 3988 
11988 1568 3900 3717 3951 
11989 2322 3775 3741 4059 
11990 3685 3992 3743 4017 
11991 3782 3953 3729 4003 
11992 2194 3694 2158 3799 
11993 3669 3767 3745 3946 
11994 3673 3845 3691 3898 
11995 3684 3955 3725 3991 
11996 3756 3956 3664 3959 
11997 3716 3867 3788 3949 
11998 3664 3756 3926 3956 
11999 1690 3698 1726 3805 
12000 2264 3740 1953 4032 
12001 3681 3703 3729 3800 
12002 2337 3730 3804 3909 
12003 2190 3696 1954 3819 
12004 2349 1947 2177 3731 
12005 1734 2343 2354 4068 
12006 2188 3691 2146 3843 
12007 3689 3720 3671 3887 
12008 3706 3769 1614 3946 
12009 3701 3751 3690 3814 
12010 3669 3781 3857 3933 
12011 3707 3812 1964 3918 
12012 2252 3834 3742 3866 
12013 2338 3825 3691 3845 
12014 3673 3805 3698 3824 
12015 3679 3848 3806 3891 
12016 3688 3846 3698 3898 
12017 1470 3871 2351 4056 
12018 3724 3725 3773 3787 
12019 2158 3694 2194 3847 
12020 3694 3784 3665 4073 
12021 3743 3849 1975 3992 
12022 3705 3870 3730 3909 
12023 3664 3926 3954 4074 
12024 2333 2337 3730 3970 
12025 2143 1959 2200 3760 
12026 2374 3700 2370 3781 
12027 1748 3688 1678 3846 
12028 1620 1856 3761 3785 
12029 3745 3767 1617 3946 
12030 1979 3994 3843 3995 
12031 2337 2347 3730 3909 
12032 2328 1947 2349 3731 
12033 1577 3697 1747 3826 
12034 2036 2038 3782 3913 
12035 1503 3826 1747 4050 
12036 3664 3926 3790 3954 
12037 3685 3849 3848 3881 
12038 3682 3779 3710 4013 
12039 2085 3772 3763 3933 
12040 2246 3826 1503 4050 
12041 3664 3954 3790 4074 
12042 3686 2090 3786 3960 
12043 3670 3977 3764 3979 
12044 3694 3665 3898 4073 
12045 3772 3773 3763 3893 
12046 2383 3768 2382 3868 
12047 3792 3954 3926 4074 
12048 3664 3926 3756 3959 
12049 3868 3922 3762 4058 
12050 2379 3835 3693 3840 
12051 3806 3697 3891 4017 
12052 1746 3853 3681 3924 
12053 3690 2205 3833 3911 
12054 3754 3762 3675 3935 
12055 3774 3786 2090 3960 
12056 1698 1696 1624 3923 
12057 1486 2316 2301 3695 
12058 3680 3762 3754 3935 
12059 3686 3672 3760 3901 
12060 3725 3727 3724 3801 
12061 2051 3754 3798 3821 
12062 1959 3760 2356 3960 
12063 2338 3691 2345 3845 
12064 2351 4012 3749 4056 
12065 1603 3858 3748 3859 
12066 3752 3828 3820 3935 
12067 3767 3961 3723 4000 
12068 1906 2113 1969 3718 
12069 3714 3782 3668 3800 
12070 3664 3926 3765 3956 
12071 3751 3833 3743 4060 
12072 3681 3853 3770 3947 
12073 2194 3799 2158 3884 
12074 2052 2190 3941 3998 
12075 3681 3729 3703 3947 
12076 2213 2333 3730 3970 
12077 3668 3730 3709 3782 
12078 3705 3730 3668 3913 
12079 3752 3820 3829 3932 
12080 3682 3710 3845 4013 
12081 3668 3782 3714 3913 
12082 3820 3828 3754 3935 
12083 3670 3978 3977 3979 
12084 3705 3714 3936 3963 
12085 1954 2190 2118 3696 
12086 3707 3979 3882 3981 
12087 3725 3787 3724 3883 
12088 3741 3897 1580 4066 
12089 2092 3786 3774 3889 
12090 3684 3955 3723 3997 
12091 3668 3730 3705 3870 
12092 366 365 3760 3774 
12093 1473 4062 3755 4064 
12094 3673 3824 3698 3898 
12095 3737 3685 3886 3992 
12096 3704 3800 3668 3982 
12097 3710 3673 3845 4013 
12098 370 3985 3835 3996 
12099 2164 3774 3734 3889 
12100 2306 2285 3696 3819 
12101 2382 3868 3768 3998 
12102 3770 3862 3784 3947 
12103 3676 3689 3759 3836 
12104 3671 3720 3689 3874 
12105 3704 3668 3800 3936 
12106 3725 3955 3723 3991 
12107 3676 3689 3836 3887 
12108 2310 2300 3814 3878 
12109 3760 3774 365 3960 
12110 2345 3691 2346 3843 
12111 3673 3691 3845 4013 
12112 1568 1561 3900 3951 
12113 3679 3750 3700 3848 
12114 1696 3738 1698 4038 
12115 3675 3819 3696 3941 
12116 3721 3760 3672 3937 
12117 3745 3834 3763 3893 
12118 2329 1504 4012 4068 
12119 2376 3716 3788 3949 
12120 1676 3698 1726 3854 
12121 3827 3898 3665 4073 
12122 3687 3783 3720 3856 
12123 366 3774 3760 3901 
12124 3703 3668 3800 3982 
12125 2353 3843 3731 3872 
12126 3694 3744 4040 4046 
12127 1726 1748 3698 3879 
12128 3671 3856 3783 3901 
12129 1976 2049 3833 3899 
12130 3668 3936 3704 3982 
12131 2149 3784 3729 3904 
12132 3784 3827 3665 4073 
12133 2123 3718 2113 4042 
12134 3781 3857 370 3920 
12135 1748 3688 3846 3879 
12136 3664 3739 3692 3790 
12137 3688 3673 3846 3898 
12138 1696 3738 1734 3923 
12139 1734 3738 1592 4068 
12140 3835 3985 3766 3996 
12141 3719 3825 2336 3984 
12142 2370 3857 3700 4065 
12143 3665 3825 3719 3879 
12144 3876 4023 1550 4067 
12145 2290 2310 2300 3814 
12146 3743 3881 3751 4060 
12147 3708 3722 3677 3914 
12148 2285 2293 2306 3696 
12149 3664 3736 3693 3840 
12150 3799 3810 3910 4048 
12151 3739 3790 2180 4010 
12152 2049 3690 2205 3833 
12153 2090 3774 2092 3786 
12154 3699 1738 3837 4031 
12155 2089 2090 1967 3934 
12156 3934 3937 2035 3960 
12157 3668 3709 3730 3804 
12158 2355 3717 1675 3838 
12159 1903 3718 1916 3815 
12160 3731 3843 3682 3872 
12161 1678 3846 3688 3871 
12162 2361 3743 2192 3833 
12163 1729 1617 3742 3745 
12164 2226 3827 3691 3970 
12165 1509 3710 1511 3871 
12166 2198 2163 2082 3700 
12167 2069 3707 1964 3918 
12168 3705 3721 3672 3937 
12169 3716 4023 3876 4067 
12170 2317 3701 3878 4066 
12171 2346 3691 2345 3970 
12172 3686 3786 3774 3960 
12173 371 3835 3733 3986 
12174 1715 3897 3776 4014 
12175 3664 3692 3739 3840 
12176 371 2379 3835 3986 
12177 2143 3760 2200 3937 
12178 1622 3687 3873 3923 
12179 1605 1614 3706 4069 
12180 3776 3886 2241 4050 
12181 2366 3692 3835 3840 
12182 2061 3690 2049 3899 
12183 1586 1660 3817 3974 
12184 3705 3936 3683 3963 
12185 2306 3696 3885 3940 
12186 2197 3740 3933 4032 
12187 2082 3700 2163 3781 
12188 3669 3834 3740 4009 
12189 3720 3783 3671 3856 
12190 3672 3721 3705 3841 
12191 1614 3769 3706 4069 
12192 2247 3826 2246 4050 
12193 3689 3875 3874 3921 
12194 3683 3705 3870 3936 
12195 3833 3911 2205 3998 
12196 1678 3871 3688 3984 
12197 3677 3812 3718 3815 
12198 3681 3703 3800 3924 
12199 2061 3888 3690 3899 
12200 3725 3955 3684 4006 
12201 3722 3670 3749 3872 
12202 2229 2247 2246 4050 
12203 3759 4030 3689 4038 
12204 3799 3810 3808 3910 
12205 2049 3690 3833 3899 
12206 3688 3719 3825 3879 
12207 1484 1734 2354 3923 
12208 3722 3749 3670 3877 
12209 2077 3726 3787 4007 
12210 1858 3761 1857 3832 
12211 1976 2192 3743 3833 
12212 2317 3878 3701 3969 
12213 3688 3825 3665 3879 
12214 1577 3806 3697 3826 
12215 2382 3768 3833 3998 
12216 3730 3909 3760 3937 
12217 2188 2226 2146 3691 
12218 3665 3771 3862 3879 
12219 3686 3934 2090 3960 
12220 2366 3692 3840 4010 
12221 1553 3818 3713 3863 
12222 3689 3676 3759 4038 
12223 3667 3776 3741 3897 
12224 3781 3920 370 3985 
12225 3716 3876 1550 4067 
12226 3737 3992 3899 4054 
12227 3725 3883 3727 3955 
12228 3740 3933 3669 4009 
12229 1984 3899 3992 4054 
12230 2299 2301 2302 3695 
12231 2341 3822 3892 3968 
12232 2260 3697 3886 3972 
12233 3726 2071 3905 4008 
12234 3791 3792 3926 3928 
12235 2040 3953 3782 4003 
12236 3737 3667 3746 3899 
12237 3698 3862 3771 3879 
12238 2169 2111 1969 3812 
12239 2332 3901 3760 3909 
12240 2146 3691 2226 4073 
12241 3734 3676 3823 4042 
12242 3668 3730 3870 3909 
12243 1919 3707 3890 3939 
12244 1959 2200 3760 3960 
12245 1908 3759 3836 3912 
12246 1951 2213 2333 3730 
12247 1487 3716 2377 3903 
12248 3671 3774 3734 3965 
12249 1915 1916 1903 3718 
12250 3709 3782 3729 3943 
12251 3667 3776 3897 4014 
12252 2163 3700 2374 3781 
12253 3671 3856 3774 3965 
12254 1899 3708 1496 3896 
12255 2379 3693 3835 3986 
12256 1569 3777 1568 3813 
12257 3783 3856 3687 3901 
12258 2029 3962 3705 3983 
12259 1585 3788 1722 4034 
12260 3684 3728 3955 3997 
12261 2260 3891 3697 3972 
12262 2229 2246 1503 4050 
12263 1907 3836 3757 3912 
12264 2377 2376 3716 3788 
12265 2378 3857 3706 3920 
12266 1568 3777 1569 3951 
12267 1906 1891 1915 3718 
12268 366 2331 2348 3965 
12269 3733 3908 3723 3961 
12270 2309 2294 3878 3885 
12271 1553 3863 3713 4068 
12272 3692 2180 3790 4010 
12273 1917 1902 1916 3812 
12274 3665 3862 3698 3879 
12275 3726 3728 4007 4008 
12276 2360 3868 1955 4058 
12277 1650 1722 1486 3831 
12278 3670 3722 3914 3968 
12279 3808 3995 2145 4013 
12280 2371 3848 2370 3849 
12281 1510 3817 3749 3877 
12282 2299 3831 3695 3885 
12283 3665 3709 3827 3953 
12284 2029 3913 3705 3962 
12285 1747 3697 1577 4014 
12286 366 3856 3774 3901 
12287 3671 3738 3720 3856 
12288 1650 1486 2301 3831 
12289 3670 3764 3882 3979 
12290 3747 3851 3807 3902 
12291 3692 3666 3835 3902 
12292 3743 2375 3881 4060 
12293 3790 3926 3796 3954 
12294 3760 3901 3774 3960 
12295 3724 3787 3773 3883 
12296 3709 3665 3943 3953 
12297 3690 3751 3701 3878 
12298 2062 2177 3731 3822 
12299 2376 3788 2359 3949 
12300 1620 1482 1856 3785 
12301 3682 3843 3731 3994 
12302 3667 3701 3751 3897 
12303 3734 3823 3676 4071 
12304 1666 2230 1619 3741 
12305 2342 2355 2335 3717 
12306 3676 3818 3713 3912 
12307 3842 3983 2026 4033 
12308 2247 3697 2260 3891 
12309 3697 3806 1577 4014 
12310 2337 2332 2347 3909 
12311 3676 3689 3887 4038 
12312 2337 3804 2332 3909 
12313 3701 3741 3667 3814 
12314 2337 2345 3825 3970 
12315 366 3856 2331 3965 
12316 1654 1503 1747 4050 
12317 3757 3836 3676 3912 
12318 3675 3820 3754 3935 
12319 3710 4041 3682 4056 
12320 1915 3718 1903 3912 
12321 2379 2363 3835 3840 
12322 3834 3866 3740 4009 
12323 3701 3678 3839 3969 
12324 3831 3839 3678 3969 
12325 3796 3680 3821 3950 
12326 3687 367 3838 3901 
12327 3694 3799 3673 3824 
12328 3673 3799 3694 3884 
12329 2160 2180 3739 3790 
12330 3701 3751 3678 3878 
12331 3680 3754 3828 3935 
12332 2340 3861 3892 4071 
12333 1701 3713 1553 3818 
12334 3730 3782 3668 3913 
12335 2350 3722 3872 3968 
12336 3676 3892 3823 4042 
12337 1747 3826 3697 4050 
12338 3666 3692 3793 3902 
12339 3693 2379 3840 3993 
12340 3700 3848 3750 3849 
12341 2334 2202 3734 3823 
12342 3684 3723 3991 3997 
12343 3765 3926 3756 3956 
12344 3725 3955 3727 4000 
12345 3667 3886 3776 4014 
12346 2357 2334 2202 3734 
12347 1487 1550 3716 3903 
12348 3677 3815 3708 3939 
12349 2146 3884 3691 4073 
12350 3679 3750 3848 3891 
12351 3749 3817 1510 4015 
12352 2260 2247 2268 3697 
12353 3784 3862 3665 3947 
12354 2377 2359 2376 3788 
12355 3703 3853 3771 4036 
12356 2377 1487 1725 3788 
12357 3799 3808 3673 3910 
12358 1737 3701 3839 3969 
12359 1722 1585 1584 3788 
12360 3814 3878 3701 4066 
12361 1689 1726 1748 3846 
12362 3744 3784 3770 3862 
12363 3728 3787 3726 4007 
12364 3693 3733 3666 3835 
12365 2384 3881 3751 4070 
12366 1580 3897 3701 4066 
12367 2300 3888 3690 3911 
12368 2317 3878 2310 4066 
12369 2353 3845 3843 3872 
12370 367 3687 3838 3923 
12371 2317 3969 3701 4066 
12372 2235 1953 2264 3740 
12373 3694 3665 3784 3862 
12374 3697 3826 2247 4050 
12375 3727 3801 3725 4000 
12376 3666 3728 3925 3997 
12377 3735 3881 2380 4070 
12378 1903 3718 3815 3912 
12379 3666 3925 3766 3997 
12380 3678 3839 3831 4034 
12381 1902 3812 1917 3939 
12382 3670 3882 3978 3979 
12383 3766 3925 3728 3997 
12384 3841 3842 3705 3963 
12385 2163 3849 3700 4037 
12386 2232 3737 4054 4057 
12387 3736 3664 3956 3959 
12388 3728 3684 3955 4006 
12389 3689 3671 3874 3887 
12390 2370 370 3781 3857 
12391 1615 1649 3742 4035 
12392 3740 3750 3700 3866 
12393 3692 3666 3793 3915 
12394 2055 3791 3796 3865 
12395 3693 3835 3666 3902 
12396 3729 3943 3665 3953 
12397 2378 371 3857 3920 
12398 3667 3775 3741 3776 
12399 3839 3969 3831 4034 
12400 3751 3897 3839 4070 
12401 2060 3734 2202 3823 
12402 2091 3786 2092 3889 
12403 3716 3867 3675 4002 
12404 2375 3743 3833 4060 
12405 3722 2344 3872 4012 
12406 3796 3821 3798 3950 
12407 3666 3733 3693 3807 
12408 1676 3837 3698 3854 
12409 2339 3861 3738 4068 
12410 1581 1737 3701 3839 
12411 2370 2362 3857 4065 
12412 1581 3839 3701 3897 
12413 3665 3879 3719 4036 
12414 3667 3751 3735 3897 
12415 3676 3718 3892 4042 
12416 3685 3848 3750 3891 
12417 1954 3696 2285 3819 
12418 1494 3759 1512 4030 
12419 1971 2244 2231 3869 
12420 2360 3922 3868 4058 
12421 3702 3850 3671 3874 
12422 2371 3849 3743 3881 
12423 3675 3820 3916 3940 
12424 3683 3841 3705 3963 
12425 3676 3713 3818 3863 
12426 2198 3700 2082 3933 
12427 2353 2328 2349 3731 
12428 3764 3979 3977 3980 
12429 1582 3741 3776 3897 
12430 3692 3835 3693 3902 
12431 2350 3722 2344 3872 
12432 3689 3907 3875 3921 
12433 3749 3817 3670 3877 
12434 2299 3695 2302 3940 
12435 3917 3926 3792 3928 
12436 2062 2177 1947 3731 
12437 2163 3700 2198 4037 
12438 1580 3701 1593 4066 
12439 3722 3670 3872 3968 
12440 3667 3886 4014 4017 
12441 3674 3824 3694 3862 
12442 2300 3690 3878 3911 
12443 2293 3696 2118 3911 
12444 2089 2090 3934 3960 
12445 1979 2145 3995 4013 
12446 2229 1503 1654 4050 
12447 2062 3731 3882 3918 
12448 3701 3667 3741 3897 
12449 1582 3776 1715 3897 
12450 3674 3824 4047 4048 
12451 366 3760 2332 3901 
12452 3798 3828 3754 4004 
12453 2341 3892 2340 3968 
12454 3751 3735 3897 4070 
12455 2159 2160 3739 3790 
12456 3806 3826 3679 3891 
12457 1725 3788 1487 4067 
12458 3690 3814 3667 3899 
12459 1726 3879 3698 4031 
12460 3702 3671 3850 3889 
12461 2082 3700 3781 3933 
12462 2091 2090 2092 3786 
12463 2382 3768 2383 3833 
12464 3687 3761 3672 4043 
12465 1568 1569 1561 3951 
12466 1568 3813 3717 4018 
12467 3679 3742 3946 4009 
12468 3740 3834 3669 3933 
12469 3696 3885 3940 4002 
12470 3796 3926 3791 3954 
12471 1487 3716 1550 4067 
12472 3779 3809 3808 3995 
12473 3674 3698 3824 3862 
12474 3805 3910 3811 4047 
12475 3676 3713 3892 3912 
12476 1582 3741 1619 3776 
12477 1696 1734 1484 3923 
12478 3698 3771 3862 4031 
12479 2366 3835 2363 3840 
12480 2213 1951 2333 3970 
12481 2378 3706 371 3920 
12482 1548 3742 2254 3745 
12483 3751 3881 3735 4070 
12484 2370 2387 2374 3781 
12485 3695 3788 1584 4067 
12486 3703 3668 3813 3943 
12487 2055 3796 3791 3954 
12488 1493 3741 1580 4066 
12489 3711 3809 3942 3976 
12490 3756 3796 3865 3950 
12491 3665 3771 3879 4036 
12492 2341 3892 3822 4071 
12493 2384 2380 3881 4070 
12494 3737 3967 2238 4054 
12495 3725 3773 3772 3893 
12496 3667 4014 3735 4017 
12497 3698 3846 3688 3879 
12498 2335 3804 3717 3909 
12499 3738 3863 1592 4068 
12500 2146 3884 2145 4013 
12501 3728 3948 3766 3997 
12502 2034 2036 3730 3937 
12503 1560 3785 3761 3900 
12504 3676 3887 3738 4038 
12505 3767 3961 3706 3991 
12506 3697 3826 3806 3891 
12507 2252 3866 3742 3895 
12508 3733 3908 3807 3997 
12509 3711 3779 3810 3811 
12510 3686 3783 3687 3901 
12511 1948 2192 2361 3743 
12512 3691 3843 2345 3845 
12513 3679 3946 3769 4009 
12514 3693 3835 3692 3840 
12515 3807 3908 3666 3997 
12516 3673 3779 3710 4011 
12517 3820 3931 3916 3940 
12518 3775 3967 3737 4054 
12519 2294 2306 3696 3885 
12520 1496 3708 1899 3957 
12521 370 3920 3835 3985 
12522 1489 1723 3839 4034 
12523 2341 3822 3823 4071 
12524 2378 371 2362 3857 
12525 1597 1712 3736 3993 
12526 3823 3892 3676 4071 
12527 3733 3807 3666 3997 
12528 3747 3859 1610 3989 
12529 2245 3869 3750 3891 
12530 3792 4051 3954 4074 
12531 2062 3822 3731 3918 
12532 1496 3708 1736 3896 
12533 3752 4023 3916 4067 
12534 2270 3775 3737 3886 
12535 2179 3692 3915 3996 
12536 3667 3751 3743 3881 
12537 2213 3709 2042 3970 
12538 3725 3787 3883 3955 
12539 3675 3768 3696 4002 
12540 3718 3757 3676 3912 
12541 1511 3710 3846 3871 
12542 3691 3827 2226 4073 
12543 3678 3878 3751 4029 
12544 3769 3806 1578 4035 
12545 3711 3809 3779 3942 
12546 3740 3866 3700 4009 
12547 3692 3790 2180 4051 
12548 1485 2251 3742 3895 
12549 3750 3848 3685 3849 
12550 1865 3874 3720 4049 
12551 3930 3988 3917 3989 
12552 2378 3769 3706 4065 
12553 1896 3803 1922 3978 
12554 3714 3800 3668 3936 
12555 2149 3729 3784 3953 
12556 3667 3737 3746 3775 
12557 2310 3878 3814 4066 
12558 2378 3706 3857 4065 
12559 3716 3675 3916 4002 
12560 2382 3833 1957 3998 
12561 3716 3935 3867 3999 
12562 3752 3820 3916 3935 
12563 3684 3772 3781 3991 
12564 1507 3806 3735 4014 
12565 2249 3866 2252 3895 
12566 3731 3872 3670 3968 
12567 2119 3820 3754 3941 
12568 3747 3858 1610 3859 
12569 3791 3926 3792 3954 
12570 3723 3955 3725 4000 
12571 3666 3793 3858 3902 
12572 2205 2049 2061 3690 
12573 2179 3692 2180 3915 
12574 2154 3810 3799 4048 
12575 3694 3824 3698 3862 
12576 3698 3879 3771 4031 
12577 2163 2374 3700 3849 
12578 3709 2337 3804 3825 
12579 2342 3717 2335 4018 
12580 1737 1593 3701 3969 
12581 3693 3840 3692 3902 
12582 1977 1947 1938 3994 
12583 3689 3921 3720 4038 
12584 3680 3935 3716 3999 
12585 3803 3817 3670 3977 
12586 1677 3710 3816 4011 
12587 1581 1737 1593 3701 
12588 3670 3803 3977 3978 
12589 3670 3877 3803 3914 
12590 1900 3708 1899 3896 
12591 1859 1858 3832 4045 
12592 3673 3694 3824 3898 
12593 3700 3866 3750 4009 
12594 2317 2296 3878 3969 
12595 3701 3839 3751 3897 
12596 3690 3751 3878 4029 
12597 2136 2182 2069 3981 
12598 3756 3865 3919 3950 
12599 3695 3678 3831 4034 
12600 3747 3807 3858 3902 
12601 2342 1675 2355 3717 
12602 2362 3857 371 3920 
12603 1907 1915 1924 3912 
12604 3666 3858 3807 3902 
12605 3813 3982 3703 4036 
12606 3700 3933 3740 4009 
12607 2371 2370 3848 4065 
12608 3974 3976 3712 3977 
12609 3666 3795 3793 3915 
12610 3807 3851 3693 3902 
12611 367 3838 368 3923 
12612 2366 370 3835 3996 
12613 3687 3672 3838 4043 
12614 2300 3878 2294 3911 
12615 1549 2304 3931 3932 
12616 2298 3878 3831 3885 
12617 1619 3741 2230 3776 
12618 2293 2294 3696 3911 
12619 3691 3825 3688 3845 
12620 3721 2035 3934 3937 
12621 1865 3720 1876 4049 
12622 1512 1693 3921 4038 
12623 369 3985 370 3996 
12624 3718 3676 3757 4042 
12625 3670 3914 3803 3978 
12626 2123 1969 2113 3718 
12627 1859 1858 1857 3832 
12628 2267 1485 2251 3742 
12629 2333 2337 2347 3730 
12630 3849 3869 2045 3992 
12631 1979 2146 2145 4013 
12632 3665 3719 3943 4036 
12633 3699 3771 1738 4031 
12634 3680 3867 3935 3999 
12635 2366 3835 3692 3996 
12636 2194 3694 3884 4073 
12637 3688 3871 2352 3984 
12638 2283 3741 1493 4066 
12639 3713 3818 1701 3896 
12640 3717 3804 2335 4018 
12641 3712 3779 3711 3816 
12642 2232 3737 2238 4054 
12643 3678 3701 3878 3969 
12644 1954 2118 2285 3696 
12645 1603 3748 3858 3908 
12646 3678 3751 3701 3839 
12647 1623 1703 1752 3720 
12648 2065 3739 2180 4010 
12649 1467 3755 1473 4062 
12650 3696 3911 3878 4029 
12651 3835 3920 3766 3985 
12652 1725 1487 1551 4067 
12653 3665 3784 3729 3953 
12654 2361 3743 2371 3849 
12655 1578 3769 1695 3806 
12656 3698 3824 3694 3898 
12657 2052 2053 2190 3998 
12658 3695 3788 3678 4034 
12659 2370 3700 2374 3849 
12660 2306 2293 2294 3696 
12661 1916 1915 1891 3718 
12662 2381 3881 2375 4060 
12663 2244 2245 3869 4044 
12664 1511 3846 1678 3871 
12665 2061 2205 3690 3911 
12666 3685 3869 3849 3992 
12667 1743 1521 3807 3986 
12668 3707 3812 3677 3939 
12669 3668 3777 3936 3982 
12670 1598 1747 1577 4014 
12671 3708 3815 3713 3896 
12672 3733 3807 1521 3986 
12673 1707 3777 3704 3952 
12674 1676 3698 3837 4031 
12675 1718 1521 3733 3807 
12676 3717 3777 3668 3813 
12677 1692 1713 1754 3851 
12678 2036 2038 2213 3730 
12679 1586 1565 3803 3817 
12680 3842 3963 3841 4021 
12681 2116 2244 1971 3869 
12682 3848 3891 3685 4017 
12683 3709 3804 3668 3943 
12684 2245 2250 3869 3891 
12685 3769 3857 3706 4065 
12686 3698 3674 3837 3862 
12687 1688 3805 3846 4011 
12688 3674 3862 3744 4016 
12689 1677 3846 3710 4011 
12690 1888 3759 1925 3818 
12691 3711 3816 3811 3973 
12692 3722 3872 3749 4012 
12693 2377 1725 2359 3788 
12694 2384 2359 3839 3949 
12695 2143 2034 3730 3937 
12696 2061 3690 3888 3911 
12697 2252 3742 2251 3895 
12698 3676 3757 3734 3887 
12699 1597 1712 1692 3736 
12700 1962 2113 1893 3757 
12701 2085 2197 3933 4032 
12702 3704 3800 3714 3936 
12703 1655 3818 1553 3863 
12704 367 3856 3687 3923 
12705 3679 3700 3750 4009 
12706 1919 1917 3812 3939 
12707 3666 3795 3915 3925 
12708 1681 3853 3703 4036 
12709 3713 3896 1701 3966 
12710 2387 2163 2374 3781 
12711 3678 3788 3695 4002 
12712 1574 3719 3813 4018 
12713 1580 3741 1582 3897 
12714 3687 3856 3720 3923 
12715 2336 2338 2352 3825 
12716 2254 3742 2265 3745 
12717 3667 3897 3735 4014 
12718 3665 3827 3784 3953 
12719 1979 2188 2146 3843 
12720 2036 2037 2038 3913 
12721 3720 3738 3689 4038 
12722 1858 3783 3873 4045 
12723 3689 3836 3702 3875 
12724 3879 3984 3719 4036 
12725 3670 3749 3872 4041 
12726 3815 3892 3713 3912 
12727 1675 3838 3717 3900 
12728 2258 2245 3750 3891 
12729 1759 3761 1847 3873 
12730 2339 2354 3738 3923 
12731 3714 3913 3782 4003 
12732 2116 2244 3869 4044 
12733 2336 3719 3804 3825 
12734 3691 3845 3688 3898 
12735 3699 3853 3771 3947 
12736 3665 3709 3825 3827 
12737 3734 3757 3676 4042 
12738 1950 3983 3721 4033 
12739 1507 1577 3806 4014 
12740 3723 3908 3733 3997 
12741 3676 3836 3759 3912 
12742 3782 3800 3714 4003 
12743 1574 3813 3719 4036 
12744 3692 3766 3666 3915 
12745 1846 1703 1866 3873 
12746 3699 3862 3770 3947 
12747 3677 3812 3707 3918 
12748 3668 3777 3717 3870 
12749 1907 1906 1915 3757 
12750 3779 3810 3811 3910 
12751 3667 3735 3751 3881 
12752 3665 3688 3879 3898 
12753 2069 3882 3707 3918 
12754 2232 4054 1965 4057 
12755 1973 2360 1955 4058 
12756 3668 3870 3717 3909 
12757 3668 3804 3730 3909 
12758 2382 2193 3868 3998 
12759 2199 1951 2213 3970 
12760 3729 3953 2148 4003 
12761 3705 3962 3714 3963 
12762 3725 3724 3773 3893 
12763 3777 3813 1569 3982 
12764 3747 3858 3793 3902 
12765 1615 1730 1649 4035 
12766 2294 2308 2306 3885 
12767 3688 3665 3825 3898 
12768 1685 3984 3879 4036 
12769 3668 3717 3804 3909 
12770 2349 2328 2358 1947 
12771 2238 3737 2270 3775 
12772 1691 1597 3736 3903 
12773 3720 3783 3687 3873 
12774 3750 3869 2245 4044 
12775 1569 3813 1570 3982 
12776 3725 3767 3801 3893 
12777 3747 3917 3988 3989 
12778 2299 3885 3695 3940 
12779 1977 1938 3843 3994 
12780 1950 2088 1850 3721 
12781 1675 3717 2342 4018 
12782 2164 2092 3774 3889 
12783 3667 3775 3776 3886 
12784 3665 3943 3771 4036 
12785 3839 3897 1581 4070 
12786 3714 3705 3913 3962 
12787 3670 3817 3803 3877 
12788 1685 3719 3984 4036 
12789 2220 3850 3786 3889 
12790 1676 1726 3698 4031 
12791 3745 3801 3767 3893 
12792 1899 1643 1889 3896 
12793 1560 3761 1567 3900 
12794 2389 1495 2364 2380 
12795 3664 3790 3692 4074 
12796 1950 2026 3983 4033 
12797 3664 3796 3790 3926 
12798 3712 3816 3711 3974 
12799 365 2356 3760 3960 
12800 3693 3666 3807 3902 
12801 2056 3850 3702 4026 
12802 2370 3781 3700 3857 
12803 2297 2219 3888 3911 
12804 3683 3841 3963 4021 
12805 3728 3925 3766 3948 
12806 2382 1957 2193 3998 
12807 1572 3982 3813 4036 
12808 3689 3702 3874 3875 
12809 3664 3692 3840 3902 
12810 3708 3803 3877 3914 
12811 3687 3923 1622 4043 
12812 2256 2258 3750 3866 
12813 3792 3987 3747 3988 
12814 2353 2345 3843 3845 
12815 1976 2192 1948 3743 
12816 2180 3915 3692 4051 
12817 3666 3793 3795 3858 
12818 3670 3817 3749 4041 
12819 3797 3865 3798 3919 
12820 2056 3702 4025 4026 
12821 1711 1743 3807 3986 
12822 3803 3914 3890 3978 
12823 2372 3735 2380 3806 
12824 3671 3887 3738 3965 
12825 1550 3876 3716 3903 
12826 3722 3677 3914 3968 
12827 3675 3916 3695 3940 
12828 3692 3666 3766 3835 
12829 3828 3829 3754 4004 
12830 3687 3856 367 3901 
12831 3720 3856 3738 3923 
12832 3720 3874 1881 3921 
12833 2272 3776 3775 3886 
12834 3685 3849 3743 3992 
12835 1581 3701 1580 3897 
12836 2065 2160 2180 3739 
12837 3673 3884 3694 3898 
12838 3671 3720 3874 4049 
12839 3823 3892 3718 4042 
12840 2384 3839 3751 3949 
12841 2371 2362 2370 4065 
12842 3734 3774 3671 3889 
12843 2231 2244 2245 3869 
12844 2155 3808 3799 3810 
12845 3723 3908 1656 3961 
12846 2361 2375 3743 3833 
12847 1874 3721 4019 4033 
12848 3680 3950 3796 3959 
12849 3703 3813 3668 3982 
12850 3702 3836 3689 3887 
12851 3812 3815 3677 3939 
12852 1510 3877 3749 4012 
12853 3701 3814 3690 3878 
12854 3804 3813 3668 3943 
12855 1737 3969 3839 4034 
12856 2252 2255 3834 3866 
12857 366 2332 367 3901 
12858 3795 3944 3793 3945 
12859 3684 3781 3857 3991 
12860 2376 2368 3716 3867 
12861 2335 367 2332 3838 
12862 2267 2251 2252 3742 
12863 2230 3741 2322 3775 
12864 3764 3977 3942 3980 
12865 1613 3693 3807 3851 
12866 3702 3850 2161 3889 
12867 3867 3868 2367 3922 
12868 1608 3767 3745 3801 
12869 1563 1510 3817 4015 
12870 3702 3889 2161 4053 
12871 1715 1582 1619 3776 
12872 1951 2333 2143 3730 
12873 2179 2180 3692 3996 
12874 3684 3920 3781 3985 
12875 3701 3969 1593 4066 
12876 2270 3886 3737 3972 
12877 3746 3888 2050 3899 
12878 1602 3807 3747 3851 
12879 2241 3776 2272 3886 
12880 3747 3851 3917 3930 
12881 2371 3848 3849 3881 
12882 3673 3710 3846 4011 
12883 3725 3767 3669 3991 
12884 1846 3720 1881 3921 
12885 2190 2141 2118 3696 
12886 3673 3691 3884 3898 
12887 221 1506 3907 4030 
12888 3700 3679 3848 4009 
12889 2123 3971 3718 4042 
12890 1846 1876 1881 3720 
12891 3703 3924 3681 3947 
12892 1514 1696 1698 4038 
12893 371 3706 2378 4069 
12894 3679 3750 3866 4009 
12895 3664 3693 3851 3902 
12896 1907 1908 3836 3912 
12897 3700 3857 3781 3933 
12898 3674 3824 3854 4047 
12899 1568 1566 3717 3900 
12900 3710 3779 3712 3816 
12901 3667 3881 3743 4017 
12902 2364 3806 3769 4065 
12903 3692 3790 3739 4010 
12904 3878 3885 3696 4029 
12905 3680 3876 3736 3999 
12906 2191 3833 2205 3998 
12907 1711 3807 1613 3986 
12908 1731 3719 1574 4018 
12909 1568 1561 1566 3900 
12910 3831 3878 2298 3969 
12911 3911 3998 3833 4029 
12912 2076 3773 3772 4006 
12913 3708 3890 3803 3914 
12914 2335 3838 2332 3909 
12915 2151 3784 2152 3827 
12916 3674 3698 3837 3854 
12917 365 1959 2356 3960 
12918 1568 3717 1675 4018 
12919 3727 3726 3758 3955 
12920 3711 3942 3712 3976 
12921 2017 3754 2119 3820 
12922 2036 2143 2034 3730 
12923 1645 3759 1888 3818 
12924 3671 3783 3720 4049 
12925 1572 3703 3982 4036 
12926 3843 3845 3682 3872 
12927 1508 1581 3897 4070 
12928 2148 3904 3729 4003 
12929 2364 2380 1495 3806 
12930 3721 3832 1874 4019 
12931 3712 3711 3779 3942 
12932 1560 1620 3761 3785 
12933 2029 2027 3962 3983 
12934 3747 3930 3917 3989 
12935 2340 3892 2341 4071 
12936 3676 3818 3759 3863 
12937 3704 3777 1707 3982 
12938 2302 3695 3931 3940 
12939 1951 2143 2213 3730 
12940 3843 3995 3682 4013 
12941 3672 3838 3717 3909 
12942 3759 3818 3676 3912 
12943 2339 3738 3856 3923 
12944 3750 2258 3891 4039 
12945 1872 3832 1874 3934 
12946 3706 3769 2378 4069 
12947 3685 3697 3891 3972 
12948 2309 2308 2294 3885 
12949 2357 2348 2334 3734 
12950 3737 3899 3746 4054 
12951 2332 3804 2335 3909 
12952 1521 3733 1478 3961 
12953 1489 2359 3839 4070 
12954 3713 3818 3815 3912 
12955 1718 1743 1521 3807 
12956 3674 4016 3744 4046 
12957 3709 3665 3825 3943 
12958 1703 1499 1866 3873 
12959 2247 3826 3697 3891 
12960 3689 3874 3702 3887 
12961 3702 3874 3671 3887 
12962 3665 3879 3698 3898 
12963 1906 1893 2113 3757 
12964 3685 3886 3697 3972 
12965 3680 3922 3867 3999 
12966 1655 1701 1553 3818 
12967 2183 1984 3992 4054 
12968 3843 3994 3682 3995 
12969 3865 3791 3926 3927 
12970 2141 2205 3911 3998 
12971 3669 3772 3725 3991 
12972 3684 3857 3781 3920 
12973 2175 3913 3714 4003 
12974 2280 1961 3746 3888 
12975 2062 3731 1978 3882 
12976 2366 3996 3692 4010 
12977 2320 4059 3741 4066 
12978 1694 2386 3769 4069 
12979 3796 3821 3680 3959 
12980 2288 3746 3814 3888 
12981 1736 3896 3708 3966 
12982 3756 3927 4061 4062 
12983 3682 3712 3779 3942 
12984 2351 2344 4012 4056 
12985 1899 1496 1643 3896 
12986 3669 3742 3834 4009 
12987 1869 3761 1856 4019 
12988 2161 1980 3702 4053 
12989 372 371 3733 3986 
12990 3759 3818 1655 3863 
12991 3664 3840 3693 3902 
12992 3742 3866 3834 4009 
12993 2367 3840 3922 4010 
12994 1718 3733 1521 3961 
12995 1984 3899 3743 3992 
12996 1751 1593 3969 4066 
12997 3945 3987 3793 4051 
12998 3749 3817 3712 4041 
12999 2151 2152 2150 3827 
13000 3795 3858 3793 3944 
13001 3675 3916 3820 3935 
13002 1698 3720 1752 3921 
13003 2356 2333 2347 3730 
13004 2029 2107 3913 3962 
13005 2315 3931 2304 3932 
13006 2091 2220 3786 3889 
13007 3713 3861 2340 4068 
13008 3726 3905 3758 3955 
13009 3707 3978 3882 3979 
13010 3942 3977 3976 3980 
13011 1613 3807 3693 3986 
13012 3735 3806 3881 4017 
13013 3735 3806 2372 3881 
13014 3676 3836 3757 3887 
13015 3752 3829 3828 3938 
13016 1580 1581 1593 3701 
13017 3848 3881 3806 4017 
13018 1663 368 1491 3838 
13019 1675 3717 1566 3900 
13020 1874 3832 3721 3934 
13021 3926 3927 3791 3928 
13022 1862 1849 1871 3934 
13023 1574 1731 1685 3719 
13024 3728 3905 3726 3955 
13025 3667 3814 3746 3899 
13026 2353 2338 3845 3872 
13027 2352 3871 3845 4056 
13028 3694 3862 3784 4040 
13029 2141 3696 2190 3998 
13030 2299 2302 2311 3940 
13031 261 262 1473 3829 
13032 2384 2381 3751 3881 
13033 2265 3742 2252 3834 
13034 2356 2143 2333 3730 
13035 1690 1676 1726 3854 
13036 3667 3814 3741 4059 
13037 3695 3831 3678 3885 
13038 3733 3986 1478 4069 
13039 3916 3931 3695 3940 
13040 2018 3762 3868 3941 
13041 3978 3979 3707 3981 
13042 3725 3801 3767 4000 
13043 2335 3717 3838 3909 
13044 1695 3769 2364 3806 
13045 3700 3933 2198 4037 
13046 1678 1758 3871 3984 
13047 2296 2298 3878 3969 
13048 3671 3738 3856 3965 
13049 3670 3764 3731 3882 
13050 1478 3733 1521 3986 
13051 3674 3824 3698 3854 
13052 1493 1582 1580 3741 
13053 3731 3764 3670 4041 
13054 2159 3821 3739 4058 
13055 3750 3866 2258 4039 
13056 3716 3916 3935 4023 
13057 3719 3984 2336 4018 
13058 3758 3748 3908 4052 
13059 3733 3920 371 4069 
13060 1726 1700 3879 4031 
13061 2384 3751 3839 4070 
13062 1693 1514 1698 4038 
13063 3768 3867 3949 4002 
13064 3694 3862 3698 3898 
13065 370 2370 3781 3985 
13066 1493 1580 1593 4066 
13067 3728 3684 3948 3997 
13068 2376 2369 3867 3949 
13069 3876 3903 3736 3999 
13070 3718 3971 3823 4042 
13071 2060 3734 3823 4042 
13072 2118 3696 2141 3911 
13073 1731 3984 3719 4018 
13074 3779 3811 3711 3816 
13075 3816 3973 3711 3974 
13076 1899 1900 1914 3708 
13077 3717 3870 3777 3951 
13078 2294 2300 2309 3878 
13079 1622 3873 3687 4043 
13080 3750 3849 3685 3869 
13081 1908 3759 1913 3836 
13082 3752 3935 3916 4023 
13083 3987 4051 3792 4074 
13084 2256 3740 3866 4044 
13085 3677 3822 3892 3971 
13086 3716 3916 3788 4002 
13087 1670 1736 1496 3708 
13088 3670 3882 3707 3978 
13089 3716 3935 3876 4023 
13090 1592 1734 1696 3738 
13091 1512 3907 1506 4030 
13092 3747 3792 3917 4074 
13093 3828 3950 3876 4064 
13094 2107 2029 2027 3962 
13095 2383 2367 3867 3868 
13096 1689 1690 1726 3805 
13097 1675 1566 3838 3900 
13098 3695 3675 3940 4002 
13099 2317 2296 2310 3878 
13100 3706 3669 3857 3946 
13101 2379 3693 3986 3993 
13102 2061 3888 2219 3911 
13103 3718 3812 3677 3971 
13104 3690 3911 3833 4029 
13105 3823 3892 3822 3971 
13106 2194 4040 3694 4073 
13107 3674 3694 3824 3847 
13108 3769 3806 3679 4065 
13109 3671 3874 3850 4049 
13110 3747 3793 3858 3944 
13111 3672 3785 3841 3870 
13112 1656 3908 3723 4001 
13113 2021 3823 3971 4042 
13114 3699 3771 3862 3947 
13115 2123 2021 3971 4042 
13116 1984 1976 3743 3899 
13117 2256 3866 3750 4044 
13118 1736 1701 3896 3966 
13119 1846 1866 1876 3873 
13120 2375 2382 2383 3833 
13121 1956 2060 2202 3823 
13122 2042 3709 3953 3970 
13123 3678 3878 3831 3969 
13124 3673 3884 3691 4013 
13125 3712 3942 3682 4041 
13126 3728 3758 3905 3955 
13127 2347 366 365 3760 
13128 2183 3992 3737 4054 
13129 3734 3887 3757 4053 
13130 1570 1569 1568 3813 
13131 1605 3767 1606 3961 
13132 1645 1655 3759 3818 
13133 3729 3770 3681 3904 
13134 2370 2362 370 3857 
13135 1618 1493 2283 3741 
13136 2337 3825 3709 3970 
13137 3779 3942 3809 3995 
13138 1621 3761 1759 3873 
13139 1470 1509 1511 3871 
13140 3681 3924 3853 3947 
13141 3771 3943 3703 4036 
13142 3688 3825 3719 3984 
13143 3738 3887 3689 4038 
13144 1978 3764 3882 3994 
13145 2164 2092 1952 3774 
13146 3849 3869 3750 4037 
13147 3735 3806 3697 4014 
13148 3671 3774 3856 3901 
13149 2366 369 370 3996 
13150 1722 1584 1486 3695 
13151 1976 2049 2192 3833 
13152 1979 1977 3843 3994 
13153 3779 3808 3682 3995 
13154 2367 2366 3840 4010 
13155 1899 3708 1914 3957 
13156 2162 2163 2387 3781 
13157 1731 1685 3719 3984 
13158 3950 4063 3876 4064 
13159 2143 2200 2034 3937 
13160 3683 3963 3936 4022 
13161 3700 3750 3740 4037 
13162 3667 3741 3775 4059 
13163 2045 1975 3849 3992 
13164 2306 2303 3819 3940 
13165 2328 2346 2188 3843 
13166 3762 3868 3867 3922 
13167 2345 2338 2337 3825 
13168 1494 1512 1506 4030 
13169 3682 3808 3779 4013 
13170 3665 3771 3943 3947 
13171 3775 3967 3746 4059 
13172 1582 1618 1619 3741 
13173 2247 2268 3697 4050 
13174 1751 3969 2279 4066 
13175 3703 3943 3771 3947 
13176 1707 3704 1705 3952 
13177 1847 3761 1858 3873 
13178 1681 3771 3853 4036 
13179 3665 3862 3694 3898 
13180 3785 3870 3672 3900 
13181 1480 1507 3735 4070 
13182 372 2379 371 3986 
13183 3684 3766 3920 3985 
13184 2018 3868 2019 3941 
13185 371 3920 3706 4069 
13186 3735 3881 3667 4017 
13187 2309 3878 2298 3885 
13188 3752 3828 3935 4023 
13189 3800 3924 3703 3982 
13190 2375 2383 3768 3833 
13191 3766 3948 3684 3997 
13192 1680 3703 3924 3982 
13193 1718 1656 3908 3961 
13194 1568 1745 3813 4018 
13195 2339 3856 3738 3965 
13196 2256 2258 2245 3750 
13197 2075 3933 3781 4055 
13198 3779 3910 3811 4011 
13199 2322 1666 1618 3741 
13200 1980 4024 3702 4053 
13201 1682 1685 3879 4036 
13202 3726 3905 3728 4008 
13203 3869 3891 2250 3972 
13204 3688 3825 3691 3898 
13205 2297 3888 2300 3911 
13206 2347 3760 3730 3909 
13207 1984 3743 1975 3992 
13208 2151 2152 3784 4073 
13209 3705 3937 2029 3983 
13210 2146 2226 2216 4073 
13211 3757 3836 3702 3887 
13212 3683 3841 3785 3870 
13213 3682 4041 3872 4056 
13214 3697 3886 3685 4017 
13215 2288 2319 2290 3814 
13216 1478 3961 3733 4069 
13217 3671 3702 3887 3889 
13218 1663 368 3838 3923 
13219 3707 3677 3914 3939 
13220 3694 3744 3862 4040 
13221 3772 3773 3725 4006 
13222 3675 3819 3820 3940 
13223 372 1478 3986 4069 
13224 3793 3944 3747 3987 
13225 2171 3786 2220 3850 
13226 3710 3682 3845 4056 
13227 2288 3814 3746 4059 
13228 1670 1736 3708 3966 
13229 3702 4024 2056 4025 
13230 3710 3845 3688 3871 
13231 2283 2320 3741 4066 
13232 2320 2291 4059 4066 
13233 3665 3698 3862 3898 
13234 1729 3742 1617 3946 
13235 1752 1703 1498 3921 
13236 3858 3908 3748 4052 
13237 3876 3935 3828 4023 
13238 1684 1682 1685 3879 
13239 3669 3706 3857 3991 
13240 3664 3739 3790 3796 
13241 1563 3817 1510 3877 
13242 372 3733 371 4069 
13243 3690 3833 3751 4029 
13244 3691 3827 3825 3970 
13245 2253 2256 3740 3866 
13246 1677 1688 3846 4011 
13247 2052 3941 2053 3998 
13248 3672 3841 3705 3870 
13249 1981 2113 3757 4042 
13250 1720 1678 1758 3871 
13251 1918 3815 1901 3818 
13252 2249 2261 2252 3866 
13253 3676 3738 3863 4038 
13254 2347 2332 366 3760 
13255 2280 2287 1961 3888 
13256 2019 3868 2053 3941 
13257 3672 3717 3838 3900 
13258 1729 1548 1617 3745 
13259 2056 2161 3702 3850 
13260 3779 3673 3910 4011 
13261 3815 3818 1918 3912 
13262 3746 3967 3775 4054 
13263 1572 1570 3813 3982 
13264 3698 3879 3688 3898 
13265 2360 2367 3868 3922 
13266 3664 3692 3902 4074 
13267 1489 1725 1723 4034 
13268 1623 1698 1624 3720 
13269 3706 3961 1605 4069 
13270 3721 3672 3832 3841 
13271 3725 3684 3991 4006 
13272 3711 3712 3974 3976 
13273 3737 3992 2183 4057 
13274 2086 2280 3746 3967 
13275 1712 3986 3693 3993 
13276 3806 3848 2372 3881 
13277 2353 2338 2345 3845 
13278 1962 3757 1893 4024 
13279 3740 3834 2253 3866 
13280 3679 3806 3769 4035 
13281 3706 3857 3769 3946 
13282 1715 1516 3897 4014 
13283 1900 1914 3708 3939 
13284 1683 3879 3771 4036 
13285 1694 3769 1614 4069 
13286 3717 3668 3804 3813 
13287 3673 3808 3799 3884 
13288 1670 3877 3708 3957 
13289 3836 3875 3689 4030 
13290 2171 1849 1967 3786 
13291 2336 3804 2337 3825 
13292 3671 3850 3786 4049 
13293 3667 3775 3746 4059 
13294 1900 3896 3815 3939 
13295 1703 1623 1499 3873 
13296 3688 3846 3710 3871 
13297 3707 3882 3670 3914 
13298 1900 3708 3896 3939 
13299 3705 3841 3683 3870 
13300 3725 3801 3724 3893 
13301 2288 3814 2290 3888 
13302 2359 2384 3839 4070 
13303 3954 4051 3790 4074 
13304 3685 3743 3881 4017 
13305 3731 3670 3872 4041 
13306 1919 3890 1904 3939 
13307 3692 3996 2180 4010 
13308 2260 2241 2270 3886 
13309 1984 1976 1975 3743 
13310 1563 1562 1510 4015 
13311 1978 3882 3731 3994 
13312 2252 2261 2255 3866 
13313 2382 2361 2192 3833 
13314 2234 1548 2254 3745 
13315 3707 3882 2033 3981 
13316 1615 3742 1729 3946 
13317 2053 3941 3868 3998 
13318 2347 365 2356 3760 
13319 2040 2148 3953 4003 
13320 3665 3862 3771 3947 
13321 1477 372 1478 3986 
13322 3681 3770 3729 3947 
13323 3716 3680 3876 3935 
13324 3689 3874 3720 3921 
13325 1857 1858 1847 3761 
13326 3796 3865 3791 3926 
13327 3708 3877 3803 3957 
13328 3727 4000 3955 4001 
13329 1856 1482 1848 3785 
13330 3867 3922 3680 3935 
13331 3751 4029 3833 4060 
13332 2298 3831 2299 3885 
13333 2330 3984 1731 4018 
13334 3709 3943 3729 3953 
13335 2200 3937 3760 3960 
13336 3723 3955 4000 4001 
13337 1467 3830 3755 4062 
13338 3875 3907 3689 4030 
13339 3920 3991 3706 3997 
13340 1513 3759 1655 3863 
13341 3771 3699 3862 4031 
13342 2152 3827 3784 4073 
13343 2299 2311 3885 3940 
13344 3670 3707 3914 3978 
13345 3664 3739 3796 3959 
13346 1909 4024 3757 4027 
13347 3729 3770 3784 3947 
13348 3739 3922 3840 4010 
13349 2034 2029 2036 3937 
13350 3882 3914 3707 3918 
13351 1909 3757 3836 4027 
13352 2334 1956 2202 3823 
13353 2245 2259 2250 3891 
13354 1680 3703 3853 3924 
13355 1597 3736 1692 3956 
13356 3712 3710 3816 4015 
13357 3665 3827 3825 3898 
13358 1521 1478 1604 3961 
13359 3747 3902 3793 4074 
13360 3669 3946 3706 3991 
13361 1491 368 2355 3838 
13362 3845 3872 2338 4056 
13363 3786 3850 3671 3889 
13364 3677 3713 3815 3892 
13365 3796 3950 3756 3959 
13366 3679 3742 3895 4035 
13367 1605 1607 1606 3767 
13368 2048 2061 2049 3899 
13369 1567 1560 1620 3761 
13370 3750 4037 3869 4044 
13371 2379 3840 3993 3999 
13372 2272 3775 2270 3886 
13373 3742 1649 3895 4035 
13374 2258 2259 2245 3891 
13375 1870 4045 3786 4049 
13376 3684 3920 3766 3997 
13377 3808 3682 3995 4013 
13378 2146 2216 3884 4073 
13379 3723 3955 3728 3997 
13380 1508 3735 3897 4014 
13381 370 369 2370 3985 
13382 1675 1568 1566 3717 
13383 3837 3862 3699 4031 
13384 1920 3978 3890 3981 
13385 1682 3879 1683 4036 
13386 3746 3775 3737 4054 
13387 2215 2045 3869 3992 
13388 3683 3870 3785 3951 
13389 2048 2050 3888 3899 
13390 3677 3815 3718 3892 
13391 3700 4009 3848 4065 
13392 3808 2145 3884 4013 
13393 1643 1496 1736 3896 
13394 2353 2350 2338 3872 
13395 370 3857 2362 3920 
13396 2339 3738 3861 3965 
13397 3667 3746 3814 4059 
13398 3733 3835 3693 3986 
13399 3741 3814 3701 4066 
13400 2076 2085 3772 3773 
13401 3870 3900 3785 3951 
13402 1503 2246 2228 3826 
13403 3711 3811 3753 3973 
13404 1489 3839 1724 4070 
13405 3721 3832 3686 3934 
13406 3676 3863 3759 4038 
13407 3712 3817 3749 4015 
13408 3695 3916 3675 4002 
13409 3729 3784 3665 3947 
13410 3726 3787 3728 3955 
13411 2241 2272 2270 3886 
13412 3676 3861 3713 3863 
13413 2090 2089 2217 3960 
13414 3666 3925 3728 4052 
13415 3766 3920 3835 3997 
13416 2056 3702 1980 4024 
13417 3803 3890 1922 3978 
13418 1572 3813 1574 4036 
13419 3804 3825 3719 3943 
13420 1914 3890 3708 3939 
13421 3890 3914 3707 3978 
13422 2033 2069 3707 3981 
13423 2313 3820 3819 3940 
13424 3751 3839 3678 3949 
13425 3942 3976 3809 3980 
13426 1712 3693 1613 3851 
13427 1663 3923 3838 4043 
13428 3936 3952 3683 4022 
13429 1694 2386 1695 3769 
13430 3837 3862 3674 4016 
13431 1874 4019 1882 4033 
13432 1961 2086 2280 3746 
13433 3666 3915 3766 3925 
13434 365 366 2348 3774 
13435 1663 1622 3923 4043 
13436 3884 3898 3691 4073 
13437 3819 3820 2119 3941 
13438 3716 3867 2368 3999 
13439 2056 2161 1980 3702 
13440 2123 2169 1969 3718 
13441 2348 2357 365 3774 
13442 3777 3936 3704 3952 
13443 2141 3911 3696 3998 
13444 1882 1850 3721 4033 
13445 1670 3708 1496 3957 
13446 2075 3772 3933 4055 
13447 3773 3787 3725 4006 
13448 3672 3717 3870 3909 
13449 3672 3785 3761 4019 
13450 2281 2293 2118 3911 
13451 2147 3770 3744 3784 
13452 1592 3738 1696 4038 
13453 1693 1698 1752 3921 
13454 2386 2378 3769 4069 
13455 1720 3871 1758 3984 
13456 1686 3805 3811 4047 
13457 3747 3987 3944 3988 
13458 2153 2042 3953 3970 
13459 3705 3842 3841 3983 
13460 2033 3707 2069 3882 
13461 2340 2344 2350 3722 
13462 2050 3746 1961 3888 
13463 2166 2091 2092 3889 
13464 1964 3812 2204 3918 
13465 3700 3849 3750 4037 
13466 2348 3734 3965 4071 
13467 3675 3820 3819 3941 
13468 1572 3703 1680 3982 
13469 3798 3950 3828 4004 
13470 3695 3885 3678 4002 
13471 3803 3890 3708 3957 
13472 3709 3825 3804 3943 
13473 3728 3723 3997 4052 
13474 2253 3834 3740 4032 
13475 3774 3786 3671 3889 
13476 3761 3785 3672 3900 
13477 2350 2338 3872 4056 
13478 1711 1743 1613 3807 
13479 3734 4042 2060 4053 
13480 1695 1495 1578 3806 
13481 1669 4005 3952 4022 
13482 1577 1747 1697 3826 
13483 3691 3898 3827 4073 
13484 2163 2046 3849 4037 
13485 3704 3936 3777 3982 
13486 1959 365 2131 3960 
13487 2123 2169 3718 3971 
13488 3703 3853 3924 3947 
13489 3706 3961 3920 3997 
13490 1873 3842 2026 4033 
13491 2117 3933 3740 4037 
13492 2377 2376 2368 3716 
13493 3869 4037 2165 4044 
13494 1511 3710 1677 3846 
13495 1655 1513 1645 3759 
13496 2017 3819 2314 3820 
13497 3667 3737 3775 3886 
13498 3752 3932 3829 3938 
13499 3726 3727 3883 3955 
13500 1918 1888 1925 3818 
13501 1570 1574 1572 3813 
13502 3722 3877 3670 3914 
13503 3784 4040 2151 4073 
13504 2270 3737 2238 3972 
13505 2306 3885 2311 3940 
13506 2153 3953 3827 3970 
13507 1754 1659 3765 3851 
13508 2371 3743 2375 3881 
13509 3832 3841 3672 4019 
13510 2339 3856 367 3923 
13511 3779 3808 3673 4013 
13512 3717 3900 3870 3951 
13513 3719 3703 3813 3943 
13514 2202 2060 2164 3734 
13515 1692 1712 1713 3851 
13516 3664 3736 3840 3959 
13517 1751 1493 1593 4066 
13518 2383 2360 2367 3868 
13519 372 3986 3733 4069 
13520 3882 3979 2033 3981 
13521 2340 2344 3722 4012 
13522 2179 2180 2081 3915 
13523 1925 1913 1908 3759 
13524 2347 2332 3760 3909 
13525 1900 1901 3815 3896 
13526 2164 3889 3734 4053 
13527 3666 3795 3925 4052 
13528 3920 3961 3733 3997 
13529 3694 3898 3884 4073 
13530 2038 3782 2040 3953 
13531 2048 3888 2061 3899 
13532 1737 3831 3969 4034 
13533 3697 3886 3776 4050 
13534 3752 3916 3820 3931 
13535 3708 3896 3713 3966 
13536 2272 2230 3775 3776 
13537 1513 1512 3759 4038 
13538 2339 2331 3856 3965 
13539 1508 1507 3735 4014 
13540 3769 3946 3857 4009 
13541 3749 3877 3722 4012 
13542 1567 3900 3761 4043 
13543 3916 4023 3716 4067 
13544 2260 3886 2270 3972 
13545 3684 3781 3772 4055 
13546 2086 3967 3746 4054 
13547 3729 3782 3709 3953 
13548 3716 3675 3867 3935 
13549 2363 3840 2379 3999 
13550 2091 2166 2220 3889 
13551 3729 3800 3782 4003 
13552 1941 3829 3820 3932 
13553 2338 2352 3845 4056 
13554 3664 3840 3739 3959 
13555 3719 3825 3665 3943 
13556 1572 1680 3703 4036 
13557 2082 3781 2075 3933 
13558 3770 3784 2147 3904 
13559 2062 3882 2032 3918 
13560 3865 3926 3756 3927 
13561 3784 3862 3744 4040 
13562 3705 3842 3962 3963 
13563 1613 3807 1602 3851 
13564 2279 2292 1751 4066 
13565 2032 3882 2069 3918 
13566 3721 3841 3832 4019 
13567 2384 3949 3751 4060 
13568 2350 2340 3722 3968 
13569 2381 3751 3881 4060 
13570 1948 1975 1976 3743 
13571 1592 3863 3738 4038 
13572 3768 3675 3867 4002 
13573 2367 2366 2363 3840 
13574 3697 3685 3891 4017 
13575 2137 3842 3962 3983 
13576 1950 2028 3721 3983 
13577 1494 1513 1512 3759 
13578 3838 3923 3687 4043 
13579 3828 3755 3950 4064 
13580 1963 2045 1975 3849 
13581 1972 3823 3822 3971 
13582 3739 3821 3796 3959 
13583 368 2339 367 3923 
13584 3831 3878 3678 3885 
13585 1903 3815 1918 3912 
13586 1874 3721 1850 3934 
13587 1857 3832 3761 4019 
13588 2157 2158 3799 3884 
13589 3861 3863 3738 4068 
13590 3848 4009 3679 4065 
13591 3674 3847 3824 4048 
13592 3766 3948 1989 3985 
13593 2157 2194 2158 3884 
13594 2090 2092 3774 3960 
13595 3676 3713 3861 3892 
13596 1736 1554 1701 3966 
13597 1710 1597 3903 3993 
13598 2091 2220 2171 3786 
13599 2330 2336 3984 4018 
13600 3676 3892 3718 3912 
13601 2183 4054 3737 4057 
13602 1651 3695 3916 3931 
13603 3747 3917 3902 4074 
13604 2265 2254 2267 3742 
13605 2367 3922 3840 3999 
13606 3719 3813 3703 4036 
13607 1902 1900 3815 3939 
13608 1858 3783 1876 3873 
13609 1850 3721 2088 3934 
13610 3781 3933 3772 4055 
13611 1901 1918 1903 3815 
13612 3739 3680 3821 3959 
13613 1962 1981 2113 3757 
13614 2016 3763 2233 4032 
13615 3670 3977 3817 4041 
13616 3712 3817 3977 4041 
13617 1848 1856 3785 4019 
13618 2131 365 3774 3960 
13619 3771 3879 1683 4031 
13620 2085 3763 2016 4032 
13621 1718 1521 1604 3961 
13622 3806 3848 3679 4065 
13623 1607 1617 3767 3946 
13624 1732 3838 1566 3900 
13625 2191 2049 2205 3833 
13626 3719 3813 3804 3943 
13627 2377 3716 2368 3903 
13628 3696 3885 4002 4029 
13629 3799 3808 2156 3884 
13630 3734 3676 3965 4071 
13631 3809 3942 3764 3995 
13632 2211 3766 3915 3925 
13633 1568 1675 1745 4018 
13634 371 3733 3835 3920 
13635 1610 3747 3807 3858 
13636 3677 3707 3914 3918 
13637 3698 3824 3805 3854 
13638 365 1952 2131 3774 
13639 2157 3799 2156 3884 
13640 3783 3786 3686 4045 
13641 3765 3927 3926 3928 
13642 369 3781 2370 3985 
13643 2372 2380 3735 3881 
13644 1574 3719 1685 4036 
13645 2247 2248 3826 3891 
13646 3762 3922 3821 4058 
13647 1476 3973 1660 3974 
13648 3698 3862 3837 4031 
13649 3733 3920 3706 3961 
13650 2357 1952 365 3774 
13651 3857 3920 3684 3991 
13652 1508 3897 3735 4070 
13653 2072 1989 3948 3985 
13654 3672 3900 3838 4043 
13655 1869 1857 1856 3761 
13656 3708 3890 1914 3957 
13657 2042 2038 2040 3953 
13658 3825 3827 3691 3898 
13659 3764 3942 3809 3980 
13660 3731 3994 3764 4041 
13661 3731 3822 2349 3968 
13662 2336 3804 3719 4018 
13663 1603 3758 3748 3908 
13664 3754 3820 1941 3829 
13665 3708 3877 1670 3966 
13666 1651 3916 3752 3931 
13667 3740 3933 3700 4037 
13668 2375 3833 3768 4060 
13669 2180 2081 3915 4051 
13670 1582 1715 1516 3897 
13671 1901 3818 3815 3896 
13672 3857 3946 3669 4009 
13673 1503 2228 1648 3826 
13674 3697 3806 3735 4017 
13675 2088 3721 2035 3934 
13676 2066 2183 3992 4057 
13677 1900 1899 1889 3896 
13678 3718 3892 3815 3912 
13679 1726 1700 1748 3879 
13680 3679 3866 3742 4009 
13681 1978 3764 2031 3882 
13682 2163 2198 2046 4037 
13683 2288 2319 3814 4059 
13684 3678 4002 3885 4029 
13685 3840 3922 3739 3959 
13686 3922 3959 3840 3999 
13687 2062 1947 1978 3731 
13688 2155 3809 3808 3810 
13689 1548 1729 1727 3742 
13690 1510 1594 3877 4012 
13691 3704 3924 3800 3982 
13692 2116 3869 2165 4044 
13693 3716 3916 3675 3935 
13694 1709 2329 1504 4012 
13695 2031 3882 3764 3979 
13696 3832 3934 1872 4045 
13697 3771 3853 3703 3947 
13698 1578 1730 3769 4035 
13699 1893 3757 1909 4024 
13700 3828 3876 3680 3935 
13701 3784 3694 4040 4073 
13702 2240 2270 2238 3972 
13703 2141 2191 2205 3998 
13704 3792 3747 3917 3988 
13705 3716 2368 3903 3999 
13706 2062 1978 2032 3882 
13707 3942 3977 3764 4041 
13708 2256 3750 2245 4044 
13709 2256 2235 3740 4044 
13710 1649 1485 3742 3895 
13711 2162 2082 2163 3781 
13712 3756 3950 3919 4062 
13713 1901 1902 1900 3815 
13714 3677 3708 3914 3939 
13715 3684 3991 3920 3997 
13716 3742 3866 3679 3895 
13717 1675 1566 1732 3838 
13718 2308 2309 2298 3885 
13719 3919 3950 3755 4062 
13720 1609 1469 3727 3801 
13721 2215 3992 3869 4057 
13722 3666 3997 3908 4052 
13723 3731 3882 3764 3994 
13724 2090 2091 1967 3786 
13725 3680 3739 3821 3922 
13726 2117 2198 3933 4037 
13727 2265 2252 2255 3834 
13728 2313 3820 3931 3932 
13729 3717 3672 3870 3900 
13730 2328 2188 1938 3843 
13731 3908 3997 3723 4052 
13732 2148 3729 2149 3953 
13733 3814 3888 3746 3899 
13734 3690 3888 3814 3899 
13735 3676 3738 3887 3965 
13736 1695 2364 1495 3806 
13737 1857 1847 1856 3761 
13738 2235 2264 2253 3740 
13739 3723 3728 3955 4052 
13740 2232 2238 2237 4054 
13741 2372 3806 2364 4065 
13742 3761 3900 3672 4043 
13743 1666 2322 2230 3741 
13744 3685 3881 3848 4017 
13745 1981 2123 2113 4042 
13746 3755 4062 3950 4063 
13747 3762 3821 2063 4058 
13748 1670 1601 3877 3957 
13749 3736 3903 1597 3993 
13750 3666 3728 3997 4052 
13751 2050 3899 1984 4054 
13752 3668 3777 3870 3936 
13753 1857 3761 1869 4019 
13754 1888 1910 1501 3818 
13755 2144 2158 2194 3847 
13756 1508 3735 1507 4070 
13757 3756 3926 3796 3959 
13758 3765 3664 3851 3917 
13759 2313 3931 3820 3940 
13760 1574 3813 1745 4018 
13761 3670 3764 3977 4041 
13762 3671 3786 3783 4049 
13763 2291 3814 4059 4066 
13764 2383 3867 3768 3868 
13765 3876 4023 3828 4064 
13766 1921 1892 2182 3707 
13767 2149 3729 2148 3904 
13768 1691 1595 1597 3903 
13769 1870 1860 4045 4049 
13770 1881 3720 1865 3874 
13771 1913 3836 3759 4030 
13772 3757 3887 3702 4053 
13773 1551 1487 1550 4067 
13774 3706 3920 3733 4069 
13775 2372 2384 2380 3881 
13776 1622 1663 1749 4043 
13777 3719 3879 3688 3984 
13778 2069 1964 2138 3918 
13779 2211 3766 1989 3996 
13780 2200 2035 3937 3960 
13781 3841 4021 4020 4033 
13782 2372 3848 3806 4065 
13783 2137 3962 2027 3983 
13784 371 2379 2363 3835 
13785 2030 3764 3994 3995 
13786 1945 1989 1946 3996 
13787 3799 3824 3694 3847 
13788 3731 3682 3994 4041 
13789 3697 4014 3886 4017 
13790 3950 4062 3756 4063 
13791 1905 2111 1892 3812 
13792 3699 3862 3837 4016 
13793 2264 1953 2271 4032 
13794 3673 3846 3805 4011 
13795 3693 3840 3736 3993 
13796 3750 3866 3740 4044 
13797 1971 2231 2243 3869 
13798 1618 1582 1493 3741 
13799 3790 3954 2127 4051 
13800 3673 3824 3799 3910 
13801 1978 3731 1947 3994 
13802 3866 3895 2249 4039 
13803 1487 1505 1550 3903 
13804 3723 3955 3758 4052 
13805 1501 3818 1910 3896 
13806 2378 3857 2362 4065 
13807 2122 1971 2243 3869 
13808 1979 2067 3994 3995 
13809 2297 1970 2219 3911 
13810 2246 249 1503 2228 
13811 3678 3751 3949 4060 
13812 2371 2361 2375 3743 
13813 1675 1491 2355 3838 
13814 2118 1970 2281 3911 
13815 2155 2156 3799 3808 
13816 1882 1850 1874 3721 
13817 2384 2376 2359 3949 
13818 2143 2036 2213 3730 
13819 3685 3891 3869 3972 
13820 1865 1881 1876 3720 
13821 3669 3946 3742 4009 
13822 2235 2253 2256 3740 
13823 1981 3757 1962 4024 
13824 2267 1727 1485 3742 
13825 3759 3836 3689 4030 
13826 1847 1866 1759 3873 
13827 3666 3766 3835 3997 
13828 3672 3761 3832 4019 
13829 3737 3886 3685 3972 
13830 1479 1510 1509 3749 
13831 1682 1684 1683 3879 
13832 2082 3781 2073 4055 
13833 2138 1964 2204 3918 
13834 1569 3777 1639 3951 
13835 1597 1691 3736 3956 
13836 2116 1971 2165 3869 
13837 1906 1907 1893 3757 
13838 2159 3739 2065 4058 
13839 1961 2050 2086 3746 
13840 1623 1752 1698 3720 
13841 2291 3814 2319 4059 
13842 1902 1903 1916 3815 
13843 3746 3899 2050 4054 
13844 2387 2370 369 3781 
13845 2339 3861 2331 3965 
13846 2378 2364 3769 4065 
13847 1588 3907 1512 3921 
13848 2160 2065 2159 3739 
13849 2211 3915 3766 3996 
13850 3678 3885 3878 4029 
13851 3757 4042 3734 4053 
13852 2266 3745 3763 3893 
13853 1501 1645 1888 3818 
13854 2308 2311 2306 3885 
13855 2168 2151 4040 4073 
13856 3750 3869 3685 3891 
13857 2117 2083 3740 3933 
13858 2383 2375 3768 4060 
13859 2283 1493 2292 4066 
13860 2131 3774 2092 3960 
13861 3739 3840 3692 4010 
13862 2334 3822 1972 3823 
13863 1659 3765 3851 3930 
13864 1972 2021 3823 3971 
13865 3728 3905 3758 4052 
13866 1486 1549 2316 3931 
13867 3768 3867 3675 3868 
13868 2029 2037 2036 3913 
13869 2028 2035 3721 3937 
13870 2361 2374 1963 3849 
13871 2075 3781 2082 4055 
13872 1950 2028 2088 3721 
13873 3944 3945 3794 3987 
13874 3793 3945 3944 3987 
13875 3756 3927 3926 4061 
13876 1643 1501 1910 3896 
13877 3718 3677 3892 3971 
13878 3668 3813 3777 3982 
13879 2231 1971 331 2244 
13880 2175 3714 3913 3962 
13881 1643 1910 1889 3896 
13882 3842 4021 3841 4033 
13883 2190 1954 2052 3819 
13884 1872 1874 1850 3934 
13885 2349 2353 3731 3968 
13886 1989 3985 1946 3996 
13887 1970 2297 2281 3911 
13888 3815 3896 3708 3939 
13889 2259 3891 2260 3972 
13890 3757 4024 1981 4053 
13891 3705 3841 3721 3983 
13892 3762 3675 3867 3868 
13893 1477 1478 1521 3986 
13894 1874 1882 3721 4033 
13895 3696 4002 3768 4029 
13896 1957 3833 2191 3998 
13897 3793 4051 3987 4074 
13898 2367 3840 2363 3999 
13899 2211 2186 3766 3925 
13900 1489 1724 2359 4070 
13901 2295 1650 2278 3831 
13902 3878 3911 3690 4029 
13903 2243 1971 332 2231 
13904 2183 1965 4054 4057 
13905 3708 3877 3722 3914 
13906 2161 3850 2220 3889 
13907 1917 1892 1919 3812 
13908 1703 1846 1868 3921 
13909 3678 4029 3751 4060 
13910 1560 1482 1620 3785 
13911 2365 3993 3903 3999 
13912 3684 3728 3948 4006 
13913 3682 3731 3872 4041 
13914 3676 3738 3861 3863 
13915 1754 1713 1659 3851 
13916 3693 3807 3733 3986 
13917 3666 3835 3733 3997 
13918 1907 1908 1913 3836 
13919 2367 3922 2360 4058 
13920 2018 3762 2063 4058 
13921 3706 3946 3767 3991 
13922 1490 3986 1712 3993 
13923 2122 1971 332 2243 
13924 1727 2254 1548 3742 
13925 2253 3740 2264 4032 
13926 2206 3784 3744 4040 
13927 3675 3868 3762 3941 
13928 3805 3824 3673 3910 
13929 1848 1869 1856 4019 
13930 3872 4041 3749 4056 
13931 2321 2320 2291 4059 
13932 2353 3872 3731 3968 
13933 1727 2267 2254 3742 
13934 2259 2250 3891 3972 
13935 3841 4019 3721 4033 
13936 1570 1568 1745 3813 
13937 2367 4010 3922 4058 
13938 1679 3771 3699 3853 
13939 3765 3926 3927 4061 
13940 1599 3710 1509 4015 
13941 3705 3962 3842 3983 
13942 1861 1874 3832 4019 
13943 2293 2281 2294 3911 
13944 1950 3721 1873 4033 
13945 2232 2238 3737 4057 
13946 1493 1751 2292 4066 
13947 2332 2336 2335 3804 
13948 2265 2267 2252 3742 
13949 1850 1873 1950 3721 
13950 2237 2238 3967 4054 
13951 2336 2335 3804 4018 
13952 2164 1982 3889 4053 
13953 1490 1711 1712 3986 
13954 1614 1694 1695 3769 
13955 1487 2377 1505 3903 
13956 1684 3879 1685 3984 
13957 3765 3917 3851 3930 
13958 1479 1510 3749 4012 
13959 3779 3682 3942 3995 
13960 366 367 3856 3901 
13961 2048 2050 1961 3888 
13962 3748 3859 3794 3860 
13963 3671 3887 3734 3889 
13964 1920 3890 3707 3981 
13965 1860 3783 1858 4045 
13966 3793 3902 3692 4074 
13967 1569 1707 3777 3982 
13968 2232 2237 1965 4054 
13969 2031 3764 1978 3994 
13970 3726 3883 3787 3955 
13971 1967 2227 2089 3934 
13972 2314 3819 2313 3820 
13973 1486 3695 1651 3931 
13974 3755 4063 3950 4064 
13975 2166 2161 2220 3889 
13976 2213 2042 2199 3970 
13977 2306 2303 2285 3819 
13978 2298 2278 2299 3831 
13979 3680 3821 3762 3922 
13980 1554 3966 1504 4068 
13981 1715 4014 3776 4050 
13982 2064 3798 3796 3821 
13983 1681 1680 3703 3853 
13984 3741 4059 3814 4066 
13985 2090 2131 2092 3960 
13986 2206 4040 3744 4046 
13987 1482 3785 1559 4005 
13988 1907 1909 3757 3836 
13989 3728 3925 3795 4052 
13990 2075 2082 2073 4055 
13991 1957 2382 2192 3833 
13992 3685 3869 3992 4057 
13993 3682 3872 3845 4056 
13994 1689 1688 3805 3846 
13995 1901 1910 3818 3896 
13996 2153 3827 2226 3970 
13997 1695 1578 1730 3769 
13998 2372 2380 2364 3806 
13999 1848 3785 4005 4020 
14000 3706 3920 3857 3991 
14001 2111 1964 1892 3812 
14002 2309 2296 2298 3878 
14003 3696 3998 3911 4029 
14004 3790 4051 3692 4074 
14005 2247 2260 2259 3891 
14006 1681 3703 1680 4036 
14007 1958 2180 3996 4010 
14008 3841 3983 3842 4033 
14009 1621 3761 3873 4043 
14010 2154 3799 3847 4048 
14011 3685 3972 3869 4057 
14012 1498 1703 1868 3921 
14013 3789 3974 3817 3977 
14014 3841 4020 4019 4033 
14015 1508 3897 1516 4014 
14016 3793 3692 4051 4074 
14017 1482 1848 3785 4005 
14018 2234 1611 1548 3745 
14019 2365 1710 3903 3993 
14020 1651 3916 3695 4067 
14021 3701 3897 3741 4066 
14022 3685 3992 3972 4057 
14023 1925 1913 3759 4030 
14024 2123 2021 2169 3971 
14025 1933 1719 1742 2210 
14026 1594 3966 3877 4012 
14027 1907 1924 1908 3912 
14028 2291 2310 3814 4066 
14029 1701 3818 1501 3896 
14030 2340 2329 2344 4012 
14031 1938 1979 1977 3843 
14032 2051 3762 3754 3821 
14033 3671 3734 3887 3965 
14034 1663 1491 1732 3838 
14035 2376 2369 2368 3867 
14036 1687 3973 3816 3974 
14037 1891 2111 306 1905 
14038 2197 3740 2083 3933 
14039 1615 1607 1614 3946 
14040 1759 1621 1620 3761 
14041 3875 4025 1895 4027 
14042 3786 4045 3783 4049 
14043 3803 3817 1565 3877 
14044 2387 3781 369 3985 
14045 2204 3918 3812 3971 
14046 2164 2166 2092 3889 
14047 1729 1615 1649 3742 
14048 3665 3943 3729 3947 
14049 1989 2211 2186 3766 
14050 3747 3944 3859 3988 
14051 2382 2375 2361 3833 
14052 2055 3796 2159 3821 
14053 1866 1499 1759 3873 
14054 2028 2035 2088 3721 
14055 3758 3955 3728 4052 
14056 3722 3877 3708 3966 
14057 3927 3928 3765 3958 
14058 3702 3875 3836 4027 
14059 1871 1872 3934 4045 
14060 3678 3949 3839 4034 
14061 2228 249 1503 1648 
14062 2118 348 2293 2281 
14063 2171 1967 2091 3786 
14064 225 1899 1643 1889 
14065 1675 2342 1483 4018 
14066 3676 3887 3734 3965 
14067 2300 2297 2290 3888 
14068 2366 370 2363 3835 
14069 1599 1511 1509 3710 
14070 1504 3966 1594 4012 
14071 3766 3985 1989 3996 
14072 1564 1563 1510 3877 
14073 1855 2209 1741 1466 
14074 2041 3744 2147 3770 
14075 3695 3916 3788 4067 
14076 3724 3801 3727 3852 
14077 2078 3795 3945 4008 
14078 1615 1729 1617 3946 
14079 1622 1621 3873 4043 
14080 3776 3886 3697 4014 
14081 3767 3801 1608 4000 
14082 3816 3974 3712 4015 
14083 1876 3783 1880 4049 
14084 3703 3729 3943 3947 
14085 1564 1510 1594 3877 
14086 3692 3835 3766 3996 
14087 1857 1861 3832 4019 
14088 3673 3808 3884 4013 
14089 2086 3746 2050 4054 
14090 2253 2261 2256 3866 
14091 2295 266 2278 1650 
14092 3679 3826 3806 4035 
14093 3736 3959 3680 3999 
14094 1574 1570 1745 3813 
14095 1617 3745 1608 3767 
14096 1722 3831 1673 4034 
14097 1700 1683 3879 4031 
14098 1597 1692 1691 3956 
14099 3719 3703 3943 4036 
14100 2369 3768 3867 3949 
14101 3707 3914 3890 3939 
14102 1607 1615 1617 3946 
14103 2336 2337 2338 3825 
14104 1953 3740 2235 4044 
14105 3783 4045 1860 4049 
14106 2162 3781 2387 3985 
14107 1915 1903 1924 3912 
14108 1511 1677 1678 3846 
14109 2179 1958 2180 3996 
14110 3825 3827 3709 3970 
14111 1876 1858 1860 3783 
14112 3676 3861 3738 3965 
14113 2383 2369 3768 3867 
14114 2384 3751 2381 4060 
14115 2085 2075 3772 3933 
14116 1622 1749 1621 4043 
14117 1564 3817 1563 3877 
14118 1502 1650 2295 3831 
14119 367 2331 366 3856 
14120 2352 2330 2336 3984 
14121 2186 1989 3766 3948 
14122 1723 1724 1489 3839 
14123 1971 2116 331 2244 
14124 3815 3818 3713 3896 
14125 306 1969 2111 1891 
14126 3805 3910 3673 4011 
14127 2138 2032 2069 3918 
14128 221 1506 1757 3907 
14129 2152 2226 3827 4073 
14130 1495 1507 1577 3806 
14131 3725 3991 3772 4006 
14132 1513 1494 1645 3759 
14133 1919 1904 1917 3939 
14134 3739 4010 2065 4058 
14135 1905 2111 307 1892 
14136 3740 4037 3750 4044 
14137 3711 3810 3753 3811 
14138 3692 3915 3793 4051 
14139 2022 3822 2062 3918 
14140 2061 2219 1970 3911 
14141 3785 3672 3841 4019 
14142 1559 3785 3951 4005 
14143 3779 3816 3710 4011 
14144 2339 368 2354 3923 
14145 1706 1741 2209 1466 
14146 3821 3922 3739 4058 
14147 1863 3786 3850 4049 
14148 3683 3870 3777 3936 
14149 1729 1649 1485 3742 
14150 1953 3740 2195 4032 
14151 1577 1507 1598 4014 
14152 2337 2346 2345 3970 
14153 1599 1677 3710 3816 
14154 1588 1512 1693 3921 
14155 1584 3788 1585 4067 
14156 1606 3961 3767 4000 
14157 1880 1860 1870 4049 
14158 3829 3938 3755 4004 
14159 3828 3938 3829 4004 
14160 1669 3951 3952 4005 
14161 3680 3739 3922 3959 
14162 2328 2345 2346 3843 
14163 2228 1648 3826 3895 
14164 2256 2261 2258 3866 
14165 3680 3876 3828 3950 
14166 2298 2299 2308 3885 
14167 3755 3950 3919 4004 
14168 3919 3950 3798 4004 
14169 1639 3951 3777 3952 
14170 1863 1849 2171 3786 
14171 1596 4062 1473 4064 
14172 3811 3816 3779 4011 
14173 3748 3858 3795 3944 
14174 2073 3781 2162 3985 
14175 2346 355 2328 2188 
14176 3785 3841 3683 4020 
14177 3695 3940 3885 4002 
14178 2153 2150 3827 3953 
14179 2019 2193 2053 3868 
14180 2379 3993 2368 3999 
14181 2054 3979 2128 3980 
14182 2258 2259 3891 4039 
14183 3723 4000 1656 4001 
14184 3679 3750 3891 4039 
14185 2310 2319 2291 3814 
14186 1585 1725 3788 4034 
14187 1663 3838 1732 4043 
14188 3764 3994 3682 4041 
14189 3721 3937 3705 3983 
14190 3669 3767 3946 3991 
14191 1981 4024 1980 4053 
14192 2046 2045 3849 4037 
14193 3770 3802 3744 4016 
14194 3765 3928 3917 3930 
14195 2156 2157 2158 3799 
14196 2382 2193 2360 3868 
14197 3752 3916 1651 4067 
14198 2382 2360 2383 3868 
14199 2063 3821 2159 4058 
14200 1847 209 1856 1759 
14201 2348 3965 2331 4071 
14202 3859 3747 3988 3989 
14203 3679 3866 3750 4039 
14204 2022 3918 2204 3971 
14205 3859 3944 3794 3988 
14206 2371 2370 2374 3849 
14207 3723 3733 3961 3997 
14208 2247 2229 2268 4050 
14209 2334 2341 3822 3823 
14210 2117 2198 2083 3933 
14211 2204 3812 2169 3971 
14212 3826 3891 2248 4039 
14213 1921 3707 2182 3981 
14214 371 2378 372 4069 
14215 1513 3759 3863 4038 
14216 3664 3796 3926 3959 
14217 1675 1732 1491 3838 
14218 3772 3991 3684 4006 
14219 3805 3811 3910 4011 
14220 3664 3902 3851 3917 
14221 2312 3829 2282 3932 
14222 3785 3900 1560 3951 
14223 2211 2179 3915 3996 
14224 3723 3961 1656 4000 
14225 3765 3926 3917 3928 
14226 3795 3858 3748 4052 
14227 1899 1496 225 1643 
14228 2229 250 1654 1503 
14229 1907 1909 1893 3757 
14230 1503 2229 250 2246 
14231 2053 3868 2193 3998 
14232 2219 2287 2297 3888 
14233 291 2227 1862 3934 
14234 1888 1645 222 1494 
14235 1497 1715 1619 3776 
14236 2313 2282 3820 3932 
14237 3874 3875 3702 4026 
14238 3712 3976 3942 3977 
14239 3770 3699 3864 4016 
14240 3887 3889 3702 4053 
14241 1670 3877 1594 3966 
14242 3804 3813 3719 4018 
14243 2149 3784 2151 3953 
14244 2371 2375 2381 3881 
14245 3764 3942 3682 3995 
14246 3752 3931 3820 3932 
14247 1675 1483 1745 4018 
14248 348 2118 1970 2281 
14249 2349 2334 2341 3822 
14250 3758 3908 3723 4052 
14251 2247 2259 2248 3891 
14252 1720 1511 1678 3871 
14253 1508 1516 1507 4014 
14254 3782 3913 2039 4003 
14255 3679 3895 3866 4039 
14256 1684 1700 1683 3879 
14257 2055 2064 3797 3865 
14258 2329 1479 2351 4012 
14259 1620 210 1856 1482 
14260 2176 2125 1932 1464 
14261 3764 3682 3994 3995 
14262 1873 3721 1850 4033 
14263 2319 2310 2290 3814 
14264 4062 4063 3755 4064 
14265 1945 369 2388 3996 
14266 1592 1696 1514 4038 
14267 1599 3816 3710 4015 
14268 2181 3790 2127 4051 
14269 1952 2092 2131 3774 
14270 292 1950 2088 1850 
14271 266 2295 1502 1650 
14272 3685 3737 3972 3992 
14273 1534 1998 2002 1999 
14274 1998 1534 1531 1999 
14275 1530 1998 1534 1531 
14276 1998 1531 1997 1999 
14277 1534 1998 2003 2002 
14278 1531 1998 1997 1530 
14279 1535 1530 1998 1534 
14280 1530 1531 1529 1997 
14281 1530 1995 1998 1997 
14282 1535 1998 2003 1534 
14283 1529 1995 1530 1997 
14284 2169 2204 2111 3812 
14285 1995 1529 1530 1527 
14286 1508 1581 1580 3897 
14287 1950 1873 2026 4033 
14288 367 2335 368 3838 
14289 1996 2000 1997 1532 
14290 1561 1569 1639 3951 
14291 1528 1997 1529 1532 
14292 2028 3937 3721 3983 
14293 1997 1529 1995 1528 
14294 1673 3831 1737 4034 
14295 1527 1995 1529 1528 
14296 2085 2016 2197 4032 
14297 1530 1630 1535 1998 
14298 1527 1995 1528 1525 
14299 2098 1535 1998 2003 
14300 3666 3807 3858 3908 
14301 1528 1996 1997 1532 
14302 1996 1997 1995 1528 
14303 1691 1595 3876 4063 
14304 1998 1630 1535 2098 
14305 1528 1995 1996 1525 
14306 3762 3680 3922 3935 
14307 1910 1918 1901 3818 
14308 1572 1681 1680 4036 
14309 2011 1994 2012 1543 
14310 1993 1996 1995 1525 
14311 1630 1530 1995 1998 
14312 1578 3806 1577 4035 
14313 1994 1995 1527 1525 
14314 2100 1531 1538 1999 
14315 1630 1530 1527 1995 
14316 2098 1630 2012 1994 
14317 2012 1630 1544 1994 
14318 1994 1544 2012 1543 
14319 2006 2100 1538 1999 
14320 1527 1630 1995 1994 
14321 2291 2317 2310 4066 
14322 2153 2042 2150 3953 
14323 2000 1632 1997 1532 
14324 1998 1995 1630 2098 
14325 1994 1630 1544 1526 
14326 1543 1994 1544 1526 
14327 1997 1632 1529 1532 
14328 2098 1995 1630 1994 
14329 1994 1993 1995 1525 
14330 1526 1994 1527 1525 
14331 2215 2066 3992 4057 
14332 1861 1859 1857 3832 
14333 1686 3854 3805 4047 
14334 1527 1630 1994 1526 
14335 1488 2343 1734 4068 
14336 2122 3869 2243 4057 
14337 1531 2100 1997 1999 
14338 1531 1538 1632 2100 
14339 1531 1632 1529 1997 
14340 3789 3976 3974 3977 
14341 1632 2000 1997 2100 
14342 3762 3867 3675 3935 
14343 2330 1731 2342 4018 
14344 2028 2029 3937 3983 
14345 2117 4037 3740 4044 
14346 2100 1531 1997 1632 
14347 2365 2368 3993 3999 
14348 1630 1544 1628 2096 
14349 1532 2001 1996 2000 
14350 3680 3959 3922 3999 
14351 1916 1905 1917 3812 
14352 1630 1544 2096 2012 
14353 2012 2096 1630 2098 
14354 3754 3762 2020 3941 
14355 1729 1485 1727 3742 
14356 1921 1919 1892 3707 
14357 3666 3858 3795 4052 
14358 1996 1533 1532 1528 
14359 1994 2011 1524 1543 
14360 3827 3953 3709 3970 
14361 2030 3764 2031 3994 
14362 2339 2331 367 3856 
14363 1603 3748 1575 3859 
14364 1524 1993 1994 1525 
14365 1526 1524 1994 1525 
14366 1525 1996 1528 1627 
14367 1543 1524 1994 1526 
14368 3733 3961 3706 4069 
14369 3789 3817 3803 3977 
14370 3717 3813 3804 4018 
14371 1525 1993 1996 1627 
14372 1684 1685 1758 3984 
14373 2011 2012 1589 1543 
14374 1876 1860 1880 3783 
14375 1584 1651 3695 4067 
14376 2002 1545 2003 1534 
14377 1544 1589 2012 1543 
14378 2378 2372 2364 4065 
14379 1535 2098 2096 2003 
14380 2003 1545 1535 1534 
14381 2303 2313 3819 3940 
14382 3718 3892 3823 3971 
14383 1535 1630 1628 2096 
14384 1892 2111 307 1964 
14385 3770 3864 3681 3904 
14386 2242 3776 2241 4050 
14387 1946 2162 2387 3985 
14388 1889 1643 224 1910 
14389 2098 1535 2096 1630 
14390 1880 3783 1860 4049 
14391 2259 2260 2250 3972 
14392 3875 3702 4026 4027 
14393 2149 2147 3784 3904 
14394 1720 1463 2330 3984 
14395 1993 1525 1523 1627 
14396 1556 1557 1719 2187 
14397 1545 2002 2003 2013 
14398 3712 3977 3942 4041 
14399 2147 3864 3770 3904 
14400 2298 2295 3831 3969 
14401 1533 1996 1532 2001 
14402 1720 2330 3871 3984 
14403 1505 1710 1597 3903 
14404 3838 3900 1732 4043 
14405 2181 2180 3790 4051 
14406 3748 3859 3858 3944 
14407 3850 3874 3702 4026 
14408 3735 4014 3697 4017 
14409 2022 3822 3918 3971 
14410 3723 3758 3955 4001 
14411 3727 3955 3758 4001 
14412 1993 1524 1994 1992 
14413 1632 2099 1538 1631 
14414 1994 2011 1992 1524 
14415 1533 1528 1996 1627 
14416 1525 1524 1993 1523 
14417 2329 2343 1504 4068 
14418 1993 2095 1996 1627 
14419 2100 1538 2099 2006 
14420 1715 1598 4014 4050 
14421 2095 1523 1993 1991 
14422 1669 1559 3951 4005 
14423 1974 2056 4024 4025 
14424 3826 3895 1648 4035 
14425 1946 2387 369 3985 
14426 3683 4021 3963 4022 
14427 1589 2057 2012 2011 
14428 1561 1560 3900 3951 
14429 1523 2095 1993 1627 
14430 2099 1632 1538 2100 
14431 2171 1863 3786 3850 
14432 2365 3903 2368 3999 
14433 1535 1546 1545 2003 
14434 2334 1972 1956 3823 
14435 2173 3714 2175 3962 
14436 4025 4026 3702 4027 
14437 1639 1669 3951 3952 
14438 16 22 2239 2289 
14439 2019 2053 2052 3941 
14440 2151 2168 2152 4073 
14441 1533 1996 2001 2095 
14442 1991 1993 1524 1523 
14443 1496 1899 1714 3957 
14444 2014 1545 2003 2013 
14445 2194 3884 2157 4073 
14446 2055 3796 2064 3865 
14447 1480 1508 1507 4070 
14448 2000 1542 1632 1532 
14449 1991 1993 1992 1524 
14450 2197 2117 2083 3740 
14451 2095 1533 1996 1627 
14452 2149 2206 2151 3784 
14453 1488 1734 1592 4068 
14454 3686 3934 3832 4045 
14455 2386 2364 1695 3769 
14456 2228 2251 248 3895 
14457 2000 2100 1632 2010 
14458 1560 1559 3785 3951 
14459 3875 4026 4025 4027 
14460 1571 1569 1570 3982 
14461 2367 3867 3922 3999 
14462 3922 4010 3739 4058 
14463 2062 2032 2138 3918 
14464 3683 3777 3870 3951 
14465 3766 3925 2186 3948 
14466 3678 3768 4029 4060 
14467 3762 3922 3867 3935 
14468 3678 3949 3768 4060 
14469 2137 3842 2170 3962 
14470 2003 1546 1545 2014 
14471 1870 3786 1863 4049 
14472 1546 1535 2096 2003 
14473 1979 2145 2067 3995 
14474 1546 1535 1628 2096 
14475 1631 1632 2099 2010 
14476 1969 305 1906 1891 
14477 2040 2148 2149 3953 
14478 338 2327 2324 2112 
14479 2327 1644 256 2324 
14480 1972 2021 1956 3823 
14481 3747 3858 3859 3944 
14482 1538 2099 1556 1631 
14483 1910 1643 224 1501 
14484 2079 3763 2085 3773 
14485 3687 3873 3761 4043 
14486 2282 2017 2314 3820 
14487 3755 3828 3938 4064 
14488 2024 1538 2099 1556 
14489 2100 2099 1632 2010 
14490 223 1910 1501 1888 
14491 1538 2024 2099 2006 
14492 3785 3683 4005 4020 
14493 3674 4047 3855 4048 
14494 1589 1590 1544 2012 
14495 2363 2379 2368 3999 
14496 1731 2330 1463 3984 
14497 1590 2057 2058 2012 
14498 1554 1504 1553 4068 
14499 2329 2340 2343 4068 
14500 1477 2385 372 3986 
14501 2003 2096 1546 2014 
14502 2324 2327 1644 2112 
14503 2176 1932 2203 1464 
14504 3734 3889 3887 4053 
14505 2361 2371 2374 3849 
14506 2290 2287 2288 3888 
14507 2281 2297 2300 3911 
14508 370 2362 371 3920 
14509 2211 1989 2179 3996 
14510 1745 1731 1574 4018 
14511 1875 4020 4021 4033 
14512 1866 1858 1876 3873 
14513 2244 2256 2245 4044 
14514 1550 1595 3876 3903 
14515 2215 2045 2165 3869 
14516 2248 2249 2228 4039 
14517 2025 1557 1556 2187 
14518 2024 2025 1556 2187 
14519 1590 1589 2057 2012 
14520 1982 2161 3889 4053 
14521 1862 1850 291 3934 
14522 1497 3776 2242 4050 
14523 1931 2153 2226 3970 
14524 3829 3932 1473 3938 
14525 3845 3871 3710 4056 
14526 1669 3952 1702 4022 
14527 1955 2019 2018 3868 
14528 3678 3788 3949 4034 
14529 1590 1628 1544 2096 
14530 2009 2095 1991 1523 
14531 2249 2252 2251 3895 
14532 2096 1544 1590 2012 
14533 2276 1642 2277 2110 
14534 1542 2000 1632 2010 
14535 3765 3756 3926 4061 
14536 2248 2246 2247 3826 
14537 1559 1482 1560 3785 
14538 2009 2095 1523 1627 
14539 1742 1465 1719 1933 
14540 1590 2058 2096 2012 
14541 1973 2018 2063 4058 
14542 1497 1715 3776 4050 
14543 1932 2236 1464 2257 
14544 3877 3966 3722 4012 
14545 1627 1523 2009 1541 
14546 3765 3664 3917 3926 
14547 1556 2099 2140 1631 
14548 205 3907 1588 3921 
14549 1953 2235 2264 2271 
14550 2099 1556 2140 2024 
14551 2195 3740 2197 4032 
14552 3676 3892 3861 4071 
14553 3728 3955 3787 4006 
14554 1672 1631 1556 2140 
14555 1655 1501 1701 3818 
14556 3676 3861 3965 4071 
14557 1895 3875 1853 4025 
14558 2233 2016 328 3763 
14559 1631 1632 2010 1542 
14560 3728 3905 3795 4008 
14561 3736 3993 3840 3999 
14562 2127 3790 2222 3954 
14563 1709 1504 1594 4012 
14564 2308 2299 2311 3885 
14565 2385 2379 372 3986 
14566 1859 3832 1872 4045 
14567 2261 3866 2249 4039 
14568 2206 2147 3744 3784 
14569 3682 3942 3764 4041 
14570 1737 3831 1502 3969 
14571 1933 2187 1719 2210 
14572 2140 1719 1465 1933 
14573 1621 1567 3761 4043 
14574 3769 3679 4009 4065 
14575 2351 273 2330 3871 
14576 2386 2378 2364 3769 
14577 1933 1742 1911 2210 
14578 1522 1991 1524 1523 
14579 265 2278 1650 2301 
14580 2281 1970 349 2297 
14581 1589 1733 1590 2201 
14582 1991 1992 1990 1524 
14583 3869 3972 2250 4057 
14584 1979 2067 1977 3994 
14585 1883 1471 218 1885 
14586 1885 300 1883 1939 
14587 2350 2344 2338 4056 
14588 2284 261 2312 3829 
14589 1605 1694 1614 4069 
14590 3758 3905 3748 4052 
14591 2249 3895 2228 4039 
14592 1972 3822 2022 3971 
14593 1620 1621 1567 3761 
14594 1884 1885 219 1515 
14595 1884 301 1885 1983 
14596 2073 2162 1946 3985 
14597 1989 2072 1946 3985 
14598 1988 2009 1991 1523 
14599 2228 248 1648 3895 
14600 3756 3865 3796 3926 
14601 369 2366 2388 3996 
14602 2372 2381 2384 3881 
14603 1711 1521 1743 3986 
14604 1534 1545 1636 2002 
14605 1719 2140 2187 1933 
14606 1574 1685 1682 4036 
14607 3747 1602 3851 3989 
14608 1697 1747 1503 3826 
14609 1885 1883 1471 1939 
14610 2283 2292 2320 4066 
14611 2365 2368 2379 3993 
14612 1688 1690 1689 3805 
14613 2001 2000 1532 1536 
14614 1602 3930 3851 3989 
14615 2066 2183 1984 3992 
14616 2104 1545 2013 2002 
14617 1988 2009 1523 1541 
14618 2184 2212 1934 1744 
14619 2243 3869 2250 4057 
14620 3768 4002 3678 4029 
14621 1720 2330 273 3871 
14622 2330 2352 3871 3984 
14623 1597 1490 1712 3993 
14624 2011 1626 1524 1543 
14625 2002 2005 1534 1999 
14626 1537 1531 1534 1999 
14627 2317 2279 3969 4066 
14628 1531 1537 1538 1999 
14629 2297 1970 349 2219 
14630 2005 2006 1538 1999 
14631 2048 2049 1976 3899 
14632 1957 2191 2193 3998 
14633 3695 3788 3916 4002 
14634 1900 1904 1914 3939 
14635 1639 1669 1559 3951 
14636 2186 2072 1989 3948 
14637 1645 223 1501 1888 
14638 2046 2165 2045 4037 
14639 2239 3775 2322 4059 
14640 2200 2217 2035 3960 
14641 1536 1532 2001 1533 
14642 2001 2106 1533 2095 
14643 3799 3910 3824 4048 
14644 1946 369 24 1945 
14645 2095 2106 1533 1627 
14646 1556 1538 1539 2024 
14647 2298 2296 2295 3969 
14648 1982 2161 2166 3889 
14649 2065 2180 1958 4010 
14650 1538 2024 2006 2007 
14651 2094 1992 2011 1524 
14652 1551 1584 1585 4067 
14653 2060 1956 2021 3823 
14654 1477 372 18 1478 
14655 2276 2277 322 2110 
14656 1642 2277 240 2276 
14657 2220 1966 2171 3850 
14658 1499 1621 1759 3873 
14659 3928 3930 3765 3958 
14660 4024 4025 3702 4027 
14661 2367 2373 4010 4058 
14662 371 3835 370 3920 
14663 2073 3781 3985 4055 
14664 1961 2287 2219 3888 
14665 3760 3686 3901 3960 
14666 1502 3831 2295 3969 
14667 1737 3839 1723 4034 
14668 3788 3916 3716 4067 
14669 3903 3993 3736 3999 
14670 2332 2337 2336 3804 
14671 3723 3908 3758 4001 
14672 2188 1979 1938 3843 
14673 3841 3683 4020 4021 
14674 1620 1856 209 1759 
14675 1542 1532 2000 1536 
14676 1920 1922 3978 3981 
14677 2366 2367 2373 4010 
14678 1981 4042 3757 4053 
14679 1479 274 2329 2351 
14680 1629 1546 1628 2096 
14681 2060 3823 2021 4042 
14682 3725 3787 3955 4006 
14683 1631 2101 2010 2099 
14684 1953 2117 3740 4044 
14685 2076 3772 2074 4006 
14686 1556 2025 1539 1557 
14687 2025 1556 1539 2024 
14688 1564 1670 1601 3877 
14689 1871 1872 1862 3934 
14690 2084 3726 2077 4008 
14691 1557 1719 2187 3753 
14692 1848 4019 3785 4020 
14693 1888 1918 1910 3818 
14694 1888 1912 1925 3759 
14695 1601 1670 1496 3957 
14696 2257 1464 1932 2269 
14697 2095 2009 2106 1627 
14698 1515 1884 1885 1983 
14699 1968 2324 1644 2112 
14700 3756 4062 4061 4063 
14701 2140 2101 1631 2099 
14702 2246 2248 2228 3826 
14703 2030 2031 1978 3994 
14704 2113 305 1906 1969 
14705 2258 3866 2261 4039 
14706 2383 3768 2369 4060 
14707 2358 2328 356 1947 
14708 2110 1733 1475 2201 
14709 291 2088 2227 3934 
14710 1904 3890 1914 3939 
14711 2316 2304 2315 3931 
14712 1541 2106 2009 1627 
14713 1590 1629 1628 2096 
14714 1631 1672 1633 2140 
14715 3972 3992 3737 4057 
14716 1650 1673 1722 3831 
14717 2188 2346 355 1931 
14718 2140 1556 1719 2187 
14719 1624 1663 1622 3923 
14720 2096 2097 1546 2014 
14721 3700 3857 4009 4065 
14722 3754 1941 3798 4004 
14723 3774 3901 3686 3960 
14724 1629 1590 2058 2096 
14725 2387 369 24 1946 
14726 2140 1465 1652 1933 
14727 2138 2022 2062 3918 
14728 2291 2319 2321 4059 
14729 1748 1678 1689 3846 
14730 3828 4023 3938 4064 
14731 3851 3902 3747 3917 
14732 2374 2163 1963 3849 
14733 1541 1523 1988 1520 
14734 1639 3777 1707 3952 
14735 2029 2107 2037 3913 
14736 2118 2141 1970 3911 
14737 1672 1719 1465 2140 
14738 1681 1683 1738 3771 
14739 1887 1883 299 1939 
14740 217 1471 1883 1887 
14741 207 1846 1703 1866 
14742 1701 1501 1643 3896 
14743 1603 1610 3858 3859 
14744 3666 3908 3858 4052 
14745 1518 1987 1988 1986 
14746 2338 2344 2352 4056 
14747 1868 3907 205 3921 
14748 1895 1853 19 4025 
14749 1724 3839 1581 4070 
14750 1522 1991 1990 1524 
14751 2250 2231 2245 3869 
14752 2145 2156 3808 3884 
14753 3795 3748 3905 4052 
14754 2072 2073 3985 4055 
14755 3683 3936 3777 3952 
14756 2188 355 2328 1938 
14757 1849 1967 289 2171 
14758 3728 3795 3925 4008 
14759 3894 3928 3927 3958 
14760 3769 4009 3857 4065 
14761 1475 2277 1642 2110 
14762 2053 2141 2190 3998 
14763 1748 1700 1684 3879 
14764 1693 1512 1514 4038 
14765 1626 2094 2011 1524 
14766 1980 1981 1962 4024 
14767 2185 1717 2203 3732 
14768 1665 238 2274 2275 
14769 2275 320 2274 2133 
14770 2365 1505 2377 3903 
14771 1872 1859 1861 3832 
14772 2329 2351 2344 4012 
14773 2277 1475 241 2269 
14774 1943 2277 323 2269 
14775 3854 3855 3674 4047 
14776 1681 1683 3771 4036 
14777 2094 2176 2023 1555 
14778 338 2324 1968 2112 
14779 1500 256 1644 2324 
14780 1893 1962 304 2113 
14781 1471 1883 1887 1939 
14782 1599 1677 1511 3710 
14783 2365 1710 1505 3903 
14784 2149 2151 2150 3953 
14785 1872 1861 1874 3832 
14786 2000 2004 2010 1542 
14787 1522 1988 1991 1523 
14788 3756 3765 3956 4061 
14789 2367 2368 3867 3999 
14790 261 2312 3829 3830 
14791 2232 2240 2238 4057 
14792 1958 3996 2388 4010 
14793 2152 2226 2153 3827 
14794 2189 1721 1887 1939 
14795 1475 1589 2201 1733 
14796 2305 3931 2315 3932 
14797 2007 2006 1538 2005 
14798 3944 3987 3794 3988 
14799 1545 2104 1636 2002 
14800 3835 3920 3733 3997 
14801 1471 1887 1721 1939 
14802 1572 1571 1570 3982 
14803 1695 1730 1614 3769 
14804 1854 1877 4021 4022 
14805 2282 2314 2313 3820 
14806 2158 2154 3799 3847 
14807 2024 1538 1539 2007 
14808 2010 1633 1631 1542 
14809 2227 290 1862 1849 
14810 1753 1926 2221 1930 
14811 1890 1668 1714 3957 
14812 1667 1590 1733 2201 
14813 2163 2046 1963 3849 
14814 1519 1988 1522 1520 
14815 3728 3795 3905 4052 
14816 3721 3983 3841 4033 
14817 2300 2310 2309 3878 
14818 2322 3741 2320 4059 
14819 3824 3847 3799 4048 
14820 1546 2130 2167 2014 
14821 2072 2073 1946 3985 
14822 2104 1744 2093 2212 
14823 2203 1932 2236 1464 
14824 2285 2314 1954 3819 
14825 2055 3790 3796 3954 
14826 1965 2237 2087 4054 
14827 1898 1895 4025 4027 
14828 2177 2062 1972 3822 
14829 1673 1502 1737 3831 
14830 2219 350 2297 2287 
14831 1499 1623 1622 3873 
14832 1626 2011 1591 1543 
14833 1539 1537 2093 2007 
14834 1566 1561 1560 3900 
14835 1557 2187 2025 3753 
14836 1513 3863 1592 4038 
14837 2221 1926 1753 1928 
14838 1899 1890 1714 3957 
14839 1565 1564 1601 3877 
14840 1564 1565 3817 3877 
14841 1522 1987 1988 1519 
14842 1990 1987 1988 1522 
14843 3797 3830 1935 3929 
14844 1911 1742 1897 2210 
14845 2201 1590 2057 2058 
14846 1471 2167 1662 1939 
14847 2124 4006 3948 4007 
14848 1639 1569 1707 3777 
14849 2251 1485 248 3895 
14850 2056 1966 2161 3850 
14851 2024 1539 2025 2007 
14852 2160 2181 2180 3790 
14853 3766 3684 3948 3985 
14854 17 1484 368 3923 
14855 2152 2216 2226 4073 
14856 2385 3986 1490 3993 
14857 3683 3951 3785 4005 
14858 1556 2140 2024 2187 
14859 3702 4024 3757 4053 
14860 1708 2203 2185 1717 
14861 1465 1911 1923 1933 
14862 2341 2349 3822 3968 
14863 2166 2164 1982 3889 
14864 1866 1703 207 1499 
14865 2152 2153 2150 3827 
14866 1672 1556 1719 2140 
14867 1487 2377 281 1505 
14868 2363 370 371 3835 
14869 1676 3837 1738 4031 
14870 2324 2325 337 1968 
14871 2325 255 1500 2324 
14872 1953 2197 2195 3740 
14873 2306 2311 2303 3940 
14874 2128 3809 2129 3980 
14875 1953 2117 2197 3740 
14876 2013 2014 1545 2167 
14877 1586 3817 3789 3974 
14878 1912 3759 1494 4030 
14879 2282 1941 3820 3932 
14880 1608 3745 1611 3801 
14881 2022 2138 2204 3918 
14882 2057 1589 1590 2201 
14883 3927 3958 3765 4061 
14884 1644 1500 2324 1968 
14885 2282 3829 1941 3932 
14886 2198 2082 2083 3933 
14887 3758 3906 3727 4001 
14888 1581 1723 1737 3839 
14889 2000 2001 2004 1536 
14890 1589 2059 1943 2057 
14891 1567 1732 3900 4043 
14892 2189 1887 299 1939 
14893 1887 217 1471 1721 
14894 2181 2222 2127 3790 
14895 368 17 1663 1491 
14896 1626 1591 2094 1708 
14897 1670 1564 1594 3877 
14898 1475 2277 2110 1943 
14899 1557 2025 1539 3855 
14900 1957 2192 2191 3833 
14901 1959 365 23 2131 
14902 2350 3872 2344 4056 
14903 2017 2119 3819 3820 
14904 2094 1626 1708 1555 
14905 1475 2277 1943 2269 
14906 1638 1533 2106 1627 
14907 2014 1546 1545 2167 
14908 1984 2050 2048 3899 
14909 1518 1988 1519 1520 
14910 2159 2055 3790 3796 
14911 2074 4006 3772 4055 
14912 1849 1863 1870 3786 
14913 2094 1990 1992 1524 
14914 1672 1465 1652 2140 
14915 1518 2139 2142 1986 
14916 2275 2276 321 2110 
14917 2276 239 1642 2275 
14918 208 1847 1866 1759 
14919 2001 2106 1540 1533 
14920 2292 268 2279 1751 
14921 1733 2110 1667 2201 
14922 2353 2350 3872 3968 
14923 1687 3811 1688 4011 
14924 1540 1536 2001 1533 
14925 2072 3985 3948 4055 
14926 1738 3699 1679 3771 
14927 3826 3679 3891 4039 
14928 24 2387 1946 2162 
14929 2102 2010 2004 1542 
14930 2040 3782 2039 4003 
14931 2077 3787 3773 4006 
14932 1522 1988 1523 1520 
14933 1866 1847 1858 3873 
14934 1586 1660 1565 3817 
14935 2248 3891 2259 4039 
14936 2033 2136 2069 3981 
14937 2065 4010 2178 4058 
14938 1867 2184 1934 1466 
14939 1867 1716 2184 1466 
14940 1585 1723 1725 4034 
14941 3787 3728 4006 4007 
14942 2005 1537 1534 1999 
14943 1537 1539 1538 2007 
14944 2005 1538 1537 1999 
14945 2175 2039 3913 4003 
14946 3755 3938 1473 4064 
14947 1952 23 365 2131 
14948 1552 4023 3752 4067 
14949 290 2227 1967 1849 
14950 1664 255 1500 2325 
14951 2132 337 2325 1968 
14952 1987 1518 1988 1519 
14953 2132 1500 2325 1664 
14954 2191 2192 2049 3833 
14955 1479 2329 1709 4012 
14956 3925 4007 3728 4008 
14957 2209 1741 1706 3715 
14958 2005 1534 1636 2002 
14959 2065 1958 2178 4010 
14960 2189 2167 1721 1939 
14961 1466 2184 1934 1744 
14962 1466 1716 2184 1744 
14963 1697 3826 1648 4035 
14964 1742 2210 1719 3975 
14965 1471 1721 2167 1939 
14966 2104 2093 1636 2005 
14967 2000 2004 1542 1536 
14968 1645 1501 1655 3818 
14969 1987 1990 2023 1555 
14970 17 368 1663 3923 
14971 2088 291 1850 3934 
14972 2105 2212 2184 1744 
14973 1541 2106 1627 1638 
14974 1468 2327 257 2326 
14975 2326 2327 339 1936 
14976 1545 2013 2167 2105 
14977 1988 1991 1990 1522 
14978 1625 2174 1466 1706 
14979 3925 3948 3728 4007 
14980 3765 3930 1659 3958 
14981 1591 2011 1589 1543 
14982 1710 1490 1597 3993 
14983 2242 1497 2230 3776 
14984 1901 1889 1910 3896 
14985 2021 1972 2022 3971 
14986 1591 2094 2011 1626 
14987 2215 3869 2122 4057 
14988 1699 1546 1662 2167 
14989 1978 1947 1977 3994 
14990 3679 3895 3826 4035 
14991 2183 2050 1984 4054 
14992 1483 2342 1731 4018 
14993 3682 3845 3843 4013 
14994 3736 3840 3959 3999 
14995 2298 2295 2278 3831 
14996 2263 3834 2253 4032 
14997 2007 1537 2093 2005 
14998 2093 1625 1537 1539 
14999 1633 1672 1652 2140 
15000 2262 1937 326 2236 
15001 1518 1988 2139 1986 
15002 1846 1881 1868 3921 
15003 1508 1724 1581 4070 
15004 2230 1497 1619 3776 
15005 2167 1471 1662 1699 
15006 3777 3951 3683 3952 
15007 2212 2093 1934 1744 
15008 2093 1466 2174 1934 
15009 1688 1686 3805 3811 
15010 2047 2112 1644 1936 
15011 2087 3967 2086 4054 
15012 3766 3915 3692 3996 
15013 2011 1589 2057 2059 
15014 3843 3845 3691 4013 
15015 2279 267 2295 3969 
15016 2274 1665 2275 2133 
15017 1518 1935 2142 1467 
15018 1899 226 1496 1714 
15019 1546 1629 2097 2096 
15020 1600 2326 258 2318 
15021 340 2326 2068 2318 
15022 2162 2073 2082 3781 
15023 1697 1578 1577 4035 
15024 2055 3791 2126 3954 
15025 3679 3826 3895 4039 
15026 1990 1626 1524 2094 
15027 1464 1735 2203 1708 
15028 2058 1590 1629 2135 
15029 267 2279 1751 3969 
15030 1906 1893 304 2113 
15031 1652 1633 2120 1942 
15032 3677 3918 3822 3971 
15033 1721 2167 2189 2105 
15034 274 1479 1470 2351 
15035 2283 2322 1618 3741 
15036 2101 1631 2010 1633 
15037 2105 2167 1545 1637 
15038 1485 1648 248 3895 
15039 1643 1736 1701 3896 
15040 1857 1869 1861 4019 
15041 1902 1901 1903 3815 
15042 1633 2101 2120 1942 
15043 3805 3854 3824 4047 
15044 2281 2300 2294 3911 
15045 3828 3755 3938 4004 
15046 1539 2025 2007 3855 
15047 2094 2023 1990 1555 
15048 1657 2176 1708 1464 
15049 1657 2176 1464 2125 
15050 1753 2221 1942 1930 
15051 1629 2058 2097 2096 
15052 2009 1988 2139 1541 
15053 1735 2203 1717 3732 
15054 2101 1631 1633 2140 
15055 1922 3890 3803 3957 
15056 2258 2261 2249 4039 
15057 361 2382 2361 2192 
15058 2111 2204 1964 3812 
15059 2176 2094 1591 1708 
15060 1922 3890 1920 3978 
15061 2058 2201 1590 2135 
15062 1759 1866 208 1499 
15063 1699 1545 1546 2167 
15064 1586 1476 1660 3974 
15065 2212 2105 2104 1744 
15066 1926 2221 316 1928 
15067 1753 1926 234 1928 
15068 2176 2094 1708 1555 
15069 2344 3871 2352 4056 
15070 1610 3858 3807 3908 
15071 2093 1625 1636 1537 
15072 1537 1636 2093 2005 
15073 2112 339 2327 1936 
15074 2327 257 1644 1468 
15075 3713 3863 3861 4068 
15076 233 1926 1753 1930 
15077 1926 315 2221 1930 
15078 1885 1471 1646 1939 
15079 350 2219 1961 2287 
15080 1721 2167 2105 1637 
15081 1589 1943 2201 2057 
15082 2243 2250 2240 4057 
15083 1592 3863 1553 4068 
15084 268 2292 1493 1751 
15085 2157 3884 2216 4073 
15086 1626 1990 1524 1522 
15087 1515 1646 1647 1983 
15088 2130 1546 2167 1662 
15089 2004 1634 1542 1536 
15090 2250 3972 2240 4057 
15091 1683 1738 3771 4031 
15092 1500 2325 2324 1968 
15093 2328 2353 2345 3843 
15094 1885 1646 219 1515 
15095 301 1885 1983 2114 
15096 1646 218 1471 1885 
15097 300 1885 2114 1939 
15098 2007 1538 1537 2005 
15099 360 2361 1963 1948 
15100 1892 1917 1905 3812 
15101 2118 347 2285 2293 
15102 2161 1982 1980 4053 
15103 2130 1546 2097 2014 
15104 1971 2122 2215 3869 
15105 1652 1633 1942 1474 
15106 1658 3930 3928 3958 
15107 2167 2130 1662 1939 
15108 19 1853 1851 4025 
15109 1471 1721 1699 2167 
15110 2344 2351 3871 4056 
15111 280 2377 1725 2359 
15112 2176 2094 2059 1591 
15113 1687 3816 3811 4011 
15114 2220 2161 1966 3850 
15115 2171 1966 1863 3850 
15116 2327 1644 2112 1936 
15117 1900 1889 1901 3896 
15118 2002 1636 2005 2104 
15119 1708 1735 2203 1717 
15120 3678 3768 3949 4002 
15121 3677 3812 3918 3971 
15122 2344 2351 2352 3871 
15123 2110 2277 322 1943 
15124 2277 240 1475 1642 
15125 2199 2042 2153 3970 
15126 2184 2189 1721 1878 
15127 1690 3805 1686 3854 
15128 3795 3915 2078 3945 
15129 2335 2355 368 3838 
15130 1465 1742 1911 1933 
15131 1658 3928 3894 3958 
15132 2189 298 1887 1878 
15133 1721 1887 216 1878 
15134 1466 2174 2209 1706 
15135 3697 3776 4014 4050 
15136 1942 2120 1652 1930 
15137 2121 1541 2106 2009 
15138 2157 2146 2216 3884 
15139 1495 1577 1578 3806 
15140 3664 3902 3917 4074 
15141 1965 2183 2066 4057 
15142 1988 1518 2139 1520 
15143 1987 1990 1555 1522 
15144 1522 1555 1987 1519 
15145 1668 3803 1565 3957 
15146 1500 1644 1750 2218 
15147 17 1663 1484 3923 
15148 1709 1479 274 2329 
15149 1545 2013 2105 2104 
15150 1536 2001 2004 1540 
15151 1887 1721 2189 1878 
15152 1699 1545 2167 1637 
15153 2001 2106 2008 1540 
15154 2048 1961 2061 3888 
15155 3809 3975 2129 3980 
15156 1500 2132 2325 1968 
15157 2001 2008 2004 1540 
15158 1746 3681 3715 3924 
15159 1984 2048 1976 3899 
15160 1878 1721 2184 1716 
15161 1870 1860 1871 4045 
15162 1642 2276 2275 2110 
15163 1934 2209 1855 1466 
15164 1592 1655 1553 3863 
15165 2367 2360 2373 4058 
15166 1704 3715 3704 3924 
15167 2125 1943 323 2269 
15168 2269 1475 241 1657 
15169 2115 1629 1667 2135 
15170 1567 1732 1566 3900 
15171 1533 2106 1540 1638 
15172 2022 1972 2062 3822 
15173 1626 2094 1990 1555 
15174 1942 1633 2101 2102 
15175 1988 2139 1541 1520 
15176 2116 2165 4037 4044 
15177 1497 1598 1715 4050 
15178 2102 1633 2010 1542 
15179 2194 2157 2216 4073 
15180 2242 2272 2241 3776 
15181 2125 1932 1464 2269 
15182 1484 1624 1696 3923 
15183 2377 2365 281 1505 
15184 1466 2174 1934 2209 
15185 2215 2066 2045 3992 
15186 1515 1885 1646 1983 
15187 275 1504 1709 2329 
15188 2269 2125 1943 1657 
15189 3948 4006 3728 4007 
15190 2334 2341 3823 4071 
15191 2250 2243 2231 3869 
15192 1713 1712 1613 3851 
15193 1640 1928 1927 2108 
15194 2218 1579 1644 1750 
15195 1576 1750 1579 2218 
15196 2174 1706 1625 3864 
15197 3754 3829 1941 4004 
15198 2354 368 1484 3923 
15199 1471 1662 1646 1939 
15200 2309 2310 2296 3878 
15201 1647 1983 1665 1515 
15202 2009 2139 2121 1541 
15203 2084 2071 3726 4008 
15204 3772 4006 3684 4055 
15205 210 1848 1856 1482 
15206 2167 1721 1699 1637 
15207 1928 1927 235 1640 
15208 317 1927 1928 2108 
15209 3828 3950 3755 4004 
15210 1481 1728 2196 1641 
15211 1481 1640 2109 2108 
15212 1554 1594 1504 3966 
15213 1755 3854 1686 4047 
15214 2389 2359 279 1724 
15215 2059 2094 2011 1591 
15216 1652 1942 1930 1474 
15217 1665 1960 2133 2115 
15218 2139 1518 2142 1671 
15219 1518 2142 1671 1674 
15220 1968 1644 2218 2112 
15221 1589 1475 1943 1591 
15222 2059 1589 1943 1591 
15223 1733 1475 1642 2110 
15224 1503 1648 1697 3826 
15225 1634 2102 2004 1542 
15226 3758 3908 1603 4001 
15227 1710 2365 1490 3993 
15228 3781 3684 3985 4055 
15229 1657 2059 2176 2125 
15230 2176 1591 1657 1708 
15231 1664 2132 2109 2108 
15232 2104 2105 1545 1637 
15233 2184 1721 2189 2105 
15234 2120 1923 1652 1930 
15235 1465 1923 1652 1933 
15236 1634 1942 1633 1474 
15237 1942 1633 2102 1634 
15238 1555 1990 1626 1522 
15239 1490 2385 1477 3986 
15240 1933 1652 2140 2120 
15241 1882 1873 1850 4033 
15242 261 3829 1473 3830 
15243 1547 2196 2103 1728 
15244 3890 3914 3708 3939 
15245 2137 2107 2027 3962 
15246 2106 1540 1579 2008 
15247 2269 1943 1475 1657 
15248 2115 1667 1492 2135 
15249 1518 1935 1467 3894 
15250 2115 1629 2135 2097 
15251 1466 2093 2174 1625 
15252 1534 2005 1636 1537 
15253 1601 1668 1565 3957 
15254 1590 1667 1629 2135 
15255 1644 2112 2047 2218 
15256 2142 1935 2286 1467 
15257 1755 3855 3854 4047 
15258 2087 2237 3967 4054 
15259 1584 1651 1486 3695 
15260 2105 2184 1721 1716 
15261 2078 3925 3795 4008 
15262 1540 2106 1579 1638 
15263 1464 2203 2176 1708 
15264 1904 1902 1917 3939 
15265 2151 3784 2206 4040 
15266 3678 3949 3788 4002 
15267 1602 3747 1610 3989 
15268 1744 2104 2093 1636 
15269 2016 2079 328 3763 
15270 1738 1756 3699 3837 
15271 2266 3763 3745 3834 
15272 1716 1721 2105 1637 
15273 1749 1663 1732 4043 
15274 2086 2134 352 3967 
15275 3696 3768 3998 4029 
15276 2059 1657 2176 1591 
15277 232 1652 1923 1930 
15278 314 1923 2120 1930 
15279 1724 1723 1581 3839 
15280 1882 4019 1879 4033 
15281 2105 1716 1744 2184 
15282 1935 1518 2142 1986 
15283 267 1502 2295 3969 
15284 1500 1664 2132 2109 
15285 1755 3837 1676 3854 
15286 1520 1518 2139 1671 
15287 1667 1590 2201 2135 
15288 1668 1896 3803 3957 
15289 2140 1652 1633 2120 
15290 1716 2105 1744 1637 
15291 1665 2133 1983 2115 
15292 1958 1945 2388 3996 
15293 2316 2315 2302 3931 
15294 1633 2101 2140 2120 
15295 2200 2035 2034 3937 
15296 1662 2115 1646 2130 
15297 1583 1550 3876 4023 
15298 1466 1934 2093 1744 
15299 2061 1970 2205 3911 
15300 2139 1541 1520 1671 
15301 267 1751 1502 3969 
15302 1637 1545 2104 1636 
15303 2034 2028 2029 3937 
15304 2330 2342 2336 4018 
15305 3752 1473 3932 3938 
15306 2135 1629 2058 2097 
15307 1704 3924 3704 3982 
15308 213 1877 1472 1741 
15309 1714 1899 226 1890 
15310 1576 2008 1579 1540 
15311 1955 2360 2193 3868 
15312 1938 356 2328 1947 
15313 1943 2110 1475 2201 
15314 2059 2011 1589 1591 
15315 1878 216 1721 1716 
15316 2184 298 2189 1878 
15317 1549 2304 2316 3931 
15318 2097 2115 1662 2130 
15319 1548 246 2234 2254 
15320 2146 2157 2145 3884 
15321 2063 2159 2065 4058 
15322 1612 3908 1656 4001 
15323 2185 2176 2203 1708 
15324 1911 1923 231 1465 
15325 1911 313 1923 1933 
15326 1502 1673 1650 3831 
15327 1513 1655 1592 3863 
15328 2032 2033 2069 3882 
15329 1629 2115 1662 2097 
15330 2097 1662 1546 2130 
15331 1653 2106 1541 1638 
15332 1951 2333 353 2143 
15333 2280 2086 352 3967 
15334 1646 1983 2114 2115 
15335 3756 4061 3956 4063 
15336 1681 1682 1683 4036 
15337 1644 1968 2218 1500 
15338 1629 1662 1546 2097 
15339 1572 1680 1571 3982 
15340 1676 1700 1726 4031 
15341 1848 1869 4019 4020 
15342 2093 1625 1744 1636 
15343 2074 3948 4006 4055 
15344 2385 1490 2365 3993 
15345 1622 1621 1499 3873 
15346 1473 3829 3755 3830 
15347 1958 2373 2178 4010 
15348 3805 3824 3910 4047 
15349 2125 2059 1943 1657 
15350 2010 2101 1633 2102 
15351 2201 2110 1667 2135 
15352 1670 1554 1736 3966 
15353 2109 1640 1664 2108 
15354 2117 2116 4037 4044 
15355 2181 2160 2222 3790 
15356 1720 1470 1511 3871 
15357 1920 1919 3707 3890 
15358 2105 2104 1744 1637 
15359 1874 1879 1882 4019 
15360 2110 1733 1667 1642 
15361 2373 2360 1973 4058 
15362 1492 238 1665 2275 
15363 320 2275 1960 2133 
15364 1486 265 1650 2301 
15365 2373 1958 2388 4010 
15366 3683 3952 3951 4005 
15367 1943 1589 2201 1475 
15368 1681 3771 1679 3853 
15369 1940 295 2209 1877 
15370 2340 2331 3861 4071 
15371 2184 1878 1716 1867 
15372 1978 2031 2032 3882 
15373 2115 2114 1646 2130 
15374 2236 1735 2203 1464 
15375 1600 2068 2326 2318 
15376 1865 1876 1880 4049 
15377 3833 3998 3768 4029 
15378 3952 4005 3683 4022 
15379 2175 3913 2107 3962 
15380 1603 3858 1610 3908 
15381 2084 2077 3726 3787 
15382 3910 4047 3824 4048 
15383 1569 1571 1707 3982 
15384 2130 1646 1662 1939 
15385 2085 2083 2075 3933 
15386 2114 1885 1646 1939 
15387 3715 3681 3904 4003 
15388 1629 1667 1647 2115 
15389 1539 2007 2093 3802 
15390 1657 2059 1943 1591 
15391 1943 1475 1657 1591 
15392 1850 1862 1872 3934 
15393 1633 2102 1634 1542 
15394 1541 2139 2121 1671 
15395 1483 1731 1745 4018 
15396 1634 2004 1547 1536 
15397 2367 2363 2368 3999 
15398 2082 2075 2083 3933 
15399 1860 1858 1859 4045 
15400 2174 1625 2093 3864 
15401 3768 3949 2369 4060 
15402 372 18 1478 4069 
15403 1983 1885 1646 2114 
15404 1902 1904 1900 3939 
15405 1731 1463 1685 3984 
15406 2287 1961 351 2280 
15407 2388 24 369 1945 
15408 1579 1644 1468 2047 
15409 2047 1644 1468 1936 
15410 1983 1646 1647 2115 
15411 1665 1492 1960 2115 
15412 1492 1665 1647 2115 
15413 3948 3985 3684 4055 
15414 1500 2132 1968 2109 
15415 1579 2106 1653 1638 
15416 2268 2242 2241 4050 
15417 1541 2121 2106 1653 
15418 2182 1892 308 1964 
15419 1750 1641 1500 2218 
15420 213 1877 1741 1855 
15421 1725 2377 280 1487 
15422 2078 3915 3795 3925 
15423 2104 1744 1637 1636 
15424 2326 1468 2327 1936 
15425 2139 2068 2121 1671 
15426 1710 2365 282 1490 
15427 2359 2380 2384 4070 
15428 1579 2106 2008 2047 
15429 2386 372 2378 4069 
15430 2015 1634 2103 2102 
15431 2244 330 2235 4044 
15432 2168 4040 2194 4073 
15433 3744 4016 3802 4046 
15434 1612 1718 1656 3908 
15435 1492 1647 1667 2115 
15436 1492 1960 2115 2135 
15437 1664 2132 2108 2207 
15438 1935 1518 1986 3894 
15439 1648 3895 1649 4035 
15440 2187 1719 2210 3975 
15441 1598 1654 1747 4050 
15442 2219 2061 1961 3888 
15443 2115 1662 1646 1647 
15444 333 2243 2232 4057 
15445 1505 1597 1595 3903 
15446 315 1942 2221 1930 
15447 1930 1753 233 1474 
15448 1720 1463 273 2330 
15449 2334 2348 2341 4071 
15450 3833 4029 3768 4060 
15451 4019 4020 1879 4033 
15452 2206 2144 4040 4046 
15453 2008 1576 1579 2044 
15454 1665 1960 2275 2133 
15455 1708 1717 2185 3860 
15456 2023 1555 2176 3860 
15457 2051 3798 2064 3821 
15458 2088 2035 2089 3934 
15459 1982 1981 1980 4053 
15460 2121 1653 1541 1671 
15461 2371 3848 2372 4065 
15462 1669 1702 4005 4022 
15463 2130 2114 1646 1939 
15464 2263 2255 2253 3834 
15465 1850 292 1950 1873 
15466 1664 1640 1739 2207 
15467 2077 3787 4006 4007 
15468 1625 1466 2093 1744 
15469 2115 1629 1662 1647 
15470 242 1464 2257 2269 
15471 2257 1932 324 2269 
15472 1959 2131 2200 3960 
15473 1677 3816 1687 4011 
15474 357 2334 2358 1972 
15475 2159 2055 2160 3790 
15476 1640 1481 1928 2108 
15477 1877 295 2209 1855 
15478 3828 3752 3938 4023 
15479 1864 1865 3874 4026 
15480 2004 2015 2102 1634 
15481 2145 2157 2156 3884 
15482 2258 2248 2259 4039 
15483 2331 3965 3861 4071 
15484 361 2382 2192 1957 
15485 1983 1647 1665 2115 
15486 2175 3714 2172 4003 
15487 2076 2077 3773 4006 
15488 2070 3987 3945 4051 
15489 1467 2142 1518 1674 
15490 1492 1642 239 2275 
15491 1960 2275 321 2110 
15492 1513 1592 1514 4038 
15493 1912 1888 222 1494 
15494 354 2346 2333 3970 
15495 1671 2068 2121 1600 
15496 1671 2121 1653 1600 
15497 1907 1913 1909 3836 
15498 2008 1579 2047 2044 
15499 1963 2046 2045 3849 
15500 1547 2004 1540 1536 
15501 1974 4024 1898 4025 
15502 1953 2195 2271 4032 
15503 275 1504 2329 2343 
15504 1625 1539 2093 3802 
15505 2015 2004 2008 1540 
15506 1644 2327 1468 1936 
15507 2178 4010 2373 4058 
15508 1948 361 2361 2192 
15509 2121 1468 2047 1653 
15510 2031 2033 3882 3979 
15511 2232 1965 333 4057 
15512 1942 1753 1930 1474 
15513 1899 1914 1890 3957 
15514 2244 2116 330 4044 
15515 2047 1653 2106 2121 
15516 2371 2372 2362 4065 
15517 1686 3811 1687 3973 
15518 2221 1481 1928 1753 
15519 2196 1728 1576 1641 
15520 1716 1878 215 1867 
15521 1878 2184 297 1867 
15522 2078 3945 3915 4051 
15523 1516 1580 1582 3897 
15524 362 2360 2382 2193 
15525 2333 2356 353 2143 
15526 1566 1560 1567 3900 
15527 1656 1718 1604 3961 
15528 2260 2270 2240 3972 
15529 1757 1588 205 3907 
15530 2087 2134 2086 3967 
15531 1957 362 2382 2193 
15532 3841 3785 4019 4020 
15533 2028 2027 2029 3983 
15534 2086 351 1961 2280 
15535 1634 2015 2103 1547 
15536 2103 1634 1547 1635 
15537 2384 2381 2369 4060 
15538 2365 2377 2368 3903 
15539 2388 3996 2366 4010 
15540 2218 1579 1576 2044 
15541 1955 1973 363 2360 
15542 2384 2369 3949 4060 
15543 360 2361 2374 1963 
15544 3808 3809 2155 3995 
15545 1550 1505 1595 3903 
15546 1560 1561 1559 3951 
15547 2154 2155 3799 3810 
15548 340 2326 1936 2068 
15549 258 1468 2326 1600 
15550 1477 18 372 2385 
15551 1609 3801 3727 4000 
15552 2275 1492 1642 2110 
15553 2066 2215 2122 4057 
15554 1508 1580 1516 3897 
15555 1687 3811 3816 3973 
15556 1671 2068 2142 2139 
15557 1600 1671 2142 1674 
15558 2197 2083 2085 3933 
15559 1505 2365 281 1710 
15560 2385 2379 3986 3993 
15561 2103 1942 1753 2221 
15562 1585 1722 1673 4034 
15563 2285 2303 2314 3819 
15564 2020 2119 3754 3941 
15565 2015 2196 2103 1547 
15566 1728 2103 1547 1635 
15567 1897 312 1911 2210 
15568 3789 3803 1896 3978 
15569 2283 2320 2322 3741 
15570 2109 1968 1500 2218 
15571 1973 2178 2373 4058 
15572 2109 1949 1481 2108 
15573 1481 1640 1641 2109 
15574 1955 2193 2019 3868 
15575 2004 2015 1634 1547 
15576 1923 1652 1933 2120 
15577 1640 1664 2108 2207 
15578 2102 2103 1942 1634 
15579 1942 1634 1635 1474 
15580 2218 2047 1579 2044 
15581 333 2122 2243 4057 
15582 2055 2222 3790 3954 
15583 1491 368 17 2355 
15584 1971 2215 2165 3869 
15585 1742 230 1911 1897 
15586 1863 1849 289 2171 
15587 2060 2021 2123 4042 
15588 1579 2218 1644 2047 
15589 1549 1651 3752 3931 
15590 2365 2385 282 1490 
15591 1879 4019 1869 4020 
15592 1924 1903 1918 3912 
15593 2235 330 1953 4044 
15594 1653 1579 1468 2047 
15595 1468 2121 2047 1936 
15596 2266 3745 2265 3834 
15597 1563 1564 1565 3817 
15598 1873 1852 2026 3842 
15599 2373 363 1973 2360 
15600 2106 1579 1653 2047 
15601 2337 2333 2346 3970 
15602 1925 3759 1912 4030 
15603 1504 2343 1488 4068 
15604 2016 2085 2079 3763 
15605 2297 2287 2290 3888 
15606 2075 2074 3772 4055 
15607 2121 1468 1653 1600 
15608 2068 1936 2121 1600 
15609 2076 2085 2075 3772 
15610 2068 1671 2142 1600 
15611 314 2120 1942 1930 
15612 232 1652 1930 1474 
15613 1867 215 1716 1466 
15614 1934 297 2184 1867 
15615 3715 3800 3681 4003 
15616 1482 1559 1558 4005 
15617 1871 1859 1872 4045 
15618 1922 1914 3890 3957 
15619 1506 1512 1588 3907 
15620 2322 2320 2321 4059 
15621 2229 1654 251 4050 
15622 3791 3865 3797 3929 
15623 1586 3803 3789 3817 
15624 18 2386 1694 4069 
15625 2313 3931 2305 3932 
15626 1607 1617 1608 3767 
15627 1621 1749 1567 4043 
15628 1667 2110 1492 2135 
15629 2055 2222 2160 3790 
15630 2165 2117 2116 4037 
15631 2317 2292 2279 4066 
15632 1720 1758 1463 3984 
15633 2110 1667 1492 1642 
15634 1610 3747 1602 3807 
15635 1554 1670 1594 3966 
15636 1702 3952 1705 4022 
15637 1479 1594 1510 4012 
15638 1483 1675 271 2342 
15639 1987 1555 2023 3860 
15640 1864 3874 3850 4026 
15641 2239 2230 2322 3775 
15642 1708 2176 1555 3860 
15643 1960 1665 2275 1492 
15644 1495 278 2389 2364 
15645 372 2386 18 4069 
15646 2237 2239 335 3967 
15647 1634 2103 1942 1635 
15648 1975 2045 2066 3992 
15649 1864 3850 3874 4049 
15650 2004 1547 1540 2015 
15651 2196 1481 1641 2109 
15652 1481 2196 1949 2109 
15653 1986 1518 1987 3894 
15654 1478 18 1694 4069 
15655 1674 2142 2286 1467 
15656 3724 3732 3727 3883 
15657 3727 3732 3726 3883 
15658 2206 2149 2147 3784 
15659 2217 2131 2090 3960 
15660 347 2285 1954 2118 
15661 1855 1741 214 1466 
15662 1641 1750 1576 2218 
15663 368 17 2354 1484 
15664 1616 1609 3727 4001 
15665 2318 2142 341 2307 
15666 259 2318 2307 1674 
15667 2079 2085 2076 3773 
15668 2056 1980 1974 4024 
15669 2351 2330 2352 3871 
15670 2017 1941 3754 3820 
15671 2296 2317 2279 3969 
15672 2211 2179 2081 3915 
15673 2154 3847 2223 4048 
15674 1468 2121 1936 1600 
15675 2141 2205 1970 3911 
15676 1677 1687 1688 4011 
15677 2307 2318 2142 1674 
15678 1973 2178 363 2373 
15679 1695 1694 277 2386 
15680 2137 2170 2173 3962 
15681 23 365 1959 2356 
15682 2359 1489 279 1724 
15683 2209 1706 2174 3715 
15684 1740 2133 2208 1983 
15685 1965 2122 333 4057 
15686 1677 1689 1678 3846 
15687 2369 2367 2368 3867 
15688 2269 1464 2125 1657 
15689 1664 1641 1640 2109 
15690 1463 1731 272 2330 
15691 2116 1953 330 4044 
15692 2028 2034 2035 3937 
15693 2066 1984 1975 3992 
15694 1680 3853 1746 3924 
15695 1753 234 1481 1928 
15696 1949 316 2221 1928 
15697 1945 2179 1989 3996 
15698 2326 1936 2068 1600 
15699 2342 1675 271 2355 
15700 2187 2210 2129 3975 
15701 1492 2275 1960 2110 
15702 1489 280 1725 2359 
15703 2053 2193 2191 3998 
15704 1923 1652 231 1465 
15705 1933 313 1923 2120 
15706 1611 246 2234 1548 
15707 3714 3800 3715 4003 
15708 3787 3883 3726 4072 
15709 2330 1731 272 2342 
15710 1521 1711 1477 3986 
15711 2178 1958 364 2373 
15712 1593 1502 1751 3969 
15713 2385 1477 282 1490 
15714 1895 13 19 1853 
15715 1931 2199 2153 3970 
15716 2163 2387 359 2162 
15717 1618 269 2283 1493 
15718 1575 3859 3748 3860 
15719 2383 2369 2375 4060 
15720 2195 2197 2016 4032 
15721 1665 1983 1740 1515 
15722 1664 2325 2132 2207 
15723 2314 2303 2313 3819 
15724 1664 1500 1641 2109 
15725 1898 4025 4024 4027 
15726 1702 1854 4005 4022 
15727 2373 1958 364 2388 
15728 1513 1514 1512 4038 
15729 2129 3809 2155 3810 
15730 1852 3842 1873 4033 
15731 1555 1987 1519 3860 
15732 1693 1752 1498 3921 
15733 1708 2185 2176 3860 
15734 2356 1959 353 2143 
15735 1952 365 23 2357 
15736 269 2292 2283 1493 
15737 1654 1497 251 4050 
15738 2372 3848 2371 3881 
15739 2325 1664 1739 2207 
15740 1987 1518 1519 3894 
15741 1855 1867 1934 1466 
15742 2063 3762 2051 3821 
15743 1641 1576 2196 2044 
15744 2336 2342 2335 4018 
15745 3770 3699 3853 3864 
15746 1668 1890 1896 3957 
15747 2087 2086 2050 4054 
15748 1561 1639 1559 3951 
15749 2228 2249 2251 3895 
15750 2230 2242 252 1497 
15751 2349 2341 2353 3968 
15752 1702 212 1854 4022 
15753 1606 3767 1608 4000 
15754 2383 2367 2369 3867 
15755 1895 19 1898 4025 
15756 1660 3817 3974 4015 
15757 2288 2321 2319 4059 
15758 2070 2127 3954 4051 
15759 1702 1669 1705 3952 
15760 1704 3704 1707 3982 
15761 1490 1477 1711 3986 
15762 1565 1668 1586 3803 
15763 1936 2326 1468 1600 
15764 1552 1550 4023 4067 
15765 2307 2142 2286 1674 
15766 2136 1921 2182 3981 
15767 1619 2230 252 1497 
15768 1611 1608 1617 3745 
15769 2110 1960 1492 2135 
15770 2026 2170 2137 3842 
15771 1481 1949 1928 2108 
15772 2183 1965 2087 4054 
15773 1689 1677 1688 3846 
15774 1983 1665 1740 2133 
15775 2229 251 2242 4050 
15776 2388 1958 364 1945 
15777 278 2389 1480 1495 
15778 1596 1517 1473 4062 
15779 1486 1651 1549 3931 
15780 2040 2038 2039 3782 
15781 1481 2221 2103 1753 
15782 1911 312 1933 2210 
15783 1911 230 1742 1465 
15784 3789 3977 3803 3978 
15785 2340 2331 2339 3861 
15786 1464 2236 243 2257 
15787 3791 3792 3928 3990 
15788 3704 3715 3714 3800 
15789 2208 1884 1740 1983 
15790 2175 2037 2107 3913 
15791 2242 251 1497 4050 
15792 3681 3770 3853 3864 
15793 1517 1467 1473 4062 
15794 2129 3753 2187 3975 
15795 1731 1483 272 2342 
15796 2141 2053 2191 3998 
15797 1728 1547 2196 1576 
15798 1846 1868 206 1703 
15799 1476 3973 3974 3975 
15800 1649 1648 1485 3895 
15801 1928 1949 317 2108 
15802 1928 235 1481 1640 
15803 242 1464 2269 1657 
15804 1932 2125 324 2269 
15805 1853 4025 3875 4026 
15806 3791 3928 3894 3990 
15807 2074 4006 2124 4007 
15808 1737 1502 1593 3969 
15809 2312 261 2286 3830 
15810 2027 1950 2026 3983 
15811 1741 2209 1855 3715 
15812 1498 206 1868 1703 
15813 1491 271 1675 2355 
15814 3684 4006 3948 4055 
15815 2179 1945 1958 3996 
15816 2022 2204 2169 3971 
15817 1473 3755 1467 3830 
15818 1640 1927 1739 2207 
15819 2256 2244 2235 4044 
15820 1884 1515 1740 1983 
15821 2074 3948 2124 4006 
15822 2109 1500 1641 2218 
15823 2236 1932 325 2257 
15824 1854 1558 1702 4005 
15825 1942 1635 1753 1474 
15826 2126 2070 3954 3987 
15827 2175 2039 2037 3913 
15828 1690 1755 1676 3854 
15829 2042 2040 2150 3953 
15830 1877 1854 212 4022 
15831 1674 2286 260 1467 
15832 1673 1737 1723 4034 
15833 2133 2274 1740 2208 
15834 1504 275 1488 2343 
15835 1607 1608 1606 3767 
15836 1540 2008 2015 1576 
15837 2250 2260 2240 3972 
15838 2168 2144 2194 4040 
15839 1549 3752 1473 3932 
15840 1592 1553 1488 4068 
15841 2177 357 2358 1972 
15842 1472 1702 1705 4022 
15843 2286 260 2307 1674 
15844 1617 1548 1611 3745 
15845 2109 1641 2196 2044 
15846 2187 3753 1719 3975 
15847 1587 3956 4061 4063 
15848 1687 1660 1661 3973 
15849 2318 1600 2142 1674 
15850 3842 3964 3963 4021 
15851 220 1884 1740 1886 
15852 1886 302 1884 2208 
15853 1927 318 1929 2207 
15854 1929 1739 236 1927 
15855 2273 1740 237 2274 
15856 2274 319 2273 2208 
15857 2323 254 1739 2325 
15858 2325 2323 336 2207 
15859 1863 3850 1864 4049 
15860 2272 2242 2230 3776 
15861 2218 1576 1641 2044 
15862 1922 1890 1914 3957 
15863 2340 2341 2331 4071 
15864 2312 2284 3829 3932 
15865 2227 2088 2089 3934 
15866 1473 3938 3752 4023 
15867 1884 1740 1886 2208 
15868 1927 1929 1739 2207 
15869 2274 2273 1740 2208 
15870 1739 2323 2325 2207 
15871 1572 1574 1682 4036 
15872 1927 1640 2108 2207 
15873 1494 1506 221 4030 
15874 1661 1719 3753 3975 
15875 1616 1609 1469 3727 
15876 2172 2175 2173 3714 
15877 4061 4062 1596 4063 
15878 2223 3847 2144 4046 
15879 1635 1942 1753 2103 
15880 1924 1918 1908 3912 
15881 1972 357 2334 1956 
15882 1681 1738 1679 3771 
15883 1654 1598 1497 4050 
15884 2142 2068 1600 2318 
15885 2077 4006 2074 4007 
15886 2302 3931 2305 3940 
15887 1704 1705 1707 3704 
15888 1660 3974 3816 4015 
15889 2155 2156 2154 3799 
15890 2350 2341 2340 3968 
15891 2066 2122 1965 4057 
15892 1516 1598 1507 4014 
15893 3794 3859 3844 3860 
15894 1974 2225 2056 4025 
15895 358 2334 2202 2357 
15896 1861 1879 1874 4019 
15897 1734 276 2354 2343 
15898 2056 1851 3850 4026 
15899 2313 2305 3931 3940 
15900 1728 2196 2103 1481 
15901 2248 2258 2249 4039 
15902 1609 4000 3727 4001 
15903 1950 2027 2028 3983 
15904 2232 2243 2240 4057 
15905 1469 1609 1611 3801 
15906 1665 2274 1740 2133 
15907 1517 3958 3927 4061 
15908 1663 1624 1484 3923 
15909 2087 1965 334 2237 
15910 243 1735 2236 1464 
15911 2168 2151 2206 4040 
15912 2064 3797 3798 3830 
15913 2080 3948 3925 4007 
15914 1697 1648 1649 4035 
15915 2217 2200 2131 3960 
15916 225 226 1496 1899 
15917 1606 1604 1605 3961 
15918 1854 4020 4005 4022 
15919 2017 1954 2314 3819 
15920 1576 2008 2015 2044 
15921 2056 4025 1851 4026 
15922 2017 2282 1941 3820 
15923 2051 2020 3754 3762 
15924 1714 1601 1496 3957 
15925 2031 2033 2032 3882 
15926 1583 4023 3876 4064 
15927 2015 1547 1540 1576 
15928 1613 1610 1602 3807 
15929 2018 2020 3762 3941 
15930 2148 2214 3904 4003 
15931 2177 2358 356 1947 
15932 1935 2286 342 2142 
15933 1625 1573 1539 3802 
15934 1481 2221 1928 1949 
15935 2232 334 1965 2237 
15936 2030 3994 2067 3995 
15937 2142 2286 342 2307 
15938 1498 205 1588 3921 
15939 2203 1932 325 2236 
15940 2360 362 1955 2193 
15941 2076 2075 2074 3772 
15942 2054 2033 2128 3979 
15943 1937 2203 326 2236 
15944 2296 2279 2295 3969 
15945 1848 4005 1854 4020 
15946 1576 2015 2196 2044 
15947 1715 1598 1516 4014 
15948 1608 3801 1609 4000 
15949 2223 2158 2144 3847 
15950 1854 4021 4020 4022 
15951 2318 259 1600 1674 
15952 2068 2142 341 2318 
15953 1641 2109 2218 2044 
15954 2021 2022 2169 3971 
15955 1855 214 1867 1466 
15956 1547 2015 2196 1576 
15957 2040 2149 2150 3953 
15958 1741 1855 1877 3778 
15959 261 1467 2286 3830 
15960 3727 3801 1469 3852 
15961 1588 1693 1498 3921 
15962 1469 2262 244 3732 
15963 2122 332 333 2243 
15964 2147 2214 3864 3904 
15965 2128 3809 3764 3995 
15966 311 310 1944 3789 
15967 3975 3976 3789 3980 
15968 2195 2016 2233 4032 
15969 1610 3859 1575 3989 
15970 3844 3859 3794 3988 
15971 2074 2072 3948 4055 
15972 1594 1479 1709 4012 
15973 2018 2051 2063 3762 
15974 1920 1904 1919 3890 
15975 1659 3851 1602 3930 
15976 2376 2384 2369 3949 
15977 1864 1870 1863 4049 
15978 2123 1981 2060 4042 
15979 1971 331 332 2231 
15980 3674 3855 3837 4016 
15981 2341 2350 2353 3968 
15982 3791 3954 3792 3990 
15983 2056 2225 287 4025 
15984 1609 1608 1611 3801 
15985 1658 3930 1602 3989 
15986 358 2334 1956 2202 
15987 2030 1978 1977 3994 
15988 2284 1473 262 3829 
15989 2041 2093 2007 3802 
15990 221 3907 1895 4030 
15991 3763 3834 2266 4032 
15992 2262 2236 244 3732 
15993 2292 269 268 1493 
15994 306 305 1969 1891 
15995 2041 3744 3770 3802 
15996 2185 2023 2176 3860 
15997 1694 1605 1478 4069 
15998 1610 3807 1718 3908 
15999 276 1734 1488 2343 
16000 2025 2007 3855 4028 
16001 349 348 1970 2281 
16002 1666 270 2322 1618 
16003 1517 3929 1467 4062 
16004 2158 2223 2154 3847 
16005 2103 1635 1481 1753 
16006 2128 3764 3809 3980 
16007 1944 2128 2129 3980 
16008 1852 1854 1877 4021 
16009 2040 2039 2148 4003 
16010 2171 288 1863 1966 
16011 330 331 2116 2244 
16012 2080 4007 3925 4008 
16013 354 355 2346 1931 
16014 1467 3929 3830 4062 
16015 2228 248 249 1648 
16016 1980 1962 1974 4024 
16017 1472 1741 1877 3778 
16018 1944 2129 3789 3980 
16019 2119 2052 3819 3941 
16020 2181 2081 2180 4051 
16021 2088 291 292 1850 
16022 1877 1855 2209 3715 
16023 2026 1852 2170 3842 
16024 2054 2128 1944 3980 
16025 250 249 1503 2246 
16026 1661 1660 1476 3973 
16027 2076 2074 2077 4006 
16028 1898 4024 1909 4027 
16029 1952 358 2202 2357 
16030 1567 1749 1732 4043 
16031 1572 1682 1681 4036 
16032 351 350 1961 2287 
16033 1921 1920 3707 3981 
16034 2239 2272 2230 3775 
16035 1724 1508 1480 4070 
16036 2064 3796 2055 3821 
16037 1606 1656 3961 4000 
16038 2284 1473 3829 3932 
16039 1987 1519 3860 3990 
16040 2289 2239 16 2322 
16041 1504 1488 1553 4068 
16042 2234 2254 2266 3745 
16043 1654 251 250 2229 
16044 2378 2362 2372 4065 
16045 1635 1728 2103 1481 
16046 209 210 1856 1620 
16047 224 223 1910 1501 
16048 2209 1940 1877 3715 
16049 1738 1756 1679 3699 
16050 2018 2019 2020 3941 
16051 1705 3704 3778 3952 
16052 2286 1467 1935 3830 
16053 1625 3802 2093 3864 
16054 1879 4020 1875 4033 
16055 2056 1851 1966 3850 
16056 2168 2194 2216 4073 
16057 2033 3979 2054 3981 
16058 2065 1973 2063 4058 
16059 1894 310 311 3789 
16060 1463 1758 1685 3984 
16061 1668 1601 1714 3957 
16062 1585 1673 1723 4034 
16063 307 308 1892 1964 
16064 2078 3945 2071 4008 
16065 1498 1868 205 3921 
16066 3927 1517 4061 4062 
16067 3714 3778 3704 3936 
16068 1973 2065 2178 4058 
16069 1755 1686 1557 4047 
16070 3791 3894 2126 3990 
16071 2374 2387 359 2163 
16072 1848 1879 1869 4020 
16073 2364 1695 277 2386 
16074 1669 1702 1558 4005 
16075 2076 2077 2079 3773 
16076 2295 267 266 1502 
16077 1853 1851 4025 4026 
16078 276 2354 1484 1734 
16079 1643 224 225 1889 
16080 2103 1949 2221 1481 
16081 1953 2116 2117 4044 
16082 1974 1898 2225 4025 
16083 2381 2375 2369 4060 
16084 2266 2254 2265 3745 
16085 1755 1690 1686 3854 
16086 1668 1896 1586 3803 
16087 2372 2371 2381 3881 
16088 1676 1738 1700 4031 
16089 2268 2229 2242 4050 
16090 2126 3791 1985 3894 
16091 2312 343 344 1941 
16092 2373 2388 2366 4010 
16093 3681 3853 1746 3864 
16094 2377 281 280 1487 
16095 1552 3752 1651 4067 
16096 307 306 2111 1905 
16097 3791 3927 3894 3928 
16098 2186 3925 2080 3948 
16099 1587 3765 3958 4061 
16100 1893 1909 1898 4024 
16101 2078 3915 2081 4051 
16102 3674 4028 3847 4048 
16103 1894 1896 1922 3978 
16104 2078 2070 2043 3945 
16105 3876 4063 1596 4064 
16106 1949 2103 2196 1481 
16107 1724 279 2389 1480 
16108 2163 360 2374 1963 
16109 1660 3816 1599 4015 
16110 273 274 1470 2351 
16111 1746 3715 1704 3924 
16112 1651 3752 1552 4023 
16113 2152 2168 2216 4073 
16114 2206 2144 2168 4040 
16115 1586 3789 1476 3974 
16116 1871 1860 1859 4045 
16117 2285 2314 346 1954 
16118 2046 2117 2165 4037 
16119 2064 2055 2159 3821 
16120 2030 2128 3764 3995 
16121 1896 3789 1586 3803 
16122 1664 1739 254 2325 
16123 2132 2325 336 2207 
16124 1612 1603 3908 4001 
16125 3726 3727 3758 3906 
16126 1669 1558 1559 4005 
16127 1925 1912 1913 4030 
16128 1688 1687 1686 3811 
16129 1935 1467 3894 3929 
16130 1893 303 1962 4024 
16131 2230 16 2239 2322 
16132 1587 1754 3765 3956 
16133 1573 3802 1625 3864 
16134 2239 2238 3775 3967 
16135 2041 2093 3802 3864 
16136 1704 1707 1571 3982 
16137 2118 348 347 2293 
16138 278 1495 1695 2364 
16139 2206 3744 2224 4046 
16140 2278 266 265 1650 
16141 333 334 1965 2232 
16142 1467 1935 3830 3929 
16143 1583 1550 1595 3876 
16144 3844 3860 1519 3990 
16145 3789 3979 3978 3981 
16146 1683 1700 1738 4031 
16147 2302 2305 2311 3940 
16148 1659 1713 1602 3851 
16149 2385 2365 2379 3993 
16150 1679 3853 3699 3864 
16151 2050 2183 2087 4054 
16152 1985 3797 2064 3830 
16153 1868 1853 3907 3921 
16154 302 1884 2208 1983 
16155 220 1884 1515 1740 
16156 2312 1941 2282 3829 
16157 2128 3979 3764 3980 
16158 2263 2253 2264 4032 
16159 2084 2077 2071 4008 
16160 1974 1962 303 4024 
16161 3974 3975 3711 3976 
16162 1687 1660 3973 3974 
16163 1853 3875 1895 3907 
16164 1603 3906 3758 4001 
16165 1935 1986 1985 3894 
16166 1906 304 305 2113 
16167 2052 1954 2119 3819 
16168 3711 3974 3973 3975 
16169 1897 2210 1742 3975 
16170 1578 1649 1730 4035 
16171 289 290 1967 1849 
16172 1875 1852 1873 4033 
16173 1645 222 223 1888 
16174 2255 2266 2265 3834 
16175 2291 2320 2292 4066 
16176 1549 1473 263 3932 
16177 1713 1613 1602 3851 
16178 2283 2322 270 1618 
16179 2317 2291 2292 4066 
16180 1616 3727 3906 4001 
16181 328 329 2195 2271 
16182 1927 1739 236 1640 
16183 318 1927 2108 2207 
16184 228 229 1476 1897 
16185 2046 2198 2117 4037 
16186 1921 1920 1919 3707 
16187 3874 3875 1853 3921 
16188 1661 1742 1719 3975 
16189 2025 2154 2223 4048 
16190 1555 1717 1708 3860 
16191 1494 221 1912 4030 
16192 2263 2266 3834 4032 
16193 207 208 1866 1499 
16194 2043 3860 3794 3990 
16195 319 2274 2133 2208 
16196 2274 1740 237 1665 
16197 1687 3816 1660 3974 
16198 2242 251 252 1497 
16199 1697 1649 1578 4035 
16200 1894 3978 1922 3981 
16201 2224 2206 2147 3744 
16202 3726 2071 3880 3905 
16203 1694 18 277 2386 
16204 2348 2331 2341 4071 
16205 2031 3764 2128 3979 
16206 2185 1717 3732 3906 
16207 1539 2007 3802 3855 
16208 3875 3907 1853 3921 
16209 247 246 1727 2254 
16210 2054 3979 3789 3981 
16211 1847 208 209 1759 
16212 1575 3748 1603 3906 
16213 2361 360 361 1948 
16214 1852 3964 3842 4021 
16215 3945 3987 2070 3990 
16216 2233 3763 2266 4032 
16217 274 275 1709 2329 
16218 1944 2210 1897 3975 
16219 1485 247 2267 2251 
16220 1587 1754 1659 3765 
16221 1921 1892 308 2182 
16222 3744 3802 2224 4046 
16223 1897 1944 311 2210 
16224 1587 3765 1659 3958 
16225 1875 4020 1854 4021 
16226 1596 4061 1587 4062 
16227 2387 24 359 2162 
16228 264 1486 2316 2301 
16229 2041 2174 2093 3864 
16230 282 18 1477 2385 
16231 261 1473 1467 3830 
16232 2173 2175 2107 3962 
16233 1987 3860 2023 3990 
16234 3847 4028 2223 4048 
16235 221 1757 1895 3907 
16236 1854 211 1558 4005 
16237 2128 2155 2129 3809 
16238 253 1666 2230 1619 
16239 2181 2127 2070 4051 
16240 2154 2129 2155 3810 
16241 355 356 2328 1938 
16242 3938 4023 1473 4064 
16243 3753 3855 4047 4048 
16244 1691 3956 1596 4063 
16245 2075 2073 2074 4055 
16246 1463 272 273 2330 
16247 1563 1565 1660 3817 
16248 1855 3715 1877 3778 
16249 2067 2030 1977 3994 
16250 2124 2072 2186 3948 
16251 212 211 1702 1854 
16252 256 257 1644 2327 
16253 339 338 2112 2327 
16254 1473 3752 1651 4023 
16255 1587 4061 1517 4062 
16256 1935 3797 1985 3830 
16257 3802 3855 2007 4028 
16258 349 350 2297 2219 
16259 323 322 2277 1943 
16260 241 240 1475 2277 
16261 1599 1687 1677 3816 
16262 2155 3809 2128 3995 
16263 1741 3715 1855 3778 
16264 1742 1476 229 1897 
16265 1863 1966 1851 3850 
16266 2017 1941 2119 3754 
16267 2303 2305 2313 3940 
16268 2055 2127 2222 3954 
16269 364 24 2388 1945 
16270 1686 1690 1688 3805 
16271 3844 3859 3988 3989 
16272 2025 2187 2129 3753 
16273 1557 1661 1719 3753 
16274 1609 1612 1656 4001 
16275 314 315 1930 1942 
16276 232 233 1474 1930 
16277 3674 4028 4016 4046 
16278 1853 1757 205 3907 
16279 335 2134 2087 3967 
16280 2107 2137 2173 3962 
16281 1562 1599 1509 4015 
16282 3794 3860 3844 3990 
16283 2080 2124 3948 4007 
16284 3880 3945 3795 4008 
16285 2041 3770 2147 3864 
16286 3704 3936 3778 3952 
16287 3674 3854 3837 3855 
16288 1609 1656 4000 4001 
16289 2124 2074 2072 3948 
16290 1959 353 23 2356 
16291 302 301 1884 1983 
16292 220 219 1515 1884 
16293 2041 2224 2147 3744 
16294 1639 1705 1669 3952 
16295 2155 2145 2156 3808 
16296 2078 2043 2071 3945 
16297 2311 2305 2303 3940 
16298 1865 1864 3874 4049 
16299 1986 1987 1985 3894 
16300 1587 3956 3765 4061 
16301 336 337 2325 2132 
16302 254 255 1664 2325 
16303 1506 1588 1757 3907 
16304 2077 2124 2080 4007 
16305 2149 2148 2147 3904 
16306 3778 4021 1877 4022 
16307 2078 2070 3945 4051 
16308 1596 3876 1595 4063 
16309 2074 2073 2072 4055 
16310 1639 1707 1705 3952 
16311 1658 3844 3894 3928 
16312 2154 2156 2158 3799 
16313 311 1944 1897 3789 
16314 1606 1656 1604 3961 
16315 1686 3811 3753 4047 
16316 1852 294 293 2170 
16317 1877 212 213 1472 
16318 337 338 2324 1968 
16319 255 256 1500 2324 
16320 1952 23 358 2357 
16321 1587 3958 1517 4061 
16322 1756 1573 1679 3699 
16323 1756 1557 1573 3855 
16324 2033 2054 2136 3981 
16325 2289 3746 2280 3967 
16326 1895 3875 3836 4030 
16327 2279 268 267 1751 
16328 2227 290 291 1862 
16329 1596 4063 4062 4064 
16330 2239 2322 2289 4059 
16331 3836 3875 1895 4027 
16332 1854 211 1702 1558 
16333 2289 3746 3967 4059 
16334 2195 2233 2271 4032 
16335 2129 2210 1944 3975 
16336 1616 1603 1609 4001 
16337 2382 361 362 1957 
16338 2234 245 246 1611 
16339 2023 3860 2043 3990 
16340 2154 3753 3810 4048 
16341 1739 1929 2323 2207 
16342 1740 2273 1886 2208 
16343 1491 17 271 2355 
16344 1518 1467 1517 3894 
16345 1610 1743 1718 3807 
16346 319 320 2133 2274 
16347 238 237 1665 2274 
16348 2321 2289 2322 4059 
16349 17 276 2354 1484 
16350 335 2087 2237 3967 
16351 1955 363 362 2360 
16352 1940 294 295 1877 
16353 1895 3907 3875 4030 
16354 1735 1469 244 3732 
16355 1735 244 2236 3732 
16356 1557 1539 1573 3855 
16357 218 217 1471 1883 
16358 300 299 1883 1939 
16359 2025 2224 2041 4028 
16360 1746 3715 3681 3864 
16361 1476 228 1897 3789 
16362 1920 1914 1904 3890 
16363 1851 2056 287 4025 
16364 1705 3952 3778 4022 
16365 2374 359 360 2163 
16366 1583 1552 1550 4023 
16367 2365 282 281 1710 
16368 2255 2263 2266 3834 
16369 321 320 2275 1960 
16370 239 238 1492 2275 
16371 219 218 1646 1885 
16372 301 300 1885 2114 
16373 2238 2270 2239 3775 
16374 1603 1575 1610 3859 
16375 1881 3874 1853 3921 
16376 2185 3860 1717 3906 
16377 340 339 1936 2326 
16378 257 258 1468 2326 
16379 270 269 2283 1618 
16380 321 322 2110 2276 
16381 240 239 1642 2276 
16382 277 278 1695 2364 
16383 2172 3714 3715 4003 
16384 2211 3915 2078 3925 
16385 2280 2289 2288 3746 
16386 3789 2129 3975 3980 
16387 1869 1879 1861 4019 
16388 1472 3715 1741 3778 
16389 3714 3778 3936 3963 
16390 353 354 2333 1951 
16391 2289 2288 3746 4059 
16392 1854 1848 211 4005 
16393 206 207 1846 1703 
16394 1987 2126 1985 3894 
16395 2305 2302 2315 3931 
16396 15 254 1739 2323 
16397 21 336 2323 2207 
16398 20 319 2208 2273 
16399 21 318 2207 1929 
16400 237 14 1740 2273 
16401 14 220 1740 1886 
16402 236 15 1739 1929 
16403 20 302 1886 2208 
16404 2312 2282 2284 3932 
16405 2267 1727 247 1485 
16406 263 264 1549 2304 
16407 1555 1519 1575 3860 
16408 2084 3732 3726 3906 
16409 2186 2080 2124 3948 
16410 318 317 2108 1927 
16411 235 236 1640 1927 
16412 2055 2064 1985 3797 
16413 2041 2007 2025 4028 
16414 1953 329 2235 2271 
16415 1613 1743 1610 3807 
16416 2078 2080 3925 4008 
16417 1517 3894 3927 3958 
16418 2154 3753 2129 3810 
16419 228 1586 1896 3789 
16420 1987 2023 2043 3990 
16421 1609 1603 1612 4001 
16422 299 298 1887 2189 
16423 217 216 1721 1887 
16424 1519 3844 1575 3860 
16425 1489 279 280 2359 
16426 258 259 1600 2318 
16427 340 341 2318 2068 
16428 2315 2304 2284 3932 
16429 1735 2236 2203 3732 
16430 2030 2067 2128 3995 
16431 1880 1870 1864 4049 
16432 296 297 1934 1867 
16433 215 214 1466 1867 
16434 1517 1519 1518 3894 
16435 1681 1679 1680 3853 
16436 1686 1661 1557 3753 
16437 2129 2154 2025 3753 
16438 1987 3894 1519 3990 
16439 1898 1909 1895 4027 
16440 1853 3874 1865 4026 
16441 2262 3732 3724 4072 
16442 1691 1596 1595 4063 
16443 234 235 1481 1928 
16444 316 317 1928 1949 
16445 2312 343 1941 3830 
16446 293 2026 1852 2170 
16447 1573 1625 1706 3864 
16448 2084 3787 3726 4072 
16449 1612 1610 1718 3908 
16450 3865 3791 3927 3929 
16451 2289 2280 352 3967 
16452 1680 1746 1704 3924 
16453 1616 3727 1469 3732 
16454 244 245 2262 1469 
16455 357 358 2334 1956 
16456 2077 2074 2124 4007 
16457 1941 2051 2020 3754 
16458 3894 3928 3844 3990 
16459 2031 2128 2033 3979 
16460 275 276 1488 2343 
16461 1894 1897 228 3789 
16462 1868 1853 205 3907 
16463 1575 3859 3844 3989 
16464 2316 1486 264 1549 
16465 3748 3860 3794 3880 
16466 364 363 2178 2373 
16467 1602 1610 1575 3989 
16468 1987 2126 3894 3990 
16469 2314 2017 346 1954 
16470 2266 3852 3745 3893 
16471 2051 2018 2020 3762 
16472 2017 2119 1954 3819 
16473 1756 1676 1755 3837 
16474 1929 15 1739 2323 
16475 2273 14 1740 1886 
16476 1886 2273 20 2208 
16477 2323 1929 21 2207 
16478 1882 1879 1875 4033 
16479 3724 3732 2262 3852 
16480 297 298 2184 1878 
16481 216 215 1716 1878 
16482 2067 2155 2128 3995 
16483 1599 1660 1687 3816 
16484 2031 2030 2128 3764 
16485 2211 2078 2186 3925 
16486 1519 3894 3844 3990 
16487 293 2026 1873 1852 
16488 3778 3952 3936 4022 
16489 313 314 1923 2120 
16490 231 232 1652 1923 
16491 1562 1660 1599 4015 
16492 221 1895 1912 4030 
16493 242 241 1657 2269 
16494 324 323 2269 2125 
16495 2078 2081 2070 4051 
16496 2063 2064 2159 3821 
16497 2136 2054 309 3981 
16498 293 2026 1950 1873 
16499 311 1897 1894 3789 
16500 1686 1687 1661 3973 
16501 2126 2070 2127 3954 
16502 1935 1941 343 3830 
16503 3674 3855 4028 4048 
16504 1966 288 1863 1851 
16505 2233 2266 2263 4032 
16506 2025 1557 3753 3855 
16507 1612 1603 1610 3908 
16508 3837 3854 1755 3855 
16509 3880 3905 2071 4008 
16510 1853 3875 3874 4026 
16511 2263 2264 2233 4032 
16512 2230 252 253 1619 
16513 1944 1897 3789 3975 
16514 1587 1692 1754 3956 
16515 1738 1676 1756 3837 
16516 3794 3748 3880 3944 
16517 1848 1854 1879 4020 
16518 1539 3802 1573 3855 
16519 271 272 1483 2342 
16520 1583 3876 1596 4064 
16521 345 2282 2017 2314 
16522 3789 3977 3978 3979 
16523 2020 2119 1941 3754 
16524 2262 3724 3780 4072 
16525 1583 1473 4023 4064 
16526 1877 212 3778 4022 
16527 1596 1587 1517 4062 
16528 3770 3864 3802 4016 
16529 1651 1473 1549 3752 
16530 3792 3987 3988 3990 
16531 3753 3811 3910 4047 
16532 1935 1985 1941 3830 
16533 3794 3988 3987 3990 
16534 2230 1666 16 2322 
16535 3977 3979 3789 3980 
16536 2127 2055 2126 3954 
16537 2185 2203 2084 3732 
16538 279 278 2389 1480 
16539 1897 1742 1476 3975 
16540 1603 3748 3758 3906 
16541 1706 2174 3715 3864 
16542 1472 1706 1741 3715 
16543 2041 3802 2007 4028 
16544 1893 1898 303 4024 
16545 1668 1714 227 1890 
16546 2282 1941 345 2017 
16547 1909 3836 1895 4027 
16548 1897 311 312 2210 
16549 1704 3704 3715 3778 
16550 328 2233 3763 3780 
16551 2043 2023 2185 3860 
16552 2305 2315 2284 3932 
16553 2266 3763 3780 3893 
16554 315 316 1926 2221 
16555 233 234 1753 1926 
16556 1974 303 1898 4024 
16557 1658 1519 1517 3894 
16558 328 2195 2016 2233 
16559 2025 3753 2154 4048 
16560 2270 2272 2239 3775 
16561 3847 4028 3674 4046 
16562 230 231 1465 1911 
16563 312 313 1911 1933 
16564 1661 3973 1476 3975 
16565 1606 1608 1609 4000 
16566 1575 3860 3748 3906 
16567 261 260 2286 1467 
16568 1852 2170 3842 3964 
16569 1894 3789 1896 3978 
16570 2041 2147 2214 3864 
16571 1686 3753 1557 4047 
16572 1895 3836 1913 4030 
16573 2086 352 351 2280 
16574 1555 1575 1717 3860 
16575 295 296 2209 1855 
16576 1552 1583 1473 4023 
16577 1587 4061 1596 4063 
16578 244 243 1735 2236 
16579 2273 20 14 1886 
16580 21 15 1929 2323 
16581 1575 3844 3859 3860 
16582 1852 1875 1854 4021 
16583 1974 303 2225 1898 
16584 1851 1864 3850 4026 
16585 214 213 1741 1855 
16586 1985 2126 2055 3791 
16587 2081 2181 2070 4051 
16588 345 346 2314 2017 
16589 2136 309 1921 3981 
16590 1879 1854 1875 4020 
16591 1755 1557 3855 4047 
16592 1742 229 230 1897 
16593 1603 1616 3906 4001 
16594 356 357 2358 2177 
16595 1658 1602 1575 3989 
16596 2043 3794 3860 3880 
16597 1469 3801 1611 3852 
16598 1583 1596 1473 4064 
16599 2284 263 1473 3932 
16600 3880 3944 3795 3945 
16601 1897 1476 3789 3975 
16602 2052 2020 2019 3941 
16603 289 288 1863 2171 
16604 2043 3860 2185 3880 
16605 1852 1877 3778 4021 
16606 3726 3905 3880 3906 
16607 228 1476 1586 3789 
16608 1611 3745 2234 3852 
16609 1609 1656 1606 4000 
16610 1865 1880 1864 4049 
16611 1941 3829 2312 3830 
16612 1486 264 265 2301 
16613 243 242 1464 2257 
16614 324 325 1932 2257 
16615 1517 1658 3894 3958 
16616 325 326 2203 2236 
16617 2039 2175 2172 4003 
16618 1517 3894 1467 3929 
16619 1877 3715 1940 3964 
16620 3794 3944 3880 3945 
16621 3795 3880 3748 3944 
16622 1587 1659 1658 3958 
16623 2148 2172 2214 4003 
16624 2271 2233 2264 4032 
16625 228 1896 1894 3789 
16626 345 2312 344 1941 
16627 1679 3699 1573 3864 
16628 2271 1953 329 2195 
16629 227 228 1586 1896 
16630 3773 3780 3763 3893 
16631 3724 3780 3773 3893 
16632 345 2312 1941 2282 
16633 2206 2224 2144 4046 
16634 2172 2148 2039 4003 
16635 1704 1706 1472 3715 
16636 2063 2051 2064 3821 
16637 1727 246 1548 2254 
16638 1909 1913 1895 3836 
16639 3753 3811 3810 3910 
16640 1757 1853 13 3907 
16641 1583 1595 1596 3876 
16642 1868 1881 1853 3921 
16643 3963 4021 3778 4022 
16644 3778 3936 3963 4022 
16645 1853 1881 1865 3874 
16646 3928 3930 3844 3988 
16647 3753 4028 3855 4048 
16648 1587 1596 3956 4063 
16649 1473 1651 1552 4023 
16650 2262 2266 327 3780 
16651 2126 3954 3791 3990 
16652 342 341 2142 2307 
16653 259 260 1674 2307 
16654 1551 1550 1552 4067 
16655 1864 1853 1865 4026 
16656 2170 1852 294 3964 
16657 2195 328 2271 2233 
16658 1985 2064 1941 3830 
16659 2239 2237 2238 3967 
16660 1691 1692 1587 3956 
16661 3962 3963 3842 3964 
16662 1882 1875 1873 4033 
16663 1941 3830 3798 4004 
16664 1551 1552 1584 4067 
16665 2043 2126 1987 3990 
16666 248 247 1485 2251 
16667 2025 4028 3753 4048 
16668 1863 1851 1864 3850 
16669 2284 2313 2305 3932 
16670 2081 2078 2211 3915 
16671 2174 2041 2214 3864 
16672 1680 1679 1746 3853 
16673 1920 1894 1922 3981 
16674 330 329 2235 1953 
16675 2239 22 335 3967 
16676 334 335 2087 2237 
16677 3773 3883 3787 4072 
16678 1851 1853 1864 4026 
16679 2254 1727 247 2267 
16680 3795 3905 3880 4008 
16681 342 343 2286 1935 
16682 3976 3977 3789 3980 
16683 1679 1746 3853 3864 
16684 3837 3855 3802 4016 
16685 1658 3844 1519 3894 
16686 13 1853 1895 3907 
16687 2129 1944 3789 3975 
16688 3789 3975 3974 3976 
16689 3748 3880 3795 3905 
16690 2170 3962 3842 3964 
16691 2136 1921 309 2182 
16692 1937 2262 326 3780 
16693 3755 3830 3829 4004 
16694 1746 1706 1704 3715 
16695 327 2266 328 3780 
16696 2084 2203 1937 4072 
16697 346 347 2285 1954 
16698 1575 1603 1717 3860 
16699 1472 1705 3778 4022 
16700 3724 3883 3773 4072 
16701 1584 1552 1651 4067 
16702 3724 3801 3852 3893 
16703 3745 3852 3801 3893 
16704 264 2316 1549 2304 
16705 2266 3763 2233 3780 
16706 1757 13 1895 3907 
16707 1469 2262 3732 3852 
16708 2224 2025 2223 4028 
16709 2214 2147 2148 3904 
16710 1587 1658 1517 3958 
16711 2041 3802 3770 3864 
16712 2025 2223 4028 4048 
16713 1922 1914 1920 3890 
16714 1756 1755 1557 3855 
16715 3753 3910 3810 4048 
16716 2313 2284 2282 3932 
16717 328 3763 2079 3780 
16718 326 2262 327 3780 
16719 1937 326 327 3780 
16720 3829 3830 1941 4004 
16721 1735 1717 1616 3732 
16722 1691 1587 1596 3956 
16723 304 303 1962 1893 
16724 2071 3945 3880 4008 
16725 2041 2224 3744 3802 
16726 2071 2043 2185 3880 
16727 1852 1877 294 3964 
16728 22 2239 2289 3967 
16729 1472 1877 212 3778 
16730 19 2225 1898 4025 
16731 22 2134 335 3967 
16732 1575 1603 3860 3906 
16733 222 221 1912 1494 
16734 2262 3780 1937 4072 
16735 2064 3798 1941 3830 
16736 1890 227 1668 1896 
16737 3763 3773 2079 3780 
16738 1661 1476 1742 3975 
16739 2025 3855 3753 4028 
16740 1476 3974 3789 3975 
16741 2262 3780 3724 3852 
16742 309 310 1894 2054 
16743 2224 2223 2144 4046 
16744 287 1966 2056 1851 
16745 2185 3732 2084 3906 
16746 2223 4028 3847 4046 
16747 1658 3844 3930 3989 
16748 2266 2234 3745 3852 
16749 1940 294 1877 3964 
16750 1603 1717 3860 3906 
16751 3758 3905 3726 3906 
16752 3748 3905 3758 3906 
16753 3798 3830 3797 3919 
16754 2078 2071 2080 4008 
16755 3726 3732 3727 3906 
16756 4016 4028 3802 4046 
16757 3789 3978 1894 3981 
16758 3756 3929 3927 4062 
16759 2084 2077 3787 4072 
16760 1921 1894 1920 3981 
16761 1658 1659 1602 3930 
16762 1575 1519 1658 3844 
16763 1658 3844 3928 3930 
16764 3714 3715 3704 3778 
16765 3919 3929 3756 4062 
16766 3674 3802 3855 4016 
16767 205 13 1757 1853 
16768 2173 3714 3962 3964 
16769 3844 3988 3930 3989 
16770 2077 2079 3773 4072 
16771 263 262 2284 1473 
16772 1895 221 13 1757 
16773 1912 1895 1913 4030 
16774 2262 1469 245 3852 
16775 1666 16 253 2230 
16776 210 211 1848 1482 
16777 328 2266 2233 3780 
16778 1557 3753 3855 4047 
16779 3756 3865 3927 3929 
16780 309 1894 1921 3981 
16781 1877 3778 3715 3964 
16782 1658 1659 3930 3958 
16783 1611 3801 3745 3852 
16784 2054 3789 1894 3981 
16785 2174 2214 3715 3864 
16786 1940 2209 2174 3715 
16787 3773 3787 2077 4072 
16788 3674 3802 4016 4028 
16789 3756 3919 3865 3929 
16790 2126 2070 3987 3990 
16791 2080 2186 2078 3925 
16792 1704 3715 1472 3778 
16793 1746 1706 3715 3864 
16794 1894 309 2054 3981 
16795 2289 2321 2288 4059 
16796 2234 2266 2262 3780 
16797 1469 1735 1616 3732 
16798 270 16 1666 2322 
16799 2234 2262 245 3852 
16800 2043 3945 2070 3990 
16801 2172 3714 2173 3964 
16802 2084 3732 2203 4072 
16803 2225 303 19 1898 
16804 1573 1706 1746 3864 
16805 3963 3964 3778 4021 
16806 3755 3919 3830 4004 
16807 3830 3919 3798 4004 
16808 1852 3778 3964 4021 
16809 3797 3919 3830 3929 
16810 1756 3837 1755 3855 
16811 1616 3727 3732 3906 
16812 1679 1573 1746 3864 
16813 292 293 1950 1873 
16814 3844 3988 3794 3990 
16815 3732 3883 3724 4072 
16816 2119 2020 2052 3941 
16817 1940 2174 2172 3715 
16818 1868 205 206 1498 
16819 226 227 1714 1890 
16820 1658 1575 3844 3989 
16821 2173 3962 2170 3964 
16822 2077 1937 2079 4072 
16823 1611 2234 245 3852 
16824 3714 3963 3962 3964 
16825 2043 3880 2071 3945 
16826 227 1586 1668 1896 
16827 1603 1616 1717 3906 
16828 3802 4028 2224 4046 
16829 1717 1616 3732 3906 
16830 287 288 1966 1851 
16831 3753 4047 3910 4048 
16832 1940 2170 294 3964 
16833 1921 308 309 2182 
16834 3927 3929 1517 4062 
16835 2077 2084 1937 4072 
16836 3794 3880 2043 3945 
16837 2174 2214 2172 3715 
16838 3860 3880 3748 3906 
16839 2185 3880 3860 3906 
16840 1611 245 1469 3852 
16841 3880 3905 3748 3906 
16842 2172 3715 3714 3964 
16843 3724 3852 3780 3893 
16844 1852 3778 1877 3964 
16845 2266 3780 3852 3893 
16846 3894 3927 3791 3929 
16847 2224 4028 2223 4046 
16848 2079 1937 327 3780 
16849 2126 2043 2070 3990 
16850 3797 3865 3919 3929 
16851 327 328 2079 3780 
16852 1940 2173 2170 3964 
16853 2172 2173 1940 3964 
16854 3778 3963 3714 3964 
16855 2266 3780 2234 3852 
16856 2234 3780 2262 3852 
16857 2224 3802 2041 4028 
16858 3674 3855 3802 4028 
16859 2172 1940 3715 3964 
16860 2079 3780 3773 4072 
16861 3773 3780 3724 4072 
16862 3715 3778 3714 3964 
16863 1937 3780 2079 4072 
16864 1517 3927 3894 3929 
16865 4045 3687 3761 3832 
16866 4045 3761 3687 3783 
16867 1480 3806 1507 1495 
16868 1507 3806 1480 3735 
16869 4003 3681 3729 3800 
16870 4003 3729 3681 3904 
16871 4045 1849 1870 3786 
16872 4045 1870 1849 1871 
16873 1955 4058 2018 1973 
16874 2018 4058 1955 3868 
16875 3998 3675 3868 3768 
16876 3998 3868 3675 3941 
16877 3722 4068 4012 3966 
16878 3954 3987 4051 3792 
16879 4051 3987 3954 2070 
16880 3992 3667 3899 3743 
16881 3992 3899 3667 3737 
16882 2359 2380 1724 2389 
16883 2359 1724 2380 4070 
16884 1480 1724 2380 2389 
16885 1480 2380 1724 4070 
16886 3879 3984 1748 3688 
16887 1678 1748 3984 3688 
16888 1678 3984 1748 1758 
16889 3946 4035 3679 3769 
16890 3679 4035 3946 3742 
16891 3953 2038 3709 2042 
16892 3953 3709 2038 3782 
16893 2213 3709 2038 2042 
16894 2213 2038 3709 3782 
16895 4038 3907 3921 1512 
16896 4038 3921 3907 3689 
16897 3820 3828 3829 3754 
16898 3829 3828 3820 3752 
16899 4068 2354 2339 2343 
16900 4068 2339 2354 3738 
16901 4056 4041 3712 3710 
16902 3712 4041 4056 3749 
16903 3712 4015 4056 3710 
16904 4056 4015 3712 3749 
16905 3950 3865 3798 3796 
16906 3950 3798 3865 3919 
16907 4014 1747 4050 1598 
16908 4014 4050 1747 3697 
16909 2177 2349 1972 2358 
16910 2177 1972 2349 3822 
16911 2334 1972 2349 2358 
16912 2334 2349 1972 3822 
16913 3991 3961 3997 3723 
16914 3991 3997 3961 3706 
16915 4074 3926 3917 3664 
16916 4074 3917 3926 3792 
16917 3736 4063 1691 3876 
16918 1691 4063 3736 3956 
16919 3946 1730 1614 1615 
16920 3946 1614 1730 3769 
16921 3770 4016 3862 3699 
16922 3862 4016 3770 3744 
16923 1613 3986 1712 1711 
16924 1712 3986 1613 3693 
16925 3999 3876 3716 3680 
16926 3999 3716 3876 3903 
16927 4067 1725 1585 1551 
16928 4067 1585 1725 3788 
16929 4046 3694 2144 4040 
16930 4046 2144 3694 3847 
16931 2194 2144 3694 4040 
16932 2194 3694 2144 3847 
16933 1918 1908 3818 1925 
16934 1918 3818 1908 3912 
16935 3759 3818 1908 1925 
16936 3759 1908 3818 3912 
16937 4009 3933 3857 3700 
16938 4009 3857 3933 3669 
16939 4027 3757 3702 4024 
16940 4027 3702 3757 3836 
16941 2238 3972 4057 2240 
16942 4057 3972 2238 3737 
16943 3913 2038 2039 2037 
16944 3913 2039 2038 3782 
16945 3821 3950 3828 3798 
16946 3828 3950 3821 3680 
16947 3828 3754 3821 3798 
16948 3821 3754 3828 3680 
16949 2089 3960 2035 2217 
16950 2035 3960 2089 3934 
16951 3888 2280 2288 3746 
16952 3888 2288 2280 2287 
16953 3903 1691 3876 3736 
16954 3903 3876 1691 1595 
16955 4068 1554 3713 1553 
16956 4068 3713 1554 3966 
16957 1701 3713 1554 1553 
16958 1701 1554 3713 3966 
16959 4022 4020 3683 4021 
16960 4022 3683 4020 4005 
16961 4012 2340 4068 3722 
16962 4012 4068 2340 2329 
16963 4012 4056 3872 3749 
16964 3872 4056 4012 2344 
16965 4053 2164 2060 3734 
16966 4053 2060 2164 1982 
16967 3866 2255 2253 2261 
16968 3866 2253 2255 3834 
16969 4015 1563 1660 3817 
16970 4015 1660 1563 1562 
16971 3970 1951 354 2199 
16972 3970 354 1951 2333 
16973 3983 2137 2026 2027 
16974 3983 2026 2137 3842 
16975 1946 3996 369 1945 
16976 369 3996 1946 3985 
16977 2060 4053 1981 1982 
16978 1981 4053 2060 4042 
16979 3953 2151 3827 3784 
16980 3953 3827 2151 2150 
16981 3982 1680 1704 3924 
16982 3982 1704 1680 1571 
16983 1849 2227 3934 1862 
16984 1849 3934 2227 1967 
16985 1577 4035 3826 1697 
16986 3826 4035 1577 3806 
16987 1759 1856 3761 1620 
16988 1759 3761 1856 1847 
16989 3987 4074 3747 3793 
16990 3747 4074 3987 3792 
16991 3871 273 1470 2351 
16992 3871 1470 273 1720 
16993 4015 1510 1509 1562 
16994 4015 1509 1510 3749 
16995 3980 2054 3789 1944 
16996 3980 3789 2054 3979 
16997 4037 2045 3869 2165 
16998 4037 3869 2045 3849 
16999 4068 2339 2340 2343 
17000 4068 2340 2339 3861 
17001 3711 3809 2129 3810 
17002 2129 3809 3711 3975 
17003 2129 3753 3711 3810 
17004 3711 3753 2129 3975 
17005 2228 4039 3826 2248 
17006 3826 4039 2228 3895 
17007 3715 3924 3800 3704 
17008 3800 3924 3715 3681 
17009 1565 3957 3877 1601 
17010 3877 3957 1565 3803 
17011 1478 3961 1605 1604 
17012 1478 1605 3961 4069 
17013 4062 3919 3830 3755 
17014 4062 3830 3919 3929 
17015 1888 1494 3759 1645 
17016 3759 1494 1888 1912 
17017 3791 3797 2055 1985 
17018 3791 2055 3797 3865 
17019 3791 3929 1985 3894 
17020 3791 1985 3929 3797 
17021 1935 1985 3929 3894 
17022 1935 3929 1985 3797 
17023 3995 2145 2155 3808 
17024 3995 2155 2145 2067 
17025 3975 3973 3753 1661 
17026 3975 3753 3973 3711 
17027 3970 354 1931 2199 
17028 3970 1931 354 2346 
17029 4071 2334 3734 3823 
17030 4071 3734 2334 2348 
17031 3798 2051 1941 3754 
17032 3798 1941 2051 2064 
17033 4008 2077 2080 4007 
17034 4008 2080 2077 2071 
17035 3957 1896 1922 1890 
17036 3957 1922 1896 3803 
17037 3715 3904 3864 2214 
17038 3864 3904 3715 3681 
17039 1855 1934 296 2209 
17040 1855 296 1934 1867 
17041 4033 1852 4021 1875 
17042 4033 4021 1852 3842 
17043 3988 3928 3990 3844 
17044 3988 3990 3928 3792 
17045 3932 263 2304 2284 
17046 3932 2304 263 1549 
17047 4005 211 1482 1848 
17048 4005 1482 211 1558 
17049 3973 3753 1686 3811 
17050 3973 1686 3753 1661 
17051 352 3967 22 2289 
17052 22 3967 352 2134 
17053 4059 2239 3967 2289 
17054 4059 3967 2239 3775 
17055 2084 3906 3880 2185 
17056 3880 3906 2084 3726 
17057 3880 2071 2084 2185 
17058 2084 2071 3880 3726 
17059 3778 1704 1705 1472 
17060 3778 1705 1704 3704 
17061 3830 343 2286 2312 
17062 3830 2286 343 1935 
17063 4003 2214 3715 2172 
17064 4003 3715 2214 3904 
17065 3726 4072 3732 2084 
17066 3732 4072 3726 3883 
17067 287 4025 19 1851 
17068 19 4025 287 2225 
17069 3864 4016 1573 3802 
17070 1573 4016 3864 3699 
17071 1573 1756 3837 3699 
17072 4016 3837 1573 3802 
17073 1573 3837 4016 3699 
17074 4022 1472 212 3778 
17075 4022 212 1472 1702 
17076 3990 3954 3987 2126 
17077 3990 3987 3954 3792 
17078 3732 3852 3727 1469 
17079 3727 3852 3732 3724 
17080 3990 3945 3794 2043 
17081 3990 3794 3945 3987 
17082 2262 4072 2236 3732 
17083 2262 2236 4072 1937 
17084 2203 2236 4072 3732 
17085 2203 4072 2236 1937 
17086 3789 310 2054 1894 
17087 3789 2054 310 1944 
17088 3984 1748 1684 3879 
17089 3984 1684 1748 1758 
17090 3837 1573 3855 1756 
17091 3855 1573 3837 3802 
3 8 4 115
17092 366 4075 2331 4077 
17093 2348 2331 366 4075 
17094 2390 2328 2358 4075 
17095 2345 2353 4075 4077 
17096 2332 4075 366 4077 
17097 2347 366 2332 4075 
17098 2390 2357 365 4075 
17099 2390 365 2356 4075 
17100 2390 2346 2328 4075 
17101 2345 2338 2353 4077 
17102 2337 2345 4075 4077 
17103 2332 2337 4075 4077 
17104 2347 2332 2337 4075 
17105 2331 4075 2341 4077 
17106 2341 2331 2348 4075 
17107 2351 1844 2329 4076 
17108 2358 2334 2390 4075 
17109 2390 2356 2333 4075 
17110 2328 2349 2358 4075 
17111 2337 2338 2345 4077 
17112 2390 2333 2346 4075 
17113 2351 2330 1844 4076 
17114 2334 2357 2390 4075 
17115 2353 2341 4075 4077 
17116 17 2354 1844 2355 
17117 1844 2329 274 2351 
17118 355 2328 2390 2346 
17119 2342 2355 1844 4076 
17120 2338 2350 2353 4077 
17121 23 365 2390 2357 
17122 2354 17 368 2355 
17123 23 365 2356 2390 
17124 2353 2350 2341 4077 
17125 2343 1844 2354 4076 
17126 2339 4076 367 4077 
17127 367 4076 2335 4077 
17128 2329 1844 2343 4076 
17129 2351 273 1844 2330 
17130 2390 2328 356 2358 
17131 2358 2349 2334 4075 
17132 2390 354 355 2346 
17133 2346 2390 354 2333 
17134 274 275 2329 1844 
17135 367 2339 368 4076 
17136 367 368 2335 4076 
17137 2330 2342 1844 4076 
17138 274 273 1844 2351 
17139 2339 367 2331 4077 
17140 367 2335 2332 4077 
17141 2390 2356 353 2333 
17142 2352 4076 2344 4077 
17143 366 2331 367 4077 
17144 366 367 2332 4077 
17145 2348 2349 2341 4075 
17146 2348 2334 2349 4075 
17147 366 2347 365 4075 
17148 2348 366 365 4075 
17149 2343 2329 275 1844 
17150 2335 4076 2336 4077 
17151 2339 2340 4076 4077 
17152 2336 4076 2352 4077 
17153 271 1844 2342 2355 
17154 2390 353 354 2333 
17155 2328 356 355 2390 
17156 353 23 2356 2390 
17157 2352 2344 2338 4077 
17158 2390 358 23 2357 
17159 2343 276 2354 1844 
17160 2353 2328 2345 4075 
17161 2334 2390 357 2358 
17162 2334 358 2390 2357 
17163 2335 2336 2332 4077 
17164 2353 2349 2328 4075 
17165 273 272 1844 2330 
17166 2354 276 17 1844 
17167 2344 4076 2340 4077 
17168 2336 2330 2352 4076 
17169 271 17 1844 2355 
17170 2339 2331 2340 4077 
17171 2330 272 1844 2342 
17172 2345 2328 2346 4075 
17173 2340 2343 2339 4076 
17174 2350 2338 2344 4077 
17175 2335 2342 2336 4076 
17176 2333 2347 2337 4075 
17177 2337 2332 2336 4077 
17178 368 2339 2354 4076 
17179 368 2355 2335 4076 
17180 2357 2348 365 4075 
17181 272 271 1844 2342 
17182 365 2347 2356 4075 
17183 2346 2333 2337 4075 
17184 2337 2345 2346 4075 
17185 2329 2343 2340 4076 
17186 2390 357 358 2334 
17187 2334 2348 2349 2341 
17188 2336 2342 2330 4076 
17189 275 276 2343 1844 
17190 2337 2336 2338 4077 
17191 2336 2352 2338 4077 
17192 2344 2340 2350 4077 
17193 2352 2351 2344 4076 
17194 2351 2352 2330 4076 
17195 2344 2329 2340 4076 
17196 2349 2353 2341 4075 
17197 2356 2347 2333 4075 
17198 356 357 2390 2358 
17199 2341 2350 2340 4077 
17200 2357 2334 2348 4075 
17201 2335 2355 2342 4076 
17202 2341 2340 2331 4077 
17203 2339 2343 2354 4076 
17204 2344 2351 2329 4076 
17205 2354 2355 4076 1844 
17206 4076 2355 2354 368 
3 9 4 115
17207 1845 2359 2389 4078 
17208 2363 4078 371 4080 
17209 2362 371 4078 4080 
17210 2379 371 2363 4078 
17211 2384 4078 2376 4080 
17212 2378 2362 371 4078 
17213 1845 2386 372 4078 
17214 2385 1845 372 4078 
17215 2384 2376 2369 4080 
17216 1845 2377 2359 4078 
17217 2376 4078 2368 4080 
17218 2368 4078 2363 4080 
17219 2379 2363 2368 4078 
17220 2382 2391 2361 4079 
17221 2362 4078 2372 4080 
17222 2364 1845 2389 4078 
17223 2376 2368 2369 4080 
17224 24 2387 2391 2388 
17225 2359 2380 2389 4078 
17226 2365 1845 2385 4078 
17227 2372 2362 2378 4078 
17228 2365 2377 1845 4078 
17229 2387 24 369 2388 
17230 18 372 1845 2386 
17231 18 372 2385 1845 
17232 2360 2391 2382 4079 
17233 2364 2386 1845 4078 
17234 2384 2372 4078 4080 
17235 2361 2382 361 2391 
17236 280 1845 2377 2359 
17237 2373 2388 2391 4079 
17238 2384 2369 2381 4080 
17239 2384 2381 2372 4080 
17240 2374 2391 2387 4079 
17241 2370 4079 370 4080 
17242 2366 370 4079 4080 
17243 2374 2361 2391 4079 
17244 2359 279 1845 2389 
17245 2364 2389 2380 4078 
17246 281 280 1845 2377 
17247 1845 2365 281 2377 
17248 370 2370 369 4079 
17249 2373 2391 2360 4079 
17250 2366 370 369 4079 
17251 2370 370 2362 4080 
17252 2382 2360 362 2391 
17253 282 2385 2365 1845 
17254 2366 2363 370 4080 
17255 2385 282 18 1845 
17256 2362 370 371 4080 
17257 2375 2383 4079 4080 
17258 1845 277 18 2386 
17259 2382 362 361 2391 
17260 2380 2372 2378 4078 
17261 370 2363 371 4080 
17262 2364 2380 2378 4078 
17263 2361 361 360 2391 
17264 371 372 2378 4078 
17265 371 2379 372 4078 
17266 2391 364 24 2388 
17267 359 24 2387 2391 
17268 2367 2366 4079 4080 
17269 2370 2371 4079 4080 
17270 2391 2373 364 2388 
17271 2383 2367 4079 4080 
17272 2365 281 282 1845 
17273 1845 280 279 2359 
17274 2375 2369 2383 4080 
17275 2374 2361 360 2391 
17276 359 2387 2374 2391 
17277 2384 2359 2376 4078 
17278 277 1845 2364 2386 
17279 2360 2373 363 2391 
17280 2367 2363 2366 4080 
17281 2384 2380 2359 4078 
17282 2370 2362 2371 4080 
17283 2383 2367 2360 4079 
17284 2371 2375 4079 4080 
17285 2371 2374 2370 4079 
17286 2381 2369 2375 4080 
17287 2377 2376 2359 4078 
17288 2366 2373 2367 4079 
17289 364 363 2373 2391 
17290 2360 363 362 2391 
17291 2367 2368 2363 4080 
17292 2365 2379 2368 4078 
17293 369 2370 2387 4079 
17294 372 2386 2378 4078 
17295 369 2388 2366 4079 
17296 2368 2376 2377 4078 
17297 2377 2365 2368 4078 
17298 372 2379 2385 4078 
17299 2389 278 1845 2364 
17300 2361 2374 2371 4079 
17301 2367 2369 2368 4080 
17302 2372 2378 2364 2380 
17303 2373 2360 2367 4079 
17304 2383 2369 2367 4080 
17305 2383 2360 2382 4079 
17306 2383 2382 2375 4079 
17307 2375 2361 2371 4079 
17308 2371 2381 2375 4080 
17309 2380 2384 2372 4078 
17310 2374 360 359 2391 
17311 2365 2385 2379 4078 
17312 2364 2378 2386 4078 
17313 2366 2388 2373 4079 
17314 278 277 1845 2364 
17315 2372 2381 2371 4080 
17316 2362 2372 2371 4080 
17317 2370 2374 2387 4079 
17318 2382 2361 2375 4079 
17319 279 278 1845 2389 
17320 2387 2388 4079 2391 
17321 4079 2388 2387 369 
3 10 4 3016
17322 2594 2709 4093 4130 
17323 2083 4093 2198 4130 
17324 2485 4105 2422 4117 
17325 2422 4105 1974 4117 
17326 2063 4125 4112 4135 
17327 4112 4125 2574 4135 
17328 2566 2127 2638 4088 
17329 2090 4091 2217 4150 
17330 2594 4093 4118 4130 
17331 2083 4118 4093 4130 
17332 4096 4113 2657 4144 
17333 2146 4113 4096 4144 
17334 2598 4100 2760 4122 
17335 2784 4146 2629 4164 
17336 2456 4090 2822 4102 
17337 2629 4146 4089 4164 
17338 2090 4086 4084 4107 
17339 4084 4086 2601 4107 
17340 2066 4100 4097 4104 
17341 2577 4097 4100 4104 
17342 2577 4104 4100 4149 
17343 2819 4090 1945 4102 
17344 4095 4138 2151 4139 
17345 2146 2157 4113 4144 
17346 2668 2657 4113 4144 
17347 2019 1955 4125 4137 
17348 2581 2638 2127 4088 
17349 2066 1984 4100 4104 
17350 2437 4106 2693 4136 
17351 2204 4094 4106 4142 
17352 2183 2066 1984 4100 
17353 4100 4104 1984 4149 
17354 2492 4119 4105 4157 
17355 2166 4084 4086 4157 
17356 4108 4119 2021 4140 
17357 2577 4100 2694 4149 
17358 2603 2601 4084 4086 
17359 2092 4084 2090 4086 
17360 2601 4084 4107 4150 
17361 2544 4121 2639 4136 
17362 2128 4121 2033 4136 
17363 2530 4125 2466 4137 
17364 4089 4111 2191 4137 
17365 2811 1957 4111 4137 
17366 2751 4100 2087 4122 
17367 1982 4105 1981 4119 
17368 2702 4111 4089 4137 
17369 1931 4096 2226 4154 
17370 2065 4102 4088 4135 
17371 2576 4088 4102 4135 
17372 1931 2153 4092 4154 
17373 2204 2022 4094 4142 
17374 2166 2164 4084 4157 
17375 2822 4090 2807 4102 
17376 2532 4108 2680 4119 
17377 2191 4111 1957 4137 
17378 2690 4090 2456 4102 
17379 1945 4090 2179 4102 
17380 1931 2226 2153 4154 
17381 2432 1964 4094 4106 
17382 2169 4108 2021 4140 
17383 2469 2456 2822 4102 
17384 1984 2183 4100 4149 
17385 2709 2557 4093 4124 
17386 2198 4093 2046 4124 
17387 1982 4117 4105 4157 
17388 2822 4090 2456 4151 
17389 2577 2495 4104 4149 
17390 2820 2808 4085 4093 
17391 2485 2736 2567 4117 
17392 2225 1974 2056 4117 
17393 2807 4090 2819 4102 
17394 2819 1945 1958 4102 
17395 2557 4115 4093 4124 
17396 2046 4093 4115 4124 
17397 4089 4111 2702 4126 
17398 2191 4111 4089 4126 
17399 2468 4111 2702 4137 
17400 2593 4093 4085 4159 
17401 2019 4125 4098 4137 
17402 2157 4134 4113 4144 
17403 4113 4134 2668 4144 
17404 2591 4103 2080 4160 
17405 2808 2821 4085 4093 
17406 4089 4146 2190 4164 
17407 2662 4138 4095 4139 
17408 2577 2694 2495 4149 
17409 2459 4104 2487 4111 
17410 4097 4104 2577 4155 
17411 1945 4090 2819 4151 
17412 2593 4118 4093 4159 
17413 2032 4106 4121 4142 
17414 2065 4112 4102 4135 
17415 2576 4102 4112 4135 
17416 2810 4104 2459 4111 
17417 2169 4094 4108 4140 
17418 2160 2065 4088 4135 
17419 2576 2671 4088 4135 
17420 2204 4106 2138 4142 
17421 2701 4089 2629 4146 
17422 2594 2628 2709 4130 
17423 2083 2198 2117 4130 
17424 2576 4088 2671 4102 
17425 2160 4088 2065 4102 
17426 2593 4085 2584 4159 
17427 2032 4121 4109 4142 
17428 2666 4128 2578 4144 
17429 2155 2067 4128 4144 
17430 2818 1973 1955 4125 
17431 1958 1945 2179 4102 
17432 2690 2456 2469 4102 
17433 2807 4090 2822 4151 
17434 4086 4107 2090 4152 
17435 2814 4112 1973 4125 
17436 2733 4088 2671 4135 
17437 2222 2160 4088 4135 
17438 2795 4101 2458 4109 
17439 2807 2819 4090 4151 
17440 2530 4098 4125 4137 
17441 2217 2090 2131 4091 
17442 2192 2816 4111 4143 
17443 2485 2491 4105 4117 
17444 1974 4105 1980 4117 
17445 4110 4120 2684 4147 
17446 2173 4120 4110 4147 
17447 4092 4095 2150 4129 
17448 2661 4095 4092 4129 
17449 2090 4084 2131 4091 
17450 2809 2466 4125 4137 
17451 2805 1959 4091 4127 
17452 2676 4115 4145 4155 
17453 2397 2567 4117 4158 
17454 2194 4113 4133 4138 
17455 4096 4113 2216 4154 
17456 2817 4111 2468 4137 
17457 2219 4116 2061 4126 
17458 2572 4116 2730 4126 
17459 2166 4084 2092 4086 
17460 2432 4094 2420 4106 
17461 2792 4084 2803 4087 
17462 2173 2684 4120 4147 
17463 2806 4084 2792 4087 
17464 2118 2190 4146 4164 
17465 2818 4125 1955 4137 
17466 2051 4125 2063 4135 
17467 2574 4125 2562 4135 
17468 2226 4096 2216 4154 
17469 2804 4091 2470 4127 
17470 4104 4111 2810 4143 
17471 2676 4115 4124 4145 
17472 2051 2562 4125 4135 
17473 2642 4091 4084 4150 
17474 2216 4113 2152 4154 
17475 2204 2138 2022 4142 
17476 2192 1948 2816 4143 
17477 2166 2164 2092 4084 
17478 2560 4116 4126 4166 
17479 2493 2492 4105 4157 
17480 2571 2492 4087 4119 
17481 2680 2634 4119 4140 
17482 2820 4085 2673 4093 
17483 2661 4092 2553 4129 
17484 2042 4092 2150 4129 
17485 2045 4145 4115 4155 
17486 2642 4084 2601 4150 
17487 4101 4109 1977 4128 
17488 2488 4109 4101 4128 
17489 2162 4085 2821 4093 
17490 2459 4104 2810 4143 
17491 2784 2771 4146 4164 
17492 2226 2216 2152 4154 
17493 2560 4126 4111 4166 
17494 2021 4119 2123 4140 
17495 2586 2593 2584 4159 
17496 2730 4116 2779 4126 
17497 2809 4112 2814 4125 
17498 2601 4086 2602 4107 
17499 1977 4101 1947 4109 
17500 2488 2458 4101 4109 
17501 2586 4118 2593 4159 
17502 2603 2602 2601 4086 
17503 2091 2092 2090 4086 
17504 2150 4129 4095 4165 
17505 2111 2432 1964 4094 
17506 2553 4129 4092 4156 
17507 2069 4121 4106 4136 
17508 2580 4106 4121 4136 
17509 2168 2151 4095 4138 
17510 2676 4145 2726 4155 
17511 2091 4086 2090 4152 
17512 2484 4112 2809 4125 
17513 4095 2152 4113 4154 
17514 2437 2430 4106 4136 
17515 1952 2202 2803 4087 
17516 2713 2463 2806 4087 
17517 2442 2802 4092 4154 
17518 2182 4106 2430 4136 
17519 2045 4097 2215 4145 
17520 2660 4095 4129 4165 
17521 2540 2548 4099 4110 
17522 2540 4114 4110 4163 
17523 2475 2693 2437 4106 
17524 2137 4110 2173 4120 
17525 2648 2684 4110 4120 
17526 2032 2138 4106 4142 
17527 2045 4097 4145 4155 
17528 2166 4086 4117 4157 
17529 2532 2680 2634 4119 
17530 2540 4110 4099 4163 
17531 2077 2588 4160 4161 
17532 2037 4110 4099 4147 
17533 2548 4099 4110 4147 
17534 2032 4109 2062 4142 
17535 2022 4108 4094 4142 
17536 2699 2802 4096 4101 
17537 2169 2021 2123 4140 
17538 2661 2660 4095 4129 
17539 2449 2795 2699 4101 
17540 2484 2809 2466 4125 
17541 2688 4109 2573 4167 
17542 4118 4159 2586 4161 
17543 4099 4110 2037 4163 
17544 1952 2803 4084 4087 
17545 2703 2459 2487 4111 
17546 2164 4087 4084 4157 
17547 2463 4084 2806 4087 
17548 2801 1947 4101 4109 
17549 2818 2814 1973 4125 
17550 2814 4102 2178 4112 
17551 2166 4117 1982 4157 
17552 1976 4111 4104 4143 
17553 2219 2782 4116 4126 
17554 4113 4133 2705 4134 
17555 2194 4133 4113 4134 
17556 2216 4096 2146 4113 
17557 2727 2657 4096 4113 
17558 2816 2810 4111 4143 
17559 2799 4127 2462 4156 
17560 2794 4092 2802 4154 
17561 2794 2802 4096 4154 
17562 4129 4148 2551 4165 
17563 2422 2736 2485 4117 
17564 2225 2422 1974 4117 
17565 2220 2161 4117 4158 
17566 2532 4119 2571 4162 
17567 2532 4108 4119 4162 
17568 2726 4145 4097 4155 
17569 2188 4096 2801 4101 
17570 2182 2069 4106 4136 
17571 2693 4106 2580 4136 
17572 2107 2173 4110 4147 
17573 2684 2618 4110 4147 
17574 2715 2475 4094 4106 
17575 2204 4094 1964 4106 
17576 2200 2217 4091 4150 
17577 2066 4104 4097 4155 
17578 2549 4099 4129 4156 
17579 2760 4100 2743 4122 
17580 2799 2710 2442 4092 
17581 2785 4116 2472 4122 
17582 2216 2146 2157 4113 
17583 2727 2668 2657 4113 
17584 2705 4133 4113 4138 
17585 2442 4096 2802 4154 
17586 2766 4116 2785 4122 
17587 2192 4111 1976 4143 
17588 2699 2795 2802 4101 
17589 2690 4090 4102 4132 
17590 2799 2462 2710 4156 
17591 2420 4094 2475 4106 
17592 2761 1953 4124 4130 
17593 2462 4127 2654 4156 
17594 2150 4092 2153 4095 
17595 2715 4106 4094 4142 
17596 4092 4095 2661 4154 
17597 2689 4102 2813 4112 
17598 2397 4117 2056 4158 
17599 2220 1966 2161 4158 
17600 2540 4099 2547 4163 
17601 2560 4111 2487 4166 
17602 2481 2652 4126 4164 
17603 2486 4104 2459 4143 
17604 2795 2449 2458 4101 
17605 2470 4091 2711 4127 
17606 2200 4091 1959 4127 
17607 2032 4106 2069 4121 
17608 2543 2580 4106 4121 
17609 2553 2724 4129 4156 
17610 2500 4103 2583 4151 
17611 2072 4103 1989 4151 
17612 4110 4114 2539 4123 
17613 2220 4117 4086 4158 
17614 2538 4120 4110 4123 
17615 4110 4120 2027 4123 
17616 2179 4102 4090 4132 
17617 2543 4121 4106 4142 
17618 4089 4126 2652 4164 
17619 2192 1976 1948 4143 
17620 2166 1982 2164 4157 
17621 2602 4107 4086 4152 
17622 2618 2648 2684 4110 
17623 2107 2173 2137 4110 
17624 2820 2815 2808 4093 
17625 2801 4101 2795 4109 
17626 2153 4095 4092 4154 
17627 2539 4110 2540 4114 
17628 2152 4095 2153 4154 
17629 2171 2220 4152 4158 
17630 2629 4089 2652 4164 
17631 2050 4100 2183 4149 
17632 2504 2505 2503 4082 
17633 4109 4142 2573 4167 
17634 2152 2153 2226 4154 
17635 2462 2724 2710 4156 
17636 2689 2576 4102 4112 
17637 2065 2178 4102 4112 
17638 2474 2486 2459 4143 
17639 2730 2765 2481 4126 
17640 2805 2143 1959 4127 
17641 2200 2035 2217 4150 
17642 2165 4124 4115 4145 
17643 2583 4103 4085 4151 
17644 2072 4085 4103 4151 
17645 2627 2757 2482 4145 
17646 2168 4113 2194 4138 
17647 2547 4127 2545 4163 
17648 2066 1975 4104 4155 
17649 2818 2809 2814 4125 
17650 2799 2791 2804 4127 
17651 2549 4129 2724 4156 
17652 2162 2082 4085 4093 
17653 2593 2673 4085 4093 
17654 2178 2814 1958 4102 
17655 1994 1993 1992 4082 
17656 2571 4119 4087 4162 
17657 2474 2486 4143 4155 
17658 1958 2814 2819 4102 
17659 2702 2652 4089 4126 
17660 2191 4089 2141 4126 
17661 4100 2050 4122 4149 
17662 2757 2627 4124 4145 
17663 2539 4123 4114 4131 
17664 2532 2571 2467 4162 
17665 2660 4139 4095 4165 
17666 2805 4091 2791 4127 
17667 2072 1989 1946 4151 
17668 2457 2500 2583 4151 
17669 2190 4089 2052 4146 
17670 2563 4089 2701 4146 
17671 2481 2629 2652 4164 
17672 2032 2062 2138 4142 
17673 2818 2809 4125 4137 
17674 2493 4105 4117 4157 
17675 2703 2810 2459 4111 
17676 2483 4142 4108 4167 
17677 2200 4114 4091 4127 
17678 4091 4114 2711 4127 
17679 2457 2583 4085 4151 
17680 2072 1946 4085 4151 
17681 2560 4116 2572 4126 
17682 1937 2079 2590 4161 
17683 4085 4093 2082 4159 
17684 2804 2470 2654 4127 
17685 2168 4095 4113 4138 
17686 2792 2803 2797 4162 
17687 2666 2155 4128 4144 
17688 2417 2432 2111 4094 
17689 2602 2478 4107 4152 
17690 2039 4099 4129 4148 
17691 2550 4129 4099 4148 
17692 2039 4147 4099 4148 
17693 2550 4099 4147 4148 
17694 1977 4109 1978 4128 
17695 2489 4109 2488 4128 
17696 2171 1966 2220 4158 
17697 2792 4087 2803 4162 
17698 2578 4128 4101 4144 
17699 4101 4128 2067 4144 
17700 2727 4113 4096 4154 
17701 2540 2547 2545 4163 
17702 1981 4119 4105 4153 
17703 2771 2118 4146 4164 
17704 2549 2553 2724 4129 
17705 2200 4091 4114 4150 
17706 2559 4116 2560 4166 
17707 2021 4119 4108 4162 
17708 2779 2765 2730 4126 
17709 2543 4109 4121 4142 
17710 2220 2161 2166 4086 
17711 2487 4104 4149 4166 
17712 4086 4152 2220 4158 
17713 2072 4103 4085 4159 
17714 2799 2710 4092 4156 
17715 1966 2056 4117 4158 
17716 2018 2019 1955 4125 
17717 2530 2529 2466 4125 
17718 2111 1964 2204 4094 
17719 2622 2715 2475 4094 
17720 2782 2779 4116 4126 
17721 2804 2791 4091 4127 
17722 2045 2165 4115 4145 
17723 2540 2545 4114 4163 
17724 1938 2188 2801 4101 
17725 2761 4124 2741 4130 
17726 2682 2410 2478 4152 
17727 2688 2483 2800 4167 
17728 2743 4100 2751 4122 
17729 2547 4127 4099 4156 
17730 2553 4092 2724 4156 
17731 2107 4110 2037 4147 
17732 2548 4110 2618 4147 
17733 4085 4103 2585 4159 
17734 4099 4127 2547 4163 
17735 2220 2161 4086 4117 
17736 2394 2412 2599 4123 
17737 2585 4159 4103 4160 
17738 2664 4092 2661 4154 
17739 2598 2760 2743 4122 
17740 2019 4098 2053 4137 
17741 2794 1931 2199 4092 
17742 1981 2113 4119 4153 
17743 2571 4087 2467 4162 
17744 2053 4098 4089 4137 
17745 2664 2553 2661 4092 
17746 2150 2042 2153 4092 
17747 2052 4089 4098 4146 
17748 2563 4098 4089 4146 
17749 2682 4152 4086 4158 
17750 2820 453 2673 4085 
17751 2166 4086 2161 4117 
17752 2688 2800 4109 4167 
17753 1982 4087 2164 4157 
17754 2116 2761 1953 4124 
17755 2128 2639 4121 4136 
17756 2662 2679 4095 4138 
17757 2803 4087 2202 4162 
17758 2166 2161 1982 4117 
17759 2028 4110 4123 4163 
17760 2676 2556 4115 4155 
17761 2206 2151 4138 4139 
17762 2491 2493 4105 4117 
17763 1982 1980 4105 4117 
17764 2814 2807 2819 4102 
17765 2172 2684 2173 4147 
17766 2753 4097 2740 4100 
17767 1970 2219 2061 4126 
17768 2730 2481 2572 4126 
17769 2533 2715 4094 4142 
17770 2821 2162 454 4085 
17771 1966 4117 2161 4158 
17772 2532 2467 4108 4162 
17773 2486 4104 4143 4155 
17774 2482 2739 2633 4145 
17775 2794 2801 2188 4096 
17776 1962 1974 2423 4105 
17777 1981 4105 2113 4153 
17778 4114 4123 2028 4131 
17779 2423 2485 2473 4105 
17780 2731 4086 2672 4158 
17781 2627 2741 2757 4124 
17782 2462 2799 2804 2654 
17783 2690 4102 2691 4132 
17784 4090 4103 2500 4151 
17785 1989 4103 4090 4151 
17786 2738 2600 4107 4131 
17787 2559 2560 2487 4166 
17788 2676 2726 2556 4155 
17789 2462 2654 2724 4156 
17790 2487 4111 4104 4166 
17791 2784 2767 2629 4146 
17792 2816 2811 2192 4111 
17793 1984 2050 2183 4149 
17794 2561 4122 4116 4149 
17795 2815 4093 2674 4115 
17796 2078 2581 2070 4132 
17797 2194 4133 2144 4138 
17798 2713 2675 2463 4087 
17799 4089 4098 2564 4137 
17800 2066 4097 2045 4155 
17801 2731 2682 4086 4158 
17802 2758 2753 2740 4100 
17803 2662 4095 2660 4139 
17804 2149 4095 2151 4139 
17805 2602 2682 2478 4152 
17806 2420 2475 2437 4106 
17807 2642 2601 2728 4150 
17808 1966 2397 2056 4158 
17809 1965 2740 4097 4100 
17810 2394 4123 2599 4131 
17811 2488 2458 2449 4101 
17812 1977 1938 1947 4101 
17813 1952 2164 2202 4087 
17814 2672 4086 2731 4157 
17815 2053 4089 2191 4137 
17816 2200 4114 2035 4150 
17817 2485 2423 2422 4105 
17818 2423 1974 2422 4105 
17819 4116 4122 2050 4149 
17820 2675 4084 2463 4087 
17821 2799 2654 2462 4127 
17822 2548 2547 2540 4099 
17823 2217 2035 2089 4150 
17824 2791 4127 2799 4156 
17825 2396 2567 2736 4117 
17826 2225 2056 2396 4117 
17827 2782 2219 1970 4126 
17828 2490 4101 4096 4144 
17829 4096 4101 1979 4144 
17830 2585 4085 2583 4103 
17831 1977 1947 1978 4109 
17832 2488 2489 2458 4109 
17833 1952 4084 2164 4087 
17834 1964 2430 2182 4106 
17835 2432 2430 1964 4106 
17836 2029 2037 4110 4163 
17837 2561 4100 4122 4149 
17838 2679 4113 4095 4138 
17839 2530 2564 4098 4137 
17840 2489 4121 4109 4128 
17841 4109 4121 1978 4128 
17842 2065 2178 1958 4102 
17843 2689 2576 2469 4102 
17844 2699 4096 2490 4101 
17845 1979 4096 2188 4101 
17846 2602 4086 2682 4152 
17847 2799 2804 2654 4127 
17848 2794 2188 1931 4096 
17849 2013 2104 2002 4081 
17850 2766 1961 4116 4122 
17851 2410 4107 2478 4152 
17852 1962 2113 4105 4153 
17853 2050 4116 4149 4166 
17854 2042 4129 2038 4156 
17855 2533 4094 4108 4142 
17856 1955 2019 2193 4137 
17857 2801 1947 1938 4101 
17858 2049 4111 2191 4126 
17859 2702 4111 2560 4126 
17860 2490 4096 2657 4144 
17861 2146 4096 1979 4144 
17862 2179 2180 4102 4132 
17863 2066 2045 1975 4155 
17864 2200 2034 4114 4127 
17865 2545 2711 4114 4127 
17866 2691 2671 4088 4102 
17867 2160 2180 4088 4102 
17868 2539 4114 2546 4131 
17869 2689 2469 2813 4102 
17870 452 2131 4084 4091 
17871 451 4084 2642 4091 
17872 2800 2795 2458 4109 
17873 2026 4120 2413 4123 
17874 2122 1965 2740 4097 
17875 2802 2799 2442 4092 
17876 2464 2741 4124 4130 
17877 2813 4102 2814 4112 
17878 2143 2200 1959 4127 
17879 2470 2711 2654 4127 
17880 2615 2524 2513 4081 
17881 4118 4130 2197 4141 
17882 2708 4130 4118 4141 
17883 2603 4086 4084 4157 
17884 2073 4085 2082 4159 
17885 2028 4123 4114 4163 
17886 2162 2082 2073 4085 
17887 2593 2673 2584 4085 
17888 2559 2487 4149 4166 
17889 2124 2080 4103 4160 
17890 2635 4103 2591 4160 
17891 2724 4092 2710 4156 
17892 2483 4108 2800 4167 
17893 2811 1957 2192 4111 
17894 2603 2601 2642 4084 
17895 2090 2092 2131 4084 
17896 2547 2724 4127 4156 
17897 2811 4111 2817 4137 
17898 2792 2796 2806 4087 
17899 2227 4107 2089 4131 
17900 2731 4086 2677 4157 
17901 2599 2412 2461 4123 
17902 2694 4100 2561 4149 
17903 2056 1974 1980 4117 
17904 2485 2567 2491 4117 
17905 2545 4127 4114 4163 
17906 2066 2215 2045 4097 
17907 2194 4113 2157 4134 
17908 2705 2668 4113 4134 
17909 2042 4092 4129 4156 
17910 452 4084 451 4091 
17911 2672 2731 2677 4157 
17912 2227 2393 4107 4131 
17913 2680 2480 2634 4140 
17914 2474 4143 4115 4155 
17915 2782 4126 1970 4164 
17916 2785 2472 2770 4122 
17917 2771 2118 2787 4146 
17918 2806 2796 2713 4087 
17919 2798 4092 2199 4156 
17920 2564 2702 4089 4137 
17921 2744 2761 2116 4124 
17922 2766 2786 1961 4122 
17923 2018 1955 1973 4125 
17924 2484 2466 2529 4125 
17925 2727 4096 2657 4154 
17926 2194 2158 4133 4134 
17927 2669 2705 4133 4134 
17928 2474 2459 2810 4143 
17929 2476 2633 2753 4097 
17930 2127 2070 2581 4088 
17931 2435 2480 4140 4153 
17932 2408 2738 4107 4131 
17933 2680 2533 4094 4108 
17934 2169 4094 2022 4108 
17935 2739 2482 2757 4145 
17936 2713 2796 2467 4087 
17937 2113 4140 4119 4153 
17938 2820 2673 2674 4093 
17939 2138 2022 4142 4167 
17940 2564 4089 2563 4098 
17941 2052 4089 2053 4098 
17942 2539 2599 4123 4131 
17943 2797 2803 2202 4162 
17944 4114 4123 4110 4163 
17945 2434 2111 1969 4140 
17946 2743 2751 2087 4122 
17947 2149 4095 4139 4165 
17948 2040 4129 2150 4165 
17949 2127 2566 2055 4088 
17950 2731 2682 2602 4086 
17951 2062 4142 4109 4167 
17952 2442 2710 2664 4092 
17953 2153 2199 1931 4092 
17954 2392 2410 2682 4152 
17955 2713 2467 2571 4087 
17956 2146 2216 2226 4096 
17957 2163 2162 2821 4093 
17958 2766 2785 2770 4122 
17959 2087 2134 2743 4122 
17960 2186 4090 1989 4103 
17961 2697 2500 4090 4103 
17962 2413 4120 2537 4123 
17963 2691 4102 4088 4132 
17964 2816 2810 2811 4111 
17965 2168 4095 2152 4113 
17966 2679 2663 4095 4113 
17967 2061 4126 4116 4166 
17968 2489 2543 4109 4121 
17969 1978 4109 2032 4121 
17970 2676 2627 2482 4145 
17971 1965 4097 2066 4100 
17972 2577 4097 2476 4100 
17973 2075 4159 4118 4161 
17974 2663 4095 4113 4154 
17975 2822 2813 2469 4102 
17976 2457 2673 453 4085 
17977 454 2162 1946 4085 
17978 2557 2676 4115 4124 
17979 2046 4115 2165 4124 
17980 2432 2417 2420 4094 
17981 2680 4094 2480 4140 
17982 2654 4127 2724 4156 
17983 2577 4104 2495 4155 
17984 2820 2674 2815 4093 
17985 2538 2537 4120 4123 
17986 2027 4120 2026 4123 
17987 2547 4099 2724 4156 
17988 2540 2618 2548 4110 
17989 2107 2029 2037 4110 
17990 4086 4117 2672 4158 
17991 2538 4110 2539 4123 
17992 2027 2028 4110 4123 
17993 2152 2150 2153 4095 
17994 2645 2598 2743 4122 
17995 2672 4117 4086 4157 
17996 2437 2693 2438 4136 
17997 2676 4124 2627 4145 
17998 2190 2053 2052 4089 
17999 2701 2563 2564 4089 
18000 2709 2628 2557 4124 
18001 2117 2198 2046 4124 
18002 2812 4093 2815 4115 
18003 1959 452 2805 4091 
18004 452 2803 2792 4084 
18005 4088 4102 2180 4132 
18006 4093 4118 2082 4159 
18007 2784 2771 2767 4146 
18008 2585 2584 2583 4085 
18009 2433 2419 2622 4094 
18010 2797 4108 2796 4162 
18011 2585 2584 4085 4159 
18012 2806 451 2792 4084 
18013 2629 2765 2784 4164 
18014 1957 2191 2192 4111 
18015 2703 2702 2468 4111 
18016 2035 4131 2089 4150 
18017 1962 4105 2440 4153 
18018 2786 2086 1961 4122 
18019 2677 4086 2603 4157 
18020 2627 2464 2741 4124 
18021 4159 4160 2585 4161 
18022 2807 2814 2813 4102 
18023 1975 4143 4104 4155 
18024 4108 4142 2022 4167 
18025 2087 4100 2050 4122 
18026 2561 4100 2598 4122 
18027 2549 2724 4099 4156 
18028 2442 4092 2664 4154 
18029 2038 4129 4099 4156 
18030 1962 2113 1981 4105 
18031 2472 4116 2561 4122 
18032 2050 4116 1961 4122 
18033 2061 2049 4126 4166 
18034 2205 2191 2141 4126 
18035 2702 2716 2652 4126 
18036 2821 2808 2812 4093 
18037 2543 4106 2649 4142 
18038 2077 2079 1937 4161 
18039 2798 2794 2199 4092 
18040 1938 1979 2188 4101 
18041 2449 2699 2490 4101 
18042 2151 2149 2150 4095 
18043 2662 2661 2660 4095 
18044 2588 2448 2590 4161 
18045 2661 2551 2660 4129 
18046 2622 2419 2480 4094 
18047 2089 4131 4107 4150 
18048 2701 2652 2629 4089 
18049 2675 4084 4087 4157 
18050 2648 4110 2538 4120 
18051 2027 4110 2137 4120 
18052 2451 2173 2684 4120 
18053 2814 2178 1958 2819 
18054 2480 4094 2419 4140 
18055 2459 2486 2487 4104 
18056 2035 4114 2028 4131 
18057 2219 2766 1961 4116 
18058 2500 2456 2690 4090 
18059 2179 1945 1989 4090 
18060 2691 2576 2671 4102 
18061 2160 2065 2180 4102 
18062 2484 2813 2809 4112 
18063 2050 4149 1984 4166 
18064 2817 2703 2468 4111 
18065 1975 2045 4143 4155 
18066 2634 4140 2480 4153 
18067 2470 2804 451 4091 
18068 2064 2055 2566 4135 
18069 2649 4106 2715 4142 
18070 2397 2567 2396 4117 
18071 2397 2396 2056 4117 
18072 2782 2766 2219 4116 
18073 2467 4087 2796 4162 
18074 2543 2573 4109 4142 
18075 2138 4142 2062 4167 
18076 2792 451 452 4084 
18077 1976 4104 4111 4166 
18078 2561 2694 2598 4100 
18079 2087 2183 2050 4100 
18080 2676 2482 2726 4145 
18081 2808 454 453 4085 
18082 2704 2530 2466 4137 
18083 2028 2029 4110 4163 
18084 2794 2802 2801 4096 
18085 2141 4126 4089 4164 
18086 2442 2699 2802 4096 
18087 2467 2796 4108 4162 
18088 2088 2028 4123 4131 
18089 2801 2793 1947 4109 
18090 2559 2572 2560 4116 
18091 2662 2717 4138 4139 
18092 452 1952 2803 4084 
18093 2820 2808 453 4085 
18094 1965 2066 2183 4100 
18095 2577 2476 2694 4100 
18096 1984 4149 4104 4166 
18097 2481 2765 2629 4164 
18098 2131 1952 452 4084 
18099 2642 451 2463 4084 
18100 2585 2586 4159 4161 
18101 2073 2072 4085 4159 
18102 2806 2463 451 4084 
18103 2808 2821 454 4085 
18104 2822 2807 2813 4102 
18105 2500 2456 4090 4151 
18106 1989 4090 1945 4151 
18107 2083 2082 4093 4118 
18108 2594 4093 2593 4118 
18109 2406 1967 2227 4107 
18110 2782 2765 4126 4164 
18111 2420 2437 2430 4106 
18112 2150 4095 2149 4165 
18113 2782 2765 2779 4126 
18114 2046 4093 2163 4115 
18115 2674 4093 2557 4115 
18116 2798 2805 2791 4127 
18117 2054 2128 2033 4136 
18118 2544 2639 2565 4136 
18119 2442 2737 4096 4154 
18120 2531 2630 2119 4098 
18121 2716 2702 2560 4126 
18122 2205 2049 2191 4126 
18123 2782 1970 2783 4164 
18124 2054 2565 2128 4136 
18125 2665 2734 2223 4133 
18126 2705 4113 2679 4138 
18127 4114 4131 2035 4150 
18128 452 1959 2131 4091 
18129 2470 451 2642 4091 
18130 2798 2799 4092 4156 
18131 2800 2801 2795 4109 
18132 2420 2430 2432 4106 
18133 2589 2581 2078 4132 
18134 2545 2539 2540 4114 
18135 2113 2123 4119 4140 
18136 2393 2406 2227 4107 
18137 1984 2066 1975 4104 
18138 2422 2396 2736 4117 
18139 2225 2396 2422 4117 
18140 2634 4119 4140 4153 
18141 2045 4115 4143 4155 
18142 2049 4111 4126 4166 
18143 2655 4133 2705 4138 
18144 2711 4114 4091 4150 
18145 2168 2194 2144 4138 
18146 2434 2417 2111 4140 
18147 1989 2186 2211 4090 
18148 2500 2722 2697 4090 
18149 1962 2440 2113 4153 
18150 2674 2474 2815 4115 
18151 2603 4084 2675 4157 
18152 2692 2691 4088 4132 
18153 2417 4094 2111 4140 
18154 2590 2079 4141 4161 
18155 2467 2796 2483 4108 
18156 2751 2743 2760 4100 
18157 2080 2582 2591 4160 
18158 2701 2629 2465 4146 
18159 1954 2118 2190 4146 
18160 2760 2476 2758 4100 
18161 2697 4090 2589 4103 
18162 2078 4090 2186 4103 
18163 2815 2812 2808 4093 
18164 2546 4131 4114 4150 
18165 2040 2042 2150 4129 
18166 2551 2661 2553 4129 
18167 2812 2163 4093 4115 
18168 2050 2048 4116 4166 
18169 1981 2113 2123 4119 
18170 2533 2715 2680 4094 
18171 2169 2204 2022 4094 
18172 2074 4103 4159 4160 
18173 2539 2538 2540 4110 
18174 2027 2028 2029 4110 
18175 2761 2744 2741 4124 
18176 2539 2546 2599 4131 
18177 2787 2118 1954 4146 
18178 454 4085 1946 4151 
18179 2457 4085 453 4151 
18180 2656 2657 2668 4144 
18181 2145 2157 2146 4144 
18182 1964 2182 2069 4106 
18183 2580 2693 2475 4106 
18184 2416 1966 2171 4158 
18185 2021 2060 4119 4162 
18186 2397 2477 2567 4158 
18187 2481 4126 2765 4164 
18188 2690 2592 4090 4132 
18189 2800 2458 2688 4109 
18190 2740 2756 2122 4097 
18191 2138 2062 2022 4167 
18192 2657 4096 2737 4154 
18193 2193 2191 1957 4137 
18194 2082 2198 2083 4093 
18195 2709 2593 2594 4093 
18196 2551 2660 4129 4165 
18197 2188 2226 1931 4096 
18198 2442 2737 2699 4096 
18199 2493 2492 2491 4105 
18200 1982 1980 1981 4105 
18201 2649 2543 2580 4106 
18202 2032 2138 2069 4106 
18203 2199 4092 2042 4156 
18204 1947 4109 2793 4167 
18205 2815 2812 4115 4143 
18206 2181 4088 2180 4132 
18207 2798 4127 2791 4156 
18208 4114 4127 2034 4163 
18209 2430 2438 2182 4136 
18210 1950 2026 2413 4123 
18211 2036 4099 4127 4156 
18212 2581 4088 2070 4132 
18213 2601 2602 2478 4107 
18214 2119 4098 2630 4146 
18215 2031 1978 4121 4128 
18216 2489 2542 4121 4128 
18217 2592 2722 4090 4132 
18218 2590 2742 2527 4141 
18219 2757 4124 2744 4145 
18220 2168 2206 2151 4138 
18221 2394 2404 4123 4131 
18222 2800 2483 2796 4108 
18223 2392 4152 2682 4158 
18224 2016 2742 2079 4141 
18225 2486 2495 4104 4155 
18226 2798 2143 2805 4127 
18227 2179 4090 2081 4132 
18228 2575 2064 2566 4135 
18229 2628 2464 4124 4130 
18230 1953 2117 4124 4130 
18231 2663 4113 2727 4154 
18232 2179 2211 2081 4090 
18233 2592 2722 2690 4090 
18234 2404 2088 1950 4123 
18235 2800 2793 2801 4109 
18236 2798 2199 1951 4156 
18237 2435 2624 2480 4153 
18238 2487 4104 2495 4149 
18239 2597 2598 2645 4122 
18240 2134 2087 2086 4122 
18241 2654 2547 2724 4127 
18242 2472 2597 2770 4122 
18243 2730 2472 2779 4116 
18244 2642 2728 4091 4150 
18245 2020 2531 2119 4098 
18246 2782 2783 2765 4164 
18247 2492 4105 4119 4153 
18248 2576 2670 2671 4135 
18249 2160 2159 2065 4135 
18250 2467 2483 2532 4108 
18251 1978 2062 2032 4109 
18252 2489 2543 2573 4109 
18253 2423 2440 1962 4105 
18254 2576 4112 2670 4135 
18255 2159 4112 2065 4135 
18256 2573 2688 2458 4109 
18257 2785 2779 2472 4116 
18258 2634 2480 2624 4153 
18259 2800 4108 2796 4167 
18260 2600 4107 4131 4150 
18261 2073 2072 1946 4085 
18262 2583 2584 2457 4085 
18263 2437 2438 2430 4136 
18264 2441 4105 2473 4153 
18265 2036 4127 4099 4163 
18266 2045 2215 2165 4145 
18267 2395 2170 2681 4120 
18268 2215 4097 2122 4145 
18269 2588 2077 1937 4161 
18270 2757 2741 2744 4124 
18271 2122 2066 1965 4097 
18272 2476 2577 2633 4097 
18273 2725 4139 2659 4165 
18274 2680 2622 2480 4094 
18275 2081 4090 2211 4132 
18276 2798 2799 2794 4092 
18277 2742 2754 2079 4141 
18278 2408 2738 2478 4107 
18279 2742 2590 2754 4141 
18280 2677 2602 2603 4086 
18281 2166 2092 2091 4086 
18282 2481 2652 2716 4126 
18283 2559 4149 4116 4166 
18284 2734 2224 2223 4133 
18285 2182 2438 2136 4136 
18286 2559 2561 4116 4149 
18287 1966 2056 2161 4117 
18288 2792 2796 4087 4162 
18289 2727 2657 2737 4154 
18290 2708 2594 4118 4130 
18291 2197 4118 2083 4130 
18292 2484 2689 2813 4112 
18293 2798 1951 2143 4156 
18294 2019 2053 2193 4137 
18295 2435 2480 2419 4140 
18296 4087 4119 2060 4162 
18297 2798 2791 2799 4156 
18298 2141 4089 2190 4164 
18299 2019 2052 2053 4098 
18300 2564 2563 2530 4098 
18301 2534 2043 2554 4083 
18302 2188 1979 2146 4096 
18303 2699 2657 2490 4096 
18304 2412 2394 2404 4123 
18305 2735 4138 2717 4139 
18306 2532 2634 2571 4119 
18307 2123 2021 2060 4119 
18308 2193 2053 2191 4137 
18309 2766 2770 2786 4122 
18310 2461 2413 2537 4123 
18311 2547 2549 2724 4099 
18312 2585 2586 2584 4159 
18313 2417 2433 2420 4094 
18314 2725 2659 4148 4165 
18315 2408 2394 2738 4131 
18316 2410 2408 2478 4107 
18317 2760 2598 2476 4100 
18318 2798 2143 4127 4156 
18319 2659 2551 4148 4165 
18320 2046 2198 2163 4093 
18321 2674 2709 2557 4093 
18322 2821 2812 2163 4093 
18323 2564 2702 2652 4089 
18324 2141 2191 2053 4089 
18325 2658 2147 2735 4139 
18326 2219 1961 2061 4116 
18327 2572 2472 2730 4116 
18328 2074 4160 4159 4161 
18329 2599 2738 2394 4131 
18330 2423 2473 2441 4105 
18331 2227 1967 2089 4107 
18332 2738 2600 2478 4107 
18333 2448 1937 2590 4161 
18334 2039 4099 2038 4129 
18335 2550 2549 4099 4129 
18336 1973 4112 2063 4125 
18337 2574 4112 2484 4125 
18338 2224 2206 4138 4139 
18339 1969 305 2434 4140 
18340 2038 4099 2036 4156 
18341 2799 2802 2794 4092 
18342 2021 2169 2022 4108 
18343 2680 2532 2533 4108 
18344 453 2456 2457 4151 
18345 454 1946 1945 4151 
18346 2690 2691 2592 4132 
18347 2394 2407 2404 4131 
18348 2037 4099 2039 4147 
18349 2548 2550 4099 4147 
18350 2817 2810 2703 4111 
18351 2785 2766 2779 4116 
18352 2465 2629 2767 4146 
18353 1962 1980 1974 4105 
18354 2485 2491 2473 4105 
18355 2409 4152 2392 4158 
18356 2037 2036 4099 4163 
18357 1971 2759 2116 4145 
18358 2152 2168 2151 4095 
18359 2663 2662 2679 4095 
18360 2035 2028 2088 4131 
18361 2724 2553 2710 4092 
18362 453 2822 2456 4151 
18363 2072 2074 4103 4159 
18364 2468 2702 2704 4137 
18365 2039 4148 4129 4165 
18366 2433 2622 393 2475 
18367 2705 2669 2668 4134 
18368 2158 2194 2157 4134 
18369 2600 4131 2546 4150 
18370 2647 2438 2693 4136 
18371 2182 1964 2432 2430 
18372 2178 1973 2814 4112 
18373 2193 1957 2811 4137 
18374 1952 2092 2164 4084 
18375 2603 2463 2675 4084 
18376 2788 2790 2017 4146 
18377 2138 2204 1964 4106 
18378 2715 2649 2475 4106 
18379 2182 2136 2069 4136 
18380 2647 2693 2580 4136 
18381 2393 2408 4107 4131 
18382 2451 2681 2170 4120 
18383 2075 4118 2085 4161 
18384 2697 2583 2500 4103 
18385 2072 2186 1989 4103 
18386 2753 2756 4097 4145 
18387 2756 2122 4097 4145 
18388 1982 2161 1980 4117 
18389 2491 2672 2493 4117 
18390 2676 2556 2557 4115 
18391 2045 2165 2046 4115 
18392 2216 2168 2152 4113 
18393 2679 2727 2663 4113 
18394 2128 2565 2639 4136 
18395 2545 2654 2711 4127 
18396 2034 2200 2143 4127 
18397 2571 2675 4087 4157 
18398 454 1945 2819 4151 
18399 2036 2034 4127 4163 
18400 2550 2551 4129 4148 
18401 1982 2060 2164 4087 
18402 2486 2577 2495 4155 
18403 2423 2440 4105 4153 
18404 2593 2674 2673 4093 
18405 2163 2082 2162 4093 
18406 2666 2665 2155 4134 
18407 453 4085 454 4151 
18408 2483 2533 4108 4142 
18409 2177 1947 2793 4167 
18410 2159 2063 4112 4135 
18411 2670 4112 2574 4135 
18412 2500 2457 2456 4151 
18413 1946 1989 1945 4151 
18414 2113 305 1969 4140 
18415 2042 2038 2213 4156 
18416 452 451 2791 4091 
18417 2492 4119 2634 4153 
18418 1967 2090 4107 4152 
18419 2814 2809 2813 4112 
18420 2213 2199 2042 4156 
18421 2071 2077 2588 4160 
18422 2085 4118 4141 4161 
18423 2116 2744 4124 4145 
18424 2179 2081 2180 4132 
18425 1955 2193 2818 4137 
18426 2791 2805 452 4091 
18427 2205 2061 2049 4126 
18428 2560 2572 2716 4126 
18429 2812 1963 2163 4115 
18430 2036 4127 2143 4156 
18431 2638 2733 2566 4088 
18432 2127 2055 2222 4088 
18433 2473 4105 2492 4153 
18434 2493 4117 2672 4157 
18435 2681 2451 2684 4120 
18436 2779 2766 2782 4116 
18437 2692 2733 2638 4088 
18438 2181 2127 2222 4088 
18439 1956 1972 2797 4162 
18440 1961 2050 2048 4116 
18441 2559 2561 2472 4116 
18442 1971 2215 2122 4145 
18443 2410 2406 4107 4152 
18444 2666 4134 2155 4144 
18445 2711 4091 2728 4150 
18446 2075 2082 4118 4159 
18447 2578 4101 2490 4144 
18448 1979 4101 2067 4144 
18449 2033 4121 2069 4136 
18450 2580 4121 2544 4136 
18451 2704 2466 2809 4137 
18452 338 339 2112 2777 
18453 425 424 2623 2777 
18454 2793 2797 1972 4167 
18455 2530 2704 2564 4137 
18456 2461 2539 2599 4123 
18457 1950 2088 2028 4123 
18458 2564 2704 2702 4137 
18459 2504 1993 1994 4082 
18460 2505 2504 1994 4082 
18461 2800 2796 2793 4167 
18462 2767 2771 2787 4146 
18463 2412 2413 2461 4123 
18464 1993 2504 2503 4082 
18465 2416 2397 1966 4158 
18466 2223 2154 2665 4133 
18467 2179 2180 1958 4102 
18468 2690 2469 2691 4102 
18469 2178 2065 1973 4112 
18470 2484 2576 2689 4112 
18471 2812 1963 4115 4143 
18472 2590 2079 2754 4141 
18473 2817 2811 2810 4111 
18474 2692 4088 2581 4132 
18475 2791 451 2804 4091 
18476 2598 2645 2743 2760 
18477 2708 4118 2596 4141 
18478 2085 4118 2197 4141 
18479 2769 2086 2786 4122 
18480 2070 4088 2181 4132 
18481 2769 2597 2645 4122 
18482 1976 4104 1975 4143 
18483 1992 1993 2503 4082 
18484 2584 2673 2457 4085 
18485 1946 2162 2073 4085 
18486 2627 2628 2464 4124 
18487 1953 2117 2116 4124 
18488 2505 1994 1992 4082 
18489 2663 2661 4095 4154 
18490 2534 2023 2043 4083 
18491 2220 4086 2091 4152 
18492 1963 2046 2163 4115 
18493 2674 2557 2474 4115 
18494 2738 2599 2600 4131 
18495 2487 2495 2559 4149 
18496 2596 4141 4118 4161 
18497 2648 2618 2538 4110 
18498 2137 2027 2107 4110 
18499 2418 2434 305 4140 
18500 2756 1971 2122 4145 
18501 2488 4101 2578 4128 
18502 1977 2067 4101 4128 
18503 2505 1992 2503 4082 
18504 422 423 2776 2643 
18505 336 337 2132 2776 
18506 2419 4094 2417 4140 
18507 2534 2498 2023 4083 
18508 2205 4126 2141 4164 
18509 2513 2013 2002 4081 
18510 2134 2086 2769 4122 
18511 302 301 1983 2402 
18512 388 387 2402 2494 
18513 2155 4134 2156 4144 
18514 2667 4134 2666 4144 
18515 2050 1984 2048 4166 
18516 2711 2546 4114 4150 
18517 2524 2013 2513 4081 
18518 2013 2524 2104 4081 
18519 2038 2042 2040 4129 
18520 2551 2553 2549 4129 
18521 2722 2500 2690 4090 
18522 2179 1989 2211 4090 
18523 2018 1973 2063 4125 
18524 2574 2484 2529 4125 
18525 2660 2659 4139 4165 
18526 1976 4111 2049 4166 
18527 2134 2769 2743 4122 
18528 2423 4105 2441 4153 
18529 2433 2417 2419 4094 
18530 2481 2716 2572 4126 
18531 1970 2061 2205 4126 
18532 2588 1937 2448 4161 
18533 2586 2596 4118 4161 
18534 2645 2743 2769 4122 
18535 2472 2561 2597 4122 
18536 2050 1961 2086 4122 
18537 2664 2710 2553 4092 
18538 2042 2199 2153 4092 
18539 2589 2697 2722 4090 
18540 2211 2186 2078 4090 
18541 2023 1987 2043 4083 
18542 2672 4117 2567 4158 
18543 2571 2493 2675 4157 
18544 2599 2546 2600 4131 
18545 1977 1979 1938 4101 
18546 2488 2449 2490 4101 
18547 2420 2433 393 2475 
18548 418 2633 2482 2739 
18549 2217 2131 2200 4091 
18550 2728 2711 2642 4091 
18551 2087 2751 1965 4100 
18552 2038 2037 2036 4099 
18553 2548 2549 2547 4099 
18554 424 423 2479 2772 
18555 337 338 1968 2772 
18556 2701 2564 2652 4089 
18557 2053 2190 2141 4089 
18558 2192 2191 2049 4111 
18559 2702 2703 2560 4111 
18560 331 2116 1971 2759 
18561 2113 2418 4140 4153 
18562 2740 2753 2756 4097 
18563 2410 2406 2408 4107 
18564 2036 2034 2143 4127 
18565 2545 2547 2654 4127 
18566 2220 2166 2091 4086 
18567 2677 2731 2602 4086 
18568 2469 2576 2691 4102 
18569 2180 2065 1958 4102 
18570 2146 1979 2145 4144 
18571 2490 2657 2656 4144 
18572 2416 2409 2392 4158 
18573 300 299 1939 2401 
18574 386 385 2401 2450 
18575 2686 2550 4147 4148 
18576 2175 4147 2039 4148 
18577 2030 1977 1978 4128 
18578 2489 2488 2541 4128 
18579 417 2482 2627 2757 
18580 2448 2763 326 1937 
18581 2571 2634 2492 4119 
18582 2060 1981 2123 4119 
18583 2131 2092 1952 4084 
18584 2642 2463 2603 4084 
18585 2601 4107 2600 4150 
18586 2492 2473 2491 4105 
18587 1962 1981 1980 4105 
18588 2815 2810 2812 4143 
18589 2537 2648 2538 4120 
18590 2026 2027 2137 4120 
18591 2113 2418 305 4140 
18592 2677 2603 2675 4157 
18593 2127 2566 2638 2126 
18594 2639 2666 2155 4128 
18595 2665 2154 2155 4134 
18596 2202 4087 2060 4162 
18597 2408 2406 2393 4107 
18598 2172 2683 2684 4147 
18599 2039 4129 2040 4165 
18600 2045 4115 1963 4143 
18601 2759 1971 2756 4145 
18602 2588 2582 2071 4160 
18603 2589 4090 2722 4132 
18604 2498 1987 2023 4083 
18605 320 319 2133 2747 
18606 406 405 2747 2644 
18607 2192 2049 1976 4111 
18608 2560 2703 2487 4111 
18609 306 1969 2434 2111 
18610 2104 2524 2615 4081 
18611 2116 4124 2165 4145 
18612 2713 2571 2675 4087 
18613 2751 2740 1965 4100 
18614 2765 434 2629 2784 
18615 2538 2461 2537 4123 
18616 1950 2027 2026 4123 
18617 2078 2211 4090 4132 
18618 2195 2197 4130 4141 
18619 2708 2706 4130 4141 
18620 2557 2628 2676 4124 
18621 2046 2165 2117 4124 
18622 400 401 2426 2453 
18623 314 315 1942 2426 
18624 2735 2224 4138 4139 
18625 2088 2404 292 2407 
18626 2061 4116 2048 4166 
18627 2116 2759 2744 4145 
18628 323 322 1943 2750 
18629 409 408 2750 2454 
18630 2726 4097 2577 4155 
18631 2164 2060 2202 4087 
18632 2615 2513 2002 4081 
18633 2080 2591 2589 4103 
18634 2586 2594 2593 4118 
18635 2083 2075 2082 4118 
18636 2214 4148 2148 4165 
18637 2545 2711 2546 4114 
18638 2200 2034 2035 4114 
18639 2418 2113 2440 4153 
18640 2188 2146 2226 4096 
18641 2737 2657 2699 4096 
18642 2055 4088 2566 4135 
18643 2151 2150 2152 4095 
18644 2661 2662 2663 4095 
18645 2031 1978 2032 4121 
18646 2489 2542 2543 4121 
18647 2543 2544 2580 4121 
18648 2033 2032 2069 4121 
18649 2413 2404 1950 4123 
18650 2088 2407 2393 4131 
18651 2788 2017 2528 4146 
18652 2671 2692 2691 4088 
18653 2181 2160 2180 4088 
18654 2062 4109 1947 4167 
18655 2089 1967 2090 4107 
18656 2601 2478 2600 4107 
18657 2075 2076 4159 4161 
18658 2770 2597 2769 4122 
18659 1967 4107 2406 4152 
18660 2039 2037 2038 4099 
18661 2550 2549 2548 4099 
18662 442 2795 2449 2458 
18663 2216 2194 2168 4113 
18664 2679 2705 2727 4113 
18665 1984 4104 1976 4166 
18666 2087 2050 2086 4122 
18667 2597 2561 2598 4122 
18668 2680 2715 2622 4094 
18669 2111 2204 2169 4094 
18670 2655 2705 2679 4138 
18671 2458 2489 2573 4109 
18672 1978 1947 2062 4109 
18673 20 302 2208 2398 
18674 26 388 2398 2719 
18675 318 21 2207 2424 
18676 405 26 2748 2719 
18677 319 20 2208 2748 
18678 21 336 2207 2775 
18679 2531 2020 2119 2562 
18680 2119 2528 2017 4146 
18681 2021 4108 1972 4162 
18682 384 385 2700 2400 
18683 299 298 2189 2400 
18684 1984 1975 1976 4104 
18685 2486 2495 2487 4104 
18686 2415 2477 2397 4158 
18687 2638 2581 2127 2126 
18688 2419 2417 2434 4140 
18689 387 386 2403 2625 
18690 301 300 2114 2403 
18691 2038 2036 2213 4156 
18692 2763 326 412 2448 
18693 2599 2738 377 2394 
18694 2464 2706 2741 4130 
18695 2118 2141 2190 4164 
18696 2801 355 2794 2188 
18697 1957 2193 2811 2818 
18698 2574 2670 2576 4112 
18699 2159 2063 2065 4112 
18700 2028 4114 2034 4163 
18701 2051 2064 2562 4135 
18702 1967 2091 2090 4152 
18703 357 2793 2797 1972 
18704 2633 418 2753 2739 
18705 321 320 1960 2749 
18706 407 406 2749 2471 
18707 2580 2475 2649 4106 
18708 2069 2138 1964 4106 
18709 2762 4130 2706 4141 
18710 2393 2227 2088 4131 
18711 2618 2540 2538 4110 
18712 2107 2027 2029 4110 
18713 2037 2029 2036 4163 
18714 1964 2111 307 2432 
18715 1976 1975 1948 4143 
18716 2556 2474 4115 4155 
18717 2786 1961 351 2766 
18718 2735 2147 2224 4139 
18719 2178 364 1958 2819 
18720 2202 1956 2797 4162 
18721 2136 2438 2421 4136 
18722 426 425 2447 2774 
18723 339 340 1936 2774 
18724 2663 2664 2661 4154 
18725 2086 1961 351 2786 
18726 2708 2628 2594 4130 
18727 2197 2083 2117 4130 
18728 2528 2119 2630 4146 
18729 1969 2169 2123 4140 
18730 1937 2754 2590 2079 
18731 2484 449 2466 2809 
18732 408 407 2745 2621 
18733 322 321 2110 2745 
18734 434 2629 2481 2765 
18735 2533 2649 2715 4142 
18736 2104 2615 2002 4081 
18737 2669 4133 2665 4134 
18738 2154 4133 2158 4134 
18739 317 318 2108 2428 
18740 404 403 2619 2428 
18741 2753 2739 2756 4145 
18742 2492 2634 2624 4153 
18743 2811 2818 2193 4137 
18744 433 2767 2629 2784 
18745 2435 4140 2418 4153 
18746 2215 2066 2122 4097 
18747 2577 2726 2633 4097 
18748 2213 1951 2199 4156 
18749 2089 2088 2227 4131 
18750 2793 4109 2800 4167 
18751 2662 2717 2679 4138 
18752 2456 30 453 2457 
18753 1946 24 454 1945 
18754 1972 2797 357 1956 
18755 2022 1972 4108 4167 
18756 2408 377 2738 2394 
18757 2601 2600 2728 4150 
18758 2475 394 2437 2693 
18759 2692 2592 2691 4132 
18760 2589 4090 2078 4103 
18761 2478 2682 375 2410 
18762 2665 4133 2154 4134 
18763 383 384 2695 2399 
18764 298 297 2184 2399 
18765 426 427 2773 2579 
18766 340 341 2068 2773 
18767 2188 355 2794 1931 
18768 2040 2150 2149 4165 
18769 2031 2030 1978 4128 
18770 2489 2541 2542 4128 
18771 2163 2198 2082 4093 
18772 2593 2709 2674 4093 
18773 2465 2563 2701 4146 
18774 2190 2052 1954 4146 
18775 2768 2790 2017 2788 
18776 2127 2181 2070 4088 
18777 2692 2638 2581 4088 
18778 1972 2021 2022 4108 
18779 2533 2532 2483 4108 
18780 2483 2573 2533 4142 
18781 1959 2200 2131 4091 
18782 2470 2642 2711 4091 
18783 2048 2061 1961 4116 
18784 2559 2472 2572 4116 
18785 2498 2534 2554 4083 
18786 27 404 2718 2424 
18787 27 422 2775 2718 
18788 2071 2582 2080 4160 
18789 2482 417 2739 2757 
18790 2461 2538 2539 4123 
18791 2027 1950 2028 4123 
18792 2474 446 2815 2810 
18793 2124 4103 2074 4160 
18794 2585 4103 2635 4160 
18795 2035 2088 2089 4131 
18796 2760 2758 2751 4100 
18797 2216 2157 2194 4113 
18798 2727 2705 2668 4113 
18799 2468 2704 2817 4137 
18800 2036 2143 2213 4156 
18801 2767 2788 2465 4146 
18802 2213 2143 1951 4156 
18803 2160 2181 2222 4088 
18804 2692 2671 2733 4088 
18805 2477 2672 2567 4158 
18806 2087 1965 2183 4100 
18807 2694 2476 2598 4100 
18808 2061 2048 2049 4166 
18809 2161 2056 1980 4117 
18810 2491 2567 2672 4117 
18811 2753 2476 419 2633 
18812 333 1965 2740 2122 
18813 2757 2744 2739 4145 
18814 2624 2473 2492 4153 
18815 1963 2045 2046 4115 
18816 2557 2556 2474 4115 
18817 378 2461 2599 2412 
18818 2812 2810 2816 4143 
18819 2792 2797 2796 4162 
18820 449 2484 2813 2809 
18821 2462 2804 439 2654 
18822 1970 4126 2205 4164 
18823 361 2192 2816 2811 
18824 1959 23 452 2131 
18825 2642 29 451 2470 
18826 2642 451 29 2463 
18827 1952 452 23 2131 
18828 2134 2086 2786 2769 
18829 354 2794 1931 2199 
18830 2434 2417 306 2111 
18831 401 402 2427 2732 
18832 315 316 2221 2427 
18833 2227 2406 290 1967 
18834 2764 4130 2762 4141 
18835 2761 2764 1953 4130 
18836 2760 2476 420 2758 
18837 1971 332 2756 2122 
18838 1961 2219 350 2766 
18839 2175 2107 2037 4147 
18840 2548 2618 2686 4147 
18841 2655 2669 2705 4133 
18842 2194 2158 2144 4133 
18843 2488 2490 2578 4101 
18844 1977 2067 1979 4101 
18845 2435 391 2480 2624 
18846 2785 2730 436 2472 
18847 2081 2181 2180 4132 
18848 2758 2476 419 2753 
18849 324 323 2125 2746 
18850 410 409 2746 2636 
18851 1950 2404 292 2088 
18852 2394 378 2599 2412 
18853 2704 2809 2817 4137 
18854 316 317 1949 2429 
18855 402 403 2429 2460 
18856 2195 4130 2764 4141 
18857 2116 331 2744 2759 
18858 2188 2801 355 1938 
18859 2085 4141 2079 4161 
18860 2762 2527 2742 4141 
18861 2795 442 2800 2458 
18862 2028 2035 2034 4114 
18863 2539 2545 2546 4114 
18864 1971 2756 332 2759 
18865 400 399 2631 2425 
18866 313 314 2120 2425 
18867 2442 2799 440 2710 
18868 2682 2392 375 2410 
18869 2731 2672 2477 4158 
18870 2779 2730 436 2785 
18871 2697 2589 2591 4103 
18872 2078 2186 2080 4103 
18873 2639 2578 2666 4128 
18874 2155 2067 2128 4128 
18875 2076 4160 2074 4161 
18876 2113 1969 2123 4140 
18877 2594 2596 2708 4118 
18878 2083 2197 2085 4118 
18879 2202 2797 358 2803 
18880 2816 360 2812 4143 
18881 2214 4139 2725 4165 
18882 2734 2735 2224 4133 
18883 2647 2565 2438 4136 
18884 326 2755 2448 1937 
18885 2442 2664 2737 4154 
18886 2111 2417 307 2432 
18887 2395 2414 2681 2170 
18888 2171 2220 2091 4152 
18889 2785 2779 2730 2472 
18890 2676 2628 2627 4124 
18891 2117 2165 2116 4124 
18892 2177 356 2793 1947 
18893 2588 2591 2582 4160 
18894 2071 2080 2077 4160 
18895 2017 2768 2788 2528 
18896 2554 2043 1987 4083 
18897 2794 354 2798 2199 
18898 2076 2079 2077 4161 
18899 2628 2708 2464 4130 
18900 1953 2197 2117 4130 
18901 2025 2223 2734 2224 
18902 2076 2074 4159 4161 
18903 1948 360 2816 4143 
18904 2116 2165 1971 4145 
18905 2393 2406 290 2227 
18906 446 2474 2459 2810 
18907 2758 2740 2751 4100 
18908 2551 2659 2660 4165 
18909 2062 1947 2177 4167 
18910 2078 4090 2589 4132 
18911 2662 2660 2717 4139 
18912 2206 2149 2151 4139 
18913 2543 2649 2573 4142 
18914 2168 2144 2206 4138 
18915 2574 2576 2484 4112 
18916 1973 2065 2063 4112 
18917 443 2688 2483 2800 
18918 2392 2682 2415 4158 
18919 2076 2077 4160 4161 
18920 2075 2085 2076 4161 
18921 2665 2129 2154 2025 
18922 2423 2441 2440 4153 
18923 2476 420 2598 2760 
18924 435 2481 2730 2765 
18925 2565 2455 2054 2128 
18926 2214 2725 4148 4165 
18927 2419 391 2480 2435 
18928 1954 2790 2787 4146 
18929 2124 2077 2080 4160 
18930 2635 2591 2588 4160 
18931 2452 430 429 2781 
18932 2781 344 343 1941 
18933 2219 2782 350 2766 
18934 2639 2155 2128 4128 
18935 2214 2147 4139 4165 
18936 2039 2038 2040 4129 
18937 2550 2551 2549 4129 
18938 2483 443 2800 2796 
18939 2756 333 2740 2122 
18940 412 326 2755 2448 
18941 2451 2173 2172 2684 
18942 2477 2682 2731 4158 
18943 2124 2072 2074 4103 
18944 2635 2585 2583 4103 
18945 453 2807 2822 4151 
18946 2137 2173 2170 4120 
18947 2648 2681 2684 4120 
18948 2590 4141 2596 4161 
18949 2738 2478 376 2408 
18950 2408 2478 376 2410 
18951 1953 2116 330 2761 
18952 2437 2420 394 2475 
18953 2224 2144 4133 4138 
18954 2419 2418 2435 4140 
18955 1956 2021 1972 4162 
18956 2393 2407 2394 4131 
18957 2683 4147 2172 4148 
18958 2807 454 2819 4151 
18959 2733 2566 4088 4135 
18960 2222 4088 2055 4135 
18961 2075 2083 2085 4118 
18962 2586 2596 2594 4118 
18963 2051 2063 2064 4135 
18964 2575 2574 2562 4135 
18965 2587 2585 4160 4161 
18966 2801 2793 356 1947 
18967 2704 2466 448 2809 
18968 2393 2394 2408 4131 
18969 2588 2590 2587 4161 
18970 334 1965 2087 2751 
18971 2088 291 2393 2407 
18972 308 2182 1964 2432 
18973 2031 4121 2128 4128 
18974 2639 4121 2542 4128 
18975 2192 361 1957 2811 
18976 2681 2414 2451 2170 
18977 2119 2052 4098 4146 
18978 2630 4098 2563 4146 
18979 2779 435 2730 2765 
18980 2735 4133 2655 4138 
18981 2550 2659 2551 4148 
18982 1972 2177 2793 4167 
18983 2116 2744 330 2761 
18984 2667 2668 2669 4134 
18985 2158 2157 2156 4134 
18986 2415 2682 2477 4158 
18987 2413 2026 2395 4120 
18988 2585 2587 2586 4161 
18989 1963 2812 360 4143 
18990 364 2178 2814 2819 
18991 2028 2034 2029 4163 
18992 433 2767 2465 2629 
18993 2817 2704 448 2809 
18994 1935 2452 2781 1941 
18995 1975 2045 1963 4143 
18996 2793 357 2177 1972 
18997 2624 2441 2473 4153 
18998 2656 2578 2490 4144 
18999 2145 1979 2067 4144 
19000 2488 2578 2541 4128 
19001 1977 2030 2067 4128 
19002 2711 2728 2546 4150 
19003 2080 2589 2078 4103 
19004 2409 2171 289 4152 
19005 2445 382 383 2405 
19006 297 296 1934 2405 
19007 2215 1971 2165 4145 
19008 2227 291 2393 2088 
19009 2556 2486 2474 4155 
19010 1956 2797 358 2202 
19011 2822 30 453 2456 
19012 2064 2575 2562 4135 
19013 2663 2727 2737 4154 
19014 2202 2060 1956 4162 
19015 2733 2671 2566 4135 
19016 2222 2055 2160 4135 
19017 2741 2706 2762 4130 
19018 2446 1935 2452 2781 
19019 2413 2395 2537 4120 
19020 2404 2413 2412 4123 
19021 2769 2786 2770 4122 
19022 1948 1963 360 4143 
19023 2432 308 2182 2430 
19024 2145 2155 2156 4144 
19025 2656 2667 2666 4144 
19026 2759 2739 2744 4145 
19027 2197 1953 2195 4130 
19028 2708 2706 2464 4130 
19029 1970 349 2782 2783 
19030 353 2805 2798 2143 
19031 2214 2147 2658 4139 
19032 289 2171 1967 4152 
19033 2684 2686 2618 4147 
19034 2107 2175 2173 4147 
19035 2155 2154 2156 4134 
19036 2667 2665 2666 4134 
19037 2037 2039 2175 4147 
19038 2548 2686 2550 4147 
19039 443 2483 2467 2796 
19040 2819 454 24 1945 
19041 2810 2703 447 2817 
19042 2424 21 2207 2775 
19043 2748 26 2398 2719 
19044 2748 2398 20 2208 
19045 2025 2735 2041 2224 
19046 2761 2741 2764 4130 
19047 2804 439 2799 2462 
19048 2193 1957 362 2818 
19049 2406 2409 289 4152 
19050 414 2742 2527 2590 
19051 2597 438 2769 2645 
19052 2598 421 2645 2760 
19053 2192 1948 361 2816 
19054 2410 2392 2406 4152 
19055 1970 2782 349 2219 
19056 444 2713 2806 2796 
19057 2759 2756 2739 4145 
19058 447 2459 2703 2810 
19059 2392 2415 2416 4158 
19060 2565 2455 2128 2639 
19061 2155 2129 2666 2639 
19062 334 1965 2751 2740 
19063 2070 2127 2581 2126 
19064 2556 2726 2577 4155 
19065 1938 2801 356 1947 
19066 2073 2074 2072 4159 
19067 2439 2455 397 1944 
19068 2822 450 2469 2813 
19069 440 2802 2799 2442 
19070 2765 2771 2784 4164 
19071 1967 2406 289 4152 
19072 2575 1985 2064 2452 
19073 1987 2498 2554 4083 
19074 2586 2587 2596 4161 
19075 2148 4148 2039 4165 
19076 347 2787 2771 2118 
19077 2770 438 2769 2597 
19078 2787 2790 2767 4146 
19079 2080 2582 2589 2591 
19080 2588 2587 4160 4161 
19081 442 2688 2800 2458 
19082 2495 2694 2561 4149 
19083 2768 2017 1941 2528 
19084 2755 2754 413 2448 
19085 1951 353 2798 2143 
19086 2441 2624 2435 4153 
19087 2448 2754 2590 1937 
19088 2493 2672 2677 4157 
19089 2209 381 295 2414 
19090 1970 348 2783 4164 
19091 2055 2566 2127 2126 
19092 2762 2706 2527 4141 
19093 1959 452 23 2805 
19094 449 2484 2689 2813 
19095 2544 2542 2639 4121 
19096 2031 2033 2128 4121 
19097 2699 2802 441 2442 
19098 1944 2054 2455 2128 
19099 2084 2588 2077 1937 
19100 2060 2021 1956 4162 
19101 2658 2735 2717 4139 
19102 2224 2147 2206 4139 
19103 2786 352 2086 2134 
19104 2820 445 2674 2673 
19105 2424 2718 27 2775 
19106 2635 2583 2697 4103 
19107 2072 2124 2186 4103 
19108 2686 4147 2683 4148 
19109 2172 4147 2175 4148 
19110 1952 23 452 2803 
19111 2470 29 451 2804 
19112 2414 295 2209 1940 
19113 2448 2755 2754 1937 
19114 2075 2073 2082 4159 
19115 445 2815 2820 2674 
19116 2463 451 29 2806 
19117 359 2821 2163 2162 
19118 2084 2588 2071 2077 
19119 2811 362 1957 2818 
19120 1953 2764 2195 4130 
19121 1970 2118 348 4164 
19122 430 2452 2780 2781 
19123 2781 2780 344 1941 
19124 1984 1976 2048 4166 
19125 2742 2764 2762 4141 
19126 2639 2541 2578 4128 
19127 2067 2030 2128 4128 
19128 2426 314 400 1942 
19129 312 313 1933 2431 
19130 383 297 2445 2405 
19131 2689 2469 450 2813 
19132 1970 2205 2141 4164 
19133 2686 2684 2683 4147 
19134 2172 2173 2175 4147 
19135 2451 381 2720 2414 
19136 398 399 2431 2444 
19137 2817 2818 2811 4137 
19138 2128 2455 2129 2639 
19139 2474 2815 446 2674 
19140 304 1962 2440 2113 
19141 414 2742 2590 2754 
19142 2787 347 1954 2118 
19143 2714 2763 2448 1937 
19144 2421 2565 2455 2054 
19145 2128 4121 2639 4128 
19146 2085 2079 2076 4161 
19147 2735 2025 2734 2224 
19148 2530 4098 2531 4125 
19149 2019 2020 4098 4125 
19150 2817 2809 2818 4137 
19151 2720 2451 2414 1940 
19152 2592 2589 2722 4132 
19153 2453 2426 400 1942 
19154 2078 2581 2554 2070 
19155 2209 295 381 2411 
19156 2022 2062 1972 4167 
19157 2703 2468 447 2817 
19158 2199 354 2798 1951 
19159 1941 2020 2051 2562 
19160 2195 2016 2197 4141 
19161 2708 2527 2706 4141 
19162 322 408 2454 2750 
19163 1934 2445 297 2405 
19164 325 324 1932 2752 
19165 2752 411 410 2443 
19166 2713 444 2467 2796 
19167 2649 2533 2573 4142 
19168 2600 2546 2728 4150 
19169 2805 353 1959 2143 
19170 2822 2469 450 2456 
19171 2455 2128 2129 1944 
19172 2577 2486 2556 4155 
19173 2788 2528 2465 4146 
19174 2454 1943 322 2750 
19175 2658 2659 2725 4139 
19176 2036 2029 2034 4163 
19177 2224 4133 2735 4138 
19178 2129 2155 2666 2665 
19179 2509 2513 2002 2510 
19180 1999 2509 2002 2510 
19181 1998 2509 2002 1999 
19182 2510 1999 2509 1997 
19183 2002 2509 2514 2513 
19184 1998 2509 1999 1997 
19185 2506 1998 1997 2509 
19186 2509 2002 2514 1998 
19187 2508 2510 2509 1997 
19188 2508 2509 2506 1997 
19189 2514 2003 1998 2002 
19190 1998 2506 1997 1995 
19191 2041 2658 2214 2147 
19192 2511 2508 2507 2000 
19193 1995 2507 2504 2506 
19194 425 339 2777 2112 
19195 2508 1997 2507 2000 
19196 2506 1997 2507 2508 
19197 453 454 2807 4151 
19198 1997 2506 2507 1995 
19199 2507 1995 2504 1996 
19200 1998 2609 2514 2509 
19201 2003 1998 2098 2514 
19202 1995 1996 1993 2504 
19203 1997 2507 2000 1996 
19204 2507 1997 1995 1996 
19205 2012 2522 2505 2011 
19206 2609 1998 2514 2098 
19207 2609 2012 2523 2505 
19208 2609 2098 2012 2505 
19209 2505 1995 2504 2506 
19210 2522 2523 2012 2505 
19211 2505 2098 2012 1994 
19212 2609 1998 2506 2509 
19213 1994 2012 2505 2011 
19214 1999 2006 2100 2510 
19215 2506 1995 2609 2505 
19216 2504 1993 1995 1994 
19217 1995 2505 2504 1994 
19218 2506 1995 1998 2609 
19219 2006 2517 2100 2510 
19220 2505 2098 1995 2609 
19221 381 2209 2720 2414 
19222 2098 1998 1995 2609 
19223 2511 2611 2508 2000 
19224 1997 2508 2611 2000 
19225 2098 2505 1995 1994 
19226 2517 2611 2100 2510 
19227 1997 2611 2100 2000 
19228 2100 1999 2510 1997 
19229 2611 2510 2508 1997 
19230 2171 2091 1967 4152 
19231 2507 2511 2000 2512 
19232 2203 326 2763 1937 
19233 2771 2783 348 4164 
19234 1996 2507 2000 2512 
19235 2510 2611 2100 1997 
19236 2011 2522 2505 1992 
19237 2606 1996 2507 2504 
19238 2012 2607 2096 2098 
19239 2771 2765 2783 4164 
19240 2078 2081 2211 4132 
19241 1996 2606 1993 2504 
19242 2505 1994 2011 1992 
19243 2419 2434 2418 4140 
19244 2012 2607 2098 2609 
19245 2607 2012 2523 2609 
19246 2819 364 1958 1945 
19247 2522 2012 2057 2011 
19248 1993 2606 2502 2504 
19249 2523 2012 2057 2522 
19250 412 2714 2763 2448 
19251 2147 2149 4139 4165 
19252 338 424 2777 2623 
19253 2000 1996 2512 2001 
19254 2118 2771 348 4164 
19255 2624 2441 390 2473 
19256 2513 2013 2514 2002 
19257 2443 2687 2636 1932 
19258 2003 2514 2013 2002 
19259 2098 2607 2003 2514 
19260 2522 2505 1992 2503 
19261 2098 2607 2096 2003 
19262 2502 1991 2095 1993 
19263 2606 2095 1996 1993 
19264 2512 1996 2507 2606 
19265 2502 1993 2504 2503 
19266 2607 2098 2609 2514 
19267 2414 2209 2720 1940 
19268 343 1935 2781 1941 
19269 429 2446 2452 2781 
19270 2606 2502 2095 1993 
19271 2588 2071 2582 2595 
19272 2524 2013 2514 2513 
19273 2418 2440 2441 4153 
19274 2523 2057 2568 2522 
19275 1996 2512 2001 2095 
19276 1993 2502 1991 2503 
19277 2000 2511 2611 2521 
19278 397 311 2439 1944 
19279 1992 1993 1991 2503 
19280 2704 448 2468 2817 
19281 1996 2512 2095 2606 
19282 424 338 2772 2479 
19283 2000 2611 2100 2010 
19284 2099 2611 2517 2610 
19285 2014 2003 2514 2013 
19286 2742 328 2016 2079 
19287 2517 2100 2099 2006 
19288 2665 2640 2129 2536 
19289 2013 2514 2525 2524 
19290 2611 2099 2517 2100 
19291 2455 2129 2210 1944 
19292 2754 2590 413 2448 
19293 2129 2155 2128 2639 
19294 2717 2655 2679 4138 
19295 2148 2039 2040 4165 
19296 2112 2777 425 2623 
19297 2448 2588 2595 2084 
19298 2529 2530 2531 4125 
19299 2019 2018 2020 4125 
19300 2767 2790 2788 4146 
19301 2514 2525 2014 2013 
19302 2414 380 2395 2681 
19303 2414 2395 294 2170 
19304 2610 2099 2611 2521 
19305 2536 2640 2129 2698 
19306 2470 439 2804 2654 
19307 1948 1975 1963 4143 
19308 2776 336 422 2643 
19309 2592 2692 2581 4132 
19310 2440 2418 304 2113 
19311 2439 310 2421 1944 
19312 2112 338 2777 2623 
19313 2099 2100 2611 2010 
19314 2580 2544 2647 4136 
19315 2136 2033 2069 4136 
19316 2607 2003 2514 2014 
19317 2725 2683 2172 4148 
19318 2003 2607 2096 2014 
19319 2477 2567 373 2397 
19320 2448 2588 2084 1937 
19321 2495 2561 2559 4149 
19322 1943 409 323 2750 
19323 1966 2397 287 2056 
19324 388 302 2494 2402 
19325 2569 2012 2057 2523 
19326 2010 2000 2611 2521 
19327 2012 2569 2057 2058 
19328 312 2210 2436 2721 
19329 2656 2666 2578 4144 
19330 2145 2067 2155 4144 
19331 390 2435 2441 2624 
19332 2525 2607 2514 2014 
19333 2214 2658 2725 4139 
19334 2099 2517 2535 2610 
19335 2698 2025 2024 2187 
19336 2016 2085 2197 4141 
19337 2708 2596 2527 4141 
19338 2099 2024 2535 2006 
19339 2737 2664 2663 4154 
19340 2520 1991 2095 2502 
19341 2517 2099 2535 2006 
19342 396 2421 2455 2439 
19343 2734 2665 2223 2025 
19344 2502 2095 2520 2606 
19345 2406 2392 2409 4152 
19346 2643 2776 336 2132 
19347 2569 2057 2568 2523 
19348 2588 2084 2071 2595 
19349 2503 2502 1991 2501 
19350 2452 2531 2630 2119 
19351 393 394 2420 2475 
19352 1991 2520 2095 2009 
19353 1991 1992 2503 2501 
19354 2562 1941 2064 2051 
19355 1983 301 387 2402 
19356 2010 2611 2099 2521 
19357 1976 2049 2048 4166 
19358 2543 2542 2544 4121 
19359 2033 2031 2032 4121 
19360 305 304 2418 2113 
19361 424 338 2479 2623 
19362 2452 2531 2119 2562 
19363 2499 1991 2520 2502 
19364 2607 2096 2058 2012 
19365 2012 2569 2607 2523 
19366 2607 2058 2569 2012 
19367 1941 2017 2119 2528 
19368 2581 2078 2554 2589 
19369 2511 2000 2512 2515 
19370 2009 2520 1988 1991 
19371 1941 2020 2562 2119 
19372 2001 2617 2095 2512 
19373 2513 2516 2002 2510 
19374 1999 2002 2005 2510 
19375 2590 2596 2587 4161 
19376 1999 2005 2006 2510 
19377 2516 2006 2510 2517 
19378 2129 2155 2665 2154 
19379 2512 2617 2095 2606 
19380 441 442 2795 2449 
19381 2126 2637 1987 1985 
19382 397 311 2210 2436 
19383 2741 2762 2764 4130 
19384 421 2743 2645 2760 
19385 377 378 2599 2394 
19386 2001 2512 2000 2515 
19387 2720 2209 381 2411 
19388 2651 2610 2099 2535 
19389 2024 2651 2099 2535 
19390 341 342 2142 2778 
19391 2778 427 428 2653 
19392 318 404 2108 2428 
19393 2024 2536 2025 2698 
19394 2536 2024 2535 2698 
19395 2099 2140 2651 2024 
19396 1949 317 403 2429 
19397 2518 2007 2604 2516 
19398 2112 2479 338 2623 
19399 2574 2529 2562 4125 
19400 2051 2018 2063 4125 
19401 423 337 2776 2132 
19402 2101 2610 2521 2099 
19403 2604 2552 2041 2007 
19404 1962 303 2423 1974 
19405 2501 1988 2498 2499 
19406 2734 2665 2669 4133 
19407 2223 2158 2154 4133 
19408 2684 2683 2172 2451 
19409 2074 2075 2076 4159 
19410 2043 2696 2582 2071 
19411 2605 2011 1992 2522 
19412 2511 2000 2515 2521 
19413 2081 2070 2181 4132 
19414 2485 2473 389 2423 
19415 409 1943 2454 2750 
19416 2119 2452 2528 2630 
19417 2097 2096 2607 2014 
19418 2436 2210 397 2721 
19419 2520 2095 2617 2606 
19420 338 2772 2479 1968 
19421 2441 2435 2418 4153 
19422 302 1983 2494 2402 
19423 2094 2605 2687 2059 
19424 1970 2141 2118 4164 
19425 374 2477 2415 2682 
19426 1963 2163 360 2812 
19427 2503 1992 2522 2605 
19428 1988 2501 2498 1990 
19429 2498 1987 1988 1990 
19430 2095 2520 2617 2009 
19431 2421 2455 2439 1944 
19432 2608 2607 2525 2014 
19433 1991 1992 2501 1990 
19434 1954 2017 2790 4146 
19435 2214 2725 2172 4148 
19436 1991 2499 2520 1988 
19437 2651 2610 2101 2099 
19438 2163 2821 359 2812 
19439 2047 2623 2112 1936 
19440 2024 2535 2006 2518 
19441 2631 2120 2101 1942 
19442 2535 2517 2006 2518 
19443 2643 423 2776 2132 
19444 2176 2023 2534 2094 
19445 2108 2620 1949 2619 
19446 2054 2421 310 1944 
19447 1988 1986 1987 2497 
19448 2078 2582 2589 2080 
19449 2140 2651 2101 2099 
19450 2096 2058 2097 2607 
19451 1943 2568 2057 2570 
19452 2453 2101 2631 2612 
19453 405 319 2747 2133 
19454 2210 2444 2698 2721 
19455 2608 2058 2569 2607 
19456 2494 1983 387 2402 
19457 328 2742 2754 2079 
19458 2789 342 428 2446 
19459 2426 401 315 1942 
19460 386 300 2450 2401 
19461 2110 321 407 2745 
19462 2010 2099 2101 2521 
19463 2678 2014 2130 2525 
19464 2010 2515 2000 2521 
19465 1943 2621 322 2110 
19466 2565 2054 2421 4136 
19467 2136 2421 2054 4136 
19468 2502 2499 1991 2501 
19469 2025 2735 2552 2041 
19470 415 414 2762 2706 
19471 2700 299 385 2450 
19472 2210 2698 2640 2721 
19473 2104 2615 2093 2005 
19474 2518 2006 2516 2517 
19475 2772 337 423 1968 
19476 1932 2443 2687 2714 
19477 2521 2010 2515 2102 
19478 1939 2167 2130 2450 
19479 396 2421 2565 2455 
19480 2747 320 406 2644 
19481 2101 2453 2631 1942 
19482 2093 2516 2007 2005 
19483 2516 2093 2007 2604 
19484 2554 2078 2582 2589 
19485 2605 2011 2522 2059 
19486 2024 2025 2536 2518 
19487 2535 2024 2536 2518 
19488 2011 2605 1992 2094 
19489 1985 2055 2566 2064 
19490 2124 2080 2186 4103 
19491 2591 2635 2697 4103 
19492 2698 2129 2025 2187 
19493 2479 2112 338 1968 
19494 2753 419 418 2633 
19495 2621 2201 1943 2712 
19496 2653 1986 2139 2497 
19497 2493 2677 2675 4157 
19498 2214 2148 2147 4165 
19499 2170 2414 2451 1940 
19500 2454 322 2621 408 
19501 2196 2707 2460 2620 
19502 2094 2687 2176 2059 
19503 301 387 2403 2114 
19504 2617 2001 2095 2106 
19505 2605 2687 2534 2094 
19506 300 1939 2450 2401 
19507 1960 407 321 2749 
19508 2471 320 406 2749 
19509 1985 2498 2497 2496 
19510 1983 2494 2625 2626 
19511 2000 2001 2515 2004 
19512 2436 398 312 2721 
19513 2700 2189 299 2450 
19514 1985 2446 2497 1935 
19515 2455 2421 2054 1944 
19516 1939 299 2189 2450 
19517 2007 2024 2006 2518 
19518 2700 385 299 2400 
19519 355 354 2794 1931 
19520 1944 2455 397 2210 
19521 2497 2498 1988 2499 
19522 2512 2001 2617 2519 
19523 2403 386 300 2114 
19524 2658 2552 2214 2725 
19525 2621 1943 322 2454 
19526 2453 2101 2612 2102 
19527 1936 425 339 2774 
19528 2447 340 426 2774 
19529 2512 2001 2519 2515 
19530 2604 2093 2615 2516 
19531 2516 2093 2615 2005 
19532 2575 2670 2574 4135 
19533 2159 2064 2063 4135 
19534 449 448 2466 2809 
19535 2070 2581 2554 2126 
19536 2133 2626 1960 2644 
19537 392 391 2480 2419 
19538 2516 2005 2002 2510 
19539 2006 2516 2510 2005 
19540 299 385 2450 2401 
19541 2059 2605 2687 2570 
19542 1991 2499 1988 2501 
19543 2006 2518 2516 2007 
19544 2134 2786 352 2769 
19545 2498 1988 1987 2497 
19546 383 297 2695 2445 
19547 2552 2007 2025 2041 
19548 2014 2678 2130 2167 
19549 2621 322 2110 2745 
19550 1933 2651 2698 2444 
19551 2444 1933 2651 2120 
19552 2646 2626 2135 2608 
19553 2619 2108 404 2428 
19554 2106 2617 2009 2095 
19555 2004 2515 2000 2010 
19556 2712 2201 2057 2058 
19557 2446 1985 2497 2496 
19558 2660 2659 2658 4139 
19559 2452 1935 1985 1941 
19560 2011 2605 2094 2059 
19561 2130 2678 2450 2167 
19562 2010 2004 2515 2102 
19563 2129 2025 2536 2698 
19564 2613 2453 2612 2102 
19565 1942 2101 2453 2102 
19566 2501 1988 1991 1990 
19567 363 2178 1973 2814 
19568 2135 1960 2626 2646 
19569 2025 2024 2007 2518 
19570 2527 2596 2590 4141 
19571 2016 2079 2085 4141 
19572 2438 2565 2421 4136 
19573 2212 2723 2184 1934 
19574 2446 2789 342 1935 
19575 1992 2501 2605 2503 
19576 2176 2696 2534 2185 
19577 2698 2140 1933 2187 
19578 2735 2536 2025 2552 
19579 2604 2552 2007 2518 
19580 2101 2651 2140 2120 
19581 299 2189 2700 2400 
19582 2210 2640 2455 2721 
19583 2025 2665 2129 2536 
19584 2589 2592 2581 4132 
19585 2516 2615 2513 2002 
19586 2610 2101 2521 2612 
19587 2698 2640 2129 2210 
19588 2607 2608 2097 2014 
19589 2524 2525 2013 2678 
19590 423 337 2132 1968 
19591 2639 2542 2541 4128 
19592 2030 2031 2128 4128 
19593 1961 350 351 2766 
19594 2608 2115 2135 2097 
19595 296 2209 2720 2411 
19596 2446 429 343 2781 
19597 2621 322 2745 408 
19598 2112 425 339 1936 
19599 2617 2519 2008 2558 
19600 2636 2687 2570 2125 
19601 2059 2687 2176 2125 
19602 2450 1939 299 2401 
19603 1990 2534 2498 2023 
19604 2631 400 314 1942 
19605 2071 2582 2078 2080 
19606 2687 2176 2534 2094 
19607 2416 2415 2397 4158 
19608 2525 2641 2130 2678 
19609 2013 2525 2014 2678 
19610 2446 1935 1985 2452 
19611 2631 314 2120 1942 
19612 2106 2617 2008 2047 
19613 2043 2582 2078 2071 
19614 1986 1988 2139 2497 
19615 297 2184 2695 1934 
19616 2445 297 2695 1934 
19617 2114 386 300 2450 
19618 2201 2057 1943 2712 
19619 387 301 1983 2114 
19620 2115 2641 2114 2130 
19621 398 312 2444 2431 
19622 2678 2130 2450 2641 
19623 2057 2522 2011 2059 
19624 1972 2062 2177 4167 
19625 2685 1934 2604 2174 
19626 2685 2172 2683 2451 
19627 2140 2698 2024 2187 
19628 2120 399 313 2425 
19629 2685 2445 2209 2720 
19630 2058 2608 2097 2607 
19631 335 2087 2134 2743 
19632 2558 2519 2008 2044 
19633 2101 2612 2610 2651 
19634 2059 1943 2057 2570 
19635 1943 2454 2568 2570 
19636 2058 2569 2646 2608 
19637 2723 2104 2093 2212 
19638 2729 2047 2218 2044 
19639 2643 2479 423 2132 
19640 2173 2451 2172 1940 
19641 2210 312 2444 2721 
19642 2644 405 2747 2133 
19643 2613 2521 2515 2102 
19644 2696 2185 2176 2714 
19645 2566 1985 2064 2575 
19646 2687 2059 2570 2125 
19647 2605 1990 1992 2094 
19648 2189 2678 2450 2700 
19649 1986 1987 2497 1985 
19650 2006 2007 2516 2005 
19651 2189 2167 1939 2450 
19652 292 291 2088 2407 
19653 2520 1988 2139 2009 
19654 2154 2223 2665 2025 
19655 2522 2057 2568 2570 
19656 1934 2685 2604 2445 
19657 2755 327 2754 1937 
19658 2640 2129 2455 2639 
19659 2552 2536 2025 2518 
19660 2479 2772 423 1968 
19661 2494 2133 2626 1983 
19662 2496 2446 1985 2452 
19663 2621 2110 407 2745 
19664 400 2631 2453 1942 
19665 1985 2064 2452 1941 
19666 1933 2140 2651 2120 
19667 2614 2707 2196 2015 
19668 2013 2524 2678 2105 
19669 2651 1933 2698 2140 
19670 2125 2636 2687 1932 
19671 2125 2687 2176 1932 
19672 2520 2121 2617 2009 
19673 2525 2130 2608 2014 
19674 2101 2521 2102 2010 
19675 2519 2001 2617 2008 
19676 2756 332 333 2122 
19677 2623 425 2112 1936 
19678 1939 2114 300 2450 
19679 2515 2001 2519 2004 
19680 2655 2735 2734 4133 
19681 2144 2223 2224 4133 
19682 2641 2115 2608 2130 
19683 2644 2747 320 2133 
19684 2445 296 382 2405 
19685 2078 2070 2081 4132 
19686 1986 2653 2139 2142 
19687 2653 2139 2650 2497 
19688 2008 2519 2001 2004 
19689 2001 2106 2617 2008 
19690 2132 2643 2109 2108 
19691 2093 2604 2041 2007 
19692 2136 2054 2033 4136 
19693 2544 2565 2647 4136 
19694 1990 2605 1992 2501 
19695 2097 2608 2115 2130 
19696 1983 2625 2114 2626 
19697 340 426 2773 2579 
19698 2773 427 341 2579 
19699 2497 1935 1986 1985 
19700 2641 2626 2114 2625 
19701 323 409 1943 2636 
19702 330 331 2744 2116 
19703 2534 2185 2023 2176 
19704 2055 2159 2160 4135 
19705 2671 2670 2566 4135 
19706 2712 2201 2058 2646 
19707 2104 2615 2005 2002 
19708 2465 2630 2563 4146 
19709 2119 1954 2052 4146 
19710 2669 2655 2734 4133 
19711 2144 2158 2223 4133 
19712 440 441 2802 2442 
19713 2059 2522 2605 2570 
19714 2616 2678 2524 2105 
19715 2552 2174 2604 2041 
19716 2497 1988 2650 2499 
19717 1990 2534 2023 2094 
19718 2520 2139 2121 2009 
19719 2651 2024 2698 2535 
19720 1960 2471 2644 2626 
19721 2626 2133 1960 2115 
19722 2189 2616 2678 2700 
19723 2567 2396 373 2397 
19724 409 323 2746 2636 
19725 2209 2445 296 2720 
19726 2024 2651 2698 2140 
19727 2014 2013 2678 2167 
19728 2397 2396 287 2056 
19729 2415 2392 374 2682 
19730 2569 2712 2057 2058 
19731 2621 2201 2712 2646 
19732 1965 334 333 2740 
19733 1939 2130 2114 2450 
19734 2047 2558 2623 1936 
19735 2447 2623 2558 1936 
19736 2534 1990 2498 2501 
19737 1990 2498 1987 2023 
19738 1969 305 306 2434 
19739 401 2426 2453 1942 
19740 2499 1988 2650 2520 
19741 2133 2494 2626 2644 
19742 2494 387 1983 2625 
19743 2566 2637 2638 2126 
19744 2129 2455 2210 2640 
19745 2135 2626 2115 2608 
19746 445 446 2815 2674 
19747 307 308 1964 2432 
19748 2743 335 2087 2751 
19749 2696 2582 2071 2595 
19750 2712 2057 2568 2569 
19751 362 1955 2193 2818 
19752 2189 384 298 2695 
19753 2616 2189 2678 2105 
19754 2526 2102 2614 2613 
19755 2132 2643 2479 2109 
19756 2043 2696 2534 2554 
19757 1960 2626 2115 2135 
19758 1960 2471 2626 2646 
19759 2678 2189 2450 2167 
19760 2636 2570 1943 2125 
19761 1952 2202 358 2803 
19762 358 357 2797 1956 
19763 2443 2752 325 1932 
19764 2007 2552 2025 2518 
19765 2064 2575 2452 2562 
19766 2620 2460 1949 2619 
19767 2109 2620 1949 2108 
19768 2713 2463 444 2806 
19769 2626 2114 1983 2115 
19770 2785 436 437 2472 
19771 2399 298 384 2695 
19772 1987 2498 2497 1985 
19773 2221 2453 401 2732 
19774 325 411 2752 2443 
19775 2636 1943 323 2125 
19776 419 420 2476 2758 
19777 2641 2115 2114 2626 
19778 2392 375 374 2682 
19779 2112 2729 2047 2218 
19780 2575 2496 1985 2452 
19781 2471 406 320 2644 
19782 2044 2558 2519 2555 
19783 2120 2101 2651 2631 
19784 2132 2479 423 1968 
19785 2723 2695 2184 1934 
19786 2695 2723 2445 1934 
19787 1985 2637 2498 2496 
19788 2646 2135 2058 2608 
19789 2615 2516 2005 2002 
19790 2452 2780 2781 1941 
19791 1933 2698 2210 2444 
19792 2101 2612 2651 2631 
19793 2167 2013 2678 2105 
19794 2207 2718 2424 2775 
19795 2398 2748 2719 2208 
19796 2558 2008 2617 2047 
19797 2570 2059 1943 2125 
19798 1943 2454 2570 2636 
19799 2534 1990 2605 2094 
19800 2714 2448 2595 2084 
19801 2526 2004 2102 2515 
19802 2201 2621 1943 2110 
19803 2460 1949 403 2429 
19804 323 2746 2636 2125 
19805 2106 2617 2047 2121 
19806 2643 2620 2108 2619 
19807 384 2189 2700 2695 
19808 2203 1932 2176 2714 
19809 2406 289 290 1967 
19810 2057 2568 1943 2712 
19811 2121 2632 2558 2447 
19812 312 1933 2444 2431 
19813 2462 440 2799 2710 
19814 2454 1943 409 2636 
19815 2729 2623 2112 2047 
19816 1934 2093 2604 2174 
19817 1988 2650 2139 2497 
19818 1957 361 362 2811 
19819 1933 2698 2187 2210 
19820 2047 2558 2008 2044 
19821 2714 2448 2084 1937 
19822 2106 2617 2121 2009 
19823 2203 2176 2185 2714 
19824 2521 2101 2102 2612 
19825 2184 2189 298 2695 
19826 2189 2167 2678 2105 
19827 2669 2665 2667 4134 
19828 2156 2154 2158 4134 
19829 2626 2115 2608 2641 
19830 417 418 2482 2739 
19831 2139 2650 1988 2520 
19832 2417 307 306 2111 
19833 2579 2139 2632 2650 
19834 2595 2071 2185 2084 
19835 2534 1990 2501 2605 
19836 2102 2526 2614 2015 
19837 2015 2614 2102 2103 
19838 2685 2172 2451 1940 
19839 2608 2135 2058 2097 
19840 375 376 2478 2410 
19841 2130 2525 2608 2641 
19842 2604 2685 2174 2552 
19843 403 317 1949 2108 
19844 312 398 2444 2721 
19845 348 349 1970 2783 
19846 2625 2403 387 2114 
19847 1971 332 331 2759 
19848 2026 2170 2395 4120 
19849 2395 2681 2537 4120 
19850 2187 2698 2129 2210 
19851 1960 321 407 2110 
19852 2608 2014 2130 2097 
19853 313 1933 2444 2120 
19854 298 2399 2184 2695 
19855 294 2414 2170 1940 
19856 2451 380 2414 2681 
19857 2729 2112 2479 2218 
19858 397 311 1944 2210 
19859 2013 2524 2105 2104 
19860 2612 2521 2613 2102 
19861 2093 1934 2723 2212 
19862 386 2403 2625 2114 
19863 2651 2444 2120 2631 
19864 2147 2148 2149 4165 
19865 2780 2452 431 2768 
19866 2058 2569 2712 2646 
19867 2681 2648 2537 4120 
19868 2137 2170 2026 4120 
19869 2057 2522 2059 2570 
19870 2613 2515 2526 2102 
19871 1949 403 2108 2619 
19872 1968 2132 2479 2109 
19873 2653 2446 1935 2497 
19874 2552 2685 2214 2725 
19875 1942 401 315 2221 
19876 2621 1943 2454 2712 
19877 2595 2185 2714 2084 
19878 2696 2043 2534 2185 
19879 435 434 2481 2765 
19880 2632 2558 2617 2121 
19881 2650 2139 2632 2520 
19882 2581 2638 2637 2126 
19883 2114 2641 2450 2130 
19884 2741 2464 415 2706 
19885 2558 2047 2121 1936 
19886 2447 2558 2121 1936 
19887 2623 2112 2479 2729 
19888 2068 2121 2632 2139 
19889 2139 2579 2632 2068 
19890 2696 2176 2534 2687 
19891 2210 2455 397 2721 
19892 2451 2720 2685 1940 
19893 2129 2640 2666 2639 
19894 2631 399 2120 2425 
19895 2105 2524 2616 2104 
19896 2121 2520 2617 2632 
19897 2184 2616 2723 2212 
19898 2627 416 417 2757 
19899 298 384 2189 2400 
19900 2626 1983 2133 2115 
19901 2104 2723 2093 2615 
19902 2625 387 1983 2114 
19903 2114 2625 386 2450 
19904 428 342 2778 2653 
19905 2444 399 313 2120 
19906 2554 2637 1987 2126 
19907 407 1960 2471 2749 
19908 2471 1960 320 2749 
19909 340 2579 2447 426 
19910 2620 1949 2196 2109 
19911 2196 2460 1949 2620 
19912 403 317 2108 2428 
19913 432 2767 2788 2465 
19914 2729 2558 2044 2555 
19915 2139 2121 2632 2520 
19916 1932 2687 2176 2714 
19917 1935 2446 343 2781 
19918 2729 2479 2109 2218 
19919 2189 2700 2695 2616 
19920 2644 320 1960 2133 
19921 2770 437 438 2597 
19922 2004 2526 2102 2015 
19923 2696 2176 2687 2714 
19924 2114 2641 2625 2450 
19925 2103 2614 2196 2015 
19926 2707 2614 2526 2015 
19927 2789 429 343 2446 
19928 340 2447 1936 2774 
19929 1936 2447 425 2774 
19930 2519 2515 2004 2526 
19931 2103 1942 2453 2102 
19932 2102 2614 2613 2453 
19933 2041 2735 2658 2147 
19934 2104 2524 2616 2615 
19935 2015 2519 2008 2004 
19936 2616 2723 2212 2104 
19937 2622 393 392 2433 
19938 390 391 2435 2624 
19939 2047 2617 2558 2121 
19940 2695 2184 2189 2616 
19941 403 2108 2619 2428 
19942 348 347 2771 2118 
19943 2700 2189 384 2400 
19944 2196 2707 2620 2555 
19945 2616 2184 2189 2105 
19946 2729 2558 2047 2044 
19947 327 2754 1937 2079 
19948 2447 2121 2632 2068 
19949 2579 2447 2632 2068 
19950 2395 293 294 2170 
19951 1962 2423 303 2440 
19952 2093 2615 2723 2604 
19953 1968 2479 2112 2218 
19954 425 2623 2447 1936 
19955 2444 1933 312 2210 
19956 2536 2025 2734 2735 
19957 2422 2423 303 1974 
19958 2720 2209 2685 1940 
19959 2026 2413 293 1950 
19960 389 2485 2423 2422 
19961 2171 2416 288 1966 
19962 2023 2185 2534 2043 
19963 2135 2058 2201 2646 
19964 2093 2604 2174 2041 
19965 2139 2653 2579 2142 
19966 2653 2139 2579 2650 
19967 2568 2454 1943 2712 
19968 382 296 2720 2411 
19969 1949 402 316 2429 
19970 2135 2201 2110 2646 
19971 2397 373 2477 2415 
19972 2590 413 414 2754 
19973 2110 407 1960 2621 
19974 2636 410 2443 1932 
19975 2579 2773 340 2068 
19976 341 2773 2579 2068 
19977 2201 2621 2110 2646 
19978 2052 2019 2020 4098 
19979 2530 2563 2531 4098 
19980 1941 2780 345 2768 
19981 2445 296 2405 1934 
19982 2102 2614 2453 2103 
19983 1986 2653 1935 2497 
19984 2498 1987 2637 1985 
19985 296 2720 2445 382 
19986 2821 359 24 2162 
19987 1934 2604 2723 2445 
19988 2459 447 446 2810 
19989 2820 30 445 2673 
19990 2126 2055 2566 1985 
19991 2121 2447 1936 2068 
19992 2473 2441 389 2423 
19993 2746 324 410 2636 
19994 2163 359 360 2812 
19995 2068 2579 2142 2139 
19996 2762 414 2742 2527 
19997 2444 1933 313 2431 
19998 2224 2206 2144 4138 
19999 2479 1968 2109 2218 
20000 2685 2172 2725 2683 
20001 383 297 2399 2695 
20002 2554 2696 2582 2043 
20003 2416 2397 287 1966 
20004 380 379 2395 2681 
20005 1955 362 363 2818 
20006 2616 2695 2184 2723 
20007 2763 2714 2203 1937 
20008 2643 336 422 2718 
20009 2184 2616 2212 2105 
20010 2623 2729 2558 2047 
20011 2015 2519 2004 2526 
20012 1942 2453 401 2221 
20013 2471 320 1960 2644 
20014 309 2136 2438 2421 
20015 357 356 2793 2177 
20016 2631 314 400 2425 
20017 2109 2643 2620 2108 
20018 2631 2120 314 2425 
20019 1948 360 361 2816 
20020 2629 434 433 2784 
20021 388 302 2208 2494 
20022 329 328 2195 2764 
20023 2120 2444 399 2631 
20024 2207 2643 336 2132 
20025 2738 376 377 2408 
20026 2686 2683 2550 4148 
20027 2172 2175 2039 4148 
20028 2184 2399 297 2695 
20029 288 2409 2416 2171 
20030 2444 313 399 2431 
20031 2616 2212 2105 2104 
20032 2643 2207 336 2718 
20033 2110 1960 2135 2646 
20034 2076 2077 2074 4160 
20035 2587 2585 2588 4160 
20036 1960 2110 2621 2646 
20037 2214 2685 2172 2725 
20038 2768 2452 431 2528 
20039 2620 2479 2643 2109 
20040 2471 1960 407 2621 
20041 403 1949 2460 2619 
20042 2579 340 2447 2068 
20043 2604 1934 2723 2093 
20044 2225 2422 303 1974 
20045 389 2485 2422 2736 
20046 2208 2719 388 2494 
20047 404 318 2108 2207 
20048 316 2221 2732 1949 
20049 2043 2554 1987 2126 
20050 450 30 2822 2456 
20051 2108 2132 2643 2207 
20052 325 411 2714 2763 
20053 309 2136 2182 2438 
20054 2653 428 342 2446 
20055 2044 2729 2109 2218 
20056 2185 2696 2043 2071 
20057 2196 2109 2044 2555 
20058 2666 2640 2129 2665 
20059 2653 1935 2142 1986 
20060 2616 2723 2104 2615 
20061 2421 310 309 2054 
20062 436 435 2730 2779 
20063 2643 2619 2207 2718 
20064 444 443 2467 2796 
20065 2685 1934 2174 2209 
20066 1983 2208 302 2494 
20067 2736 2396 373 2567 
20068 2056 2396 287 2225 
20069 2528 2630 2465 4146 
20070 1954 2119 2017 4146 
20071 290 291 2393 2227 
20072 324 2636 1932 410 
20073 2075 2074 2073 4159 
20074 2133 405 319 2208 
20075 24 364 2819 1945 
20076 2207 2619 404 2718 
20077 2103 2732 2453 2221 
20078 2685 2445 1934 2209 
20079 2421 395 396 2565 
20080 2149 2148 2040 4165 
20081 343 2789 2446 1935 
20082 1936 2447 340 2068 
20083 1949 402 2732 316 
20084 350 349 2782 2219 
20085 2761 329 1953 2764 
20086 2658 2717 2660 4139 
20087 2149 2206 2147 4139 
20088 2142 341 427 2579 
20089 443 442 2688 2800 
20090 356 355 2801 1938 
20091 2636 2746 324 2125 
20092 2787 1954 346 2790 
20093 342 2653 2446 1935 
20094 2637 2554 2581 2126 
20095 405 2133 2719 2208 
20096 2554 2078 2070 2043 
20097 2598 420 421 2760 
20098 2619 2108 2643 2207 
20099 2658 2041 2214 2552 
20100 410 2752 2443 1932 
20101 2735 2041 2224 2147 
20102 325 2443 1932 2714 
20103 2471 1960 2621 2646 
20104 2017 1941 345 2768 
20105 397 398 2436 2721 
20106 2619 404 2108 2207 
20107 325 411 2443 2714 
20108 2077 2124 2074 4160 
20109 2585 2635 2588 4160 
20110 2732 2221 316 2427 
20111 2445 2209 296 1934 
20112 2463 29 444 2806 
20113 23 353 1959 2805 
20114 1952 358 23 2803 
20115 2732 401 2221 2427 
20116 2109 2196 2620 2555 
20117 2430 309 2182 2438 
20118 2768 1941 2452 2528 
20119 2109 2620 2479 2729 
20120 2762 2741 415 2706 
20121 2078 2554 2582 2043 
20122 432 431 2528 2788 
20123 2438 2647 395 2565 
20124 2016 2195 328 2742 
20125 2133 2644 405 2719 
20126 2210 311 312 2436 
20127 342 2778 2653 2142 
20128 2461 379 2537 2413 
20129 2732 316 402 2427 
20130 2527 2762 414 2706 
20131 2636 324 1932 2125 
20132 341 427 2778 2142 
20133 293 2395 2413 2026 
20134 439 29 2470 2804 
20135 2221 401 315 2427 
20136 2729 2044 2109 2555 
20137 2119 1941 2452 2562 
20138 427 2653 2142 2579 
20139 2519 2044 2015 2008 
20140 2707 2196 2015 2555 
20141 2550 2683 2659 4148 
20142 2039 2148 2172 4148 
20143 404 2207 2424 318 
20144 388 302 2398 2208 
20145 2748 319 405 2208 
20146 336 422 2718 2775 
20147 2174 2552 2214 2041 
20148 1949 2732 2103 2221 
20149 2719 2133 2494 2208 
20150 2452 2780 1941 2768 
20151 402 1949 2460 2429 
20152 2579 2142 341 2068 
20153 2185 2595 2714 2696 
20154 2413 2404 293 1950 
20155 2714 2203 325 2763 
20156 2133 2208 1983 2494 
20157 2637 1987 2498 2554 
20158 2221 1942 2453 2103 
20159 2719 388 2398 2208 
20160 2207 404 2424 2718 
20161 2718 2207 336 2775 
20162 2719 2748 405 2208 
20163 363 364 2178 2814 
20164 2531 2562 2529 4125 
20165 2020 2018 2051 4125 
20166 293 2395 2026 2170 
20167 2752 410 324 1932 
20168 296 295 2209 2411 
20169 2789 343 342 1935 
20170 428 429 2789 2446 
20171 2185 2696 2071 2595 
20172 335 334 2087 2751 
20173 2172 2685 2174 1940 
20174 2717 2735 2655 4138 
20175 2203 326 325 2763 
20176 2555 2015 2519 2044 
20177 2729 2109 2620 2555 
20178 1985 2566 2496 2575 
20179 411 412 2714 2763 
20180 2133 2719 2494 2644 
20181 2209 2174 2685 1940 
20182 1985 2637 2566 2126 
20183 2575 2566 2670 4135 
20184 2064 2159 2055 4135 
20185 2043 2070 2554 2126 
20186 2015 2555 2519 2526 
20187 2552 2174 2214 2685 
20188 379 2461 2412 2413 
20189 2720 381 382 2411 
20190 2732 2103 2453 2614 
20191 1935 342 2653 2142 
20192 2659 2683 2725 4148 
20193 2214 2172 2148 4148 
20194 2064 2452 1941 2562 
20195 379 2395 2537 2413 
20196 2203 325 1932 2714 
20197 2707 2460 2614 2196 
20198 2119 2452 1941 2528 
20199 448 447 2468 2817 
20200 379 2395 2681 2537 
20201 2653 2778 427 2142 
20202 2755 413 412 2448 
20203 2714 2185 2203 2084 
20204 2084 2203 2714 1937 
20205 402 1949 2732 2460 
20206 2044 2015 2196 2555 
20207 2764 328 2195 2742 
20208 2020 2119 2052 4098 
20209 2531 2563 2630 4098 
20210 2015 2526 2707 2555 
20211 2689 450 449 2813 
20212 2422 25 389 2736 
20213 2396 373 25 2736 
20214 439 440 2799 2462 
20215 2195 1953 329 2764 
20216 2734 2665 2025 2536 
20217 345 346 2017 2790 
20218 2528 432 2788 2465 
20219 2788 2768 431 2528 
20220 2732 2460 2103 2614 
20221 354 353 2798 1951 
20222 2086 351 352 2786 
20223 2460 2103 2614 2196 
20224 288 289 2409 2171 
20225 2685 2214 2172 2174 
20226 2732 1949 2103 2460 
20227 2658 2552 2735 2041 
20228 431 430 2452 2780 
20229 327 328 2754 2079 
20230 2103 2460 1949 2196 
20231 2637 1985 2566 2496 
20232 432 433 2767 2465 
20233 309 2136 2421 2054 
20234 2414 294 295 1940 
20235 2790 2017 345 2768 
20236 2451 380 381 2414 
20237 1954 2017 346 2790 
20238 345 344 2780 1941 
20239 415 416 2464 2741 
20240 2421 2438 395 2565 
20241 2755 326 327 1937 
20242 292 293 2404 1950 
20243 20 26 2398 2748 
20244 2422 2396 25 2736 
20245 28 2743 2769 2645 
20246 1954 346 347 2787 
20247 1962 303 304 2440 
20248 2424 27 21 2775 
20249 2422 303 19 2225 
20250 2455 397 396 2439 
20251 2396 19 287 2225 
20252 389 390 2441 2473 
20253 2439 311 310 1944 
20254 1953 330 329 2761 
20255 2769 438 28 2645 
20256 308 309 2182 2430 
20257 373 374 2477 2415 
20258 2743 22 28 2769 
20259 378 379 2461 2412 
20260 2743 28 421 2645 
20261 2396 25 19 2422 
20262 19 2396 2422 2225 
20263 287 288 2416 1966 
20264 2437 394 395 2693 
20265 2743 2134 22 2769 
20266 2134 352 22 2769 
20267 22 335 2134 2743 
20268 4140 4108 2680 4094 
20269 4140 2680 4108 4119 
20270 4130 2709 4124 2628 
20271 4130 4124 2709 4093 
20272 4130 2198 4124 4093 
20273 4130 4124 2198 2117 
20274 4150 2090 2089 2217 
20275 4150 2089 2090 4107 
20276 4150 4084 2090 4091 
20277 4150 2090 4084 4107 
20278 4119 4157 1982 4105 
20279 1982 4157 4119 4087 
20280 4119 1982 2060 1981 
20281 4119 2060 1982 4087 
20282 4157 4087 2492 4119 
20283 4154 2794 1931 4096 
20284 4154 1931 2794 4092 
20285 4125 2020 2562 2051 
20286 4125 2531 2020 4098 
20287 4125 2020 2531 2562 
20288 2633 4145 2726 2482 
20289 2726 4145 2633 4097 
20290 2573 4167 2483 2688 
20291 2483 4167 2573 4142 
20292 4100 2753 2476 2758 
20293 4100 2476 2753 4097 
20294 2818 1973 363 1955 
20295 2818 363 1973 2814 
20296 4101 2802 2801 2795 
20297 4101 2801 2802 4096 
20298 4143 2815 2474 4115 
20299 4143 2474 2815 2810 
20300 4131 2404 2088 2407 
20301 4131 2088 2404 4123 
20302 4108 2797 1972 4162 
20303 1972 2797 4108 4167 
20304 4157 2571 2492 4087 
20305 4157 2492 2571 2493 
20306 4140 2111 2169 4094 
20307 4140 2169 2111 1969 
20308 4167 2796 2797 4108 
20309 4167 2797 2796 2793 
20310 4145 2753 2633 4097 
20311 4145 2633 2753 2739 
20312 2627 2741 416 2757 
20313 416 2741 2627 2464 
20314 2795 2699 441 2449 
20315 441 2699 2795 2802 
20316 2673 453 30 2457 
20317 2673 30 453 2820 
20318 4158 2409 2171 2416 
20319 4158 2171 2409 4152 
20320 2419 2622 392 2433 
20321 2419 392 2622 2480 
20322 2156 4144 2157 2145 
20323 2157 4144 2156 4134 
20324 4144 2667 2668 2656 
20325 4144 2668 2667 4134 
20326 2433 2475 4094 2622 
20327 4094 2475 2433 2420 
20328 454 2162 24 1946 
20329 24 2162 454 2821 
20330 2438 2693 395 2647 
20331 2438 395 2693 2437 
20332 2770 2472 437 2597 
20333 437 2472 2770 2785 
20334 2170 2451 2173 1940 
20335 2173 2451 2170 4120 
20336 2742 2195 4141 2016 
20337 2742 4141 2195 2764 
3 11 4 66
20338 2390 452 2803 4168 
20339 452 2390 2805 4168 
20340 2390 2803 2797 4168 
20341 2805 2390 2798 4168 
20342 2792 2803 452 4168 
20343 2797 2803 2792 4168 
20344 2793 2390 2797 4168 
20345 2794 2798 2390 4168 
20346 2805 2791 452 4168 
20347 2801 2794 2390 4168 
20348 451 2823 2806 4168 
20349 451 2804 2823 4168 
20350 2801 2390 2793 4168 
20351 2792 452 451 4168 
20352 2805 2798 2791 4168 
20353 358 2797 2390 2803 
20354 2390 452 23 2803 
20355 2805 452 23 2390 
20356 2823 29 451 2806 
20357 2823 451 29 2804 
20358 2797 2793 357 2390 
20359 441 442 2823 2795 
20360 2823 2802 2795 4168 
20361 452 2791 451 4168 
20362 2823 2795 2800 4168 
20363 2823 2804 2799 4168 
20364 2823 2796 2806 4168 
20365 2800 2823 442 2795 
20366 357 358 2797 2390 
20367 2795 2823 441 2802 
20368 354 355 2794 2390 
20369 2792 451 2806 4168 
20370 2798 354 2794 2390 
20371 2794 355 2801 2390 
20372 2806 2823 444 2796 
20373 2799 2802 2823 4168 
20374 356 357 2793 2390 
20375 2791 2798 2799 4168 
20376 2792 2796 2797 4168 
20377 2823 2800 2796 4168 
20378 2799 2823 439 2804 
20379 2800 443 2823 2796 
20380 440 441 2823 2802 
20381 2801 356 2793 2390 
20382 442 443 2823 2800 
20383 2798 2805 353 2390 
20384 2802 2823 440 2799 
20385 2799 2798 2794 4168 
20386 2793 2797 2796 4168 
20387 2823 443 444 2796 
20388 451 2791 2804 4168 
20389 444 29 2823 2806 
20390 2805 23 353 2390 
20391 23 358 2390 2803 
20392 2799 2804 2791 4168 
20393 2792 2806 2796 4168 
20394 355 356 2801 2390 
20395 2823 29 439 2804 
20396 439 440 2823 2799 
20397 2798 353 354 2390 
20398 2794 2802 2799 4168 
20399 2793 2796 2800 4168 
20400 2801 2802 4168 2795 
20401 2801 4168 2802 2794 
20402 2801 2800 4168 2793 
20403 2801 4168 2800 2795 
$EndElements
