$MeshFormat
4.1 0 8
$EndMeshFormat
$Entities
8 12 6 1
1 0 0 5 0 
2 0 0 0 0 
3 0 10 5 0 
4 0 10 0 0 
5 10 0 5 0 
6 10 0 0 0 
7 10 10 5 0 
8 10 10 0 0 
1 -1e-07 -1e-07 -9.999999983634211e-08 1e-07 1e-07 5.0000001 0 2 2 -1 
2 -1e-07 -1.000000002804313e-07 4.9999999 1e-07 10.0000001 5.0000001 0 2 1 -3 
3 -1e-07 9.999999900000001 -9.999999983634211e-08 1e-07 10.0000001 5.0000001 0 2 4 -3 
4 -1e-07 -1.000000002804313e-07 -1e-07 1e-07 10.0000001 1e-07 0 2 2 -4 
5 9.999999900000001 -1e-07 -9.999999983634211e-08 10.0000001 1e-07 5.0000001 0 2 6 -5 
6 9.999999900000001 -1.000000002804313e-07 4.9999999 10.0000001 10.0000001 5.0000001 0 2 5 -7 
7 9.999999900000001 9.999999900000001 -9.999999983634211e-08 10.0000001 10.0000001 5.0000001 0 2 8 -7 
8 9.999999900000001 -1.000000002804313e-07 -1e-07 10.0000001 10.0000001 1e-07 0 2 6 -8 
9 -1.000000002804313e-07 -1e-07 -1e-07 10.0000001 1e-07 1e-07 0 2 2 -6 
10 -1.000000002804313e-07 -1e-07 4.9999999 10.0000001 1e-07 5.0000001 0 2 1 -5 
11 -1.000000002804313e-07 9.999999900000001 -1e-07 10.0000001 10.0000001 1e-07 0 2 4 -8 
12 -1.000000002804313e-07 9.999999900000001 4.9999999 10.0000001 10.0000001 5.0000001 0 2 3 -7 
1 -1e-07 -1.000000002804313e-07 -9.999999983634211e-08 1e-07 10.0000001 5.0000001 0 4 -1 4 3 -2 
2 9.999999900000001 -1.000000002804313e-07 -9.999999983634211e-08 10.0000001 10.0000001 5.0000001 0 4 -5 8 7 -6 
3 -1.000000002804313e-07 -1e-07 -9.999999983634211e-08 10.0000001 1e-07 5.0000001 0 4 -9 1 10 -5 
4 -1.000000002804313e-07 9.999999900000001 -9.999999983634211e-08 10.0000001 10.0000001 5.0000001 0 4 -11 3 12 -7 
5 -1.000000002804313e-07 -1.000000002804313e-07 -1e-07 10.0000001 10.0000001 1e-07 0 4 -4 9 8 -11 
6 -1.000000002804313e-07 -1.000000002804313e-07 4.9999999 10.0000001 10.0000001 5.0000001 0 4 -2 10 6 -12 
1 -1.000000002804313e-07 -1.000000002804313e-07 -9.999999983634211e-08 10.0000001 10.0000001 5.0000001 0 6 -1 2 -3 4 -5 6 
$EndEntities
$Nodes
27 1000 1 1000
0 1 0 1
1
0 0 5
0 2 0 1
2
0 0 0
0 3 0 1
3
0 10 5
0 4 0 1
4
0 10 0
0 5 0 1
5
10 0 5
0 6 0 1
6
10 0 0
0 7 0 1
7
10 10 5
0 8 0 1
8
10 10 0
1 1 0 8
9
10
11
12
13
14
15
16
0 0 0.5555555555555556
0 0 1.111111111111111
0 0 1.666666666666667
0 0 2.222222222222222
0 0 2.777777777777778
0 0 3.333333333333333
0 0 3.888888888888888
0 0 4.444444444444445
1 2 0 8
17
18
19
20
21
22
23
24
0 1.111111111111111 5
0 2.222222222222222 5
0 3.333333333333333 5
0 4.444444444444445 5
0 5.555555555555555 5
0 6.666666666666666 5
0 7.777777777777777 5
0 8.888888888888889 5
1 3 0 8
25
26
27
28
29
30
31
32
0 10 0.5555555555555556
0 10 1.111111111111111
0 10 1.666666666666667
0 10 2.222222222222222
0 10 2.777777777777778
0 10 3.333333333333333
0 10 3.888888888888888
0 10 4.444444444444445
1 4 0 8
33
34
35
36
37
38
39
40
0 1.111111111111111 0
0 2.222222222222222 0
0 3.333333333333333 0
0 4.444444444444445 0
0 5.555555555555555 0
0 6.666666666666666 0
0 7.777777777777777 0
0 8.888888888888889 0
1 5 0 8
41
42
43
44
45
46
47
48
10 0 0.5555555555555556
10 0 1.111111111111111
10 0 1.666666666666667
10 0 2.222222222222222
10 0 2.777777777777778
10 0 3.333333333333333
10 0 3.888888888888888
10 0 4.444444444444445
1 6 0 8
49
50
51
52
53
54
55
56
10 1.111111111111111 5
10 2.222222222222222 5
10 3.333333333333333 5
10 4.444444444444445 5
10 5.555555555555555 5
10 6.666666666666666 5
10 7.777777777777777 5
10 8.888888888888889 5
1 7 0 8
57
58
59
60
61
62
63
64
10 10 0.5555555555555556
10 10 1.111111111111111
10 10 1.666666666666667
10 10 2.222222222222222
10 10 2.777777777777778
10 10 3.333333333333333
10 10 3.888888888888888
10 10 4.444444444444445
1 8 0 8
65
66
67
68
69
70
71
72
10 1.111111111111111 0
10 2.222222222222222 0
10 3.333333333333333 0
10 4.444444444444445 0
10 5.555555555555555 0
10 6.666666666666666 0
10 7.777777777777777 0
10 8.888888888888889 0
1 9 0 8
73
74
75
76
77
78
79
80
1.111111111111111 0 0
2.222222222222222 0 0
3.333333333333333 0 0
4.444444444444445 0 0
5.555555555555555 0 0
6.666666666666666 0 0
7.777777777777777 0 0
8.888888888888889 0 0
1 10 0 8
81
82
83
84
85
86
87
88
1.111111111111111 0 5
2.222222222222222 0 5
3.333333333333333 0 5
4.444444444444445 0 5
5.555555555555555 0 5
6.666666666666666 0 5
7.777777777777777 0 5
8.888888888888889 0 5
1 11 0 8
89
90
91
92
93
94
95
96
1.111111111111111 10 0
2.222222222222222 10 0
3.333333333333333 10 0
4.444444444444445 10 0
5.555555555555555 10 0
6.666666666666666 10 0
7.777777777777777 10 0
8.888888888888889 10 0
1 12 0 8
97
98
99
100
101
102
103
104
1.111111111111111 10 5
2.222222222222222 10 5
3.333333333333333 10 5
4.444444444444445 10 5
5.555555555555555 10 5
6.666666666666666 10 5
7.777777777777777 10 5
8.888888888888889 10 5
2 1 0 64
105
106
107
108
109
110
111
112
113
114
115
116
117
118
119
120
121
122
123
124
125
126
127
128
129
130
131
132
133
134
135
136
137
138
139
140
141
142
143
144
145
146
147
148
149
150
151
152
153
154
155
156
157
158
159
160
161
162
163
164
165
166
167
168
0 1.111111111111111 0.5555555555555556
0 2.222222222222222 0.5555555555555556
0 3.333333333333333 0.5555555555555556
0 4.444444444444445 0.5555555555555556
0 5.555555555555555 0.5555555555555556
0 6.666666666666666 0.5555555555555556
0 7.777777777777777 0.5555555555555556
0 8.888888888888889 0.5555555555555556
0 1.111111111111111 1.111111111111111
0 2.222222222222222 1.111111111111111
0 3.333333333333333 1.111111111111111
0 4.444444444444445 1.111111111111111
0 5.555555555555554 1.111111111111111
0 6.666666666666666 1.111111111111111
0 7.777777777777777 1.111111111111111
0 8.888888888888889 1.111111111111111
0 1.111111111111111 1.666666666666667
0 2.222222222222222 1.666666666666667
0 3.333333333333333 1.666666666666666
0 4.444444444444445 1.666666666666667
0 5.555555555555555 1.666666666666667
0 6.666666666666665 1.666666666666666
0 7.777777777777777 1.666666666666667
0 8.888888888888889 1.666666666666667
0 1.111111111111111 2.222222222222222
0 2.222222222222222 2.222222222222222
0 3.333333333333333 2.222222222222222
0 4.444444444444445 2.222222222222222
0 5.555555555555554 2.222222222222222
0 6.666666666666666 2.222222222222222
0 7.777777777777777 2.222222222222222
0 8.888888888888889 2.222222222222222
0 1.111111111111111 2.777777777777777
0 2.222222222222222 2.777777777777777
0 3.333333333333333 2.777777777777778
0 4.444444444444445 2.777777777777777
0 5.555555555555555 2.777777777777778
0 6.666666666666666 2.777777777777778
0 7.777777777777777 2.777777777777778
0 8.888888888888889 2.777777777777778
0 1.111111111111111 3.333333333333333
0 2.222222222222222 3.333333333333333
0 3.333333333333333 3.333333333333333
0 4.444444444444445 3.333333333333333
0 5.555555555555555 3.333333333333333
0 6.666666666666665 3.333333333333333
0 7.777777777777778 3.333333333333333
0 8.888888888888889 3.333333333333333
0 1.111111111111111 3.888888888888888
0 2.222222222222222 3.888888888888888
0 3.333333333333333 3.888888888888888
0 4.444444444444445 3.888888888888888
0 5.555555555555555 3.888888888888888
0 6.666666666666667 3.888888888888889
0 7.777777777777777 3.888888888888888
0 8.888888888888889 3.888888888888888
0 1.111111111111111 4.444444444444445
0 2.222222222222222 4.444444444444445
0 3.333333333333333 4.444444444444445
0 4.444444444444445 4.444444444444445
0 5.555555555555555 4.444444444444445
0 6.666666666666666 4.444444444444445
0 7.777777777777777 4.444444444444445
0 8.888888888888889 4.444444444444445
2 2 0 64
169
170
171
172
173
174
175
176
177
178
179
180
181
182
183
184
185
186
187
188
189
190
191
192
193
194
195
196
197
198
199
200
201
202
203
204
205
206
207
208
209
210
211
212
213
214
215
216
217
218
219
220
221
222
223
224
225
226
227
228
229
230
231
232
10 1.111111111111111 0.5555555555555556
10 2.222222222222222 0.5555555555555556
10 3.333333333333333 0.5555555555555556
10 4.444444444444445 0.5555555555555556
10 5.555555555555555 0.5555555555555556
10 6.666666666666666 0.5555555555555556
10 7.777777777777777 0.5555555555555556
10 8.888888888888889 0.5555555555555556
10 1.111111111111111 1.111111111111111
10 2.222222222222222 1.111111111111111
10 3.333333333333333 1.111111111111111
10 4.444444444444445 1.111111111111111
10 5.555555555555554 1.111111111111111
10 6.666666666666666 1.111111111111111
10 7.777777777777777 1.111111111111111
10 8.888888888888889 1.111111111111111
10 1.111111111111111 1.666666666666667
10 2.222222222222222 1.666666666666667
10 3.333333333333333 1.666666666666666
10 4.444444444444445 1.666666666666667
10 5.555555555555555 1.666666666666667
10 6.666666666666665 1.666666666666666
10 7.777777777777777 1.666666666666667
10 8.888888888888889 1.666666666666667
10 1.111111111111111 2.222222222222222
10 2.222222222222222 2.222222222222222
10 3.333333333333333 2.222222222222222
10 4.444444444444445 2.222222222222222
10 5.555555555555554 2.222222222222222
10 6.666666666666666 2.222222222222222
10 7.777777777777777 2.222222222222222
10 8.888888888888889 2.222222222222222
10 1.111111111111111 2.777777777777777
10 2.222222222222222 2.777777777777777
10 3.333333333333333 2.777777777777778
10 4.444444444444445 2.777777777777777
10 5.555555555555555 2.777777777777778
10 6.666666666666666 2.777777777777778
10 7.777777777777777 2.777777777777778
10 8.888888888888889 2.777777777777778
10 1.111111111111111 3.333333333333333
10 2.222222222222222 3.333333333333333
10 3.333333333333333 3.333333333333333
10 4.444444444444445 3.333333333333333
10 5.555555555555555 3.333333333333333
10 6.666666666666665 3.333333333333333
10 7.777777777777778 3.333333333333333
10 8.888888888888889 3.333333333333333
10 1.111111111111111 3.888888888888888
10 2.222222222222222 3.888888888888888
10 3.333333333333333 3.888888888888888
10 4.444444444444445 3.888888888888888
10 5.555555555555555 3.888888888888888
10 6.666666666666667 3.888888888888889
10 7.777777777777777 3.888888888888888
10 8.888888888888889 3.888888888888888
10 1.111111111111111 4.444444444444445
10 2.222222222222222 4.444444444444445
10 3.333333333333333 4.444444444444445
10 4.444444444444445 4.444444444444445
10 5.555555555555555 4.444444444444445
10 6.666666666666666 4.444444444444445
10 7.777777777777777 4.444444444444445
10 8.888888888888889 4.444444444444445
2 3 0 64
233
234
235
236
237
238
239
240
241
242
243
244
245
246
247
248
249
250
251
252
253
254
255
256
257
258
259
260
261
262
263
264
265
266
267
268
269
270
271
272
273
274
275
276
277
278
279
280
281
282
283
284
285
286
287
288
289
290
291
292
293
294
295
296
1.111111111111111 0 0.5555555555555556
1.111111111111111 0 1.111111111111111
1.111111111111111 0 1.666666666666667
1.111111111111111 0 2.222222222222222
1.111111111111111 0 2.777777777777778
1.111111111111111 0 3.333333333333333
1.111111111111111 0 3.888888888888888
1.111111111111111 0 4.444444444444445
2.222222222222222 0 0.5555555555555556
2.222222222222222 0 1.111111111111111
2.222222222222222 0 1.666666666666667
2.222222222222222 0 2.222222222222222
2.222222222222222 0 2.777777777777777
2.222222222222222 0 3.333333333333333
2.222222222222222 0 3.888888888888888
2.222222222222222 0 4.444444444444445
3.333333333333333 0 0.5555555555555556
3.333333333333333 0 1.111111111111111
3.333333333333333 0 1.666666666666666
3.333333333333333 0 2.222222222222222
3.333333333333333 0 2.777777777777778
3.333333333333333 0 3.333333333333333
3.333333333333333 0 3.888888888888888
3.333333333333333 0 4.444444444444445
4.444444444444445 0 0.5555555555555556
4.444444444444445 0 1.111111111111111
4.444444444444445 0 1.666666666666667
4.444444444444445 0 2.222222222222222
4.444444444444445 0 2.777777777777777
4.444444444444445 0 3.333333333333333
4.444444444444445 0 3.888888888888888
4.444444444444445 0 4.444444444444445
5.555555555555554 0 0.5555555555555556
5.555555555555554 0 1.111111111111111
5.555555555555555 0 1.666666666666667
5.555555555555554 0 2.222222222222222
5.555555555555555 0 2.777777777777778
5.555555555555555 0 3.333333333333333
5.555555555555555 0 3.888888888888888
5.555555555555555 0 4.444444444444445
6.666666666666666 0 0.5555555555555556
6.666666666666666 0 1.111111111111111
6.666666666666665 0 1.666666666666666
6.666666666666666 0 2.222222222222222
6.666666666666666 0 2.777777777777778
6.666666666666665 0 3.333333333333333
6.666666666666667 0 3.888888888888889
6.666666666666666 0 4.444444444444445
7.777777777777777 0 0.5555555555555556
7.777777777777777 0 1.111111111111111
7.777777777777777 0 1.666666666666667
7.777777777777777 0 2.222222222222222
7.777777777777777 0 2.777777777777778
7.777777777777778 0 3.333333333333333
7.777777777777777 0 3.888888888888888
7.777777777777777 0 4.444444444444445
8.888888888888889 0 0.5555555555555556
8.888888888888889 0 1.111111111111111
8.888888888888889 0 1.666666666666667
8.888888888888889 0 2.222222222222222
8.888888888888889 0 2.777777777777778
8.888888888888889 0 3.333333333333333
8.888888888888889 0 3.888888888888888
8.888888888888889 0 4.444444444444445
2 4 0 64
297
298
299
300
301
302
303
304
305
306
307
308
309
310
311
312
313
314
315
316
317
318
319
320
321
322
323
324
325
326
327
328
329
330
331
332
333
334
335
336
337
338
339
340
341
342
343
344
345
346
347
348
349
350
351
352
353
354
355
356
357
358
359
360
1.111111111111111 10 0.5555555555555556
1.111111111111111 10 1.111111111111111
1.111111111111111 10 1.666666666666667
1.111111111111111 10 2.222222222222222
1.111111111111111 10 2.777777777777778
1.111111111111111 10 3.333333333333333
1.111111111111111 10 3.888888888888888
1.111111111111111 10 4.444444444444445
2.222222222222222 10 0.5555555555555556
2.222222222222222 10 1.111111111111111
2.222222222222222 10 1.666666666666667
2.222222222222222 10 2.222222222222222
2.222222222222222 10 2.777777777777777
2.222222222222222 10 3.333333333333333
2.222222222222222 10 3.888888888888888
2.222222222222222 10 4.444444444444445
3.333333333333333 10 0.5555555555555556
3.333333333333333 10 1.111111111111111
3.333333333333333 10 1.666666666666666
3.333333333333333 10 2.222222222222222
3.333333333333333 10 2.777777777777778
3.333333333333333 10 3.333333333333333
3.333333333333333 10 3.888888888888888
3.333333333333333 10 4.444444444444445
4.444444444444445 10 0.5555555555555556
4.444444444444445 10 1.111111111111111
4.444444444444445 10 1.666666666666667
4.444444444444445 10 2.222222222222222
4.444444444444445 10 2.777777777777777
4.444444444444445 10 3.333333333333333
4.444444444444445 10 3.888888888888888
4.444444444444445 10 4.444444444444445
5.555555555555554 10 0.5555555555555556
5.555555555555554 10 1.111111111111111
5.555555555555555 10 1.666666666666667
5.555555555555554 10 2.222222222222222
5.555555555555555 10 2.777777777777778
5.555555555555555 10 3.333333333333333
5.555555555555555 10 3.888888888888888
5.555555555555555 10 4.444444444444445
6.666666666666666 10 0.5555555555555556
6.666666666666666 10 1.111111111111111
6.666666666666665 10 1.666666666666666
6.666666666666666 10 2.222222222222222
6.666666666666666 10 2.777777777777778
6.666666666666665 10 3.333333333333333
6.666666666666667 10 3.888888888888889
6.666666666666666 10 4.444444444444445
7.777777777777777 10 0.5555555555555556
7.777777777777777 10 1.111111111111111
7.777777777777777 10 1.666666666666667
7.777777777777777 10 2.222222222222222
7.777777777777777 10 2.777777777777778
7.777777777777778 10 3.333333333333333
7.777777777777777 10 3.888888888888888
7.777777777777777 10 4.444444444444445
8.888888888888889 10 0.5555555555555556
8.888888888888889 10 1.111111111111111
8.888888888888889 10 1.666666666666667
8.888888888888889 10 2.222222222222222
8.888888888888889 10 2.777777777777778
8.888888888888889 10 3.333333333333333
8.888888888888889 10 3.888888888888888
8.888888888888889 10 4.444444444444445
2 5 0 64
361
362
363
364
365
366
367
368
369
370
371
372
373
374
375
376
377
378
379
380
381
382
383
384
385
386
387
388
389
390
391
392
393
394
395
396
397
398
399
400
401
402
403
404
405
406
407
408
409
410
411
412
413
414
415
416
417
418
419
420
421
422
423
424
1.111111111111111 1.111111111111111 0
2.222222222222222 1.111111111111111 0
3.333333333333333 1.111111111111111 0
4.444444444444445 1.111111111111111 0
5.555555555555555 1.111111111111111 0
6.666666666666666 1.111111111111111 0
7.777777777777777 1.111111111111111 0
8.888888888888889 1.111111111111111 0
1.111111111111111 2.222222222222222 0
2.222222222222222 2.222222222222222 0
3.333333333333333 2.222222222222222 0
4.444444444444445 2.222222222222222 0
5.555555555555554 2.222222222222222 0
6.666666666666666 2.222222222222222 0
7.777777777777777 2.222222222222222 0
8.888888888888889 2.222222222222222 0
1.111111111111111 3.333333333333333 0
2.222222222222222 3.333333333333333 0
3.333333333333333 3.333333333333333 0
4.444444444444445 3.333333333333333 0
5.555555555555555 3.333333333333333 0
6.666666666666665 3.333333333333333 0
7.777777777777777 3.333333333333333 0
8.888888888888889 3.333333333333333 0
1.111111111111111 4.444444444444445 0
2.222222222222222 4.444444444444445 0
3.333333333333333 4.444444444444445 0
4.444444444444445 4.444444444444445 0
5.555555555555554 4.444444444444445 0
6.666666666666666 4.444444444444445 0
7.777777777777777 4.444444444444445 0
8.888888888888889 4.444444444444445 0
1.111111111111111 5.555555555555554 0
2.222222222222222 5.555555555555554 0
3.333333333333333 5.555555555555555 0
4.444444444444445 5.555555555555554 0
5.555555555555555 5.555555555555555 0
6.666666666666666 5.555555555555555 0
7.777777777777777 5.555555555555555 0
8.888888888888889 5.555555555555555 0
1.111111111111111 6.666666666666666 0
2.222222222222222 6.666666666666666 0
3.333333333333333 6.666666666666665 0
4.444444444444445 6.666666666666666 0
5.555555555555555 6.666666666666666 0
6.666666666666665 6.666666666666665 0
7.777777777777778 6.666666666666667 0
8.888888888888889 6.666666666666666 0
1.111111111111111 7.777777777777777 0
2.222222222222222 7.777777777777777 0
3.333333333333333 7.777777777777777 0
4.444444444444445 7.777777777777777 0
5.555555555555555 7.777777777777777 0
6.666666666666667 7.777777777777778 0
7.777777777777777 7.777777777777777 0
8.888888888888889 7.777777777777777 0
1.111111111111111 8.888888888888889 0
2.222222222222222 8.888888888888889 0
3.333333333333333 8.888888888888889 0
4.444444444444445 8.888888888888889 0
5.555555555555555 8.888888888888889 0
6.666666666666666 8.888888888888889 0
7.777777777777777 8.888888888888889 0
8.888888888888889 8.888888888888889 0
2 6 0 64
425
426
427
428
429
430
431
432
433
434
435
436
437
438
439
440
441
442
443
444
445
446
447
448
449
450
451
452
453
454
455
456
457
458
459
460
461
462
463
464
465
466
467
468
469
470
471
472
473
474
475
476
477
478
479
480
481
482
483
484
485
486
487
488
1.111111111111111 1.111111111111111 5
2.222222222222222 1.111111111111111 5
3.333333333333333 1.111111111111111 5
4.444444444444445 1.111111111111111 5
5.555555555555555 1.111111111111111 5
6.666666666666666 1.111111111111111 5
7.777777777777777 1.111111111111111 5
8.888888888888889 1.111111111111111 5
1.111111111111111 2.222222222222222 5
2.222222222222222 2.222222222222222 5
3.333333333333333 2.222222222222222 5
4.444444444444445 2.222222222222222 5
5.555555555555554 2.222222222222222 5
6.666666666666666 2.222222222222222 5
7.777777777777777 2.222222222222222 5
8.888888888888889 2.222222222222222 5
1.111111111111111 3.333333333333333 5
2.222222222222222 3.333333333333333 5
3.333333333333333 3.333333333333333 5
4.444444444444445 3.333333333333333 5
5.555555555555555 3.333333333333333 5
6.666666666666665 3.333333333333333 5
7.777777777777777 3.333333333333333 5
8.888888888888889 3.333333333333333 5
1.111111111111111 4.444444444444445 5
2.222222222222222 4.444444444444445 5
3.333333333333333 4.444444444444445 5
4.444444444444445 4.444444444444445 5
5.555555555555554 4.444444444444445 5
6.666666666666666 4.444444444444445 5
7.777777777777777 4.444444444444445 5
8.888888888888889 4.444444444444445 5
1.111111111111111 5.555555555555554 5
2.222222222222222 5.555555555555554 5
3.333333333333333 5.555555555555555 5
4.444444444444445 5.555555555555554 5
5.555555555555555 5.555555555555555 5
6.666666666666666 5.555555555555555 5
7.777777777777777 5.555555555555555 5
8.888888888888889 5.555555555555555 5
1.111111111111111 6.666666666666666 5
2.222222222222222 6.666666666666666 5
3.333333333333333 6.666666666666665 5
4.444444444444445 6.666666666666666 5
5.555555555555555 6.666666666666666 5
6.666666666666665 6.666666666666665 5
7.777777777777778 6.666666666666667 5
8.888888888888889 6.666666666666666 5
1.111111111111111 7.777777777777777 5
2.222222222222222 7.777777777777777 5
3.333333333333333 7.777777777777777 5
4.444444444444445 7.777777777777777 5
5.555555555555555 7.777777777777777 5
6.666666666666667 7.777777777777778 5
7.777777777777777 7.777777777777777 5
8.888888888888889 7.777777777777777 5
1.111111111111111 8.888888888888889 5
2.222222222222222 8.888888888888889 5
3.333333333333333 8.888888888888889 5
4.444444444444445 8.888888888888889 5
5.555555555555555 8.888888888888889 5
6.666666666666666 8.888888888888889 5
7.777777777777777 8.888888888888889 5
8.888888888888889 8.888888888888889 5
3 1 0 512
489
490
491
492
493
494
495
496
497
498
499
500
501
502
503
504
505
506
507
508
509
510
511
512
513
514
515
516
517
518
519
520
521
522
523
524
525
526
527
528
529
530
531
532
533
534
535
536
537
538
539
540
541
542
543
544
545
546
547
548
549
550
551
552
553
554
555
556
557
558
559
560
561
562
563
564
565
566
567
568
569
570
571
572
573
574
575
576
577
578
579
580
581
582
583
584
585
586
587
588
589
590
591
592
593
594
595
596
597
598
599
600
601
602
603
604
605
606
607
608
609
610
611
612
613
614
615
616
617
618
619
620
621
622
623
624
625
626
627
628
629
630
631
632
633
634
635
636
637
638
639
640
641
642
643
644
645
646
647
648
649
650
651
652
653
654
655
656
657
658
659
660
661
662
663
664
665
666
667
668
669
670
671
672
673
674
675
676
677
678
679
680
681
682
683
684
685
686
687
688
689
690
691
692
693
694
695
696
697
698
699
700
701
702
703
704
705
706
707
708
709
710
711
712
713
714
715
716
717
718
719
720
721
722
723
724
725
726
727
728
729
730
731
732
733
734
735
736
737
738
739
740
741
742
743
744
745
746
747
748
749
750
751
752
753
754
755
756
757
758
759
760
761
762
763
764
765
766
767
768
769
770
771
772
773
774
775
776
777
778
779
780
781
782
783
784
785
786
787
788
789
790
791
792
793
794
795
796
797
798
799
800
801
802
803
804
805
806
807
808
809
810
811
812
813
814
815
816
817
818
819
820
821
822
823
824
825
826
827
828
829
830
831
832
833
834
835
836
837
838
839
840
841
842
843
844
845
846
847
848
849
850
851
852
853
854
855
856
857
858
859
860
861
862
863
864
865
866
867
868
869
870
871
872
873
874
875
876
877
878
879
880
881
882
883
884
885
886
887
888
889
890
891
892
893
894
895
896
897
898
899
900
901
902
903
904
905
906
907
908
909
910
911
912
913
914
915
916
917
918
919
920
921
922
923
924
925
926
927
928
929
930
931
932
933
934
935
936
937
938
939
940
941
942
943
944
945
946
947
948
949
950
951
952
953
954
955
956
957
958
959
960
961
962
963
964
965
966
967
968
969
970
971
972
973
974
975
976
977
978
979
980
981
982
983
984
985
986
987
988
989
990
991
992
993
994
995
996
997
998
999
1000
1.111111111111111 1.111111111111111 0.5555555555555556
2.222222222222222 1.111111111111112 0.5555555555555558
3.333333333333333 1.111111111111111 0.5555555555555556
4.444444444444445 1.111111111111111 0.5555555555555556
5.555555555555555 1.111111111111111 0.5555555555555556
6.666666666666665 1.111111111111111 0.5555555555555554
7.777777777777777 1.111111111111111 0.5555555555555556
8.888888888888889 1.111111111111112 0.5555555555555558
1.111111111111111 2.222222222222222 0.5555555555555557
2.222222222222222 2.222222222222223 0.5555555555555558
3.333333333333334 2.222222222222222 0.5555555555555556
4.444444444444445 2.222222222222222 0.5555555555555556
5.555555555555553 2.222222222222222 0.5555555555555556
6.666666666666668 2.222222222222221 0.5555555555555554
7.777777777777775 2.222222222222222 0.5555555555555556
8.888888888888889 2.222222222222223 0.5555555555555558
1.111111111111112 3.333333333333332 0.5555555555555555
2.222222222222223 3.333333333333334 0.5555555555555558
3.333333333333333 3.333333333333333 0.5555555555555556
4.444444444444446 3.333333333333333 0.5555555555555556
5.555555555555554 3.333333333333332 0.5555555555555555
6.666666666666666 3.333333333333332 0.5555555555555554
7.777777777777773 3.333333333333335 0.5555555555555556
8.888888888888893 3.333333333333335 0.5555555555555559
1.111111111111111 4.444444444444445 0.5555555555555556
2.222222222222222 4.444444444444446 0.5555555555555558
3.333333333333333 4.444444444444445 0.5555555555555557
4.444444444444445 4.444444444444445 0.5555555555555556
5.555555555555555 4.444444444444445 0.5555555555555556
6.666666666666665 4.444444444444443 0.5555555555555555
7.777777777777776 4.444444444444445 0.5555555555555556
8.888888888888889 4.444444444444446 0.5555555555555558
1.111111111111111 5.555555555555554 0.5555555555555556
2.222222222222222 5.555555555555553 0.5555555555555558
3.333333333333333 5.555555555555557 0.5555555555555556
4.444444444444445 5.555555555555554 0.5555555555555556
5.555555555555555 5.555555555555557 0.5555555555555556
6.666666666666665 5.555555555555554 0.5555555555555554
7.777777777777775 5.555555555555554 0.5555555555555556
8.888888888888889 5.555555555555554 0.5555555555555558
1.111111111111111 6.666666666666664 0.5555555555555556
2.222222222222223 6.666666666666668 0.5555555555555558
3.333333333333334 6.666666666666667 0.5555555555555556
4.444444444444446 6.666666666666665 0.5555555555555556
5.555555555555554 6.666666666666664 0.5555555555555556
6.666666666666668 6.666666666666664 0.5555555555555554
7.777777777777775 6.66666666666667 0.5555555555555556
8.888888888888891 6.66666666666667 0.5555555555555558
1.111111111111111 7.777777777777774 0.5555555555555556
2.222222222222222 7.777777777777779 0.5555555555555558
3.333333333333335 7.777777777777777 0.5555555555555557
4.444444444444445 7.777777777777779 0.5555555555555557
5.555555555555554 7.777777777777774 0.5555555555555556
6.66666666666667 7.777777777777775 0.5555555555555554
7.777777777777775 7.777777777777775 0.5555555555555556
8.888888888888889 7.777777777777776 0.5555555555555558
1.111111111111111 8.888888888888889 0.5555555555555556
2.222222222222222 8.888888888888893 0.5555555555555558
3.333333333333334 8.888888888888889 0.5555555555555557
4.444444444444445 8.888888888888889 0.5555555555555556
5.555555555555555 8.888888888888889 0.5555555555555556
6.666666666666669 8.888888888888886 0.5555555555555554
7.777777777777777 8.888888888888889 0.5555555555555556
8.888888888888889 8.888888888888893 0.5555555555555558
1.111111111111111 1.111111111111111 1.111111111111111
2.222222222222223 1.111111111111112 1.111111111111112
3.333333333333334 1.111111111111111 1.111111111111111
4.444444444444446 1.111111111111111 1.111111111111111
5.555555555555553 1.111111111111111 1.111111111111111
6.666666666666668 1.111111111111111 1.111111111111111
7.777777777777775 1.111111111111111 1.111111111111111
8.888888888888891 1.111111111111112 1.111111111111112
1.111111111111111 2.222222222222223 1.111111111111111
2.222222222222222 2.222222222222223 1.111111111111112
3.333333333333333 2.222222222222222 1.111111111111111
4.444444444444445 2.222222222222222 1.111111111111111
5.555555555555551 2.222222222222222 1.111111111111111
6.666666666666667 2.222222222222221 1.111111111111111
7.777777777777774 2.222222222222222 1.111111111111111
8.888888888888889 2.222222222222223 1.111111111111112
1.111111111111111 3.333333333333332 1.111111111111111
2.222222222222223 3.333333333333334 1.111111111111112
3.333333333333333 3.333333333333333 1.111111111111111
4.444444444444446 3.333333333333333 1.111111111111111
5.555555555555554 3.333333333333332 1.111111111111111
6.666666666666667 3.333333333333332 1.111111111111111
7.777777777777775 3.333333333333334 1.111111111111111
8.888888888888891 3.333333333333334 1.111111111111112
1.111111111111111 4.444444444444446 1.111111111111111
2.222222222222222 4.444444444444446 1.111111111111112
3.333333333333335 4.444444444444445 1.111111111111111
4.444444444444445 4.444444444444444 1.111111111111111
5.555555555555551 4.444444444444445 1.111111111111111
6.66666666666667 4.444444444444443 1.111111111111111
7.777777777777773 4.444444444444445 1.111111111111111
8.888888888888889 4.444444444444446 1.111111111111112
1.111111111111111 5.555555555555552 1.111111111111111
2.222222222222222 5.555555555555551 1.111111111111112
3.333333333333334 5.555555555555552 1.111111111111111
4.444444444444445 5.555555555555552 1.111111111111111
5.555555555555554 5.555555555555552 1.111111111111111
6.666666666666669 5.555555555555553 1.111111111111111
7.777777777777775 5.555555555555554 1.111111111111111
8.888888888888889 5.555555555555553 1.111111111111112
1.111111111111111 6.666666666666664 1.111111111111111
2.222222222222222 6.666666666666668 1.111111111111112
3.333333333333333 6.666666666666667 1.111111111111111
4.444444444444445 6.666666666666666 1.111111111111111
5.555555555555554 6.666666666666664 1.111111111111111
6.666666666666666 6.666666666666664 1.111111111111111
7.777777777777777 6.666666666666669 1.111111111111111
8.888888888888889 6.666666666666668 1.111111111111112
1.111111111111111 7.777777777777775 1.111111111111111
2.222222222222222 7.777777777777777 1.111111111111112
3.333333333333334 7.777777777777779 1.111111111111111
4.444444444444445 7.777777777777778 1.111111111111111
5.555555555555554 7.777777777777775 1.111111111111111
6.666666666666669 7.777777777777779 1.111111111111111
7.777777777777775 7.777777777777775 1.111111111111111
8.888888888888889 7.777777777777775 1.111111111111112
1.111111111111111 8.888888888888891 1.111111111111111
2.222222222222222 8.888888888888893 1.111111111111112
3.333333333333333 8.888888888888889 1.111111111111111
4.444444444444445 8.888888888888888 1.111111111111111
5.555555555555554 8.888888888888889 1.111111111111111
6.666666666666667 8.888888888888886 1.111111111111111
7.777777777777775 8.888888888888889 1.111111111111111
8.888888888888889 8.888888888888893 1.111111111111112
1.111111111111111 1.111111111111111 1.666666666666666
2.222222222222223 1.111111111111112 1.666666666666667
3.333333333333333 1.111111111111111 1.666666666666667
4.444444444444446 1.111111111111111 1.666666666666666
5.555555555555554 1.111111111111111 1.666666666666666
6.666666666666667 1.111111111111111 1.666666666666666
7.777777777777773 1.111111111111111 1.666666666666667
8.888888888888891 1.111111111111112 1.666666666666667
1.111111111111111 2.222222222222222 1.666666666666666
2.222222222222223 2.222222222222223 1.666666666666667
3.333333333333333 2.222222222222222 1.666666666666667
4.444444444444446 2.222222222222223 1.666666666666667
5.555555555555552 2.222222222222222 1.666666666666666
6.666666666666667 2.222222222222221 1.666666666666666
7.777777777777775 2.222222222222222 1.666666666666667
8.888888888888891 2.222222222222224 1.666666666666667
1.111111111111111 3.333333333333331 1.666666666666666
2.222222222222222 3.333333333333332 1.666666666666666
3.333333333333331 3.333333333333331 1.666666666666666
4.444444444444445 3.333333333333332 1.666666666666666
5.555555555555553 3.333333333333332 1.666666666666666
6.666666666666663 3.333333333333331 1.666666666666666
7.777777777777776 3.333333333333334 1.666666666666666
8.888888888888889 3.333333333333331 1.666666666666665
1.111111111111111 4.444444444444444 1.666666666666666
2.222222222222223 4.444444444444446 1.666666666666667
3.333333333333331 4.444444444444445 1.666666666666666
4.444444444444446 4.444444444444446 1.666666666666666
5.555555555555554 4.444444444444445 1.666666666666666
6.666666666666663 4.444444444444443 1.666666666666666
7.777777777777773 4.444444444444445 1.666666666666667
8.888888888888891 4.444444444444447 1.666666666666667
1.111111111111111 5.555555555555554 1.666666666666666
2.222222222222223 5.555555555555554 1.666666666666667
3.333333333333331 5.555555555555557 1.666666666666666
4.444444444444446 5.555555555555554 1.666666666666666
5.555555555555554 5.555555555555557 1.666666666666666
6.666666666666663 5.555555555555554 1.666666666666666
7.777777777777773 5.555555555555554 1.666666666666667
8.888888888888891 5.555555555555554 1.666666666666667
1.111111111111111 6.666666666666663 1.666666666666666
2.222222222222222 6.666666666666663 1.666666666666666
3.333333333333331 6.666666666666663 1.666666666666666
4.444444444444445 6.666666666666663 1.666666666666666
5.555555555555554 6.666666666666663 1.666666666666666
6.666666666666663 6.666666666666663 1.666666666666665
7.777777777777775 6.666666666666668 1.666666666666667
8.888888888888889 6.666666666666663 1.666666666666666
1.111111111111111 7.777777777777773 1.666666666666667
2.222222222222222 7.777777777777779 1.666666666666667
3.333333333333333 7.777777777777779 1.666666666666667
4.444444444444445 7.777777777777779 1.666666666666667
5.555555555555554 7.777777777777773 1.666666666666667
6.666666666666666 7.777777777777779 1.666666666666667
7.777777777777775 7.777777777777775 1.666666666666667
8.888888888888889 7.777777777777775 1.666666666666667
1.111111111111111 8.888888888888888 1.666666666666666
2.222222222222223 8.888888888888893 1.666666666666667
3.333333333333333 8.888888888888889 1.666666666666667
4.444444444444446 8.888888888888891 1.666666666666666
5.555555555555554 8.888888888888889 1.666666666666666
6.666666666666666 8.888888888888886 1.666666666666666
7.777777777777775 8.888888888888889 1.666666666666667
8.888888888888891 8.888888888888895 1.666666666666667
1.111111111111111 1.111111111111111 2.222222222222222
2.222222222222222 1.111111111111111 2.222222222222223
3.333333333333334 1.111111111111111 2.222222222222222
4.444444444444445 1.111111111111111 2.222222222222222
5.555555555555553 1.111111111111111 2.222222222222222
6.666666666666668 1.111111111111111 2.222222222222221
7.777777777777775 1.111111111111111 2.222222222222222
8.888888888888889 1.111111111111112 2.222222222222223
1.111111111111111 2.222222222222222 2.222222222222223
2.222222222222222 2.222222222222223 2.222222222222223
3.333333333333334 2.222222222222223 2.222222222222222
4.444444444444445 2.222222222222222 2.222222222222222
5.555555555555552 2.222222222222222 2.222222222222222
6.666666666666669 2.222222222222222 2.222222222222221
7.777777777777774 2.222222222222222 2.222222222222222
8.888888888888889 2.222222222222223 2.222222222222223
1.111111111111111 3.333333333333332 2.222222222222222
2.222222222222223 3.333333333333334 2.222222222222223
3.333333333333334 3.333333333333333 2.222222222222222
4.444444444444446 3.333333333333332 2.222222222222222
5.555555555555554 3.333333333333332 2.222222222222222
6.666666666666668 3.333333333333332 2.222222222222221
7.777777777777773 3.333333333333334 2.222222222222222
8.888888888888891 3.333333333333334 2.222222222222224
1.111111111111111 4.444444444444445 2.222222222222222
2.222222222222222 4.444444444444446 2.222222222222223
3.333333333333334 4.444444444444446 2.222222222222223
4.444444444444445 4.444444444444445 2.222222222222222
5.555555555555551 4.444444444444445 2.222222222222222
6.666666666666668 4.444444444444444 2.222222222222222
7.777777777777775 4.444444444444445 2.222222222222222
8.888888888888889 4.444444444444446 2.222222222222223
1.111111111111111 5.555555555555553 2.222222222222222
2.222222222222222 5.55555555555555 2.222222222222223
3.333333333333334 5.555555555555554 2.222222222222222
4.444444444444445 5.555555555555551 2.222222222222222
5.555555555555554 5.555555555555553 2.222222222222222
6.666666666666668 5.555555555555553 2.222222222222221
7.777777777777775 5.555555555555554 2.222222222222222
8.888888888888889 5.555555555555553 2.222222222222223
1.111111111111111 6.666666666666663 2.222222222222222
2.222222222222222 6.666666666666669 2.222222222222223
3.333333333333334 6.666666666666667 2.222222222222222
4.444444444444445 6.666666666666664 2.222222222222222
5.555555555555554 6.666666666666664 2.222222222222222
6.666666666666668 6.666666666666664 2.222222222222221
7.777777777777776 6.666666666666669 2.222222222222222
8.888888888888889 6.666666666666669 2.222222222222223
1.111111111111111 7.777777777777775 2.222222222222222
2.222222222222222 7.777777777777779 2.222222222222223
3.333333333333335 7.777777777777779 2.222222222222223
4.444444444444445 7.777777777777779 2.222222222222223
5.555555555555552 7.777777777777775 2.222222222222222
6.66666666666667 7.77777777777778 2.222222222222221
7.777777777777774 7.777777777777775 2.222222222222222
8.888888888888889 7.777777777777775 2.222222222222223
1.111111111111111 8.888888888888889 2.222222222222222
2.222222222222222 8.888888888888891 2.222222222222223
3.333333333333335 8.888888888888891 2.222222222222223
4.444444444444445 8.888888888888889 2.222222222222222
5.555555555555554 8.888888888888889 2.222222222222222
6.66666666666667 8.888888888888888 2.222222222222221
7.777777777777775 8.888888888888889 2.222222222222222
8.888888888888889 8.888888888888893 2.222222222222223
1.111111111111111 1.111111111111111 2.777777777777777
2.222222222222222 1.111111111111112 2.777777777777775
3.333333333333334 1.111111111111111 2.777777777777777
4.444444444444445 1.111111111111111 2.777777777777777
5.555555555555556 1.111111111111111 2.777777777777775
6.666666666666668 1.111111111111111 2.777777777777777
7.777777777777775 1.111111111111111 2.777777777777777
8.888888888888889 1.111111111111112 2.777777777777778
1.111111111111111 2.222222222222222 2.777777777777776
2.222222222222223 2.222222222222224 2.777777777777775
3.333333333333334 2.222222222222222 2.777777777777777
4.444444444444446 2.222222222222222 2.777777777777775
5.555555555555554 2.222222222222222 2.777777777777776
6.666666666666668 2.222222222222221 2.777777777777776
7.777777777777776 2.222222222222222 2.777777777777776
8.888888888888891 2.222222222222223 2.777777777777776
1.111111111111111 3.333333333333332 2.777777777777779
2.222222222222222 3.333333333333334 2.777777777777776
3.333333333333334 3.333333333333333 2.777777777777779
4.444444444444445 3.333333333333333 2.777777777777777
5.555555555555554 3.333333333333332 2.777777777777779
6.666666666666668 3.333333333333332 2.777777777777777
7.777777777777773 3.333333333333334 2.777777777777777
8.888888888888889 3.333333333333334 2.777777777777777
1.111111111111111 4.444444444444445 2.777777777777776
2.222222222222222 4.444444444444447 2.777777777777776
3.333333333333334 4.444444444444445 2.777777777777776
4.444444444444445 4.444444444444445 2.777777777777775
5.555555555555554 4.444444444444445 2.777777777777776
6.666666666666668 4.444444444444443 2.777777777777776
7.777777777777775 4.444444444444445 2.777777777777776
8.888888888888889 4.444444444444446 2.777777777777776
1.111111111111111 5.555555555555554 2.777777777777779
2.222222222222222 5.555555555555554 2.777777777777777
3.333333333333334 5.555555555555558 2.777777777777779
4.444444444444445 5.555555555555554 2.777777777777777
5.555555555555554 5.555555555555558 2.777777777777779
6.666666666666668 5.555555555555554 2.777777777777777
7.777777777777775 5.555555555555554 2.777777777777777
8.888888888888889 5.555555555555554 2.777777777777777
1.111111111111111 6.666666666666663 2.777777777777778
2.222222222222222 6.666666666666668 2.777777777777776
3.333333333333334 6.666666666666667 2.777777777777779
4.444444444444445 6.666666666666665 2.777777777777777
5.555555555555554 6.666666666666664 2.777777777777779
6.666666666666668 6.666666666666664 2.777777777777777
7.777777777777776 6.666666666666669 2.777777777777777
8.888888888888889 6.666666666666669 2.777777777777777
1.111111111111111 7.777777777777775 2.777777777777779
2.222222222222222 7.777777777777779 2.777777777777777
3.333333333333334 7.777777777777779 2.777777777777779
4.444444444444445 7.777777777777779 2.777777777777777
5.555555555555554 7.777777777777775 2.777777777777779
6.666666666666669 7.777777777777779 2.777777777777777
7.777777777777775 7.777777777777775 2.777777777777777
8.888888888888889 7.777777777777775 2.777777777777777
1.111111111111111 8.888888888888889 2.777777777777779
2.222222222222222 8.888888888888895 2.777777777777777
3.333333333333334 8.888888888888889 2.777777777777779
4.444444444444445 8.888888888888889 2.777777777777777
5.555555555555554 8.888888888888889 2.777777777777779
6.666666666666668 8.888888888888886 2.777777777777777
7.777777777777775 8.888888888888889 2.777777777777777
8.888888888888889 8.888888888888893 2.777777777777777
1.111111111111111 1.111111111111111 3.333333333333333
2.222222222222223 1.111111111111112 3.333333333333334
3.333333333333334 1.111111111111111 3.333333333333333
4.444444444444446 1.111111111111111 3.333333333333332
5.555555555555554 1.111111111111111 3.333333333333332
6.666666666666669 1.111111111111111 3.333333333333332
7.777777777777779 1.111111111111111 3.333333333333334
8.888888888888891 1.111111111111112 3.333333333333335
1.111111111111111 2.222222222222222 3.333333333333332
2.222222222222222 2.222222222222223 3.333333333333334
3.333333333333334 2.222222222222222 3.333333333333334
4.444444444444445 2.222222222222223 3.333333333333333
5.555555555555554 2.222222222222222 3.333333333333333
6.666666666666668 2.222222222222221 3.333333333333332
7.777777777777779 2.222222222222222 3.333333333333334
8.888888888888889 2.222222222222223 3.333333333333334
1.111111111111111 3.333333333333332 3.333333333333331
2.222222222222222 3.333333333333331 3.333333333333331
3.333333333333329 3.333333333333331 3.333333333333331
4.444444444444445 3.333333333333332 3.333333333333331
5.555555555555554 3.333333333333331 3.333333333333331
6.666666666666659 3.333333333333329 3.333333333333331
7.777777777777775 3.333333333333333 3.333333333333332
8.888888888888889 3.333333333333331 3.333333333333331
1.111111111111111 4.444444444444445 3.333333333333332
2.222222222222223 4.444444444444446 3.333333333333334
3.333333333333332 4.444444444444445 3.333333333333332
4.444444444444446 4.444444444444446 3.333333333333332
5.555555555555553 4.444444444444445 3.333333333333332
6.666666666666663 4.444444444444443 3.333333333333332
7.777777777777783 4.444444444444445 3.333333333333334
8.888888888888891 4.444444444444446 3.333333333333334
1.111111111111111 5.555555555555553 3.333333333333332
2.222222222222222 5.555555555555553 3.333333333333334
3.333333333333332 5.555555555555558 3.333333333333332
4.444444444444445 5.555555555555553 3.333333333333332
5.555555555555554 5.555555555555557 3.333333333333332
6.666666666666664 5.555555555555554 3.333333333333332
7.777777777777776 5.555555555555554 3.333333333333334
8.888888888888889 5.555555555555554 3.333333333333334
1.111111111111111 6.666666666666663 3.333333333333332
2.222222222222222 6.666666666666663 3.333333333333332
3.333333333333329 6.666666666666663 3.333333333333331
4.444444444444445 6.666666666666663 3.333333333333332
5.555555555555554 6.666666666666663 3.333333333333331
6.666666666666659 6.666666666666659 3.333333333333329
7.777777777777784 6.666666666666667 3.333333333333334
8.888888888888889 6.666666666666663 3.333333333333331
1.111111111111111 7.777777777777776 3.333333333333335
2.222222222222222 7.77777777777778 3.333333333333335
3.333333333333333 7.777777777777779 3.333333333333334
4.444444444444445 7.777777777777779 3.333333333333334
5.555555555555554 7.777777777777779 3.333333333333334
6.666666666666667 7.777777777777784 3.333333333333334
7.777777777777777 7.77777777777778 3.333333333333335
8.888888888888889 7.777777777777776 3.333333333333334
1.111111111111111 8.888888888888889 3.333333333333332
2.222222222222222 8.888888888888893 3.333333333333333
3.333333333333333 8.888888888888889 3.333333333333334
4.444444444444445 8.888888888888891 3.333333333333333
5.555555555555554 8.888888888888889 3.333333333333332
6.666666666666667 8.888888888888886 3.333333333333332
7.777777777777779 8.888888888888889 3.333333333333334
8.888888888888889 8.888888888888893 3.333333333333334
1.111111111111111 1.111111111111111 3.888888888888887
2.222222222222222 1.111111111111112 3.88888888888889
3.333333333333335 1.111111111111111 3.888888888888888
4.444444444444445 1.111111111111111 3.88888888888889
5.555555555555554 1.111111111111111 3.888888888888887
6.66666666666667 1.111111111111111 3.888888888888889
7.777777777777775 1.111111111111111 3.888888888888888
8.888888888888889 1.111111111111112 3.888888888888888
1.111111111111111 2.222222222222222 3.888888888888888
2.222222222222222 2.222222222222223 3.888888888888888
3.333333333333334 2.222222222222223 3.888888888888889
4.444444444444445 2.222222222222223 3.888888888888889
5.555555555555554 2.222222222222222 3.888888888888888
6.666666666666669 2.222222222222221 3.88888888888889
7.777777777777775 2.222222222222222 3.888888888888888
8.888888888888889 2.222222222222224 3.888888888888888
1.111111111111111 3.333333333333335 3.888888888888887
2.222222222222222 3.333333333333335 3.888888888888889
3.333333333333334 3.333333333333334 3.888888888888889
4.444444444444445 3.333333333333335 3.888888888888889
5.555555555555554 3.333333333333335 3.888888888888888
6.666666666666668 3.333333333333334 3.888888888888888
7.777777777777775 3.333333333333335 3.888888888888888
8.888888888888889 3.333333333333334 3.888888888888888
1.111111111111111 4.444444444444445 3.888888888888888
2.222222222222223 4.444444444444446 3.888888888888889
3.333333333333335 4.444444444444446 3.88888888888889
4.444444444444446 4.444444444444446 3.88888888888889
5.555555555555554 4.444444444444445 3.888888888888888
6.66666666666667 4.444444444444443 3.88888888888889
7.777777777777774 4.444444444444445 3.888888888888888
8.888888888888891 4.444444444444447 3.888888888888888
1.111111111111111 5.555555555555554 3.888888888888888
2.222222222222222 5.555555555555554 3.88888888888889
3.333333333333335 5.555555555555558 3.888888888888889
4.444444444444445 5.555555555555554 3.888888888888889
5.555555555555554 5.555555555555558 3.888888888888888
6.66666666666667 5.555555555555554 3.888888888888888
7.777777777777775 5.555555555555554 3.888888888888888
8.888888888888889 5.555555555555554 3.888888888888888
1.111111111111111 6.66666666666667 3.888888888888888
2.222222222222222 6.66666666666667 3.888888888888889
3.333333333333333 6.666666666666668 3.888888888888889
4.444444444444445 6.66666666666667 3.88888888888889
5.555555555555554 6.66666666666667 3.88888888888889
6.666666666666667 6.666666666666668 3.888888888888892
7.777777777777777 6.66666666666667 3.88888888888889
8.888888888888889 6.666666666666669 3.888888888888888
1.111111111111111 7.777777777777775 3.888888888888888
2.222222222222222 7.777777777777779 3.888888888888889
3.333333333333334 7.777777777777779 3.888888888888889
4.444444444444445 7.777777777777777 3.888888888888888
5.555555555555554 7.777777777777774 3.888888888888887
6.666666666666669 7.777777777777776 3.888888888888888
7.777777777777774 7.777777777777773 3.888888888888887
8.888888888888889 7.777777777777774 3.888888888888887
1.111111111111111 8.888888888888889 3.888888888888888
2.222222222222223 8.888888888888893 3.88888888888889
3.333333333333335 8.888888888888891 3.888888888888889
4.444444444444446 8.888888888888891 3.888888888888889
5.555555555555554 8.888888888888889 3.888888888888888
6.66666666666667 8.888888888888886 3.88888888888889
7.777777777777775 8.888888888888889 3.888888888888888
8.888888888888891 8.888888888888895 3.888888888888888
1.111111111111111 1.111111111111111 4.444444444444445
2.222222222222222 1.111111111111112 4.444444444444446
3.333333333333334 1.111111111111111 4.444444444444445
4.444444444444445 1.111111111111111 4.444444444444445
5.555555555555553 1.111111111111111 4.444444444444445
6.666666666666669 1.111111111111111 4.444444444444443
7.777777777777776 1.111111111111111 4.444444444444445
8.888888888888889 1.111111111111111 4.444444444444446
1.111111111111111 2.222222222222222 4.444444444444446
2.222222222222222 2.222222222222223 4.444444444444446
3.333333333333333 2.222222222222223 4.444444444444445
4.444444444444445 2.222222222222222 4.444444444444445
5.555555555555554 2.222222222222222 4.444444444444445
6.666666666666667 2.222222222222221 4.444444444444443
7.777777777777776 2.222222222222222 4.444444444444445
8.888888888888889 2.222222222222223 4.444444444444446
1.111111111111111 3.333333333333333 4.444444444444444
2.222222222222223 3.333333333333333 4.444444444444446
3.333333333333334 3.333333333333333 4.444444444444445
4.444444444444446 3.333333333333333 4.444444444444445
5.555555555555554 3.333333333333332 4.444444444444444
6.666666666666668 3.333333333333332 4.444444444444443
7.777777777777775 3.333333333333334 4.444444444444445
8.888888888888891 3.333333333333334 4.444444444444447
1.111111111111111 4.444444444444445 4.444444444444445
2.222222222222222 4.444444444444446 4.444444444444446
3.333333333333335 4.444444444444446 4.444444444444446
4.444444444444445 4.444444444444445 4.444444444444445
5.555555555555554 4.444444444444445 4.444444444444445
6.66666666666667 4.444444444444443 4.444444444444444
7.777777777777773 4.444444444444445 4.444444444444445
8.888888888888889 4.444444444444446 4.444444444444446
1.111111111111111 5.555555555555555 4.444444444444445
2.222222222222223 5.555555555555554 4.444444444444446
3.333333333333334 5.555555555555558 4.444444444444445
4.444444444444446 5.555555555555554 4.444444444444445
5.555555555555554 5.555555555555558 4.444444444444445
6.666666666666668 5.555555555555554 4.444444444444443
7.777777777777775 5.555555555555554 4.444444444444445
8.888888888888891 5.555555555555554 4.444444444444446
1.111111111111111 6.666666666666665 4.444444444444445
2.222222222222222 6.666666666666667 4.444444444444446
3.333333333333333 6.666666666666667 4.444444444444445
4.444444444444445 6.666666666666666 4.444444444444445
5.555555555555554 6.666666666666664 4.444444444444445
6.666666666666667 6.666666666666663 4.444444444444443
7.777777777777775 6.666666666666668 4.444444444444445
8.888888888888889 6.666666666666669 4.444444444444446
1.111111111111111 7.777777777777776 4.444444444444445
2.222222222222222 7.777777777777779 4.444444444444446
3.333333333333334 7.777777777777779 4.444444444444446
4.444444444444445 7.777777777777779 4.444444444444446
5.555555555555554 7.777777777777775 4.444444444444445
6.666666666666669 7.777777777777776 4.444444444444443
7.777777777777775 7.777777777777775 4.444444444444445
8.888888888888889 7.777777777777776 4.444444444444446
1.111111111111111 8.888888888888889 4.444444444444445
2.222222222222222 8.888888888888893 4.444444444444446
3.333333333333334 8.888888888888891 4.444444444444446
4.444444444444444 8.888888888888889 4.444444444444445
5.555555555555554 8.888888888888889 4.444444444444445
6.666666666666669 8.888888888888886 4.444444444444443
7.777777777777775 8.888888888888889 4.444444444444445
8.888888888888888 8.888888888888891 4.444444444444446
$EndNodes
$Elements
27 5462 1 5462
0 1 15 1
1 1 
0 2 15 1
2 2 
0 3 15 1
3 3 
0 4 15 1
4 4 
0 5 15 1
5 5 
0 6 15 1
6 6 
0 7 15 1
7 7 
0 8 15 1
8 8 
1 1 1 9
9 2 9 
10 9 10 
11 10 11 
12 11 12 
13 12 13 
14 13 14 
15 14 15 
16 15 16 
17 16 1 
1 2 1 9
18 1 17 
19 17 18 
20 18 19 
21 19 20 
22 20 21 
23 21 22 
24 22 23 
25 23 24 
26 24 3 
1 3 1 9
27 4 25 
28 25 26 
29 26 27 
30 27 28 
31 28 29 
32 29 30 
33 30 31 
34 31 32 
35 32 3 
1 4 1 9
36 2 33 
37 33 34 
38 34 35 
39 35 36 
40 36 37 
41 37 38 
42 38 39 
43 39 40 
44 40 4 
1 5 1 9
45 6 41 
46 41 42 
47 42 43 
48 43 44 
49 44 45 
50 45 46 
51 46 47 
52 47 48 
53 48 5 
1 6 1 9
54 5 49 
55 49 50 
56 50 51 
57 51 52 
58 52 53 
59 53 54 
60 54 55 
61 55 56 
62 56 7 
1 7 1 9
63 8 57 
64 57 58 
65 58 59 
66 59 60 
67 60 61 
68 61 62 
69 62 63 
70 63 64 
71 64 7 
1 8 1 9
72 6 65 
73 65 66 
74 66 67 
75 67 68 
76 68 69 
77 69 70 
78 70 71 
79 71 72 
80 72 8 
1 9 1 9
81 2 73 
82 73 74 
83 74 75 
84 75 76 
85 76 77 
86 77 78 
87 78 79 
88 79 80 
89 80 6 
1 10 1 9
90 1 81 
91 81 82 
92 82 83 
93 83 84 
94 84 85 
95 85 86 
96 86 87 
97 87 88 
98 88 5 
1 11 1 9
99 4 89 
100 89 90 
101 90 91 
102 91 92 
103 92 93 
104 93 94 
105 94 95 
106 95 96 
107 96 8 
1 12 1 9
108 3 97 
109 97 98 
110 98 99 
111 99 100 
112 100 101 
113 101 102 
114 102 103 
115 103 104 
116 104 7 
2 1 2 162
117 2 9 33 
118 33 9 105 
119 33 105 34 
120 34 105 106 
121 34 106 35 
122 35 106 107 
123 35 107 36 
124 36 107 108 
125 36 108 37 
126 37 108 109 
127 37 109 38 
128 38 109 110 
129 38 110 39 
130 39 110 111 
131 39 111 40 
132 40 111 112 
133 40 112 4 
134 4 112 25 
135 9 10 105 
136 105 10 113 
137 105 113 106 
138 106 113 114 
139 106 114 107 
140 107 114 115 
141 107 115 108 
142 108 115 116 
143 108 116 109 
144 109 116 117 
145 109 117 110 
146 110 117 118 
147 110 118 111 
148 111 118 119 
149 111 119 112 
150 112 119 120 
151 112 120 25 
152 25 120 26 
153 10 11 113 
154 113 11 121 
155 113 121 114 
156 114 121 122 
157 114 122 115 
158 115 122 123 
159 115 123 116 
160 116 123 124 
161 116 124 117 
162 117 124 125 
163 117 125 118 
164 118 125 126 
165 118 126 119 
166 119 126 127 
167 119 127 120 
168 120 127 128 
169 120 128 26 
170 26 128 27 
171 11 12 121 
172 121 12 129 
173 121 129 122 
174 122 129 130 
175 122 130 123 
176 123 130 131 
177 123 131 124 
178 124 131 132 
179 124 132 125 
180 125 132 133 
181 125 133 126 
182 126 133 134 
183 126 134 127 
184 127 134 135 
185 127 135 128 
186 128 135 136 
187 128 136 27 
188 27 136 28 
189 12 13 129 
190 129 13 137 
191 129 137 130 
192 130 137 138 
193 130 138 131 
194 131 138 139 
195 131 139 132 
196 132 139 140 
197 132 140 133 
198 133 140 141 
199 133 141 134 
200 134 141 142 
201 134 142 135 
202 135 142 143 
203 135 143 136 
204 136 143 144 
205 136 144 28 
206 28 144 29 
207 13 14 137 
208 137 14 145 
209 137 145 138 
210 138 145 146 
211 138 146 139 
212 139 146 147 
213 139 147 140 
214 140 147 148 
215 140 148 141 
216 141 148 149 
217 141 149 142 
218 142 149 150 
219 142 150 143 
220 143 150 151 
221 143 151 144 
222 144 151 152 
223 144 152 29 
224 29 152 30 
225 14 15 145 
226 145 15 153 
227 145 153 146 
228 146 153 154 
229 146 154 147 
230 147 154 155 
231 147 155 148 
232 148 155 156 
233 148 156 149 
234 149 156 157 
235 149 157 150 
236 150 157 158 
237 150 158 151 
238 151 158 159 
239 151 159 152 
240 152 159 160 
241 152 160 30 
242 30 160 31 
243 15 16 153 
244 153 16 161 
245 153 161 154 
246 154 161 162 
247 154 162 155 
248 155 162 163 
249 155 163 156 
250 156 163 164 
251 156 164 157 
252 157 164 165 
253 157 165 158 
254 158 165 166 
255 158 166 159 
256 159 166 167 
257 159 167 160 
258 160 167 168 
259 160 168 31 
260 31 168 32 
261 16 1 161 
262 161 1 17 
263 161 17 162 
264 162 17 18 
265 162 18 163 
266 163 18 19 
267 163 19 164 
268 164 19 20 
269 164 20 165 
270 165 20 21 
271 165 21 166 
272 166 21 22 
273 166 22 167 
274 167 22 23 
275 167 23 168 
276 168 23 24 
277 168 24 32 
278 32 24 3 
2 2 2 162
279 6 65 41 
280 65 169 41 
281 65 66 169 
282 66 170 169 
283 66 67 170 
284 67 171 170 
285 67 68 171 
286 68 172 171 
287 68 69 172 
288 69 173 172 
289 69 70 173 
290 70 174 173 
291 70 71 174 
292 71 175 174 
293 71 72 175 
294 72 176 175 
295 72 8 176 
296 8 57 176 
297 41 169 42 
298 169 177 42 
299 169 170 177 
300 170 178 177 
301 170 171 178 
302 171 179 178 
303 171 172 179 
304 172 180 179 
305 172 173 180 
306 173 181 180 
307 173 174 181 
308 174 182 181 
309 174 175 182 
310 175 183 182 
311 175 176 183 
312 176 184 183 
313 176 57 184 
314 57 58 184 
315 42 177 43 
316 177 185 43 
317 177 178 185 
318 178 186 185 
319 178 179 186 
320 179 187 186 
321 179 180 187 
322 180 188 187 
323 180 181 188 
324 181 189 188 
325 181 182 189 
326 182 190 189 
327 182 183 190 
328 183 191 190 
329 183 184 191 
330 184 192 191 
331 184 58 192 
332 58 59 192 
333 43 185 44 
334 185 193 44 
335 185 186 193 
336 186 194 193 
337 186 187 194 
338 187 195 194 
339 187 188 195 
340 188 196 195 
341 188 189 196 
342 189 197 196 
343 189 190 197 
344 190 198 197 
345 190 191 198 
346 191 199 198 
347 191 192 199 
348 192 200 199 
349 192 59 200 
350 59 60 200 
351 44 193 45 
352 193 201 45 
353 193 194 201 
354 194 202 201 
355 194 195 202 
356 195 203 202 
357 195 196 203 
358 196 204 203 
359 196 197 204 
360 197 205 204 
361 197 198 205 
362 198 206 205 
363 198 199 206 
364 199 207 206 
365 199 200 207 
366 200 208 207 
367 200 60 208 
368 60 61 208 
369 45 201 46 
370 201 209 46 
371 201 202 209 
372 202 210 209 
373 202 203 210 
374 203 211 210 
375 203 204 211 
376 204 212 211 
377 204 205 212 
378 205 213 212 
379 205 206 213 
380 206 214 213 
381 206 207 214 
382 207 215 214 
383 207 208 215 
384 208 216 215 
385 208 61 216 
386 61 62 216 
387 46 209 47 
388 209 217 47 
389 209 210 217 
390 210 218 217 
391 210 211 218 
392 211 219 218 
393 211 212 219 
394 212 220 219 
395 212 213 220 
396 213 221 220 
397 213 214 221 
398 214 222 221 
399 214 215 222 
400 215 223 222 
401 215 216 223 
402 216 224 223 
403 216 62 224 
404 62 63 224 
405 47 217 48 
406 217 225 48 
407 217 218 225 
408 218 226 225 
409 218 219 226 
410 219 227 226 
411 219 220 227 
412 220 228 227 
413 220 221 228 
414 221 229 228 
415 221 222 229 
416 222 230 229 
417 222 223 230 
418 223 231 230 
419 223 224 231 
420 224 232 231 
421 224 63 232 
422 63 64 232 
423 48 225 5 
424 225 49 5 
425 225 226 49 
426 226 50 49 
427 226 227 50 
428 227 51 50 
429 227 228 51 
430 228 52 51 
431 228 229 52 
432 229 53 52 
433 229 230 53 
434 230 54 53 
435 230 231 54 
436 231 55 54 
437 231 232 55 
438 232 56 55 
439 232 64 56 
440 64 7 56 
2 3 2 162
441 2 73 9 
442 9 73 233 
443 9 233 10 
444 10 233 234 
445 10 234 11 
446 11 234 235 
447 11 235 12 
448 12 235 236 
449 12 236 13 
450 13 236 237 
451 13 237 14 
452 14 237 238 
453 14 238 15 
454 15 238 239 
455 15 239 16 
456 16 239 240 
457 16 240 1 
458 1 240 81 
459 73 74 233 
460 233 74 241 
461 233 241 234 
462 234 241 242 
463 234 242 235 
464 235 242 243 
465 235 243 236 
466 236 243 244 
467 236 244 237 
468 237 244 245 
469 237 245 238 
470 238 245 246 
471 238 246 239 
472 239 246 247 
473 239 247 240 
474 240 247 248 
475 240 248 81 
476 81 248 82 
477 74 75 241 
478 241 75 249 
479 241 249 242 
480 242 249 250 
481 242 250 243 
482 243 250 251 
483 243 251 244 
484 244 251 252 
485 244 252 245 
486 245 252 253 
487 245 253 246 
488 246 253 254 
489 246 254 247 
490 247 254 255 
491 247 255 248 
492 248 255 256 
493 248 256 82 
494 82 256 83 
495 75 76 249 
496 249 76 257 
497 249 257 250 
498 250 257 258 
499 250 258 251 
500 251 258 259 
501 251 259 252 
502 252 259 260 
503 252 260 253 
504 253 260 261 
505 253 261 254 
506 254 261 262 
507 254 262 255 
508 255 262 263 
509 255 263 256 
510 256 263 264 
511 256 264 83 
512 83 264 84 
513 76 77 257 
514 257 77 265 
515 257 265 258 
516 258 265 266 
517 258 266 259 
518 259 266 267 
519 259 267 260 
520 260 267 268 
521 260 268 261 
522 261 268 269 
523 261 269 262 
524 262 269 270 
525 262 270 263 
526 263 270 271 
527 263 271 264 
528 264 271 272 
529 264 272 84 
530 84 272 85 
531 77 78 265 
532 265 78 273 
533 265 273 266 
534 266 273 274 
535 266 274 267 
536 267 274 275 
537 267 275 268 
538 268 275 276 
539 268 276 269 
540 269 276 277 
541 269 277 270 
542 270 277 278 
543 270 278 271 
544 271 278 279 
545 271 279 272 
546 272 279 280 
547 272 280 85 
548 85 280 86 
549 78 79 273 
550 273 79 281 
551 273 281 274 
552 274 281 282 
553 274 282 275 
554 275 282 283 
555 275 283 276 
556 276 283 284 
557 276 284 277 
558 277 284 285 
559 277 285 278 
560 278 285 286 
561 278 286 279 
562 279 286 287 
563 279 287 280 
564 280 287 288 
565 280 288 86 
566 86 288 87 
567 79 80 281 
568 281 80 289 
569 281 289 282 
570 282 289 290 
571 282 290 283 
572 283 290 291 
573 283 291 284 
574 284 291 292 
575 284 292 285 
576 285 292 293 
577 285 293 286 
578 286 293 294 
579 286 294 287 
580 287 294 295 
581 287 295 288 
582 288 295 296 
583 288 296 87 
584 87 296 88 
585 80 6 289 
586 289 6 41 
587 289 41 290 
588 290 41 42 
589 290 42 291 
590 291 42 43 
591 291 43 292 
592 292 43 44 
593 292 44 293 
594 293 44 45 
595 293 45 294 
596 294 45 46 
597 294 46 295 
598 295 46 47 
599 295 47 296 
600 296 47 48 
601 296 48 88 
602 88 48 5 
2 4 2 162
603 4 25 89 
604 25 297 89 
605 25 26 297 
606 26 298 297 
607 26 27 298 
608 27 299 298 
609 27 28 299 
610 28 300 299 
611 28 29 300 
612 29 301 300 
613 29 30 301 
614 30 302 301 
615 30 31 302 
616 31 303 302 
617 31 32 303 
618 32 304 303 
619 32 3 304 
620 3 97 304 
621 89 297 90 
622 297 305 90 
623 297 298 305 
624 298 306 305 
625 298 299 306 
626 299 307 306 
627 299 300 307 
628 300 308 307 
629 300 301 308 
630 301 309 308 
631 301 302 309 
632 302 310 309 
633 302 303 310 
634 303 311 310 
635 303 304 311 
636 304 312 311 
637 304 97 312 
638 97 98 312 
639 90 305 91 
640 305 313 91 
641 305 306 313 
642 306 314 313 
643 306 307 314 
644 307 315 314 
645 307 308 315 
646 308 316 315 
647 308 309 316 
648 309 317 316 
649 309 310 317 
650 310 318 317 
651 310 311 318 
652 311 319 318 
653 311 312 319 
654 312 320 319 
655 312 98 320 
656 98 99 320 
657 91 313 92 
658 313 321 92 
659 313 314 321 
660 314 322 321 
661 314 315 322 
662 315 323 322 
663 315 316 323 
664 316 324 323 
665 316 317 324 
666 317 325 324 
667 317 318 325 
668 318 326 325 
669 318 319 326 
670 319 327 326 
671 319 320 327 
672 320 328 327 
673 320 99 328 
674 99 100 328 
675 92 321 93 
676 321 329 93 
677 321 322 329 
678 322 330 329 
679 322 323 330 
680 323 331 330 
681 323 324 331 
682 324 332 331 
683 324 325 332 
684 325 333 332 
685 325 326 333 
686 326 334 333 
687 326 327 334 
688 327 335 334 
689 327 328 335 
690 328 336 335 
691 328 100 336 
692 100 101 336 
693 93 329 94 
694 329 337 94 
695 329 330 337 
696 330 338 337 
697 330 331 338 
698 331 339 338 
699 331 332 339 
700 332 340 339 
701 332 333 340 
702 333 341 340 
703 333 334 341 
704 334 342 341 
705 334 335 342 
706 335 343 342 
707 335 336 343 
708 336 344 343 
709 336 101 344 
710 101 102 344 
711 94 337 95 
712 337 345 95 
713 337 338 345 
714 338 346 345 
715 338 339 346 
716 339 347 346 
717 339 340 347 
718 340 348 347 
719 340 341 348 
720 341 349 348 
721 341 342 349 
722 342 350 349 
723 342 343 350 
724 343 351 350 
725 343 344 351 
726 344 352 351 
727 344 102 352 
728 102 103 352 
729 95 345 96 
730 345 353 96 
731 345 346 353 
732 346 354 353 
733 346 347 354 
734 347 355 354 
735 347 348 355 
736 348 356 355 
737 348 349 356 
738 349 357 356 
739 349 350 357 
740 350 358 357 
741 350 351 358 
742 351 359 358 
743 351 352 359 
744 352 360 359 
745 352 103 360 
746 103 104 360 
747 96 353 8 
748 353 57 8 
749 353 354 57 
750 354 58 57 
751 354 355 58 
752 355 59 58 
753 355 356 59 
754 356 60 59 
755 356 357 60 
756 357 61 60 
757 357 358 61 
758 358 62 61 
759 358 359 62 
760 359 63 62 
761 359 360 63 
762 360 64 63 
763 360 104 64 
764 104 7 64 
2 5 2 162
765 2 33 73 
766 73 33 361 
767 73 361 74 
768 74 361 362 
769 74 362 75 
770 75 362 363 
771 75 363 76 
772 76 363 364 
773 76 364 77 
774 77 364 365 
775 77 365 78 
776 78 365 366 
777 78 366 79 
778 79 366 367 
779 79 367 80 
780 80 367 368 
781 80 368 6 
782 6 368 65 
783 33 34 361 
784 361 34 369 
785 361 369 362 
786 362 369 370 
787 362 370 363 
788 363 370 371 
789 363 371 364 
790 364 371 372 
791 364 372 365 
792 365 372 373 
793 365 373 366 
794 366 373 374 
795 366 374 367 
796 367 374 375 
797 367 375 368 
798 368 375 376 
799 368 376 65 
800 65 376 66 
801 34 35 369 
802 369 35 377 
803 369 377 370 
804 370 377 378 
805 370 378 371 
806 371 378 379 
807 371 379 372 
808 372 379 380 
809 372 380 373 
810 373 380 381 
811 373 381 374 
812 374 381 382 
813 374 382 375 
814 375 382 383 
815 375 383 376 
816 376 383 384 
817 376 384 66 
818 66 384 67 
819 35 36 377 
820 377 36 385 
821 377 385 378 
822 378 385 386 
823 378 386 379 
824 379 386 387 
825 379 387 380 
826 380 387 388 
827 380 388 381 
828 381 388 389 
829 381 389 382 
830 382 389 390 
831 382 390 383 
832 383 390 391 
833 383 391 384 
834 384 391 392 
835 384 392 67 
836 67 392 68 
837 36 37 385 
838 385 37 393 
839 385 393 386 
840 386 393 394 
841 386 394 387 
842 387 394 395 
843 387 395 388 
844 388 395 396 
845 388 396 389 
846 389 396 397 
847 389 397 390 
848 390 397 398 
849 390 398 391 
850 391 398 399 
851 391 399 392 
852 392 399 400 
853 392 400 68 
854 68 400 69 
855 37 38 393 
856 393 38 401 
857 393 401 394 
858 394 401 402 
859 394 402 395 
860 395 402 403 
861 395 403 396 
862 396 403 404 
863 396 404 397 
864 397 404 405 
865 397 405 398 
866 398 405 406 
867 398 406 399 
868 399 406 407 
869 399 407 400 
870 400 407 408 
871 400 408 69 
872 69 408 70 
873 38 39 401 
874 401 39 409 
875 401 409 402 
876 402 409 410 
877 402 410 403 
878 403 410 411 
879 403 411 404 
880 404 411 412 
881 404 412 405 
882 405 412 413 
883 405 413 406 
884 406 413 414 
885 406 414 407 
886 407 414 415 
887 407 415 408 
888 408 415 416 
889 408 416 70 
890 70 416 71 
891 39 40 409 
892 409 40 417 
893 409 417 410 
894 410 417 418 
895 410 418 411 
896 411 418 419 
897 411 419 412 
898 412 419 420 
899 412 420 413 
900 413 420 421 
901 413 421 414 
902 414 421 422 
903 414 422 415 
904 415 422 423 
905 415 423 416 
906 416 423 424 
907 416 424 71 
908 71 424 72 
909 40 4 417 
910 417 4 89 
911 417 89 418 
912 418 89 90 
913 418 90 419 
914 419 90 91 
915 419 91 420 
916 420 91 92 
917 420 92 421 
918 421 92 93 
919 421 93 422 
920 422 93 94 
921 422 94 423 
922 423 94 95 
923 423 95 424 
924 424 95 96 
925 424 96 72 
926 72 96 8 
2 6 2 162
927 1 81 17 
928 81 425 17 
929 81 82 425 
930 82 426 425 
931 82 83 426 
932 83 427 426 
933 83 84 427 
934 84 428 427 
935 84 85 428 
936 85 429 428 
937 85 86 429 
938 86 430 429 
939 86 87 430 
940 87 431 430 
941 87 88 431 
942 88 432 431 
943 88 5 432 
944 5 49 432 
945 17 425 18 
946 425 433 18 
947 425 426 433 
948 426 434 433 
949 426 427 434 
950 427 435 434 
951 427 428 435 
952 428 436 435 
953 428 429 436 
954 429 437 436 
955 429 430 437 
956 430 438 437 
957 430 431 438 
958 431 439 438 
959 431 432 439 
960 432 440 439 
961 432 49 440 
962 49 50 440 
963 18 433 19 
964 433 441 19 
965 433 434 441 
966 434 442 441 
967 434 435 442 
968 435 443 442 
969 435 436 443 
970 436 444 443 
971 436 437 444 
972 437 445 444 
973 437 438 445 
974 438 446 445 
975 438 439 446 
976 439 447 446 
977 439 440 447 
978 440 448 447 
979 440 50 448 
980 50 51 448 
981 19 441 20 
982 441 449 20 
983 441 442 449 
984 442 450 449 
985 442 443 450 
986 443 451 450 
987 443 444 451 
988 444 452 451 
989 444 445 452 
990 445 453 452 
991 445 446 453 
992 446 454 453 
993 446 447 454 
994 447 455 454 
995 447 448 455 
996 448 456 455 
997 448 51 456 
998 51 52 456 
999 20 449 21 
1000 449 457 21 
1001 449 450 457 
1002 450 458 457 
1003 450 451 458 
1004 451 459 458 
1005 451 452 459 
1006 452 460 459 
1007 452 453 460 
1008 453 461 460 
1009 453 454 461 
1010 454 462 461 
1011 454 455 462 
1012 455 463 462 
1013 455 456 463 
1014 456 464 463 
1015 456 52 464 
1016 52 53 464 
1017 21 457 22 
1018 457 465 22 
1019 457 458 465 
1020 458 466 465 
1021 458 459 466 
1022 459 467 466 
1023 459 460 467 
1024 460 468 467 
1025 460 461 468 
1026 461 469 468 
1027 461 462 469 
1028 462 470 469 
1029 462 463 470 
1030 463 471 470 
1031 463 464 471 
1032 464 472 471 
1033 464 53 472 
1034 53 54 472 
1035 22 465 23 
1036 465 473 23 
1037 465 466 473 
1038 466 474 473 
1039 466 467 474 
1040 467 475 474 
1041 467 468 475 
1042 468 476 475 
1043 468 469 476 
1044 469 477 476 
1045 469 470 477 
1046 470 478 477 
1047 470 471 478 
1048 471 479 478 
1049 471 472 479 
1050 472 480 479 
1051 472 54 480 
1052 54 55 480 
1053 23 473 24 
1054 473 481 24 
1055 473 474 481 
1056 474 482 481 
1057 474 475 482 
1058 475 483 482 
1059 475 476 483 
1060 476 484 483 
1061 476 477 484 
1062 477 485 484 
1063 477 478 485 
1064 478 486 485 
1065 478 479 486 
1066 479 487 486 
1067 479 480 487 
1068 480 488 487 
1069 480 55 488 
1070 55 56 488 
1071 24 481 3 
1072 481 97 3 
1073 481 482 97 
1074 482 98 97 
1075 482 483 98 
1076 483 99 98 
1077 483 484 99 
1078 484 100 99 
1079 484 485 100 
1080 485 101 100 
1081 485 486 101 
1082 486 102 101 
1083 486 487 102 
1084 487 103 102 
1085 487 488 103 
1086 488 104 103 
1087 488 56 104 
1088 56 7 104 
3 1 4 4374
1089 9 2 33 73 
1090 33 9 73 233 
1091 233 73 33 361 
1092 33 9 233 105 
1093 361 33 233 105 
1094 361 233 489 105 
1095 233 73 361 74 
1096 361 233 74 241 
1097 241 74 361 362 
1098 361 233 241 489 
1099 362 361 241 489 
1100 362 241 490 489 
1101 241 74 362 75 
1102 362 241 75 249 
1103 249 75 362 363 
1104 362 241 249 490 
1105 363 362 249 490 
1106 363 249 491 490 
1107 249 75 363 76 
1108 363 249 76 257 
1109 257 76 363 364 
1110 363 249 257 491 
1111 364 363 257 491 
1112 364 257 492 491 
1113 257 76 364 77 
1114 364 257 77 265 
1115 265 77 364 365 
1116 364 257 265 492 
1117 365 364 265 492 
1118 365 265 493 492 
1119 265 77 365 78 
1120 365 265 78 273 
1121 273 78 365 366 
1122 365 265 273 493 
1123 366 365 273 493 
1124 366 273 494 493 
1125 273 78 366 79 
1126 366 273 79 281 
1127 281 79 366 367 
1128 366 273 281 494 
1129 367 366 281 494 
1130 367 281 495 494 
1131 281 79 367 80 
1132 367 281 80 289 
1133 289 80 367 368 
1134 367 281 289 495 
1135 368 367 289 495 
1136 368 289 496 495 
1137 289 80 368 6 
1138 368 289 6 41 
1139 41 6 368 65 
1140 368 289 41 496 
1141 65 368 41 496 
1142 65 41 169 496 
1143 105 33 34 361 
1144 34 105 361 489 
1145 489 361 34 369 
1146 34 105 489 106 
1147 369 34 489 106 
1148 369 489 497 106 
1149 489 361 369 362 
1150 369 489 362 490 
1151 490 362 369 370 
1152 369 489 490 497 
1153 370 369 490 497 
1154 370 490 498 497 
1155 490 362 370 363 
1156 370 490 363 491 
1157 491 363 370 371 
1158 370 490 491 498 
1159 371 370 491 498 
1160 371 491 499 498 
1161 491 363 371 364 
1162 371 491 364 492 
1163 492 364 371 372 
1164 371 491 492 499 
1165 372 371 492 499 
1166 372 492 500 499 
1167 492 364 372 365 
1168 372 492 365 493 
1169 493 365 372 373 
1170 372 492 493 500 
1171 373 372 493 500 
1172 373 493 501 500 
1173 493 365 373 366 
1174 373 493 366 494 
1175 494 366 373 374 
1176 373 493 494 501 
1177 374 373 494 501 
1178 374 494 502 501 
1179 494 366 374 367 
1180 374 494 367 495 
1181 495 367 374 375 
1182 374 494 495 502 
1183 375 374 495 502 
1184 375 495 503 502 
1185 495 367 375 368 
1186 375 495 368 496 
1187 496 368 375 376 
1188 375 495 496 503 
1189 376 375 496 503 
1190 376 496 504 503 
1191 496 368 376 65 
1192 376 496 65 169 
1193 169 65 376 66 
1194 376 496 169 504 
1195 66 376 169 504 
1196 66 169 170 504 
1197 106 34 35 369 
1198 35 106 369 497 
1199 497 369 35 377 
1200 35 106 497 107 
1201 377 35 497 107 
1202 377 497 505 107 
1203 497 369 377 370 
1204 377 497 370 498 
1205 498 370 377 378 
1206 377 497 498 505 
1207 378 377 498 505 
1208 378 498 506 505 
1209 498 370 378 371 
1210 378 498 371 499 
1211 499 371 378 379 
1212 378 498 499 506 
1213 379 378 499 506 
1214 379 499 507 506 
1215 499 371 379 372 
1216 379 499 372 500 
1217 500 372 379 380 
1218 379 499 500 507 
1219 380 379 500 507 
1220 380 500 508 507 
1221 500 372 380 373 
1222 380 500 373 501 
1223 501 373 380 381 
1224 380 500 501 508 
1225 381 380 501 508 
1226 381 501 509 508 
1227 501 373 381 374 
1228 381 501 374 502 
1229 502 374 381 382 
1230 381 501 502 509 
1231 382 381 502 509 
1232 382 502 510 509 
1233 502 374 382 375 
1234 382 502 375 503 
1235 503 375 382 383 
1236 382 502 503 510 
1237 383 382 503 510 
1238 383 503 511 510 
1239 503 375 383 376 
1240 383 503 376 504 
1241 504 376 383 384 
1242 383 503 504 511 
1243 384 383 504 511 
1244 384 504 512 511 
1245 504 376 384 66 
1246 384 504 66 170 
1247 170 66 384 67 
1248 384 504 170 512 
1249 67 384 170 512 
1250 67 170 171 512 
1251 107 35 36 377 
1252 36 107 377 505 
1253 505 377 36 385 
1254 36 107 505 108 
1255 385 36 505 108 
1256 385 505 513 108 
1257 505 377 385 378 
1258 385 505 378 506 
1259 506 378 385 386 
1260 385 505 506 513 
1261 386 385 506 513 
1262 386 506 514 513 
1263 506 378 386 379 
1264 386 506 379 507 
1265 507 379 386 387 
1266 386 506 507 514 
1267 387 386 507 514 
1268 387 507 515 514 
1269 507 379 387 380 
1270 387 507 380 508 
1271 508 380 387 388 
1272 387 507 508 515 
1273 388 387 508 515 
1274 388 508 516 515 
1275 508 380 388 381 
1276 388 508 381 509 
1277 509 381 388 389 
1278 388 508 509 516 
1279 389 388 509 516 
1280 389 509 517 516 
1281 509 381 389 382 
1282 389 509 382 510 
1283 510 382 389 390 
1284 389 509 510 517 
1285 390 389 510 517 
1286 390 510 518 517 
1287 510 382 390 383 
1288 390 510 383 511 
1289 511 383 390 391 
1290 390 510 511 518 
1291 391 390 511 518 
1292 391 511 519 518 
1293 511 383 391 384 
1294 391 511 384 512 
1295 512 384 391 392 
1296 391 511 512 519 
1297 392 391 512 519 
1298 392 512 520 519 
1299 512 384 392 67 
1300 392 512 67 171 
1301 171 67 392 68 
1302 392 512 171 520 
1303 68 392 171 520 
1304 68 171 172 520 
1305 108 36 37 385 
1306 37 108 385 513 
1307 513 385 37 393 
1308 37 108 513 109 
1309 393 37 513 109 
1310 393 513 521 109 
1311 513 385 393 386 
1312 393 513 386 514 
1313 514 386 393 394 
1314 393 513 514 521 
1315 394 393 514 521 
1316 394 514 522 521 
1317 514 386 394 387 
1318 394 514 387 515 
1319 515 387 394 395 
1320 394 514 515 522 
1321 395 394 515 522 
1322 395 515 523 522 
1323 515 387 395 388 
1324 395 515 388 516 
1325 516 388 395 396 
1326 395 515 516 523 
1327 396 395 516 523 
1328 396 516 524 523 
1329 516 388 396 389 
1330 396 516 389 517 
1331 517 389 396 397 
1332 396 516 517 524 
1333 397 396 517 524 
1334 397 517 525 524 
1335 517 389 397 390 
1336 397 517 390 518 
1337 518 390 397 398 
1338 397 517 518 525 
1339 398 397 518 525 
1340 398 518 526 525 
1341 518 390 398 391 
1342 398 518 391 519 
1343 519 391 398 399 
1344 398 518 519 526 
1345 399 398 519 526 
1346 399 519 527 526 
1347 519 391 399 392 
1348 399 519 392 520 
1349 520 392 399 400 
1350 399 519 520 527 
1351 400 399 520 527 
1352 400 520 528 527 
1353 520 392 400 68 
1354 400 520 68 172 
1355 172 68 400 69 
1356 400 520 172 528 
1357 69 400 172 528 
1358 69 172 173 528 
1359 109 37 38 393 
1360 38 109 393 521 
1361 521 393 38 401 
1362 38 109 521 110 
1363 401 38 521 110 
1364 401 521 529 110 
1365 521 393 401 394 
1366 401 521 394 522 
1367 522 394 401 402 
1368 401 521 522 529 
1369 402 401 522 529 
1370 402 522 530 529 
1371 522 394 402 395 
1372 402 522 395 523 
1373 523 395 402 403 
1374 402 522 523 530 
1375 403 402 523 530 
1376 403 523 531 530 
1377 523 395 403 396 
1378 403 523 396 524 
1379 524 396 403 404 
1380 403 523 524 531 
1381 404 403 524 531 
1382 404 524 532 531 
1383 524 396 404 397 
1384 404 524 397 525 
1385 525 397 404 405 
1386 404 524 525 532 
1387 405 404 525 532 
1388 405 525 533 532 
1389 525 397 405 398 
1390 405 525 398 526 
1391 526 398 405 406 
1392 405 525 526 533 
1393 406 405 526 533 
1394 406 526 534 533 
1395 526 398 406 399 
1396 406 526 399 527 
1397 527 399 406 407 
1398 406 526 527 534 
1399 407 406 527 534 
1400 407 527 535 534 
1401 527 399 407 400 
1402 407 527 400 528 
1403 528 400 407 408 
1404 407 527 528 535 
1405 408 407 528 535 
1406 408 528 536 535 
1407 528 400 408 69 
1408 408 528 69 173 
1409 173 69 408 70 
1410 408 528 173 536 
1411 70 408 173 536 
1412 70 173 174 536 
1413 110 38 39 401 
1414 39 110 401 529 
1415 529 401 39 409 
1416 39 110 529 111 
1417 409 39 529 111 
1418 409 529 537 111 
1419 529 401 409 402 
1420 409 529 402 530 
1421 530 402 409 410 
1422 409 529 530 537 
1423 410 409 530 537 
1424 410 530 538 537 
1425 530 402 410 403 
1426 410 530 403 531 
1427 531 403 410 411 
1428 410 530 531 538 
1429 411 410 531 538 
1430 411 531 539 538 
1431 531 403 411 404 
1432 411 531 404 532 
1433 532 404 411 412 
1434 411 531 532 539 
1435 412 411 532 539 
1436 412 532 540 539 
1437 532 404 412 405 
1438 412 532 405 533 
1439 533 405 412 413 
1440 412 532 533 540 
1441 413 412 533 540 
1442 413 533 541 540 
1443 533 405 413 406 
1444 413 533 406 534 
1445 534 406 413 414 
1446 413 533 534 541 
1447 414 413 534 541 
1448 414 534 542 541 
1449 534 406 414 407 
1450 414 534 407 535 
1451 535 407 414 415 
1452 414 534 535 542 
1453 415 414 535 542 
1454 415 535 543 542 
1455 535 407 415 408 
1456 415 535 408 536 
1457 536 408 415 416 
1458 415 535 536 543 
1459 416 415 536 543 
1460 416 536 544 543 
1461 536 408 416 70 
1462 416 536 70 174 
1463 174 70 416 71 
1464 416 536 174 544 
1465 71 416 174 544 
1466 71 174 175 544 
1467 111 39 40 409 
1468 40 111 409 537 
1469 537 409 40 417 
1470 40 111 537 112 
1471 417 40 537 112 
1472 417 537 545 112 
1473 537 409 417 410 
1474 417 537 410 538 
1475 538 410 417 418 
1476 417 537 538 545 
1477 418 417 538 545 
1478 418 538 546 545 
1479 538 410 418 411 
1480 418 538 411 539 
1481 539 411 418 419 
1482 418 538 539 546 
1483 419 418 539 546 
1484 419 539 547 546 
1485 539 411 419 412 
1486 419 539 412 540 
1487 540 412 419 420 
1488 419 539 540 547 
1489 420 419 540 547 
1490 420 540 548 547 
1491 540 412 420 413 
1492 420 540 413 541 
1493 541 413 420 421 
1494 420 540 541 548 
1495 421 420 541 548 
1496 421 541 549 548 
1497 541 413 421 414 
1498 421 541 414 542 
1499 542 414 421 422 
1500 421 541 542 549 
1501 422 421 542 549 
1502 422 542 550 549 
1503 542 414 422 415 
1504 422 542 415 543 
1505 543 415 422 423 
1506 422 542 543 550 
1507 423 422 543 550 
1508 423 543 551 550 
1509 543 415 423 416 
1510 423 543 416 544 
1511 544 416 423 424 
1512 423 543 544 551 
1513 424 423 544 551 
1514 424 544 552 551 
1515 544 416 424 71 
1516 424 544 71 175 
1517 175 71 424 72 
1518 424 544 175 552 
1519 72 424 175 552 
1520 72 175 176 552 
1521 112 40 4 417 
1522 4 112 417 545 
1523 545 417 4 89 
1524 4 112 545 25 
1525 89 4 545 25 
1526 89 545 297 25 
1527 545 417 89 418 
1528 89 545 418 546 
1529 546 418 89 90 
1530 89 545 546 297 
1531 90 89 546 297 
1532 90 546 305 297 
1533 546 418 90 419 
1534 90 546 419 547 
1535 547 419 90 91 
1536 90 546 547 305 
1537 91 90 547 305 
1538 91 547 313 305 
1539 547 419 91 420 
1540 91 547 420 548 
1541 548 420 91 92 
1542 91 547 548 313 
1543 92 91 548 313 
1544 92 548 321 313 
1545 548 420 92 421 
1546 92 548 421 549 
1547 549 421 92 93 
1548 92 548 549 321 
1549 93 92 549 321 
1550 93 549 329 321 
1551 549 421 93 422 
1552 93 549 422 550 
1553 550 422 93 94 
1554 93 549 550 329 
1555 94 93 550 329 
1556 94 550 337 329 
1557 550 422 94 423 
1558 94 550 423 551 
1559 551 423 94 95 
1560 94 550 551 337 
1561 95 94 551 337 
1562 95 551 345 337 
1563 551 423 95 424 
1564 95 551 424 552 
1565 552 424 95 96 
1566 95 551 552 345 
1567 96 95 552 345 
1568 96 552 353 345 
1569 552 424 96 72 
1570 96 552 72 176 
1571 176 72 96 8 
1572 96 552 176 353 
1573 8 96 176 353 
1574 8 176 57 353 
1575 10 9 105 233 
1576 105 10 233 234 
1577 234 233 105 489 
1578 105 10 234 113 
1579 489 105 234 113 
1580 489 234 553 113 
1581 234 233 489 241 
1582 489 234 241 242 
1583 242 241 489 490 
1584 489 234 242 553 
1585 490 489 242 553 
1586 490 242 554 553 
1587 242 241 490 249 
1588 490 242 249 250 
1589 250 249 490 491 
1590 490 242 250 554 
1591 491 490 250 554 
1592 491 250 555 554 
1593 250 249 491 257 
1594 491 250 257 258 
1595 258 257 491 492 
1596 491 250 258 555 
1597 492 491 258 555 
1598 492 258 556 555 
1599 258 257 492 265 
1600 492 258 265 266 
1601 266 265 492 493 
1602 492 258 266 556 
1603 493 492 266 556 
1604 493 266 557 556 
1605 266 265 493 273 
1606 493 266 273 274 
1607 274 273 493 494 
1608 493 266 274 557 
1609 494 493 274 557 
1610 494 274 558 557 
1611 274 273 494 281 
1612 494 274 281 282 
1613 282 281 494 495 
1614 494 274 282 558 
1615 495 494 282 558 
1616 495 282 559 558 
1617 282 281 495 289 
1618 495 282 289 290 
1619 290 289 495 496 
1620 495 282 290 559 
1621 496 495 290 559 
1622 496 290 560 559 
1623 290 289 496 41 
1624 496 290 41 42 
1625 42 41 496 169 
1626 496 290 42 560 
1627 169 496 42 560 
1628 169 42 177 560 
1629 113 105 106 489 
1630 106 113 489 553 
1631 553 489 106 497 
1632 106 113 553 114 
1633 497 106 553 114 
1634 497 553 561 114 
1635 553 489 497 490 
1636 497 553 490 554 
1637 554 490 497 498 
1638 497 553 554 561 
1639 498 497 554 561 
1640 498 554 562 561 
1641 554 490 498 491 
1642 498 554 491 555 
1643 555 491 498 499 
1644 498 554 555 562 
1645 499 498 555 562 
1646 499 555 563 562 
1647 555 491 499 492 
1648 499 555 492 556 
1649 556 492 499 500 
1650 499 555 556 563 
1651 500 499 556 563 
1652 500 556 564 563 
1653 556 492 500 493 
1654 500 556 493 557 
1655 557 493 500 501 
1656 500 556 557 564 
1657 501 500 557 564 
1658 501 557 565 564 
1659 557 493 501 494 
1660 501 557 494 558 
1661 558 494 501 502 
1662 501 557 558 565 
1663 502 501 558 565 
1664 502 558 566 565 
1665 558 494 502 495 
1666 502 558 495 559 
1667 559 495 502 503 
1668 502 558 559 566 
1669 503 502 559 566 
1670 503 559 567 566 
1671 559 495 503 496 
1672 503 559 496 560 
1673 560 496 503 504 
1674 503 559 560 567 
1675 504 503 560 567 
1676 504 560 568 567 
1677 560 496 504 169 
1678 504 560 169 177 
1679 177 169 504 170 
1680 504 560 177 568 
1681 170 504 177 568 
1682 170 177 178 568 
1683 114 106 107 497 
1684 107 114 497 561 
1685 561 497 107 505 
1686 107 114 561 115 
1687 505 107 561 115 
1688 505 561 569 115 
1689 561 497 505 498 
1690 505 561 498 562 
1691 562 498 505 506 
1692 505 561 562 569 
1693 506 505 562 569 
1694 506 562 570 569 
1695 562 498 506 499 
1696 506 562 499 563 
1697 563 499 506 507 
1698 506 562 563 570 
1699 507 506 563 570 
1700 507 563 571 570 
1701 563 499 507 500 
1702 507 563 500 564 
1703 564 500 507 508 
1704 507 563 564 571 
1705 508 507 564 571 
1706 508 564 572 571 
1707 564 500 508 501 
1708 508 564 501 565 
1709 565 501 508 509 
1710 508 564 565 572 
1711 509 508 565 572 
1712 509 565 573 572 
1713 565 501 509 502 
1714 509 565 502 566 
1715 566 502 509 510 
1716 509 565 566 573 
1717 510 509 566 573 
1718 510 566 574 573 
1719 566 502 510 503 
1720 510 566 503 567 
1721 567 503 510 511 
1722 510 566 567 574 
1723 511 510 567 574 
1724 511 567 575 574 
1725 567 503 511 504 
1726 511 567 504 568 
1727 568 504 511 512 
1728 511 567 568 575 
1729 512 511 568 575 
1730 512 568 576 575 
1731 568 504 512 170 
1732 512 568 170 178 
1733 178 170 512 171 
1734 512 568 178 576 
1735 171 512 178 576 
1736 171 178 179 576 
1737 115 107 108 505 
1738 108 115 505 569 
1739 569 505 108 513 
1740 108 115 569 116 
1741 513 108 569 116 
1742 513 569 577 116 
1743 569 505 513 506 
1744 513 569 506 570 
1745 570 506 513 514 
1746 513 569 570 577 
1747 514 513 570 577 
1748 514 570 578 577 
1749 570 506 514 507 
1750 514 570 507 571 
1751 571 507 514 515 
1752 514 570 571 578 
1753 515 514 571 578 
1754 515 571 579 578 
1755 571 507 515 508 
1756 515 571 508 572 
1757 572 508 515 516 
1758 515 571 572 579 
1759 516 515 572 579 
1760 516 572 580 579 
1761 572 508 516 509 
1762 516 572 509 573 
1763 573 509 516 517 
1764 516 572 573 580 
1765 517 516 573 580 
1766 517 573 581 580 
1767 573 509 517 510 
1768 517 573 510 574 
1769 574 510 517 518 
1770 517 573 574 581 
1771 518 517 574 581 
1772 518 574 582 581 
1773 574 510 518 511 
1774 518 574 511 575 
1775 575 511 518 519 
1776 518 574 575 582 
1777 519 518 575 582 
1778 519 575 583 582 
1779 575 511 519 512 
1780 519 575 512 576 
1781 576 512 519 520 
1782 519 575 576 583 
1783 520 519 576 583 
1784 520 576 584 583 
1785 576 512 520 171 
1786 520 576 171 179 
1787 179 171 520 172 
1788 520 576 179 584 
1789 172 520 179 584 
1790 172 179 180 584 
1791 116 108 109 513 
1792 109 116 513 577 
1793 577 513 109 521 
1794 109 116 577 117 
1795 521 109 577 117 
1796 521 577 585 117 
1797 577 513 521 514 
1798 521 577 514 578 
1799 578 514 521 522 
1800 521 577 578 585 
1801 522 521 578 585 
1802 522 578 586 585 
1803 578 514 522 515 
1804 522 578 515 579 
1805 579 515 522 523 
1806 522 578 579 586 
1807 523 522 579 586 
1808 523 579 587 586 
1809 579 515 523 516 
1810 523 579 516 580 
1811 580 516 523 524 
1812 523 579 580 587 
1813 524 523 580 587 
1814 524 580 588 587 
1815 580 516 524 517 
1816 524 580 517 581 
1817 581 517 524 525 
1818 524 580 581 588 
1819 525 524 581 588 
1820 525 581 589 588 
1821 581 517 525 518 
1822 525 581 518 582 
1823 582 518 525 526 
1824 525 581 582 589 
1825 526 525 582 589 
1826 526 582 590 589 
1827 582 518 526 519 
1828 526 582 519 583 
1829 583 519 526 527 
1830 526 582 583 590 
1831 527 526 583 590 
1832 527 583 591 590 
1833 583 519 527 520 
1834 527 583 520 584 
1835 584 520 527 528 
1836 527 583 584 591 
1837 528 527 584 591 
1838 528 584 592 591 
1839 584 520 528 172 
1840 528 584 172 180 
1841 180 172 528 173 
1842 528 584 180 592 
1843 173 528 180 592 
1844 173 180 181 592 
1845 117 109 110 521 
1846 110 117 521 585 
1847 585 521 110 529 
1848 110 117 585 118 
1849 529 110 585 118 
1850 529 585 593 118 
1851 585 521 529 522 
1852 529 585 522 586 
1853 586 522 529 530 
1854 529 585 586 593 
1855 530 529 586 593 
1856 530 586 594 593 
1857 586 522 530 523 
1858 530 586 523 587 
1859 587 523 530 531 
1860 530 586 587 594 
1861 531 530 587 594 
1862 531 587 595 594 
1863 587 523 531 524 
1864 531 587 524 588 
1865 588 524 531 532 
1866 531 587 588 595 
1867 532 531 588 595 
1868 532 588 596 595 
1869 588 524 532 525 
1870 532 588 525 589 
1871 589 525 532 533 
1872 532 588 589 596 
1873 533 532 589 596 
1874 533 589 597 596 
1875 589 525 533 526 
1876 533 589 526 590 
1877 590 526 533 534 
1878 533 589 590 597 
1879 534 533 590 597 
1880 534 590 598 597 
1881 590 526 534 527 
1882 534 590 527 591 
1883 591 527 534 535 
1884 534 590 591 598 
1885 535 534 591 598 
1886 535 591 599 598 
1887 591 527 535 528 
1888 535 591 528 592 
1889 592 528 535 536 
1890 535 591 592 599 
1891 536 535 592 599 
1892 536 592 600 599 
1893 592 528 536 173 
1894 536 592 173 181 
1895 181 173 536 174 
1896 536 592 181 600 
1897 174 536 181 600 
1898 174 181 182 600 
1899 118 110 111 529 
1900 111 118 529 593 
1901 593 529 111 537 
1902 111 118 593 119 
1903 537 111 593 119 
1904 537 593 601 119 
1905 593 529 537 530 
1906 537 593 530 594 
1907 594 530 537 538 
1908 537 593 594 601 
1909 538 537 594 601 
1910 538 594 602 601 
1911 594 530 538 531 
1912 538 594 531 595 
1913 595 531 538 539 
1914 538 594 595 602 
1915 539 538 595 602 
1916 539 595 603 602 
1917 595 531 539 532 
1918 539 595 532 596 
1919 596 532 539 540 
1920 539 595 596 603 
1921 540 539 596 603 
1922 540 596 604 603 
1923 596 532 540 533 
1924 540 596 533 597 
1925 597 533 540 541 
1926 540 596 597 604 
1927 541 540 597 604 
1928 541 597 605 604 
1929 597 533 541 534 
1930 541 597 534 598 
1931 598 534 541 542 
1932 541 597 598 605 
1933 542 541 598 605 
1934 542 598 606 605 
1935 598 534 542 535 
1936 542 598 535 599 
1937 599 535 542 543 
1938 542 598 599 606 
1939 543 542 599 606 
1940 543 599 607 606 
1941 599 535 543 536 
1942 543 599 536 600 
1943 600 536 543 544 
1944 543 599 600 607 
1945 544 543 600 607 
1946 544 600 608 607 
1947 600 536 544 174 
1948 544 600 174 182 
1949 182 174 544 175 
1950 544 600 182 608 
1951 175 544 182 608 
1952 175 182 183 608 
1953 119 111 112 537 
1954 112 119 537 601 
1955 601 537 112 545 
1956 112 119 601 120 
1957 545 112 601 120 
1958 545 601 609 120 
1959 601 537 545 538 
1960 545 601 538 602 
1961 602 538 545 546 
1962 545 601 602 609 
1963 546 545 602 609 
1964 546 602 610 609 
1965 602 538 546 539 
1966 546 602 539 603 
1967 603 539 546 547 
1968 546 602 603 610 
1969 547 546 603 610 
1970 547 603 611 610 
1971 603 539 547 540 
1972 547 603 540 604 
1973 604 540 547 548 
1974 547 603 604 611 
1975 548 547 604 611 
1976 548 604 612 611 
1977 604 540 548 541 
1978 548 604 541 605 
1979 605 541 548 549 
1980 548 604 605 612 
1981 549 548 605 612 
1982 549 605 613 612 
1983 605 541 549 542 
1984 549 605 542 606 
1985 606 542 549 550 
1986 549 605 606 613 
1987 550 549 606 613 
1988 550 606 614 613 
1989 606 542 550 543 
1990 550 606 543 607 
1991 607 543 550 551 
1992 550 606 607 614 
1993 551 550 607 614 
1994 551 607 615 614 
1995 607 543 551 544 
1996 551 607 544 608 
1997 608 544 551 552 
1998 551 607 608 615 
1999 552 551 608 615 
2000 552 608 616 615 
2001 608 544 552 175 
2002 552 608 175 183 
2003 183 175 552 176 
2004 552 608 183 616 
2005 176 552 183 616 
2006 176 183 184 616 
2007 120 112 25 545 
2008 25 120 545 609 
2009 609 545 25 297 
2010 25 120 609 26 
2011 297 25 609 26 
2012 297 609 298 26 
2013 609 545 297 546 
2014 297 609 546 610 
2015 610 546 297 305 
2016 297 609 610 298 
2017 305 297 610 298 
2018 305 610 306 298 
2019 610 546 305 547 
2020 305 610 547 611 
2021 611 547 305 313 
2022 305 610 611 306 
2023 313 305 611 306 
2024 313 611 314 306 
2025 611 547 313 548 
2026 313 611 548 612 
2027 612 548 313 321 
2028 313 611 612 314 
2029 321 313 612 314 
2030 321 612 322 314 
2031 612 548 321 549 
2032 321 612 549 613 
2033 613 549 321 329 
2034 321 612 613 322 
2035 329 321 613 322 
2036 329 613 330 322 
2037 613 549 329 550 
2038 329 613 550 614 
2039 614 550 329 337 
2040 329 613 614 330 
2041 337 329 614 330 
2042 337 614 338 330 
2043 614 550 337 551 
2044 337 614 551 615 
2045 615 551 337 345 
2046 337 614 615 338 
2047 345 337 615 338 
2048 345 615 346 338 
2049 615 551 345 552 
2050 345 615 552 616 
2051 616 552 345 353 
2052 345 615 616 346 
2053 353 345 616 346 
2054 353 616 354 346 
2055 616 552 353 176 
2056 353 616 176 184 
2057 184 176 353 57 
2058 353 616 184 354 
2059 57 353 184 354 
2060 57 184 58 354 
2061 11 10 113 234 
2062 113 11 234 235 
2063 235 234 113 553 
2064 113 11 235 121 
2065 553 113 235 121 
2066 553 235 617 121 
2067 235 234 553 242 
2068 553 235 242 243 
2069 243 242 553 554 
2070 553 235 243 617 
2071 554 553 243 617 
2072 554 243 618 617 
2073 243 242 554 250 
2074 554 243 250 251 
2075 251 250 554 555 
2076 554 243 251 618 
2077 555 554 251 618 
2078 555 251 619 618 
2079 251 250 555 258 
2080 555 251 258 259 
2081 259 258 555 556 
2082 555 251 259 619 
2083 556 555 259 619 
2084 556 259 620 619 
2085 259 258 556 266 
2086 556 259 266 267 
2087 267 266 556 557 
2088 556 259 267 620 
2089 557 556 267 620 
2090 557 267 621 620 
2091 267 266 557 274 
2092 557 267 274 275 
2093 275 274 557 558 
2094 557 267 275 621 
2095 558 557 275 621 
2096 558 275 622 621 
2097 275 274 558 282 
2098 558 275 282 283 
2099 283 282 558 559 
2100 558 275 283 622 
2101 559 558 283 622 
2102 559 283 623 622 
2103 283 282 559 290 
2104 559 283 290 291 
2105 291 290 559 560 
2106 559 283 291 623 
2107 560 559 291 623 
2108 560 291 624 623 
2109 291 290 560 42 
2110 560 291 42 43 
2111 43 42 560 177 
2112 560 291 43 624 
2113 177 560 43 624 
2114 177 43 185 624 
2115 121 113 114 553 
2116 114 121 553 617 
2117 617 553 114 561 
2118 114 121 617 122 
2119 561 114 617 122 
2120 561 617 625 122 
2121 617 553 561 554 
2122 561 617 554 618 
2123 618 554 561 562 
2124 561 617 618 625 
2125 562 561 618 625 
2126 562 618 626 625 
2127 618 554 562 555 
2128 562 618 555 619 
2129 619 555 562 563 
2130 562 618 619 626 
2131 563 562 619 626 
2132 563 619 627 626 
2133 619 555 563 556 
2134 563 619 556 620 
2135 620 556 563 564 
2136 563 619 620 627 
2137 564 563 620 627 
2138 564 620 628 627 
2139 620 556 564 557 
2140 564 620 557 621 
2141 621 557 564 565 
2142 564 620 621 628 
2143 565 564 621 628 
2144 565 621 629 628 
2145 621 557 565 558 
2146 565 621 558 622 
2147 622 558 565 566 
2148 565 621 622 629 
2149 566 565 622 629 
2150 566 622 630 629 
2151 622 558 566 559 
2152 566 622 559 623 
2153 623 559 566 567 
2154 566 622 623 630 
2155 567 566 623 630 
2156 567 623 631 630 
2157 623 559 567 560 
2158 567 623 560 624 
2159 624 560 567 568 
2160 567 623 624 631 
2161 568 567 624 631 
2162 568 624 632 631 
2163 624 560 568 177 
2164 568 624 177 185 
2165 185 177 568 178 
2166 568 624 185 632 
2167 178 568 185 632 
2168 178 185 186 632 
2169 122 114 115 561 
2170 115 122 561 625 
2171 625 561 115 569 
2172 115 122 625 123 
2173 569 115 625 123 
2174 569 625 633 123 
2175 625 561 569 562 
2176 569 625 562 626 
2177 626 562 569 570 
2178 569 625 626 633 
2179 570 569 626 633 
2180 570 626 634 633 
2181 626 562 570 563 
2182 570 626 563 627 
2183 627 563 570 571 
2184 570 626 627 634 
2185 571 570 627 634 
2186 571 627 635 634 
2187 627 563 571 564 
2188 571 627 564 628 
2189 628 564 571 572 
2190 571 627 628 635 
2191 572 571 628 635 
2192 572 628 636 635 
2193 628 564 572 565 
2194 572 628 565 629 
2195 629 565 572 573 
2196 572 628 629 636 
2197 573 572 629 636 
2198 573 629 637 636 
2199 629 565 573 566 
2200 573 629 566 630 
2201 630 566 573 574 
2202 573 629 630 637 
2203 574 573 630 637 
2204 574 630 638 637 
2205 630 566 574 567 
2206 574 630 567 631 
2207 631 567 574 575 
2208 574 630 631 638 
2209 575 574 631 638 
2210 575 631 639 638 
2211 631 567 575 568 
2212 575 631 568 632 
2213 632 568 575 576 
2214 575 631 632 639 
2215 576 575 632 639 
2216 576 632 640 639 
2217 632 568 576 178 
2218 576 632 178 186 
2219 186 178 576 179 
2220 576 632 186 640 
2221 179 576 186 640 
2222 179 186 187 640 
2223 123 115 116 569 
2224 116 123 569 633 
2225 633 569 116 577 
2226 116 123 633 124 
2227 577 116 633 124 
2228 577 633 641 124 
2229 633 569 577 570 
2230 577 633 570 634 
2231 634 570 577 578 
2232 577 633 634 641 
2233 578 577 634 641 
2234 578 634 642 641 
2235 634 570 578 571 
2236 578 634 571 635 
2237 635 571 578 579 
2238 578 634 635 642 
2239 579 578 635 642 
2240 579 635 643 642 
2241 635 571 579 572 
2242 579 635 572 636 
2243 636 572 579 580 
2244 579 635 636 643 
2245 580 579 636 643 
2246 580 636 644 643 
2247 636 572 580 573 
2248 580 636 573 637 
2249 637 573 580 581 
2250 580 636 637 644 
2251 581 580 637 644 
2252 581 637 645 644 
2253 637 573 581 574 
2254 581 637 574 638 
2255 638 574 581 582 
2256 581 637 638 645 
2257 582 581 638 645 
2258 582 638 646 645 
2259 638 574 582 575 
2260 582 638 575 639 
2261 639 575 582 583 
2262 582 638 639 646 
2263 583 582 639 646 
2264 583 639 647 646 
2265 639 575 583 576 
2266 583 639 576 640 
2267 640 576 583 584 
2268 583 639 640 647 
2269 584 583 640 647 
2270 584 640 648 647 
2271 640 576 584 179 
2272 584 640 179 187 
2273 187 179 584 180 
2274 584 640 187 648 
2275 180 584 187 648 
2276 180 187 188 648 
2277 124 116 117 577 
2278 117 124 577 641 
2279 641 577 117 585 
2280 117 124 641 125 
2281 585 117 641 125 
2282 585 641 649 125 
2283 641 577 585 578 
2284 585 641 578 642 
2285 642 578 585 586 
2286 585 641 642 649 
2287 586 585 642 649 
2288 586 642 650 649 
2289 642 578 586 579 
2290 586 642 579 643 
2291 643 579 586 587 
2292 586 642 643 650 
2293 587 586 643 650 
2294 587 643 651 650 
2295 643 579 587 580 
2296 587 643 580 644 
2297 644 580 587 588 
2298 587 643 644 651 
2299 588 587 644 651 
2300 588 644 652 651 
2301 644 580 588 581 
2302 588 644 581 645 
2303 645 581 588 589 
2304 588 644 645 652 
2305 589 588 645 652 
2306 589 645 653 652 
2307 645 581 589 582 
2308 589 645 582 646 
2309 646 582 589 590 
2310 589 645 646 653 
2311 590 589 646 653 
2312 590 646 654 653 
2313 646 582 590 583 
2314 590 646 583 647 
2315 647 583 590 591 
2316 590 646 647 654 
2317 591 590 647 654 
2318 591 647 655 654 
2319 647 583 591 584 
2320 591 647 584 648 
2321 648 584 591 592 
2322 591 647 648 655 
2323 592 591 648 655 
2324 592 648 656 655 
2325 648 584 592 180 
2326 592 648 180 188 
2327 188 180 592 181 
2328 592 648 188 656 
2329 181 592 188 656 
2330 181 188 189 656 
2331 125 117 118 585 
2332 118 125 585 649 
2333 649 585 118 593 
2334 118 125 649 126 
2335 593 118 649 126 
2336 593 649 657 126 
2337 649 585 593 586 
2338 593 649 586 650 
2339 650 586 593 594 
2340 593 649 650 657 
2341 594 593 650 657 
2342 594 650 658 657 
2343 650 586 594 587 
2344 594 650 587 651 
2345 651 587 594 595 
2346 594 650 651 658 
2347 595 594 651 658 
2348 595 651 659 658 
2349 651 587 595 588 
2350 595 651 588 652 
2351 652 588 595 596 
2352 595 651 652 659 
2353 596 595 652 659 
2354 596 652 660 659 
2355 652 588 596 589 
2356 596 652 589 653 
2357 653 589 596 597 
2358 596 652 653 660 
2359 597 596 653 660 
2360 597 653 661 660 
2361 653 589 597 590 
2362 597 653 590 654 
2363 654 590 597 598 
2364 597 653 654 661 
2365 598 597 654 661 
2366 598 654 662 661 
2367 654 590 598 591 
2368 598 654 591 655 
2369 655 591 598 599 
2370 598 654 655 662 
2371 599 598 655 662 
2372 599 655 663 662 
2373 655 591 599 592 
2374 599 655 592 656 
2375 656 592 599 600 
2376 599 655 656 663 
2377 600 599 656 663 
2378 600 656 664 663 
2379 656 592 600 181 
2380 600 656 181 189 
2381 189 181 600 182 
2382 600 656 189 664 
2383 182 600 189 664 
2384 182 189 190 664 
2385 126 118 119 593 
2386 119 126 593 657 
2387 657 593 119 601 
2388 119 126 657 127 
2389 601 119 657 127 
2390 601 657 665 127 
2391 657 593 601 594 
2392 601 657 594 658 
2393 658 594 601 602 
2394 601 657 658 665 
2395 602 601 658 665 
2396 602 658 666 665 
2397 658 594 602 595 
2398 602 658 595 659 
2399 659 595 602 603 
2400 602 658 659 666 
2401 603 602 659 666 
2402 603 659 667 666 
2403 659 595 603 596 
2404 603 659 596 660 
2405 660 596 603 604 
2406 603 659 660 667 
2407 604 603 660 667 
2408 604 660 668 667 
2409 660 596 604 597 
2410 604 660 597 661 
2411 661 597 604 605 
2412 604 660 661 668 
2413 605 604 661 668 
2414 605 661 669 668 
2415 661 597 605 598 
2416 605 661 598 662 
2417 662 598 605 606 
2418 605 661 662 669 
2419 606 605 662 669 
2420 606 662 670 669 
2421 662 598 606 599 
2422 606 662 599 663 
2423 663 599 606 607 
2424 606 662 663 670 
2425 607 606 663 670 
2426 607 663 671 670 
2427 663 599 607 600 
2428 607 663 600 664 
2429 664 600 607 608 
2430 607 663 664 671 
2431 608 607 664 671 
2432 608 664 672 671 
2433 664 600 608 182 
2434 608 664 182 190 
2435 190 182 608 183 
2436 608 664 190 672 
2437 183 608 190 672 
2438 183 190 191 672 
2439 127 119 120 601 
2440 120 127 601 665 
2441 665 601 120 609 
2442 120 127 665 128 
2443 609 120 665 128 
2444 609 665 673 128 
2445 665 601 609 602 
2446 609 665 602 666 
2447 666 602 609 610 
2448 609 665 666 673 
2449 610 609 666 673 
2450 610 666 674 673 
2451 666 602 610 603 
2452 610 666 603 667 
2453 667 603 610 611 
2454 610 666 667 674 
2455 611 610 667 674 
2456 611 667 675 674 
2457 667 603 611 604 
2458 611 667 604 668 
2459 668 604 611 612 
2460 611 667 668 675 
2461 612 611 668 675 
2462 612 668 676 675 
2463 668 604 612 605 
2464 612 668 605 669 
2465 669 605 612 613 
2466 612 668 669 676 
2467 613 612 669 676 
2468 613 669 677 676 
2469 669 605 613 606 
2470 613 669 606 670 
2471 670 606 613 614 
2472 613 669 670 677 
2473 614 613 670 677 
2474 614 670 678 677 
2475 670 606 614 607 
2476 614 670 607 671 
2477 671 607 614 615 
2478 614 670 671 678 
2479 615 614 671 678 
2480 615 671 679 678 
2481 671 607 615 608 
2482 615 671 608 672 
2483 672 608 615 616 
2484 615 671 672 679 
2485 616 615 672 679 
2486 616 672 680 679 
2487 672 608 616 183 
2488 616 672 183 191 
2489 191 183 616 184 
2490 616 672 191 680 
2491 184 616 191 680 
2492 184 191 192 680 
2493 128 120 26 609 
2494 26 128 609 673 
2495 673 609 26 298 
2496 26 128 673 27 
2497 298 26 673 27 
2498 298 673 299 27 
2499 673 609 298 610 
2500 298 673 610 674 
2501 674 610 298 306 
2502 298 673 674 299 
2503 306 298 674 299 
2504 306 674 307 299 
2505 674 610 306 611 
2506 306 674 611 675 
2507 675 611 306 314 
2508 306 674 675 307 
2509 314 306 675 307 
2510 314 675 315 307 
2511 675 611 314 612 
2512 314 675 612 676 
2513 676 612 314 322 
2514 314 675 676 315 
2515 322 314 676 315 
2516 322 676 323 315 
2517 676 612 322 613 
2518 322 676 613 677 
2519 677 613 322 330 
2520 322 676 677 323 
2521 330 322 677 323 
2522 330 677 331 323 
2523 677 613 330 614 
2524 330 677 614 678 
2525 678 614 330 338 
2526 330 677 678 331 
2527 338 330 678 331 
2528 338 678 339 331 
2529 678 614 338 615 
2530 338 678 615 679 
2531 679 615 338 346 
2532 338 678 679 339 
2533 346 338 679 339 
2534 346 679 347 339 
2535 679 615 346 616 
2536 346 679 616 680 
2537 680 616 346 354 
2538 346 679 680 347 
2539 354 346 680 347 
2540 354 680 355 347 
2541 680 616 354 184 
2542 354 680 184 192 
2543 192 184 354 58 
2544 354 680 192 355 
2545 58 354 192 355 
2546 58 192 59 355 
2547 12 11 121 235 
2548 121 12 235 236 
2549 236 235 121 617 
2550 121 12 236 129 
2551 617 121 236 129 
2552 617 236 681 129 
2553 236 235 617 243 
2554 617 236 243 244 
2555 244 243 617 618 
2556 617 236 244 681 
2557 618 617 244 681 
2558 618 244 682 681 
2559 244 243 618 251 
2560 618 244 251 252 
2561 252 251 618 619 
2562 618 244 252 682 
2563 619 618 252 682 
2564 619 252 683 682 
2565 252 251 619 259 
2566 619 252 259 260 
2567 260 259 619 620 
2568 619 252 260 683 
2569 620 619 260 683 
2570 620 260 684 683 
2571 260 259 620 267 
2572 620 260 267 268 
2573 268 267 620 621 
2574 620 260 268 684 
2575 621 620 268 684 
2576 621 268 685 684 
2577 268 267 621 275 
2578 621 268 275 276 
2579 276 275 621 622 
2580 621 268 276 685 
2581 622 621 276 685 
2582 622 276 686 685 
2583 276 275 622 283 
2584 622 276 283 284 
2585 284 283 622 623 
2586 622 276 284 686 
2587 623 622 284 686 
2588 623 284 687 686 
2589 284 283 623 291 
2590 623 284 291 292 
2591 292 291 623 624 
2592 623 284 292 687 
2593 624 623 292 687 
2594 624 292 688 687 
2595 292 291 624 43 
2596 624 292 43 44 
2597 44 43 624 185 
2598 624 292 44 688 
2599 185 624 44 688 
2600 185 44 193 688 
2601 129 121 122 617 
2602 122 129 617 681 
2603 681 617 122 625 
2604 122 129 681 130 
2605 625 122 681 130 
2606 625 681 689 130 
2607 681 617 625 618 
2608 625 681 618 682 
2609 682 618 625 626 
2610 625 681 682 689 
2611 626 625 682 689 
2612 626 682 690 689 
2613 682 618 626 619 
2614 626 682 619 683 
2615 683 619 626 627 
2616 626 682 683 690 
2617 627 626 683 690 
2618 627 683 691 690 
2619 683 619 627 620 
2620 627 683 620 684 
2621 684 620 627 628 
2622 627 683 684 691 
2623 628 627 684 691 
2624 628 684 692 691 
2625 684 620 628 621 
2626 628 684 621 685 
2627 685 621 628 629 
2628 628 684 685 692 
2629 629 628 685 692 
2630 629 685 693 692 
2631 685 621 629 622 
2632 629 685 622 686 
2633 686 622 629 630 
2634 629 685 686 693 
2635 630 629 686 693 
2636 630 686 694 693 
2637 686 622 630 623 
2638 630 686 623 687 
2639 687 623 630 631 
2640 630 686 687 694 
2641 631 630 687 694 
2642 631 687 695 694 
2643 687 623 631 624 
2644 631 687 624 688 
2645 688 624 631 632 
2646 631 687 688 695 
2647 632 631 688 695 
2648 632 688 696 695 
2649 688 624 632 185 
2650 632 688 185 193 
2651 193 185 632 186 
2652 632 688 193 696 
2653 186 632 193 696 
2654 186 193 194 696 
2655 130 122 123 625 
2656 123 130 625 689 
2657 689 625 123 633 
2658 123 130 689 131 
2659 633 123 689 131 
2660 633 689 697 131 
2661 689 625 633 626 
2662 633 689 626 690 
2663 690 626 633 634 
2664 633 689 690 697 
2665 634 633 690 697 
2666 634 690 698 697 
2667 690 626 634 627 
2668 634 690 627 691 
2669 691 627 634 635 
2670 634 690 691 698 
2671 635 634 691 698 
2672 635 691 699 698 
2673 691 627 635 628 
2674 635 691 628 692 
2675 692 628 635 636 
2676 635 691 692 699 
2677 636 635 692 699 
2678 636 692 700 699 
2679 692 628 636 629 
2680 636 692 629 693 
2681 693 629 636 637 
2682 636 692 693 700 
2683 637 636 693 700 
2684 637 693 701 700 
2685 693 629 637 630 
2686 637 693 630 694 
2687 694 630 637 638 
2688 637 693 694 701 
2689 638 637 694 701 
2690 638 694 702 701 
2691 694 630 638 631 
2692 638 694 631 695 
2693 695 631 638 639 
2694 638 694 695 702 
2695 639 638 695 702 
2696 639 695 703 702 
2697 695 631 639 632 
2698 639 695 632 696 
2699 696 632 639 640 
2700 639 695 696 703 
2701 640 639 696 703 
2702 640 696 704 703 
2703 696 632 640 186 
2704 640 696 186 194 
2705 194 186 640 187 
2706 640 696 194 704 
2707 187 640 194 704 
2708 187 194 195 704 
2709 131 123 124 633 
2710 124 131 633 697 
2711 697 633 124 641 
2712 124 131 697 132 
2713 641 124 697 132 
2714 641 697 705 132 
2715 697 633 641 634 
2716 641 697 634 698 
2717 698 634 641 642 
2718 641 697 698 705 
2719 642 641 698 705 
2720 642 698 706 705 
2721 698 634 642 635 
2722 642 698 635 699 
2723 699 635 642 643 
2724 642 698 699 706 
2725 643 642 699 706 
2726 643 699 707 706 
2727 699 635 643 636 
2728 643 699 636 700 
2729 700 636 643 644 
2730 643 699 700 707 
2731 644 643 700 707 
2732 644 700 708 707 
2733 700 636 644 637 
2734 644 700 637 701 
2735 701 637 644 645 
2736 644 700 701 708 
2737 645 644 701 708 
2738 645 701 709 708 
2739 701 637 645 638 
2740 645 701 638 702 
2741 702 638 645 646 
2742 645 701 702 709 
2743 646 645 702 709 
2744 646 702 710 709 
2745 702 638 646 639 
2746 646 702 639 703 
2747 703 639 646 647 
2748 646 702 703 710 
2749 647 646 703 710 
2750 647 703 711 710 
2751 703 639 647 640 
2752 647 703 640 704 
2753 704 640 647 648 
2754 647 703 704 711 
2755 648 647 704 711 
2756 648 704 712 711 
2757 704 640 648 187 
2758 648 704 187 195 
2759 195 187 648 188 
2760 648 704 195 712 
2761 188 648 195 712 
2762 188 195 196 712 
2763 132 124 125 641 
2764 125 132 641 705 
2765 705 641 125 649 
2766 125 132 705 133 
2767 649 125 705 133 
2768 649 705 713 133 
2769 705 641 649 642 
2770 649 705 642 706 
2771 706 642 649 650 
2772 649 705 706 713 
2773 650 649 706 713 
2774 650 706 714 713 
2775 706 642 650 643 
2776 650 706 643 707 
2777 707 643 650 651 
2778 650 706 707 714 
2779 651 650 707 714 
2780 651 707 715 714 
2781 707 643 651 644 
2782 651 707 644 708 
2783 708 644 651 652 
2784 651 707 708 715 
2785 652 651 708 715 
2786 652 708 716 715 
2787 708 644 652 645 
2788 652 708 645 709 
2789 709 645 652 653 
2790 652 708 709 716 
2791 653 652 709 716 
2792 653 709 717 716 
2793 709 645 653 646 
2794 653 709 646 710 
2795 710 646 653 654 
2796 653 709 710 717 
2797 654 653 710 717 
2798 654 710 718 717 
2799 710 646 654 647 
2800 654 710 647 711 
2801 711 647 654 655 
2802 654 710 711 718 
2803 655 654 711 718 
2804 655 711 719 718 
2805 711 647 655 648 
2806 655 711 648 712 
2807 712 648 655 656 
2808 655 711 712 719 
2809 656 655 712 719 
2810 656 712 720 719 
2811 712 648 656 188 
2812 656 712 188 196 
2813 196 188 656 189 
2814 656 712 196 720 
2815 189 656 196 720 
2816 189 196 197 720 
2817 133 125 126 649 
2818 126 133 649 713 
2819 713 649 126 657 
2820 126 133 713 134 
2821 657 126 713 134 
2822 657 713 721 134 
2823 713 649 657 650 
2824 657 713 650 714 
2825 714 650 657 658 
2826 657 713 714 721 
2827 658 657 714 721 
2828 658 714 722 721 
2829 714 650 658 651 
2830 658 714 651 715 
2831 715 651 658 659 
2832 658 714 715 722 
2833 659 658 715 722 
2834 659 715 723 722 
2835 715 651 659 652 
2836 659 715 652 716 
2837 716 652 659 660 
2838 659 715 716 723 
2839 660 659 716 723 
2840 660 716 724 723 
2841 716 652 660 653 
2842 660 716 653 717 
2843 717 653 660 661 
2844 660 716 717 724 
2845 661 660 717 724 
2846 661 717 725 724 
2847 717 653 661 654 
2848 661 717 654 718 
2849 718 654 661 662 
2850 661 717 718 725 
2851 662 661 718 725 
2852 662 718 726 725 
2853 718 654 662 655 
2854 662 718 655 719 
2855 719 655 662 663 
2856 662 718 719 726 
2857 663 662 719 726 
2858 663 719 727 726 
2859 719 655 663 656 
2860 663 719 656 720 
2861 720 656 663 664 
2862 663 719 720 727 
2863 664 663 720 727 
2864 664 720 728 727 
2865 720 656 664 189 
2866 664 720 189 197 
2867 197 189 664 190 
2868 664 720 197 728 
2869 190 664 197 728 
2870 190 197 198 728 
2871 134 126 127 657 
2872 127 134 657 721 
2873 721 657 127 665 
2874 127 134 721 135 
2875 665 127 721 135 
2876 665 721 729 135 
2877 721 657 665 658 
2878 665 721 658 722 
2879 722 658 665 666 
2880 665 721 722 729 
2881 666 665 722 729 
2882 666 722 730 729 
2883 722 658 666 659 
2884 666 722 659 723 
2885 723 659 666 667 
2886 666 722 723 730 
2887 667 666 723 730 
2888 667 723 731 730 
2889 723 659 667 660 
2890 667 723 660 724 
2891 724 660 667 668 
2892 667 723 724 731 
2893 668 667 724 731 
2894 668 724 732 731 
2895 724 660 668 661 
2896 668 724 661 725 
2897 725 661 668 669 
2898 668 724 725 732 
2899 669 668 725 732 
2900 669 725 733 732 
2901 725 661 669 662 
2902 669 725 662 726 
2903 726 662 669 670 
2904 669 725 726 733 
2905 670 669 726 733 
2906 670 726 734 733 
2907 726 662 670 663 
2908 670 726 663 727 
2909 727 663 670 671 
2910 670 726 727 734 
2911 671 670 727 734 
2912 671 727 735 734 
2913 727 663 671 664 
2914 671 727 664 728 
2915 728 664 671 672 
2916 671 727 728 735 
2917 672 671 728 735 
2918 672 728 736 735 
2919 728 664 672 190 
2920 672 728 190 198 
2921 198 190 672 191 
2922 672 728 198 736 
2923 191 672 198 736 
2924 191 198 199 736 
2925 135 127 128 665 
2926 128 135 665 729 
2927 729 665 128 673 
2928 128 135 729 136 
2929 673 128 729 136 
2930 673 729 737 136 
2931 729 665 673 666 
2932 673 729 666 730 
2933 730 666 673 674 
2934 673 729 730 737 
2935 674 673 730 737 
2936 674 730 738 737 
2937 730 666 674 667 
2938 674 730 667 731 
2939 731 667 674 675 
2940 674 730 731 738 
2941 675 674 731 738 
2942 675 731 739 738 
2943 731 667 675 668 
2944 675 731 668 732 
2945 732 668 675 676 
2946 675 731 732 739 
2947 676 675 732 739 
2948 676 732 740 739 
2949 732 668 676 669 
2950 676 732 669 733 
2951 733 669 676 677 
2952 676 732 733 740 
2953 677 676 733 740 
2954 677 733 741 740 
2955 733 669 677 670 
2956 677 733 670 734 
2957 734 670 677 678 
2958 677 733 734 741 
2959 678 677 734 741 
2960 678 734 742 741 
2961 734 670 678 671 
2962 678 734 671 735 
2963 735 671 678 679 
2964 678 734 735 742 
2965 679 678 735 742 
2966 679 735 743 742 
2967 735 671 679 672 
2968 679 735 672 736 
2969 736 672 679 680 
2970 679 735 736 743 
2971 680 679 736 743 
2972 680 736 744 743 
2973 736 672 680 191 
2974 680 736 191 199 
2975 199 191 680 192 
2976 680 736 199 744 
2977 192 680 199 744 
2978 192 199 200 744 
2979 136 128 27 673 
2980 27 136 673 737 
2981 737 673 27 299 
2982 27 136 737 28 
2983 299 27 737 28 
2984 299 737 300 28 
2985 737 673 299 674 
2986 299 737 674 738 
2987 738 674 299 307 
2988 299 737 738 300 
2989 307 299 738 300 
2990 307 738 308 300 
2991 738 674 307 675 
2992 307 738 675 739 
2993 739 675 307 315 
2994 307 738 739 308 
2995 315 307 739 308 
2996 315 739 316 308 
2997 739 675 315 676 
2998 315 739 676 740 
2999 740 676 315 323 
3000 315 739 740 316 
3001 323 315 740 316 
3002 323 740 324 316 
3003 740 676 323 677 
3004 323 740 677 741 
3005 741 677 323 331 
3006 323 740 741 324 
3007 331 323 741 324 
3008 331 741 332 324 
3009 741 677 331 678 
3010 331 741 678 742 
3011 742 678 331 339 
3012 331 741 742 332 
3013 339 331 742 332 
3014 339 742 340 332 
3015 742 678 339 679 
3016 339 742 679 743 
3017 743 679 339 347 
3018 339 742 743 340 
3019 347 339 743 340 
3020 347 743 348 340 
3021 743 679 347 680 
3022 347 743 680 744 
3023 744 680 347 355 
3024 347 743 744 348 
3025 355 347 744 348 
3026 355 744 356 348 
3027 744 680 355 192 
3028 355 744 192 200 
3029 200 192 355 59 
3030 355 744 200 356 
3031 59 355 200 356 
3032 59 200 60 356 
3033 13 12 129 236 
3034 129 13 236 237 
3035 237 236 129 681 
3036 129 13 237 137 
3037 681 129 237 137 
3038 681 237 745 137 
3039 237 236 681 244 
3040 681 237 244 245 
3041 245 244 681 682 
3042 681 237 245 745 
3043 682 681 245 745 
3044 682 245 746 745 
3045 245 244 682 252 
3046 682 245 252 253 
3047 253 252 682 683 
3048 682 245 253 746 
3049 683 682 253 746 
3050 683 253 747 746 
3051 253 252 683 260 
3052 683 253 260 261 
3053 261 260 683 684 
3054 683 253 261 747 
3055 684 683 261 747 
3056 684 261 748 747 
3057 261 260 684 268 
3058 684 261 268 269 
3059 269 268 684 685 
3060 684 261 269 748 
3061 685 684 269 748 
3062 685 269 749 748 
3063 269 268 685 276 
3064 685 269 276 277 
3065 277 276 685 686 
3066 685 269 277 749 
3067 686 685 277 749 
3068 686 277 750 749 
3069 277 276 686 284 
3070 686 277 284 285 
3071 285 284 686 687 
3072 686 277 285 750 
3073 687 686 285 750 
3074 687 285 751 750 
3075 285 284 687 292 
3076 687 285 292 293 
3077 293 292 687 688 
3078 687 285 293 751 
3079 688 687 293 751 
3080 688 293 752 751 
3081 293 292 688 44 
3082 688 293 44 45 
3083 45 44 688 193 
3084 688 293 45 752 
3085 193 688 45 752 
3086 193 45 201 752 
3087 137 129 130 681 
3088 130 137 681 745 
3089 745 681 130 689 
3090 130 137 745 138 
3091 689 130 745 138 
3092 689 745 753 138 
3093 745 681 689 682 
3094 689 745 682 746 
3095 746 682 689 690 
3096 689 745 746 753 
3097 690 689 746 753 
3098 690 746 754 753 
3099 746 682 690 683 
3100 690 746 683 747 
3101 747 683 690 691 
3102 690 746 747 754 
3103 691 690 747 754 
3104 691 747 755 754 
3105 747 683 691 684 
3106 691 747 684 748 
3107 748 684 691 692 
3108 691 747 748 755 
3109 692 691 748 755 
3110 692 748 756 755 
3111 748 684 692 685 
3112 692 748 685 749 
3113 749 685 692 693 
3114 692 748 749 756 
3115 693 692 749 756 
3116 693 749 757 756 
3117 749 685 693 686 
3118 693 749 686 750 
3119 750 686 693 694 
3120 693 749 750 757 
3121 694 693 750 757 
3122 694 750 758 757 
3123 750 686 694 687 
3124 694 750 687 751 
3125 751 687 694 695 
3126 694 750 751 758 
3127 695 694 751 758 
3128 695 751 759 758 
3129 751 687 695 688 
3130 695 751 688 752 
3131 752 688 695 696 
3132 695 751 752 759 
3133 696 695 752 759 
3134 696 752 760 759 
3135 752 688 696 193 
3136 696 752 193 201 
3137 201 193 696 194 
3138 696 752 201 760 
3139 194 696 201 760 
3140 194 201 202 760 
3141 138 130 131 689 
3142 131 138 689 753 
3143 753 689 131 697 
3144 131 138 753 139 
3145 697 131 753 139 
3146 697 753 761 139 
3147 753 689 697 690 
3148 697 753 690 754 
3149 754 690 697 698 
3150 697 753 754 761 
3151 698 697 754 761 
3152 698 754 762 761 
3153 754 690 698 691 
3154 698 754 691 755 
3155 755 691 698 699 
3156 698 754 755 762 
3157 699 698 755 762 
3158 699 755 763 762 
3159 755 691 699 692 
3160 699 755 692 756 
3161 756 692 699 700 
3162 699 755 756 763 
3163 700 699 756 763 
3164 700 756 764 763 
3165 756 692 700 693 
3166 700 756 693 757 
3167 757 693 700 701 
3168 700 756 757 764 
3169 701 700 757 764 
3170 701 757 765 764 
3171 757 693 701 694 
3172 701 757 694 758 
3173 758 694 701 702 
3174 701 757 758 765 
3175 702 701 758 765 
3176 702 758 766 765 
3177 758 694 702 695 
3178 702 758 695 759 
3179 759 695 702 703 
3180 702 758 759 766 
3181 703 702 759 766 
3182 703 759 767 766 
3183 759 695 703 696 
3184 703 759 696 760 
3185 760 696 703 704 
3186 703 759 760 767 
3187 704 703 760 767 
3188 704 760 768 767 
3189 760 696 704 194 
3190 704 760 194 202 
3191 202 194 704 195 
3192 704 760 202 768 
3193 195 704 202 768 
3194 195 202 203 768 
3195 139 131 132 697 
3196 132 139 697 761 
3197 761 697 132 705 
3198 132 139 761 140 
3199 705 132 761 140 
3200 705 761 769 140 
3201 761 697 705 698 
3202 705 761 698 762 
3203 762 698 705 706 
3204 705 761 762 769 
3205 706 705 762 769 
3206 706 762 770 769 
3207 762 698 706 699 
3208 706 762 699 763 
3209 763 699 706 707 
3210 706 762 763 770 
3211 707 706 763 770 
3212 707 763 771 770 
3213 763 699 707 700 
3214 707 763 700 764 
3215 764 700 707 708 
3216 707 763 764 771 
3217 708 707 764 771 
3218 708 764 772 771 
3219 764 700 708 701 
3220 708 764 701 765 
3221 765 701 708 709 
3222 708 764 765 772 
3223 709 708 765 772 
3224 709 765 773 772 
3225 765 701 709 702 
3226 709 765 702 766 
3227 766 702 709 710 
3228 709 765 766 773 
3229 710 709 766 773 
3230 710 766 774 773 
3231 766 702 710 703 
3232 710 766 703 767 
3233 767 703 710 711 
3234 710 766 767 774 
3235 711 710 767 774 
3236 711 767 775 774 
3237 767 703 711 704 
3238 711 767 704 768 
3239 768 704 711 712 
3240 711 767 768 775 
3241 712 711 768 775 
3242 712 768 776 775 
3243 768 704 712 195 
3244 712 768 195 203 
3245 203 195 712 196 
3246 712 768 203 776 
3247 196 712 203 776 
3248 196 203 204 776 
3249 140 132 133 705 
3250 133 140 705 769 
3251 769 705 133 713 
3252 133 140 769 141 
3253 713 133 769 141 
3254 713 769 777 141 
3255 769 705 713 706 
3256 713 769 706 770 
3257 770 706 713 714 
3258 713 769 770 777 
3259 714 713 770 777 
3260 714 770 778 777 
3261 770 706 714 707 
3262 714 770 707 771 
3263 771 707 714 715 
3264 714 770 771 778 
3265 715 714 771 778 
3266 715 771 779 778 
3267 771 707 715 708 
3268 715 771 708 772 
3269 772 708 715 716 
3270 715 771 772 779 
3271 716 715 772 779 
3272 716 772 780 779 
3273 772 708 716 709 
3274 716 772 709 773 
3275 773 709 716 717 
3276 716 772 773 780 
3277 717 716 773 780 
3278 717 773 781 780 
3279 773 709 717 710 
3280 717 773 710 774 
3281 774 710 717 718 
3282 717 773 774 781 
3283 718 717 774 781 
3284 718 774 782 781 
3285 774 710 718 711 
3286 718 774 711 775 
3287 775 711 718 719 
3288 718 774 775 782 
3289 719 718 775 782 
3290 719 775 783 782 
3291 775 711 719 712 
3292 719 775 712 776 
3293 776 712 719 720 
3294 719 775 776 783 
3295 720 719 776 783 
3296 720 776 784 783 
3297 776 712 720 196 
3298 720 776 196 204 
3299 204 196 720 197 
3300 720 776 204 784 
3301 197 720 204 784 
3302 197 204 205 784 
3303 141 133 134 713 
3304 134 141 713 777 
3305 777 713 134 721 
3306 134 141 777 142 
3307 721 134 777 142 
3308 721 777 785 142 
3309 777 713 721 714 
3310 721 777 714 778 
3311 778 714 721 722 
3312 721 777 778 785 
3313 722 721 778 785 
3314 722 778 786 785 
3315 778 714 722 715 
3316 722 778 715 779 
3317 779 715 722 723 
3318 722 778 779 786 
3319 723 722 779 786 
3320 723 779 787 786 
3321 779 715 723 716 
3322 723 779 716 780 
3323 780 716 723 724 
3324 723 779 780 787 
3325 724 723 780 787 
3326 724 780 788 787 
3327 780 716 724 717 
3328 724 780 717 781 
3329 781 717 724 725 
3330 724 780 781 788 
3331 725 724 781 788 
3332 725 781 789 788 
3333 781 717 725 718 
3334 725 781 718 782 
3335 782 718 725 726 
3336 725 781 782 789 
3337 726 725 782 789 
3338 726 782 790 789 
3339 782 718 726 719 
3340 726 782 719 783 
3341 783 719 726 727 
3342 726 782 783 790 
3343 727 726 783 790 
3344 727 783 791 790 
3345 783 719 727 720 
3346 727 783 720 784 
3347 784 720 727 728 
3348 727 783 784 791 
3349 728 727 784 791 
3350 728 784 792 791 
3351 784 720 728 197 
3352 728 784 197 205 
3353 205 197 728 198 
3354 728 784 205 792 
3355 198 728 205 792 
3356 198 205 206 792 
3357 142 134 135 721 
3358 135 142 721 785 
3359 785 721 135 729 
3360 135 142 785 143 
3361 729 135 785 143 
3362 729 785 793 143 
3363 785 721 729 722 
3364 729 785 722 786 
3365 786 722 729 730 
3366 729 785 786 793 
3367 730 729 786 793 
3368 730 786 794 793 
3369 786 722 730 723 
3370 730 786 723 787 
3371 787 723 730 731 
3372 730 786 787 794 
3373 731 730 787 794 
3374 731 787 795 794 
3375 787 723 731 724 
3376 731 787 724 788 
3377 788 724 731 732 
3378 731 787 788 795 
3379 732 731 788 795 
3380 732 788 796 795 
3381 788 724 732 725 
3382 732 788 725 789 
3383 789 725 732 733 
3384 732 788 789 796 
3385 733 732 789 796 
3386 733 789 797 796 
3387 789 725 733 726 
3388 733 789 726 790 
3389 790 726 733 734 
3390 733 789 790 797 
3391 734 733 790 797 
3392 734 790 798 797 
3393 790 726 734 727 
3394 734 790 727 791 
3395 791 727 734 735 
3396 734 790 791 798 
3397 735 734 791 798 
3398 735 791 799 798 
3399 791 727 735 728 
3400 735 791 728 792 
3401 792 728 735 736 
3402 735 791 792 799 
3403 736 735 792 799 
3404 736 792 800 799 
3405 792 728 736 198 
3406 736 792 198 206 
3407 206 198 736 199 
3408 736 792 206 800 
3409 199 736 206 800 
3410 199 206 207 800 
3411 143 135 136 729 
3412 136 143 729 793 
3413 793 729 136 737 
3414 136 143 793 144 
3415 737 136 793 144 
3416 737 793 801 144 
3417 793 729 737 730 
3418 737 793 730 794 
3419 794 730 737 738 
3420 737 793 794 801 
3421 738 737 794 801 
3422 738 794 802 801 
3423 794 730 738 731 
3424 738 794 731 795 
3425 795 731 738 739 
3426 738 794 795 802 
3427 739 738 795 802 
3428 739 795 803 802 
3429 795 731 739 732 
3430 739 795 732 796 
3431 796 732 739 740 
3432 739 795 796 803 
3433 740 739 796 803 
3434 740 796 804 803 
3435 796 732 740 733 
3436 740 796 733 797 
3437 797 733 740 741 
3438 740 796 797 804 
3439 741 740 797 804 
3440 741 797 805 804 
3441 797 733 741 734 
3442 741 797 734 798 
3443 798 734 741 742 
3444 741 797 798 805 
3445 742 741 798 805 
3446 742 798 806 805 
3447 798 734 742 735 
3448 742 798 735 799 
3449 799 735 742 743 
3450 742 798 799 806 
3451 743 742 799 806 
3452 743 799 807 806 
3453 799 735 743 736 
3454 743 799 736 800 
3455 800 736 743 744 
3456 743 799 800 807 
3457 744 743 800 807 
3458 744 800 808 807 
3459 800 736 744 199 
3460 744 800 199 207 
3461 207 199 744 200 
3462 744 800 207 808 
3463 200 744 207 808 
3464 200 207 208 808 
3465 144 136 28 737 
3466 28 144 737 801 
3467 801 737 28 300 
3468 28 144 801 29 
3469 300 28 801 29 
3470 300 801 301 29 
3471 801 737 300 738 
3472 300 801 738 802 
3473 802 738 300 308 
3474 300 801 802 301 
3475 308 300 802 301 
3476 308 802 309 301 
3477 802 738 308 739 
3478 308 802 739 803 
3479 803 739 308 316 
3480 308 802 803 309 
3481 316 308 803 309 
3482 316 803 317 309 
3483 803 739 316 740 
3484 316 803 740 804 
3485 804 740 316 324 
3486 316 803 804 317 
3487 324 316 804 317 
3488 324 804 325 317 
3489 804 740 324 741 
3490 324 804 741 805 
3491 805 741 324 332 
3492 324 804 805 325 
3493 332 324 805 325 
3494 332 805 333 325 
3495 805 741 332 742 
3496 332 805 742 806 
3497 806 742 332 340 
3498 332 805 806 333 
3499 340 332 806 333 
3500 340 806 341 333 
3501 806 742 340 743 
3502 340 806 743 807 
3503 807 743 340 348 
3504 340 806 807 341 
3505 348 340 807 341 
3506 348 807 349 341 
3507 807 743 348 744 
3508 348 807 744 808 
3509 808 744 348 356 
3510 348 807 808 349 
3511 356 348 808 349 
3512 356 808 357 349 
3513 808 744 356 200 
3514 356 808 200 208 
3515 208 200 356 60 
3516 356 808 208 357 
3517 60 356 208 357 
3518 60 208 61 357 
3519 14 13 137 237 
3520 137 14 237 238 
3521 238 237 137 745 
3522 137 14 238 145 
3523 745 137 238 145 
3524 745 238 809 145 
3525 238 237 745 245 
3526 745 238 245 246 
3527 246 245 745 746 
3528 745 238 246 809 
3529 746 745 246 809 
3530 746 246 810 809 
3531 246 245 746 253 
3532 746 246 253 254 
3533 254 253 746 747 
3534 746 246 254 810 
3535 747 746 254 810 
3536 747 254 811 810 
3537 254 253 747 261 
3538 747 254 261 262 
3539 262 261 747 748 
3540 747 254 262 811 
3541 748 747 262 811 
3542 748 262 812 811 
3543 262 261 748 269 
3544 748 262 269 270 
3545 270 269 748 749 
3546 748 262 270 812 
3547 749 748 270 812 
3548 749 270 813 812 
3549 270 269 749 277 
3550 749 270 277 278 
3551 278 277 749 750 
3552 749 270 278 813 
3553 750 749 278 813 
3554 750 278 814 813 
3555 278 277 750 285 
3556 750 278 285 286 
3557 286 285 750 751 
3558 750 278 286 814 
3559 751 750 286 814 
3560 751 286 815 814 
3561 286 285 751 293 
3562 751 286 293 294 
3563 294 293 751 752 
3564 751 286 294 815 
3565 752 751 294 815 
3566 752 294 816 815 
3567 294 293 752 45 
3568 752 294 45 46 
3569 46 45 752 201 
3570 752 294 46 816 
3571 201 752 46 816 
3572 201 46 209 816 
3573 145 137 138 745 
3574 138 145 745 809 
3575 809 745 138 753 
3576 138 145 809 146 
3577 753 138 809 146 
3578 753 809 817 146 
3579 809 745 753 746 
3580 753 809 746 810 
3581 810 746 753 754 
3582 753 809 810 817 
3583 754 753 810 817 
3584 754 810 818 817 
3585 810 746 754 747 
3586 754 810 747 811 
3587 811 747 754 755 
3588 754 810 811 818 
3589 755 754 811 818 
3590 755 811 819 818 
3591 811 747 755 748 
3592 755 811 748 812 
3593 812 748 755 756 
3594 755 811 812 819 
3595 756 755 812 819 
3596 756 812 820 819 
3597 812 748 756 749 
3598 756 812 749 813 
3599 813 749 756 757 
3600 756 812 813 820 
3601 757 756 813 820 
3602 757 813 821 820 
3603 813 749 757 750 
3604 757 813 750 814 
3605 814 750 757 758 
3606 757 813 814 821 
3607 758 757 814 821 
3608 758 814 822 821 
3609 814 750 758 751 
3610 758 814 751 815 
3611 815 751 758 759 
3612 758 814 815 822 
3613 759 758 815 822 
3614 759 815 823 822 
3615 815 751 759 752 
3616 759 815 752 816 
3617 816 752 759 760 
3618 759 815 816 823 
3619 760 759 816 823 
3620 760 816 824 823 
3621 816 752 760 201 
3622 760 816 201 209 
3623 209 201 760 202 
3624 760 816 209 824 
3625 202 760 209 824 
3626 202 209 210 824 
3627 146 138 139 753 
3628 139 146 753 817 
3629 817 753 139 761 
3630 139 146 817 147 
3631 761 139 817 147 
3632 761 817 825 147 
3633 817 753 761 754 
3634 761 817 754 818 
3635 818 754 761 762 
3636 761 817 818 825 
3637 762 761 818 825 
3638 762 818 826 825 
3639 818 754 762 755 
3640 762 818 755 819 
3641 819 755 762 763 
3642 762 818 819 826 
3643 763 762 819 826 
3644 763 819 827 826 
3645 819 755 763 756 
3646 763 819 756 820 
3647 820 756 763 764 
3648 763 819 820 827 
3649 764 763 820 827 
3650 764 820 828 827 
3651 820 756 764 757 
3652 764 820 757 821 
3653 821 757 764 765 
3654 764 820 821 828 
3655 765 764 821 828 
3656 765 821 829 828 
3657 821 757 765 758 
3658 765 821 758 822 
3659 822 758 765 766 
3660 765 821 822 829 
3661 766 765 822 829 
3662 766 822 830 829 
3663 822 758 766 759 
3664 766 822 759 823 
3665 823 759 766 767 
3666 766 822 823 830 
3667 767 766 823 830 
3668 767 823 831 830 
3669 823 759 767 760 
3670 767 823 760 824 
3671 824 760 767 768 
3672 767 823 824 831 
3673 768 767 824 831 
3674 768 824 832 831 
3675 824 760 768 202 
3676 768 824 202 210 
3677 210 202 768 203 
3678 768 824 210 832 
3679 203 768 210 832 
3680 203 210 211 832 
3681 147 139 140 761 
3682 140 147 761 825 
3683 825 761 140 769 
3684 140 147 825 148 
3685 769 140 825 148 
3686 769 825 833 148 
3687 825 761 769 762 
3688 769 825 762 826 
3689 826 762 769 770 
3690 769 825 826 833 
3691 770 769 826 833 
3692 770 826 834 833 
3693 826 762 770 763 
3694 770 826 763 827 
3695 827 763 770 771 
3696 770 826 827 834 
3697 771 770 827 834 
3698 771 827 835 834 
3699 827 763 771 764 
3700 771 827 764 828 
3701 828 764 771 772 
3702 771 827 828 835 
3703 772 771 828 835 
3704 772 828 836 835 
3705 828 764 772 765 
3706 772 828 765 829 
3707 829 765 772 773 
3708 772 828 829 836 
3709 773 772 829 836 
3710 773 829 837 836 
3711 829 765 773 766 
3712 773 829 766 830 
3713 830 766 773 774 
3714 773 829 830 837 
3715 774 773 830 837 
3716 774 830 838 837 
3717 830 766 774 767 
3718 774 830 767 831 
3719 831 767 774 775 
3720 774 830 831 838 
3721 775 774 831 838 
3722 775 831 839 838 
3723 831 767 775 768 
3724 775 831 768 832 
3725 832 768 775 776 
3726 775 831 832 839 
3727 776 775 832 839 
3728 776 832 840 839 
3729 832 768 776 203 
3730 776 832 203 211 
3731 211 203 776 204 
3732 776 832 211 840 
3733 204 776 211 840 
3734 204 211 212 840 
3735 148 140 141 769 
3736 141 148 769 833 
3737 833 769 141 777 
3738 141 148 833 149 
3739 777 141 833 149 
3740 777 833 841 149 
3741 833 769 777 770 
3742 777 833 770 834 
3743 834 770 777 778 
3744 777 833 834 841 
3745 778 777 834 841 
3746 778 834 842 841 
3747 834 770 778 771 
3748 778 834 771 835 
3749 835 771 778 779 
3750 778 834 835 842 
3751 779 778 835 842 
3752 779 835 843 842 
3753 835 771 779 772 
3754 779 835 772 836 
3755 836 772 779 780 
3756 779 835 836 843 
3757 780 779 836 843 
3758 780 836 844 843 
3759 836 772 780 773 
3760 780 836 773 837 
3761 837 773 780 781 
3762 780 836 837 844 
3763 781 780 837 844 
3764 781 837 845 844 
3765 837 773 781 774 
3766 781 837 774 838 
3767 838 774 781 782 
3768 781 837 838 845 
3769 782 781 838 845 
3770 782 838 846 845 
3771 838 774 782 775 
3772 782 838 775 839 
3773 839 775 782 783 
3774 782 838 839 846 
3775 783 782 839 846 
3776 783 839 847 846 
3777 839 775 783 776 
3778 783 839 776 840 
3779 840 776 783 784 
3780 783 839 840 847 
3781 784 783 840 847 
3782 784 840 848 847 
3783 840 776 784 204 
3784 784 840 204 212 
3785 212 204 784 205 
3786 784 840 212 848 
3787 205 784 212 848 
3788 205 212 213 848 
3789 149 141 142 777 
3790 142 149 777 841 
3791 841 777 142 785 
3792 142 149 841 150 
3793 785 142 841 150 
3794 785 841 849 150 
3795 841 777 785 778 
3796 785 841 778 842 
3797 842 778 785 786 
3798 785 841 842 849 
3799 786 785 842 849 
3800 786 842 850 849 
3801 842 778 786 779 
3802 786 842 779 843 
3803 843 779 786 787 
3804 786 842 843 850 
3805 787 786 843 850 
3806 787 843 851 850 
3807 843 779 787 780 
3808 787 843 780 844 
3809 844 780 787 788 
3810 787 843 844 851 
3811 788 787 844 851 
3812 788 844 852 851 
3813 844 780 788 781 
3814 788 844 781 845 
3815 845 781 788 789 
3816 788 844 845 852 
3817 789 788 845 852 
3818 789 845 853 852 
3819 845 781 789 782 
3820 789 845 782 846 
3821 846 782 789 790 
3822 789 845 846 853 
3823 790 789 846 853 
3824 790 846 854 853 
3825 846 782 790 783 
3826 790 846 783 847 
3827 847 783 790 791 
3828 790 846 847 854 
3829 791 790 847 854 
3830 791 847 855 854 
3831 847 783 791 784 
3832 791 847 784 848 
3833 848 784 791 792 
3834 791 847 848 855 
3835 792 791 848 855 
3836 792 848 856 855 
3837 848 784 792 205 
3838 792 848 205 213 
3839 213 205 792 206 
3840 792 848 213 856 
3841 206 792 213 856 
3842 206 213 214 856 
3843 150 142 143 785 
3844 143 150 785 849 
3845 849 785 143 793 
3846 143 150 849 151 
3847 793 143 849 151 
3848 793 849 857 151 
3849 849 785 793 786 
3850 793 849 786 850 
3851 850 786 793 794 
3852 793 849 850 857 
3853 794 793 850 857 
3854 794 850 858 857 
3855 850 786 794 787 
3856 794 850 787 851 
3857 851 787 794 795 
3858 794 850 851 858 
3859 795 794 851 858 
3860 795 851 859 858 
3861 851 787 795 788 
3862 795 851 788 852 
3863 852 788 795 796 
3864 795 851 852 859 
3865 796 795 852 859 
3866 796 852 860 859 
3867 852 788 796 789 
3868 796 852 789 853 
3869 853 789 796 797 
3870 796 852 853 860 
3871 797 796 853 860 
3872 797 853 861 860 
3873 853 789 797 790 
3874 797 853 790 854 
3875 854 790 797 798 
3876 797 853 854 861 
3877 798 797 854 861 
3878 798 854 862 861 
3879 854 790 798 791 
3880 798 854 791 855 
3881 855 791 798 799 
3882 798 854 855 862 
3883 799 798 855 862 
3884 799 855 863 862 
3885 855 791 799 792 
3886 799 855 792 856 
3887 856 792 799 800 
3888 799 855 856 863 
3889 800 799 856 863 
3890 800 856 864 863 
3891 856 792 800 206 
3892 800 856 206 214 
3893 214 206 800 207 
3894 800 856 214 864 
3895 207 800 214 864 
3896 207 214 215 864 
3897 151 143 144 793 
3898 144 151 793 857 
3899 857 793 144 801 
3900 144 151 857 152 
3901 801 144 857 152 
3902 801 857 865 152 
3903 857 793 801 794 
3904 801 857 794 858 
3905 858 794 801 802 
3906 801 857 858 865 
3907 802 801 858 865 
3908 802 858 866 865 
3909 858 794 802 795 
3910 802 858 795 859 
3911 859 795 802 803 
3912 802 858 859 866 
3913 803 802 859 866 
3914 803 859 867 866 
3915 859 795 803 796 
3916 803 859 796 860 
3917 860 796 803 804 
3918 803 859 860 867 
3919 804 803 860 867 
3920 804 860 868 867 
3921 860 796 804 797 
3922 804 860 797 861 
3923 861 797 804 805 
3924 804 860 861 868 
3925 805 804 861 868 
3926 805 861 869 868 
3927 861 797 805 798 
3928 805 861 798 862 
3929 862 798 805 806 
3930 805 861 862 869 
3931 806 805 862 869 
3932 806 862 870 869 
3933 862 798 806 799 
3934 806 862 799 863 
3935 863 799 806 807 
3936 806 862 863 870 
3937 807 806 863 870 
3938 807 863 871 870 
3939 863 799 807 800 
3940 807 863 800 864 
3941 864 800 807 808 
3942 807 863 864 871 
3943 808 807 864 871 
3944 808 864 872 871 
3945 864 800 808 207 
3946 808 864 207 215 
3947 215 207 808 208 
3948 808 864 215 872 
3949 208 808 215 872 
3950 208 215 216 872 
3951 152 144 29 801 
3952 29 152 801 865 
3953 865 801 29 301 
3954 29 152 865 30 
3955 301 29 865 30 
3956 301 865 302 30 
3957 865 801 301 802 
3958 301 865 802 866 
3959 866 802 301 309 
3960 301 865 866 302 
3961 309 301 866 302 
3962 309 866 310 302 
3963 866 802 309 803 
3964 309 866 803 867 
3965 867 803 309 317 
3966 309 866 867 310 
3967 317 309 867 310 
3968 317 867 318 310 
3969 867 803 317 804 
3970 317 867 804 868 
3971 868 804 317 325 
3972 317 867 868 318 
3973 325 317 868 318 
3974 325 868 326 318 
3975 868 804 325 805 
3976 325 868 805 869 
3977 869 805 325 333 
3978 325 868 869 326 
3979 333 325 869 326 
3980 333 869 334 326 
3981 869 805 333 806 
3982 333 869 806 870 
3983 870 806 333 341 
3984 333 869 870 334 
3985 341 333 870 334 
3986 341 870 342 334 
3987 870 806 341 807 
3988 341 870 807 871 
3989 871 807 341 349 
3990 341 870 871 342 
3991 349 341 871 342 
3992 349 871 350 342 
3993 871 807 349 808 
3994 349 871 808 872 
3995 872 808 349 357 
3996 349 871 872 350 
3997 357 349 872 350 
3998 357 872 358 350 
3999 872 808 357 208 
4000 357 872 208 216 
4001 216 208 357 61 
4002 357 872 216 358 
4003 61 357 216 358 
4004 61 216 62 358 
4005 15 14 145 238 
4006 145 15 238 239 
4007 239 238 145 809 
4008 145 15 239 153 
4009 809 145 239 153 
4010 809 239 873 153 
4011 239 238 809 246 
4012 809 239 246 247 
4013 247 246 809 810 
4014 809 239 247 873 
4015 810 809 247 873 
4016 810 247 874 873 
4017 247 246 810 254 
4018 810 247 254 255 
4019 255 254 810 811 
4020 810 247 255 874 
4021 811 810 255 874 
4022 811 255 875 874 
4023 255 254 811 262 
4024 811 255 262 263 
4025 263 262 811 812 
4026 811 255 263 875 
4027 812 811 263 875 
4028 812 263 876 875 
4029 263 262 812 270 
4030 812 263 270 271 
4031 271 270 812 813 
4032 812 263 271 876 
4033 813 812 271 876 
4034 813 271 877 876 
4035 271 270 813 278 
4036 813 271 278 279 
4037 279 278 813 814 
4038 813 271 279 877 
4039 814 813 279 877 
4040 814 279 878 877 
4041 279 278 814 286 
4042 814 279 286 287 
4043 287 286 814 815 
4044 814 279 287 878 
4045 815 814 287 878 
4046 815 287 879 878 
4047 287 286 815 294 
4048 815 287 294 295 
4049 295 294 815 816 
4050 815 287 295 879 
4051 816 815 295 879 
4052 816 295 880 879 
4053 295 294 816 46 
4054 816 295 46 47 
4055 47 46 816 209 
4056 816 295 47 880 
4057 209 816 47 880 
4058 209 47 217 880 
4059 153 145 146 809 
4060 146 153 809 873 
4061 873 809 146 817 
4062 146 153 873 154 
4063 817 146 873 154 
4064 817 873 881 154 
4065 873 809 817 810 
4066 817 873 810 874 
4067 874 810 817 818 
4068 817 873 874 881 
4069 818 817 874 881 
4070 818 874 882 881 
4071 874 810 818 811 
4072 818 874 811 875 
4073 875 811 818 819 
4074 818 874 875 882 
4075 819 818 875 882 
4076 819 875 883 882 
4077 875 811 819 812 
4078 819 875 812 876 
4079 876 812 819 820 
4080 819 875 876 883 
4081 820 819 876 883 
4082 820 876 884 883 
4083 876 812 820 813 
4084 820 876 813 877 
4085 877 813 820 821 
4086 820 876 877 884 
4087 821 820 877 884 
4088 821 877 885 884 
4089 877 813 821 814 
4090 821 877 814 878 
4091 878 814 821 822 
4092 821 877 878 885 
4093 822 821 878 885 
4094 822 878 886 885 
4095 878 814 822 815 
4096 822 878 815 879 
4097 879 815 822 823 
4098 822 878 879 886 
4099 823 822 879 886 
4100 823 879 887 886 
4101 879 815 823 816 
4102 823 879 816 880 
4103 880 816 823 824 
4104 823 879 880 887 
4105 824 823 880 887 
4106 824 880 888 887 
4107 880 816 824 209 
4108 824 880 209 217 
4109 217 209 824 210 
4110 824 880 217 888 
4111 210 824 217 888 
4112 210 217 218 888 
4113 154 146 147 817 
4114 147 154 817 881 
4115 881 817 147 825 
4116 147 154 881 155 
4117 825 147 881 155 
4118 825 881 889 155 
4119 881 817 825 818 
4120 825 881 818 882 
4121 882 818 825 826 
4122 825 881 882 889 
4123 826 825 882 889 
4124 826 882 890 889 
4125 882 818 826 819 
4126 826 882 819 883 
4127 883 819 826 827 
4128 826 882 883 890 
4129 827 826 883 890 
4130 827 883 891 890 
4131 883 819 827 820 
4132 827 883 820 884 
4133 884 820 827 828 
4134 827 883 884 891 
4135 828 827 884 891 
4136 828 884 892 891 
4137 884 820 828 821 
4138 828 884 821 885 
4139 885 821 828 829 
4140 828 884 885 892 
4141 829 828 885 892 
4142 829 885 893 892 
4143 885 821 829 822 
4144 829 885 822 886 
4145 886 822 829 830 
4146 829 885 886 893 
4147 830 829 886 893 
4148 830 886 894 893 
4149 886 822 830 823 
4150 830 886 823 887 
4151 887 823 830 831 
4152 830 886 887 894 
4153 831 830 887 894 
4154 831 887 895 894 
4155 887 823 831 824 
4156 831 887 824 888 
4157 888 824 831 832 
4158 831 887 888 895 
4159 832 831 888 895 
4160 832 888 896 895 
4161 888 824 832 210 
4162 832 888 210 218 
4163 218 210 832 211 
4164 832 888 218 896 
4165 211 832 218 896 
4166 211 218 219 896 
4167 155 147 148 825 
4168 148 155 825 889 
4169 889 825 148 833 
4170 148 155 889 156 
4171 833 148 889 156 
4172 833 889 897 156 
4173 889 825 833 826 
4174 833 889 826 890 
4175 890 826 833 834 
4176 833 889 890 897 
4177 834 833 890 897 
4178 834 890 898 897 
4179 890 826 834 827 
4180 834 890 827 891 
4181 891 827 834 835 
4182 834 890 891 898 
4183 835 834 891 898 
4184 835 891 899 898 
4185 891 827 835 828 
4186 835 891 828 892 
4187 892 828 835 836 
4188 835 891 892 899 
4189 836 835 892 899 
4190 836 892 900 899 
4191 892 828 836 829 
4192 836 892 829 893 
4193 893 829 836 837 
4194 836 892 893 900 
4195 837 836 893 900 
4196 837 893 901 900 
4197 893 829 837 830 
4198 837 893 830 894 
4199 894 830 837 838 
4200 837 893 894 901 
4201 838 837 894 901 
4202 838 894 902 901 
4203 894 830 838 831 
4204 838 894 831 895 
4205 895 831 838 839 
4206 838 894 895 902 
4207 839 838 895 902 
4208 839 895 903 902 
4209 895 831 839 832 
4210 839 895 832 896 
4211 896 832 839 840 
4212 839 895 896 903 
4213 840 839 896 903 
4214 840 896 904 903 
4215 896 832 840 211 
4216 840 896 211 219 
4217 219 211 840 212 
4218 840 896 219 904 
4219 212 840 219 904 
4220 212 219 220 904 
4221 156 148 149 833 
4222 149 156 833 897 
4223 897 833 149 841 
4224 149 156 897 157 
4225 841 149 897 157 
4226 841 897 905 157 
4227 897 833 841 834 
4228 841 897 834 898 
4229 898 834 841 842 
4230 841 897 898 905 
4231 842 841 898 905 
4232 842 898 906 905 
4233 898 834 842 835 
4234 842 898 835 899 
4235 899 835 842 843 
4236 842 898 899 906 
4237 843 842 899 906 
4238 843 899 907 906 
4239 899 835 843 836 
4240 843 899 836 900 
4241 900 836 843 844 
4242 843 899 900 907 
4243 844 843 900 907 
4244 844 900 908 907 
4245 900 836 844 837 
4246 844 900 837 901 
4247 901 837 844 845 
4248 844 900 901 908 
4249 845 844 901 908 
4250 845 901 909 908 
4251 901 837 845 838 
4252 845 901 838 902 
4253 902 838 845 846 
4254 845 901 902 909 
4255 846 845 902 909 
4256 846 902 910 909 
4257 902 838 846 839 
4258 846 902 839 903 
4259 903 839 846 847 
4260 846 902 903 910 
4261 847 846 903 910 
4262 847 903 911 910 
4263 903 839 847 840 
4264 847 903 840 904 
4265 904 840 847 848 
4266 847 903 904 911 
4267 848 847 904 911 
4268 848 904 912 911 
4269 904 840 848 212 
4270 848 904 212 220 
4271 220 212 848 213 
4272 848 904 220 912 
4273 213 848 220 912 
4274 213 220 221 912 
4275 157 149 150 841 
4276 150 157 841 905 
4277 905 841 150 849 
4278 150 157 905 158 
4279 849 150 905 158 
4280 849 905 913 158 
4281 905 841 849 842 
4282 849 905 842 906 
4283 906 842 849 850 
4284 849 905 906 913 
4285 850 849 906 913 
4286 850 906 914 913 
4287 906 842 850 843 
4288 850 906 843 907 
4289 907 843 850 851 
4290 850 906 907 914 
4291 851 850 907 914 
4292 851 907 915 914 
4293 907 843 851 844 
4294 851 907 844 908 
4295 908 844 851 852 
4296 851 907 908 915 
4297 852 851 908 915 
4298 852 908 916 915 
4299 908 844 852 845 
4300 852 908 845 909 
4301 909 845 852 853 
4302 852 908 909 916 
4303 853 852 909 916 
4304 853 909 917 916 
4305 909 845 853 846 
4306 853 909 846 910 
4307 910 846 853 854 
4308 853 909 910 917 
4309 854 853 910 917 
4310 854 910 918 917 
4311 910 846 854 847 
4312 854 910 847 911 
4313 911 847 854 855 
4314 854 910 911 918 
4315 855 854 911 918 
4316 855 911 919 918 
4317 911 847 855 848 
4318 855 911 848 912 
4319 912 848 855 856 
4320 855 911 912 919 
4321 856 855 912 919 
4322 856 912 920 919 
4323 912 848 856 213 
4324 856 912 213 221 
4325 221 213 856 214 
4326 856 912 221 920 
4327 214 856 221 920 
4328 214 221 222 920 
4329 158 150 151 849 
4330 151 158 849 913 
4331 913 849 151 857 
4332 151 158 913 159 
4333 857 151 913 159 
4334 857 913 921 159 
4335 913 849 857 850 
4336 857 913 850 914 
4337 914 850 857 858 
4338 857 913 914 921 
4339 858 857 914 921 
4340 858 914 922 921 
4341 914 850 858 851 
4342 858 914 851 915 
4343 915 851 858 859 
4344 858 914 915 922 
4345 859 858 915 922 
4346 859 915 923 922 
4347 915 851 859 852 
4348 859 915 852 916 
4349 916 852 859 860 
4350 859 915 916 923 
4351 860 859 916 923 
4352 860 916 924 923 
4353 916 852 860 853 
4354 860 916 853 917 
4355 917 853 860 861 
4356 860 916 917 924 
4357 861 860 917 924 
4358 861 917 925 924 
4359 917 853 861 854 
4360 861 917 854 918 
4361 918 854 861 862 
4362 861 917 918 925 
4363 862 861 918 925 
4364 862 918 926 925 
4365 918 854 862 855 
4366 862 918 855 919 
4367 919 855 862 863 
4368 862 918 919 926 
4369 863 862 919 926 
4370 863 919 927 926 
4371 919 855 863 856 
4372 863 919 856 920 
4373 920 856 863 864 
4374 863 919 920 927 
4375 864 863 920 927 
4376 864 920 928 927 
4377 920 856 864 214 
4378 864 920 214 222 
4379 222 214 864 215 
4380 864 920 222 928 
4381 215 864 222 928 
4382 215 222 223 928 
4383 159 151 152 857 
4384 152 159 857 921 
4385 921 857 152 865 
4386 152 159 921 160 
4387 865 152 921 160 
4388 865 921 929 160 
4389 921 857 865 858 
4390 865 921 858 922 
4391 922 858 865 866 
4392 865 921 922 929 
4393 866 865 922 929 
4394 866 922 930 929 
4395 922 858 866 859 
4396 866 922 859 923 
4397 923 859 866 867 
4398 866 922 923 930 
4399 867 866 923 930 
4400 867 923 931 930 
4401 923 859 867 860 
4402 867 923 860 924 
4403 924 860 867 868 
4404 867 923 924 931 
4405 868 867 924 931 
4406 868 924 932 931 
4407 924 860 868 861 
4408 868 924 861 925 
4409 925 861 868 869 
4410 868 924 925 932 
4411 869 868 925 932 
4412 869 925 933 932 
4413 925 861 869 862 
4414 869 925 862 926 
4415 926 862 869 870 
4416 869 925 926 933 
4417 870 869 926 933 
4418 870 926 934 933 
4419 926 862 870 863 
4420 870 926 863 927 
4421 927 863 870 871 
4422 870 926 927 934 
4423 871 870 927 934 
4424 871 927 935 934 
4425 927 863 871 864 
4426 871 927 864 928 
4427 928 864 871 872 
4428 871 927 928 935 
4429 872 871 928 935 
4430 872 928 936 935 
4431 928 864 872 215 
4432 872 928 215 223 
4433 223 215 872 216 
4434 872 928 223 936 
4435 216 872 223 936 
4436 216 223 224 936 
4437 160 152 30 865 
4438 30 160 865 929 
4439 929 865 30 302 
4440 30 160 929 31 
4441 302 30 929 31 
4442 302 929 303 31 
4443 929 865 302 866 
4444 302 929 866 930 
4445 930 866 302 310 
4446 302 929 930 303 
4447 310 302 930 303 
4448 310 930 311 303 
4449 930 866 310 867 
4450 310 930 867 931 
4451 931 867 310 318 
4452 310 930 931 311 
4453 318 310 931 311 
4454 318 931 319 311 
4455 931 867 318 868 
4456 318 931 868 932 
4457 932 868 318 326 
4458 318 931 932 319 
4459 326 318 932 319 
4460 326 932 327 319 
4461 932 868 326 869 
4462 326 932 869 933 
4463 933 869 326 334 
4464 326 932 933 327 
4465 334 326 933 327 
4466 334 933 335 327 
4467 933 869 334 870 
4468 334 933 870 934 
4469 934 870 334 342 
4470 334 933 934 335 
4471 342 334 934 335 
4472 342 934 343 335 
4473 934 870 342 871 
4474 342 934 871 935 
4475 935 871 342 350 
4476 342 934 935 343 
4477 350 342 935 343 
4478 350 935 351 343 
4479 935 871 350 872 
4480 350 935 872 936 
4481 936 872 350 358 
4482 350 935 936 351 
4483 358 350 936 351 
4484 358 936 359 351 
4485 936 872 358 216 
4486 358 936 216 224 
4487 224 216 358 62 
4488 358 936 224 359 
4489 62 358 224 359 
4490 62 224 63 359 
4491 16 15 153 239 
4492 153 16 239 240 
4493 240 239 153 873 
4494 153 16 240 161 
4495 873 153 240 161 
4496 873 240 937 161 
4497 240 239 873 247 
4498 873 240 247 248 
4499 248 247 873 874 
4500 873 240 248 937 
4501 874 873 248 937 
4502 874 248 938 937 
4503 248 247 874 255 
4504 874 248 255 256 
4505 256 255 874 875 
4506 874 248 256 938 
4507 875 874 256 938 
4508 875 256 939 938 
4509 256 255 875 263 
4510 875 256 263 264 
4511 264 263 875 876 
4512 875 256 264 939 
4513 876 875 264 939 
4514 876 264 940 939 
4515 264 263 876 271 
4516 876 264 271 272 
4517 272 271 876 877 
4518 876 264 272 940 
4519 877 876 272 940 
4520 877 272 941 940 
4521 272 271 877 279 
4522 877 272 279 280 
4523 280 279 877 878 
4524 877 272 280 941 
4525 878 877 280 941 
4526 878 280 942 941 
4527 280 279 878 287 
4528 878 280 287 288 
4529 288 287 878 879 
4530 878 280 288 942 
4531 879 878 288 942 
4532 879 288 943 942 
4533 288 287 879 295 
4534 879 288 295 296 
4535 296 295 879 880 
4536 879 288 296 943 
4537 880 879 296 943 
4538 880 296 944 943 
4539 296 295 880 47 
4540 880 296 47 48 
4541 48 47 880 217 
4542 880 296 48 944 
4543 217 880 48 944 
4544 217 48 225 944 
4545 161 153 154 873 
4546 154 161 873 937 
4547 937 873 154 881 
4548 154 161 937 162 
4549 881 154 937 162 
4550 881 937 945 162 
4551 937 873 881 874 
4552 881 937 874 938 
4553 938 874 881 882 
4554 881 937 938 945 
4555 882 881 938 945 
4556 882 938 946 945 
4557 938 874 882 875 
4558 882 938 875 939 
4559 939 875 882 883 
4560 882 938 939 946 
4561 883 882 939 946 
4562 883 939 947 946 
4563 939 875 883 876 
4564 883 939 876 940 
4565 940 876 883 884 
4566 883 939 940 947 
4567 884 883 940 947 
4568 884 940 948 947 
4569 940 876 884 877 
4570 884 940 877 941 
4571 941 877 884 885 
4572 884 940 941 948 
4573 885 884 941 948 
4574 885 941 949 948 
4575 941 877 885 878 
4576 885 941 878 942 
4577 942 878 885 886 
4578 885 941 942 949 
4579 886 885 942 949 
4580 886 942 950 949 
4581 942 878 886 879 
4582 886 942 879 943 
4583 943 879 886 887 
4584 886 942 943 950 
4585 887 886 943 950 
4586 887 943 951 950 
4587 943 879 887 880 
4588 887 943 880 944 
4589 944 880 887 888 
4590 887 943 944 951 
4591 888 887 944 951 
4592 888 944 952 951 
4593 944 880 888 217 
4594 888 944 217 225 
4595 225 217 888 218 
4596 888 944 225 952 
4597 218 888 225 952 
4598 218 225 226 952 
4599 162 154 155 881 
4600 155 162 881 945 
4601 945 881 155 889 
4602 155 162 945 163 
4603 889 155 945 163 
4604 889 945 953 163 
4605 945 881 889 882 
4606 889 945 882 946 
4607 946 882 889 890 
4608 889 945 946 953 
4609 890 889 946 953 
4610 890 946 954 953 
4611 946 882 890 883 
4612 890 946 883 947 
4613 947 883 890 891 
4614 890 946 947 954 
4615 891 890 947 954 
4616 891 947 955 954 
4617 947 883 891 884 
4618 891 947 884 948 
4619 948 884 891 892 
4620 891 947 948 955 
4621 892 891 948 955 
4622 892 948 956 955 
4623 948 884 892 885 
4624 892 948 885 949 
4625 949 885 892 893 
4626 892 948 949 956 
4627 893 892 949 956 
4628 893 949 957 956 
4629 949 885 893 886 
4630 893 949 886 950 
4631 950 886 893 894 
4632 893 949 950 957 
4633 894 893 950 957 
4634 894 950 958 957 
4635 950 886 894 887 
4636 894 950 887 951 
4637 951 887 894 895 
4638 894 950 951 958 
4639 895 894 951 958 
4640 895 951 959 958 
4641 951 887 895 888 
4642 895 951 888 952 
4643 952 888 895 896 
4644 895 951 952 959 
4645 896 895 952 959 
4646 896 952 960 959 
4647 952 888 896 218 
4648 896 952 218 226 
4649 226 218 896 219 
4650 896 952 226 960 
4651 219 896 226 960 
4652 219 226 227 960 
4653 163 155 156 889 
4654 156 163 889 953 
4655 953 889 156 897 
4656 156 163 953 164 
4657 897 156 953 164 
4658 897 953 961 164 
4659 953 889 897 890 
4660 897 953 890 954 
4661 954 890 897 898 
4662 897 953 954 961 
4663 898 897 954 961 
4664 898 954 962 961 
4665 954 890 898 891 
4666 898 954 891 955 
4667 955 891 898 899 
4668 898 954 955 962 
4669 899 898 955 962 
4670 899 955 963 962 
4671 955 891 899 892 
4672 899 955 892 956 
4673 956 892 899 900 
4674 899 955 956 963 
4675 900 899 956 963 
4676 900 956 964 963 
4677 956 892 900 893 
4678 900 956 893 957 
4679 957 893 900 901 
4680 900 956 957 964 
4681 901 900 957 964 
4682 901 957 965 964 
4683 957 893 901 894 
4684 901 957 894 958 
4685 958 894 901 902 
4686 901 957 958 965 
4687 902 901 958 965 
4688 902 958 966 965 
4689 958 894 902 895 
4690 902 958 895 959 
4691 959 895 902 903 
4692 902 958 959 966 
4693 903 902 959 966 
4694 903 959 967 966 
4695 959 895 903 896 
4696 903 959 896 960 
4697 960 896 903 904 
4698 903 959 960 967 
4699 904 903 960 967 
4700 904 960 968 967 
4701 960 896 904 219 
4702 904 960 219 227 
4703 227 219 904 220 
4704 904 960 227 968 
4705 220 904 227 968 
4706 220 227 228 968 
4707 164 156 157 897 
4708 157 164 897 961 
4709 961 897 157 905 
4710 157 164 961 165 
4711 905 157 961 165 
4712 905 961 969 165 
4713 961 897 905 898 
4714 905 961 898 962 
4715 962 898 905 906 
4716 905 961 962 969 
4717 906 905 962 969 
4718 906 962 970 969 
4719 962 898 906 899 
4720 906 962 899 963 
4721 963 899 906 907 
4722 906 962 963 970 
4723 907 906 963 970 
4724 907 963 971 970 
4725 963 899 907 900 
4726 907 963 900 964 
4727 964 900 907 908 
4728 907 963 964 971 
4729 908 907 964 971 
4730 908 964 972 971 
4731 964 900 908 901 
4732 908 964 901 965 
4733 965 901 908 909 
4734 908 964 965 972 
4735 909 908 965 972 
4736 909 965 973 972 
4737 965 901 909 902 
4738 909 965 902 966 
4739 966 902 909 910 
4740 909 965 966 973 
4741 910 909 966 973 
4742 910 966 974 973 
4743 966 902 910 903 
4744 910 966 903 967 
4745 967 903 910 911 
4746 910 966 967 974 
4747 911 910 967 974 
4748 911 967 975 974 
4749 967 903 911 904 
4750 911 967 904 968 
4751 968 904 911 912 
4752 911 967 968 975 
4753 912 911 968 975 
4754 912 968 976 975 
4755 968 904 912 220 
4756 912 968 220 228 
4757 228 220 912 221 
4758 912 968 228 976 
4759 221 912 228 976 
4760 221 228 229 976 
4761 165 157 158 905 
4762 158 165 905 969 
4763 969 905 158 913 
4764 158 165 969 166 
4765 913 158 969 166 
4766 913 969 977 166 
4767 969 905 913 906 
4768 913 969 906 970 
4769 970 906 913 914 
4770 913 969 970 977 
4771 914 913 970 977 
4772 914 970 978 977 
4773 970 906 914 907 
4774 914 970 907 971 
4775 971 907 914 915 
4776 914 970 971 978 
4777 915 914 971 978 
4778 915 971 979 978 
4779 971 907 915 908 
4780 915 971 908 972 
4781 972 908 915 916 
4782 915 971 972 979 
4783 916 915 972 979 
4784 916 972 980 979 
4785 972 908 916 909 
4786 916 972 909 973 
4787 973 909 916 917 
4788 916 972 973 980 
4789 917 916 973 980 
4790 917 973 981 980 
4791 973 909 917 910 
4792 917 973 910 974 
4793 974 910 917 918 
4794 917 973 974 981 
4795 918 917 974 981 
4796 918 974 982 981 
4797 974 910 918 911 
4798 918 974 911 975 
4799 975 911 918 919 
4800 918 974 975 982 
4801 919 918 975 982 
4802 919 975 983 982 
4803 975 911 919 912 
4804 919 975 912 976 
4805 976 912 919 920 
4806 919 975 976 983 
4807 920 919 976 983 
4808 920 976 984 983 
4809 976 912 920 221 
4810 920 976 221 229 
4811 229 221 920 222 
4812 920 976 229 984 
4813 222 920 229 984 
4814 222 229 230 984 
4815 166 158 159 913 
4816 159 166 913 977 
4817 977 913 159 921 
4818 159 166 977 167 
4819 921 159 977 167 
4820 921 977 985 167 
4821 977 913 921 914 
4822 921 977 914 978 
4823 978 914 921 922 
4824 921 977 978 985 
4825 922 921 978 985 
4826 922 978 986 985 
4827 978 914 922 915 
4828 922 978 915 979 
4829 979 915 922 923 
4830 922 978 979 986 
4831 923 922 979 986 
4832 923 979 987 986 
4833 979 915 923 916 
4834 923 979 916 980 
4835 980 916 923 924 
4836 923 979 980 987 
4837 924 923 980 987 
4838 924 980 988 987 
4839 980 916 924 917 
4840 924 980 917 981 
4841 981 917 924 925 
4842 924 980 981 988 
4843 925 924 981 988 
4844 925 981 989 988 
4845 981 917 925 918 
4846 925 981 918 982 
4847 982 918 925 926 
4848 925 981 982 989 
4849 926 925 982 989 
4850 926 982 990 989 
4851 982 918 926 919 
4852 926 982 919 983 
4853 983 919 926 927 
4854 926 982 983 990 
4855 927 926 983 990 
4856 927 983 991 990 
4857 983 919 927 920 
4858 927 983 920 984 
4859 984 920 927 928 
4860 927 983 984 991 
4861 928 927 984 991 
4862 928 984 992 991 
4863 984 920 928 222 
4864 928 984 222 230 
4865 230 222 928 223 
4866 928 984 230 992 
4867 223 928 230 992 
4868 223 230 231 992 
4869 167 159 160 921 
4870 160 167 921 985 
4871 985 921 160 929 
4872 160 167 985 168 
4873 929 160 985 168 
4874 929 985 993 168 
4875 985 921 929 922 
4876 929 985 922 986 
4877 986 922 929 930 
4878 929 985 986 993 
4879 930 929 986 993 
4880 930 986 994 993 
4881 986 922 930 923 
4882 930 986 923 987 
4883 987 923 930 931 
4884 930 986 987 994 
4885 931 930 987 994 
4886 931 987 995 994 
4887 987 923 931 924 
4888 931 987 924 988 
4889 988 924 931 932 
4890 931 987 988 995 
4891 932 931 988 995 
4892 932 988 996 995 
4893 988 924 932 925 
4894 932 988 925 989 
4895 989 925 932 933 
4896 932 988 989 996 
4897 933 932 989 996 
4898 933 989 997 996 
4899 989 925 933 926 
4900 933 989 926 990 
4901 990 926 933 934 
4902 933 989 990 997 
4903 934 933 990 997 
4904 934 990 998 997 
4905 990 926 934 927 
4906 934 990 927 991 
4907 991 927 934 935 
4908 934 990 991 998 
4909 935 934 991 998 
4910 935 991 999 998 
4911 991 927 935 928 
4912 935 991 928 992 
4913 992 928 935 936 
4914 935 991 992 999 
4915 936 935 992 999 
4916 936 992 1000 999 
4917 992 928 936 223 
4918 936 992 223 231 
4919 231 223 936 224 
4920 936 992 231 1000 
4921 224 936 231 1000 
4922 224 231 232 1000 
4923 168 160 31 929 
4924 31 168 929 993 
4925 993 929 31 303 
4926 31 168 993 32 
4927 303 31 993 32 
4928 303 993 304 32 
4929 993 929 303 930 
4930 303 993 930 994 
4931 994 930 303 311 
4932 303 993 994 304 
4933 311 303 994 304 
4934 311 994 312 304 
4935 994 930 311 931 
4936 311 994 931 995 
4937 995 931 311 319 
4938 311 994 995 312 
4939 319 311 995 312 
4940 319 995 320 312 
4941 995 931 319 932 
4942 319 995 932 996 
4943 996 932 319 327 
4944 319 995 996 320 
4945 327 319 996 320 
4946 327 996 328 320 
4947 996 932 327 933 
4948 327 996 933 997 
4949 997 933 327 335 
4950 327 996 997 328 
4951 335 327 997 328 
4952 335 997 336 328 
4953 997 933 335 934 
4954 335 997 934 998 
4955 998 934 335 343 
4956 335 997 998 336 
4957 343 335 998 336 
4958 343 998 344 336 
4959 998 934 343 935 
4960 343 998 935 999 
4961 999 935 343 351 
4962 343 998 999 344 
4963 351 343 999 344 
4964 351 999 352 344 
4965 999 935 351 936 
4966 351 999 936 1000 
4967 1000 936 351 359 
4968 351 999 1000 352 
4969 359 351 1000 352 
4970 359 1000 360 352 
4971 1000 936 359 224 
4972 359 1000 224 232 
4973 232 224 359 63 
4974 359 1000 232 360 
4975 63 359 232 360 
4976 63 232 64 360 
4977 1 16 161 240 
4978 161 1 240 81 
4979 81 240 161 937 
4980 161 1 81 17 
4981 937 161 81 17 
4982 937 81 425 17 
4983 81 240 937 248 
4984 937 81 248 82 
4985 82 248 937 938 
4986 937 81 82 425 
4987 938 937 82 425 
4988 938 82 426 425 
4989 82 248 938 256 
4990 938 82 256 83 
4991 83 256 938 939 
4992 938 82 83 426 
4993 939 938 83 426 
4994 939 83 427 426 
4995 83 256 939 264 
4996 939 83 264 84 
4997 84 264 939 940 
4998 939 83 84 427 
4999 940 939 84 427 
5000 940 84 428 427 
5001 84 264 940 272 
5002 940 84 272 85 
5003 85 272 940 941 
5004 940 84 85 428 
5005 941 940 85 428 
5006 941 85 429 428 
5007 85 272 941 280 
5008 941 85 280 86 
5009 86 280 941 942 
5010 941 85 86 429 
5011 942 941 86 429 
5012 942 86 430 429 
5013 86 280 942 288 
5014 942 86 288 87 
5015 87 288 942 943 
5016 942 86 87 430 
5017 943 942 87 430 
5018 943 87 431 430 
5019 87 288 943 296 
5020 943 87 296 88 
5021 88 296 943 944 
5022 943 87 88 431 
5023 944 943 88 431 
5024 944 88 432 431 
5025 88 296 944 48 
5026 944 88 48 5 
5027 5 48 944 225 
5028 944 88 5 432 
5029 225 944 5 432 
5030 225 5 49 432 
5031 17 161 162 937 
5032 162 17 937 425 
5033 425 937 162 945 
5034 162 17 425 18 
5035 945 162 425 18 
5036 945 425 433 18 
5037 425 937 945 938 
5038 945 425 938 426 
5039 426 938 945 946 
5040 945 425 426 433 
5041 946 945 426 433 
5042 946 426 434 433 
5043 426 938 946 939 
5044 946 426 939 427 
5045 427 939 946 947 
5046 946 426 427 434 
5047 947 946 427 434 
5048 947 427 435 434 
5049 427 939 947 940 
5050 947 427 940 428 
5051 428 940 947 948 
5052 947 427 428 435 
5053 948 947 428 435 
5054 948 428 436 435 
5055 428 940 948 941 
5056 948 428 941 429 
5057 429 941 948 949 
5058 948 428 429 436 
5059 949 948 429 436 
5060 949 429 437 436 
5061 429 941 949 942 
5062 949 429 942 430 
5063 430 942 949 950 
5064 949 429 430 437 
5065 950 949 430 437 
5066 950 430 438 437 
5067 430 942 950 943 
5068 950 430 943 431 
5069 431 943 950 951 
5070 950 430 431 438 
5071 951 950 431 438 
5072 951 431 439 438 
5073 431 943 951 944 
5074 951 431 944 432 
5075 432 944 951 952 
5076 951 431 432 439 
5077 952 951 432 439 
5078 952 432 440 439 
5079 432 944 952 225 
5080 952 432 225 49 
5081 49 225 952 226 
5082 952 432 49 440 
5083 226 952 49 440 
5084 226 49 50 440 
5085 18 162 163 945 
5086 163 18 945 433 
5087 433 945 163 953 
5088 163 18 433 19 
5089 953 163 433 19 
5090 953 433 441 19 
5091 433 945 953 946 
5092 953 433 946 434 
5093 434 946 953 954 
5094 953 433 434 441 
5095 954 953 434 441 
5096 954 434 442 441 
5097 434 946 954 947 
5098 954 434 947 435 
5099 435 947 954 955 
5100 954 434 435 442 
5101 955 954 435 442 
5102 955 435 443 442 
5103 435 947 955 948 
5104 955 435 948 436 
5105 436 948 955 956 
5106 955 435 436 443 
5107 956 955 436 443 
5108 956 436 444 443 
5109 436 948 956 949 
5110 956 436 949 437 
5111 437 949 956 957 
5112 956 436 437 444 
5113 957 956 437 444 
5114 957 437 445 444 
5115 437 949 957 950 
5116 957 437 950 438 
5117 438 950 957 958 
5118 957 437 438 445 
5119 958 957 438 445 
5120 958 438 446 445 
5121 438 950 958 951 
5122 958 438 951 439 
5123 439 951 958 959 
5124 958 438 439 446 
5125 959 958 439 446 
5126 959 439 447 446 
5127 439 951 959 952 
5128 959 439 952 440 
5129 440 952 959 960 
5130 959 439 440 447 
5131 960 959 440 447 
5132 960 440 448 447 
5133 440 952 960 226 
5134 960 440 226 50 
5135 50 226 960 227 
5136 960 440 50 448 
5137 227 960 50 448 
5138 227 50 51 448 
5139 19 163 164 953 
5140 164 19 953 441 
5141 441 953 164 961 
5142 164 19 441 20 
5143 961 164 441 20 
5144 961 441 449 20 
5145 441 953 961 954 
5146 961 441 954 442 
5147 442 954 961 962 
5148 961 441 442 449 
5149 962 961 442 449 
5150 962 442 450 449 
5151 442 954 962 955 
5152 962 442 955 443 
5153 443 955 962 963 
5154 962 442 443 450 
5155 963 962 443 450 
5156 963 443 451 450 
5157 443 955 963 956 
5158 963 443 956 444 
5159 444 956 963 964 
5160 963 443 444 451 
5161 964 963 444 451 
5162 964 444 452 451 
5163 444 956 964 957 
5164 964 444 957 445 
5165 445 957 964 965 
5166 964 444 445 452 
5167 965 964 445 452 
5168 965 445 453 452 
5169 445 957 965 958 
5170 965 445 958 446 
5171 446 958 965 966 
5172 965 445 446 453 
5173 966 965 446 453 
5174 966 446 454 453 
5175 446 958 966 959 
5176 966 446 959 447 
5177 447 959 966 967 
5178 966 446 447 454 
5179 967 966 447 454 
5180 967 447 455 454 
5181 447 959 967 960 
5182 967 447 960 448 
5183 448 960 967 968 
5184 967 447 448 455 
5185 968 967 448 455 
5186 968 448 456 455 
5187 448 960 968 227 
5188 968 448 227 51 
5189 51 227 968 228 
5190 968 448 51 456 
5191 228 968 51 456 
5192 228 51 52 456 
5193 20 164 165 961 
5194 165 20 961 449 
5195 449 961 165 969 
5196 165 20 449 21 
5197 969 165 449 21 
5198 969 449 457 21 
5199 449 961 969 962 
5200 969 449 962 450 
5201 450 962 969 970 
5202 969 449 450 457 
5203 970 969 450 457 
5204 970 450 458 457 
5205 450 962 970 963 
5206 970 450 963 451 
5207 451 963 970 971 
5208 970 450 451 458 
5209 971 970 451 458 
5210 971 451 459 458 
5211 451 963 971 964 
5212 971 451 964 452 
5213 452 964 971 972 
5214 971 451 452 459 
5215 972 971 452 459 
5216 972 452 460 459 
5217 452 964 972 965 
5218 972 452 965 453 
5219 453 965 972 973 
5220 972 452 453 460 
5221 973 972 453 460 
5222 973 453 461 460 
5223 453 965 973 966 
5224 973 453 966 454 
5225 454 966 973 974 
5226 973 453 454 461 
5227 974 973 454 461 
5228 974 454 462 461 
5229 454 966 974 967 
5230 974 454 967 455 
5231 455 967 974 975 
5232 974 454 455 462 
5233 975 974 455 462 
5234 975 455 463 462 
5235 455 967 975 968 
5236 975 455 968 456 
5237 456 968 975 976 
5238 975 455 456 463 
5239 976 975 456 463 
5240 976 456 464 463 
5241 456 968 976 228 
5242 976 456 228 52 
5243 52 228 976 229 
5244 976 456 52 464 
5245 229 976 52 464 
5246 229 52 53 464 
5247 21 165 166 969 
5248 166 21 969 457 
5249 457 969 166 977 
5250 166 21 457 22 
5251 977 166 457 22 
5252 977 457 465 22 
5253 457 969 977 970 
5254 977 457 970 458 
5255 458 970 977 978 
5256 977 457 458 465 
5257 978 977 458 465 
5258 978 458 466 465 
5259 458 970 978 971 
5260 978 458 971 459 
5261 459 971 978 979 
5262 978 458 459 466 
5263 979 978 459 466 
5264 979 459 467 466 
5265 459 971 979 972 
5266 979 459 972 460 
5267 460 972 979 980 
5268 979 459 460 467 
5269 980 979 460 467 
5270 980 460 468 467 
5271 460 972 980 973 
5272 980 460 973 461 
5273 461 973 980 981 
5274 980 460 461 468 
5275 981 980 461 468 
5276 981 461 469 468 
5277 461 973 981 974 
5278 981 461 974 462 
5279 462 974 981 982 
5280 981 461 462 469 
5281 982 981 462 469 
5282 982 462 470 469 
5283 462 974 982 975 
5284 982 462 975 463 
5285 463 975 982 983 
5286 982 462 463 470 
5287 983 982 463 470 
5288 983 463 471 470 
5289 463 975 983 976 
5290 983 463 976 464 
5291 464 976 983 984 
5292 983 463 464 471 
5293 984 983 464 471 
5294 984 464 472 471 
5295 464 976 984 229 
5296 984 464 229 53 
5297 53 229 984 230 
5298 984 464 53 472 
5299 230 984 53 472 
5300 230 53 54 472 
5301 22 166 167 977 
5302 167 22 977 465 
5303 465 977 167 985 
5304 167 22 465 23 
5305 985 167 465 23 
5306 985 465 473 23 
5307 465 977 985 978 
5308 985 465 978 466 
5309 466 978 985 986 
5310 985 465 466 473 
5311 986 985 466 473 
5312 986 466 474 473 
5313 466 978 986 979 
5314 986 466 979 467 
5315 467 979 986 987 
5316 986 466 467 474 
5317 987 986 467 474 
5318 987 467 475 474 
5319 467 979 987 980 
5320 987 467 980 468 
5321 468 980 987 988 
5322 987 467 468 475 
5323 988 987 468 475 
5324 988 468 476 475 
5325 468 980 988 981 
5326 988 468 981 469 
5327 469 981 988 989 
5328 988 468 469 476 
5329 989 988 469 476 
5330 989 469 477 476 
5331 469 981 989 982 
5332 989 469 982 470 
5333 470 982 989 990 
5334 989 469 470 477 
5335 990 989 470 477 
5336 990 470 478 477 
5337 470 982 990 983 
5338 990 470 983 471 
5339 471 983 990 991 
5340 990 470 471 478 
5341 991 990 471 478 
5342 991 471 479 478 
5343 471 983 991 984 
5344 991 471 984 472 
5345 472 984 991 992 
5346 991 471 472 479 
5347 992 991 472 479 
5348 992 472 480 479 
5349 472 984 992 230 
5350 992 472 230 54 
5351 54 230 992 231 
5352 992 472 54 480 
5353 231 992 54 480 
5354 231 54 55 480 
5355 23 167 168 985 
5356 168 23 985 473 
5357 473 985 168 993 
5358 168 23 473 24 
5359 993 168 473 24 
5360 993 473 481 24 
5361 473 985 993 986 
5362 993 473 986 474 
5363 474 986 993 994 
5364 993 473 474 481 
5365 994 993 474 481 
5366 994 474 482 481 
5367 474 986 994 987 
5368 994 474 987 475 
5369 475 987 994 995 
5370 994 474 475 482 
5371 995 994 475 482 
5372 995 475 483 482 
5373 475 987 995 988 
5374 995 475 988 476 
5375 476 988 995 996 
5376 995 475 476 483 
5377 996 995 476 483 
5378 996 476 484 483 
5379 476 988 996 989 
5380 996 476 989 477 
5381 477 989 996 997 
5382 996 476 477 484 
5383 997 996 477 484 
5384 997 477 485 484 
5385 477 989 997 990 
5386 997 477 990 478 
5387 478 990 997 998 
5388 997 477 478 485 
5389 998 997 478 485 
5390 998 478 486 485 
5391 478 990 998 991 
5392 998 478 991 479 
5393 479 991 998 999 
5394 998 478 479 486 
5395 999 998 479 486 
5396 999 479 487 486 
5397 479 991 999 992 
5398 999 479 992 480 
5399 480 992 999 1000 
5400 999 479 480 487 
5401 1000 999 480 487 
5402 1000 480 488 487 
5403 480 992 1000 231 
5404 1000 480 231 55 
5405 55 231 1000 232 
5406 1000 480 55 488 
5407 232 1000 55 488 
5408 232 55 56 488 
5409 24 168 32 993 
5410 32 24 993 481 
5411 481 993 32 304 
5412 32 24 481 3 
5413 304 32 481 3 
5414 304 481 97 3 
5415 481 993 304 994 
5416 304 481 994 482 
5417 482 994 304 312 
5418 304 481 482 97 
5419 312 304 482 97 
5420 312 482 98 97 
5421 482 994 312 995 
5422 312 482 995 483 
5423 483 995 312 320 
5424 312 482 483 98 
5425 320 312 483 98 
5426 320 483 99 98 
5427 483 995 320 996 
5428 320 483 996 484 
5429 484 996 320 328 
5430 320 483 484 99 
5431 328 320 484 99 
5432 328 484 100 99 
5433 484 996 328 997 
5434 328 484 997 485 
5435 485 997 328 336 
5436 328 484 485 100 
5437 336 328 485 100 
5438 336 485 101 100 
5439 485 997 336 998 
5440 336 485 998 486 
5441 486 998 336 344 
5442 336 485 486 101 
5443 344 336 486 101 
5444 344 486 102 101 
5445 486 998 344 999 
5446 344 486 999 487 
5447 487 999 344 352 
5448 344 486 487 102 
5449 352 344 487 102 
5450 352 487 103 102 
5451 487 999 352 1000 
5452 352 487 1000 488 
5453 488 1000 352 360 
5454 352 487 488 103 
5455 360 352 488 103 
5456 360 488 104 103 
5457 488 1000 360 232 
5458 360 488 232 56 
5459 56 232 360 64 
5460 360 488 56 104 
5461 64 360 56 104 
5462 64 56 7 104 
$EndElements
