$MeshFormat
4.1 0 8
$EndMeshFormat
$PhysicalNames
11
2 301 "Well1_Top"
2 302 "Well1_Side"
2 401 "Well2_Top"
2 402 "Well2_Side"
3 101 "Layer_1"
3 102 "Layer_2"
3 103 "Layer_3"
3 104 "Layer_4"
3 105 "Layer_5"
3 201 "Well_1"
3 202 "Well_2"
$EndPhysicalNames
$Entities
32 58 40 11
1 0 0 2 0 
2 0 0 3 0 
3 0 10 3 0 
4 0 10 2 0 
5 10 0 2 0 
6 10 0 3 0 
7 10 10 3 0 
8 0.8 1 3 0 
9 8.800000000000001 9 3 0 
10 10 10 2 0 
11 0.8 1 2.5 0 
12 8.800000000000001 9 2.5 0 
13 0 0 3.5 0 
14 0 10 3.5 0 
15 10 0 3.5 0 
16 10 10 3.5 0 
17 0.8 1 3.5 0 
18 8.800000000000001 9 3.5 0 
19 0 0 5 0 
20 0 10 5 0 
21 10 0 5 0 
22 10 10 5 0 
23 0.8 1 5 0 
24 8.800000000000001 9 5 0 
25 0 0 0 0 
26 0 0 1.5 0 
27 0 10 1.5 0 
28 0 10 0 0 
29 10 0 0 0 
30 10 0 1.5 0 
31 10 10 1.5 0 
32 10 10 0 0 
1 -1e-07 -1e-07 1.9999999 1e-07 1e-07 3.0000001 0 2 1 -2 
2 -1e-07 -1.000000002804313e-07 2.9999999 1e-07 10.0000001 3.0000001 0 2 2 -3 
3 -1e-07 9.999999900000001 1.9999999 1e-07 10.0000001 3.0000001 0 2 4 -3 
4 -1e-07 -1.000000002804313e-07 1.9999999 1e-07 10.0000001 2.0000001 0 2 1 -4 
5 -1.000000002804313e-07 -1e-07 1.9999999 10.0000001 1e-07 2.0000001 0 2 1 -5 
6 9.999999900000001 -1e-07 1.9999999 10.0000001 1e-07 3.0000001 0 2 5 -6 
7 -1.000000002804313e-07 -1e-07 2.9999999 10.0000001 1e-07 3.0000001 0 2 2 -6 
8 -1.000000002804313e-07 9.999999900000001 2.9999999 10.0000001 10.0000001 3.0000001 0 2 3 -7 
9 9.999999900000001 -1.000000002804313e-07 2.9999999 10.0000001 10.0000001 3.0000001 0 2 6 -7 
10 0.7999998499999998 0.7999998499999998 2.99999985 1.20000015 1.20000015 3.00000015 0 2 8 -8 
11 8.799999850000001 8.799999850000001 2.99999985 9.200000149999999 9.200000149999999 3.00000015 0 2 9 -9 
12 -1.000000002804313e-07 9.999999900000001 1.9999999 10.0000001 10.0000001 2.0000001 0 2 4 -10 
13 9.999999900000001 9.999999900000001 1.9999999 10.0000001 10.0000001 3.0000001 0 2 10 -7 
14 9.999999900000001 -1.000000002804313e-07 1.9999999 10.0000001 10.0000001 2.0000001 0 2 5 -10 
15 0.7999999000000001 0.9999999000000001 2.4999999 0.8000001 1.0000001 3.0000001 0 2 8 -11 
16 0.7999999000000001 0.7999999000000001 2.4999999 1.2000001 1.2000001 2.5000001 0 2 11 -11 
17 8.799999900000001 8.999999900000001 2.4999999 8.8000001 9.000000099999999 3.0000001 0 2 9 -12 
18 8.799999900000001 8.799999900000001 2.4999999 9.200000099999999 9.200000099999999 2.5000001 0 2 12 -12 
19 -1e-07 -1e-07 2.9999999 1e-07 1e-07 3.5000001 0 2 2 -13 
20 -1e-07 -1.000000002804313e-07 3.4999999 1e-07 10.0000001 3.5000001 0 2 13 -14 
21 -1e-07 9.999999900000001 2.9999999 1e-07 10.0000001 3.5000001 0 2 3 -14 
22 9.999999900000001 -1e-07 2.9999999 10.0000001 1e-07 3.5000001 0 2 6 -15 
23 -1.000000002804313e-07 -1e-07 3.4999999 10.0000001 1e-07 3.5000001 0 2 13 -15 
24 -1.000000002804313e-07 9.999999900000001 3.4999999 10.0000001 10.0000001 3.5000001 0 2 14 -16 
25 9.999999900000001 -1.000000002804313e-07 3.4999999 10.0000001 10.0000001 3.5000001 0 2 15 -16 
26 0.7999998499999998 0.7999998499999998 3.49999985 1.20000015 1.20000015 3.50000015 0 2 17 -17 
27 8.799999850000001 8.799999850000001 3.49999985 9.200000149999999 9.200000149999999 3.50000015 0 2 18 -18 
28 9.999999900000001 9.999999900000001 2.9999999 10.0000001 10.0000001 3.5000001 0 2 7 -16 
29 0.7999999000000001 0.9999999000000001 2.9999999 0.8000001 1.0000001 3.5000001 0 2 17 -8 
30 8.799999900000001 8.999999900000001 2.9999999 8.8000001 9.000000099999999 3.5000001 0 2 18 -9 
31 -1e-07 -1e-07 3.4999999 1e-07 1e-07 5.0000001 0 2 13 -19 
32 -1e-07 -1.000000002804313e-07 4.9999999 1e-07 10.0000001 5.0000001 0 2 19 -20 
33 -1e-07 9.999999900000001 3.4999999 1e-07 10.0000001 5.0000001 0 2 14 -20 
34 9.999999900000001 -1e-07 3.4999999 10.0000001 1e-07 5.0000001 0 2 15 -21 
35 -1.000000002804313e-07 -1e-07 4.9999999 10.0000001 1e-07 5.0000001 0 2 19 -21 
36 -1.000000002804313e-07 9.999999900000001 4.9999999 10.0000001 10.0000001 5.0000001 0 2 20 -22 
37 9.999999900000001 -1.000000002804313e-07 4.9999999 10.0000001 10.0000001 5.0000001 0 2 21 -22 
38 0.7999999000000001 0.7999999000000001 4.9999999 1.2000001 1.2000001 5.0000001 0 2 23 -23 
39 8.799999900000001 8.799999900000001 4.9999999 9.200000099999999 9.200000099999999 5.0000001 0 2 24 -24 
40 9.999999900000001 9.999999900000001 3.4999999 10.0000001 10.0000001 5.0000001 0 2 16 -22 
41 0.7999999000000001 0.9999999000000001 3.4999999 0.8000001 1.0000001 5.0000001 0 2 23 -17 
42 8.799999900000001 8.999999900000001 3.4999999 8.8000001 9.000000099999999 5.0000001 0 2 24 -18 
43 -1e-07 -1e-07 -9.999999994736442e-08 1e-07 1e-07 1.5000001 0 2 25 -26 
44 -1e-07 -1.000000002804313e-07 1.4999999 1e-07 10.0000001 1.5000001 0 2 26 -27 
45 -1e-07 9.999999900000001 -9.999999994736442e-08 1e-07 10.0000001 1.5000001 0 2 28 -27 
46 -1e-07 -1.000000002804313e-07 -1e-07 1e-07 10.0000001 1e-07 0 2 25 -28 
47 9.999999900000001 -1e-07 -9.999999994736442e-08 10.0000001 1e-07 1.5000001 0 2 29 -30 
48 9.999999900000001 -1.000000002804313e-07 1.4999999 10.0000001 10.0000001 1.5000001 0 2 30 -31 
49 9.999999900000001 9.999999900000001 -9.999999994736442e-08 10.0000001 10.0000001 1.5000001 0 2 32 -31 
50 9.999999900000001 -1.000000002804313e-07 -1e-07 10.0000001 10.0000001 1e-07 0 2 29 -32 
51 -1.000000002804313e-07 -1e-07 -1e-07 10.0000001 1e-07 1e-07 0 2 25 -29 
52 -1.000000002804313e-07 -1e-07 1.4999999 10.0000001 1e-07 1.5000001 0 2 26 -30 
53 -1.000000002804313e-07 9.999999900000001 -1e-07 10.0000001 10.0000001 1e-07 0 2 28 -32 
54 -1.000000002804313e-07 9.999999900000001 1.4999999 10.0000001 10.0000001 1.5000001 0 2 27 -31 
55 -1e-07 -1e-07 1.4999999 1e-07 1e-07 2.0000001 0 2 26 -1 
56 -1e-07 9.999999900000001 1.4999999 1e-07 10.0000001 2.0000001 0 2 27 -4 
57 9.999999900000001 -1e-07 1.4999999 10.0000001 1e-07 2.0000001 0 2 30 -5 
58 9.999999900000001 9.999999900000001 1.4999999 10.0000001 10.0000001 2.0000001 0 2 31 -10 
1 -1e-07 -1.000000002804313e-07 1.9999999 1e-07 10.0000001 3.0000001 0 4 -1 4 3 -2 
2 -1.000000002804313e-07 -1e-07 1.9999999 10.0000001 1e-07 3.0000001 0 4 -5 1 7 -6 
3 -1.499999999765578e-07 -1.499999999765578e-07 2.99999985 10.00000015 10.00000015 3.00000015 0 6 -2 7 9 -8 10 11 
4 -1.000000002804313e-07 9.999999900000001 1.9999999 10.0000001 10.0000001 3.0000001 0 4 -12 3 8 -13 
5 -1.000000002804313e-07 -1.000000002804313e-07 1.9999999 10.0000001 10.0000001 2.0000001 0 4 -4 5 14 -12 
6 9.999999900000001 -1.000000002804313e-07 1.9999999 10.0000001 10.0000001 3.0000001 0 4 -6 14 13 -9 
7 0.7999999000000001 0.7999999000000001 2.4999999 1.2000001 1.2000001 3.0000001 1 302 4 15 -16 -15 10 
8 8.799999900000001 8.799999900000001 2.4999999 9.200000099999999 9.200000099999999 3.0000001 1 402 4 17 -18 -17 11 
9 0.7999999000000001 0.7999999000000001 2.4999999 1.2000001 1.2000001 2.5000001 0 1 16 
10 8.799999900000001 8.799999900000001 2.4999999 9.200000099999999 9.200000099999999 2.5000001 0 1 18 
11 0.7999998499999998 0.7999998499999998 2.99999985 1.20000015 1.20000015 3.00000015 0 1 -10 
12 8.799999850000001 8.799999850000001 2.99999985 9.200000149999999 9.200000149999999 3.00000015 0 1 -11 
13 -1e-07 -1.000000002804313e-07 2.9999999 1e-07 10.0000001 3.5000001 0 4 -19 2 21 -20 
14 -1.000000002804313e-07 -1e-07 2.9999999 10.0000001 1e-07 3.5000001 0 4 -7 19 23 -22 
15 -1.499999999765578e-07 -1.499999999765578e-07 3.49999985 10.00000015 10.00000015 3.50000015 0 6 -20 23 25 -24 26 27 
16 -1.000000002804313e-07 9.999999900000001 2.9999999 10.0000001 10.0000001 3.5000001 0 4 -8 21 24 -28 
17 9.999999900000001 -1.000000002804313e-07 2.9999999 10.0000001 10.0000001 3.5000001 0 4 -22 9 28 -25 
18 0.7999999000000001 0.7999999000000001 2.9999999 1.2000001 1.2000001 3.5000001 0 4 -10 -29 26 29 
19 8.799999900000001 8.799999900000001 2.9999999 9.200000099999999 9.200000099999999 3.5000001 0 4 -11 -30 27 30 
20 0.7999998499999998 0.7999998499999998 3.49999985 1.20000015 1.20000015 3.50000015 0 1 -26 
21 8.799999850000001 8.799999850000001 3.49999985 9.200000149999999 9.200000149999999 3.50000015 0 1 -27 
22 -1e-07 -1.000000002804313e-07 3.4999999 1e-07 10.0000001 5.0000001 0 4 -31 20 33 -32 
23 -1.000000002804313e-07 -1e-07 3.4999999 10.0000001 1e-07 5.0000001 0 4 -23 31 35 -34 
24 -1.000000002804313e-07 -1.000000002804313e-07 4.9999999 10.0000001 10.0000001 5.0000001 0 6 -32 35 37 -36 38 39 
25 -1.000000002804313e-07 9.999999900000001 3.4999999 10.0000001 10.0000001 5.0000001 0 4 -24 33 36 -40 
26 9.999999900000001 -1.000000002804313e-07 3.4999999 10.0000001 10.0000001 5.0000001 0 4 -34 25 40 -37 
27 0.7999999000000001 0.7999999000000001 3.4999999 1.2000001 1.2000001 5.0000001 0 4 -26 -41 38 41 
28 8.799999900000001 8.799999900000001 3.4999999 9.200000099999999 9.200000099999999 5.0000001 0 4 -27 -42 39 42 
29 0.7999999000000001 0.7999999000000001 4.9999999 1.2000001 1.2000001 5.0000001 1 301 1 38 
30 8.799999900000001 8.799999900000001 4.9999999 9.200000099999999 9.200000099999999 5.0000001 1 401 1 39 
31 -1e-07 -1.000000002804313e-07 -9.999999994736442e-08 1e-07 10.0000001 1.5000001 0 4 -43 46 45 -44 
32 9.999999900000001 -1.000000002804313e-07 -9.999999994736442e-08 10.0000001 10.0000001 1.5000001 0 4 -47 50 49 -48 
33 -1.000000002804313e-07 -1e-07 -9.999999994736442e-08 10.0000001 1e-07 1.5000001 0 4 -51 43 52 -47 
34 -1.000000002804313e-07 9.999999900000001 -9.999999994736442e-08 10.0000001 10.0000001 1.5000001 0 4 -53 45 54 -49 
35 -1.000000002804313e-07 -1.000000002804313e-07 -1e-07 10.0000001 10.0000001 1e-07 0 4 -46 51 50 -53 
36 -1.000000002804313e-07 -1.000000002804313e-07 1.4999999 10.0000001 10.0000001 1.5000001 0 4 -44 52 48 -54 
37 -1e-07 -1.000000002804313e-07 1.4999999 1e-07 10.0000001 2.0000001 0 4 -55 44 56 -4 
38 9.999999900000001 -1.000000002804313e-07 1.4999999 10.0000001 10.0000001 2.0000001 0 4 -57 48 58 -14 
39 -1.000000002804313e-07 -1e-07 1.4999999 10.0000001 1e-07 2.0000001 0 4 -52 55 5 -57 
40 -1.000000002804313e-07 9.999999900000001 1.4999999 10.0000001 10.0000001 2.0000001 0 4 -54 56 12 -58 
1 -1.000000002804313e-07 -1.000000002804313e-07 -9.999999994736442e-08 10.0000001 10.0000001 1.5000001 1 105 6 -31 32 -33 34 -35 36 
2 -1.000000002804313e-07 -1.000000002804313e-07 1.4999999 10.0000001 10.0000001 2.0000001 1 104 6 -37 38 -39 40 -36 5 
3 -1.499999999765578e-07 -1.499999999765578e-07 1.99999985 10.00000015 10.00000015 3.00000015 1 103 10 -1 -2 3 4 -5 6 -7 -8 -9 -10 
4 0.7999998499999998 0.7999998499999998 2.49999985 1.20000015 1.20000015 3.00000015 1 201 3 11 7 9 
5 8.799999850000001 8.799999850000001 2.49999985 9.200000149999999 9.200000149999999 3.00000015 1 202 3 12 8 10 
6 -1.499999999765578e-07 -1.499999999765578e-07 2.99999985 10.00000015 10.00000015 3.50000015 1 102 8 -13 -14 15 16 -3 17 -18 -19 
7 0.7999998499999998 0.7999998499999998 2.99999985 1.20000015 1.20000015 3.50000015 1 201 3 20 18 -11 
8 8.799999850000001 8.799999850000001 2.99999985 9.200000149999999 9.200000149999999 3.50000015 1 202 3 21 19 -12 
9 -1.499999999765578e-07 -1.499999999765578e-07 3.49999985 10.00000015 10.00000015 5.00000015 1 101 8 -22 -23 24 25 -15 26 -27 -28 
10 0.7999998499999998 0.7999998499999998 3.49999985 1.20000015 1.20000015 5.00000015 1 201 3 -29 27 -20 
11 8.799999850000001 8.799999850000001 3.49999985 9.200000149999999 9.200000149999999 5.00000015 1 202 3 -30 28 -21 
$EndEntities
$Nodes
129 5189 1 5189
0 1 0 1
1
0 0 2
0 2 0 1
2
0 0 3
0 3 0 1
3
0 10 3
0 4 0 1
4
0 10 2
0 5 0 1
5
10 0 2
0 6 0 1
6
10 0 3
0 7 0 1
7
10 10 3
0 8 0 1
8
0.8 1 3
0 9 0 1
9
8.800000000000001 9 3
0 10 0 1
10
10 10 2
0 11 0 1
11
0.8 1 2.5
0 12 0 1
12
8.800000000000001 9 2.5
0 13 0 1
13
0 0 3.5
0 14 0 1
14
0 10 3.5
0 15 0 1
15
10 0 3.5
0 16 0 1
16
10 10 3.5
0 17 0 1
17
0.8 1 3.5
0 18 0 1
18
8.800000000000001 9 3.5
0 19 0 1
19
0 0 5
0 20 0 1
20
0 10 5
0 21 0 1
21
10 0 5
0 22 0 1
22
10 10 5
0 23 0 1
23
0.8 1 5
0 24 0 1
24
8.800000000000001 9 5
0 25 0 1
25
0 0 0
0 26 0 1
26
0 0 1.5
0 27 0 1
27
0 10 1.5
0 28 0 1
28
0 10 0
0 29 0 1
29
10 0 0
0 30 0 1
30
10 0 1.5
0 31 0 1
31
10 10 1.5
0 32 0 1
32
10 10 0
1 2 0 16
33
34
35
36
37
38
39
40
41
42
43
44
45
46
47
48
0 0.4634147014896387 3
0 0.6599931774899405 3
0 0.8565716534902423 3
0 1.053150129490544 3
0 1.249728605490846 3
0 1.446307081491148 3
0 1.64288555749145 3
0 2.183666805710794 3
0 2.624896066973994 3
0 3.2416843063083 3
0 4.102645719990948 3
0 5.085538099992457 3
0 6.068430479993966 3
0 7.051322859995475 3
0 8.034215239996982 3
0 9.017107619998491 3
1 4 0 16
49
50
51
52
53
54
55
56
57
58
59
60
61
62
63
64
0 0.4634147014896387 2
0 0.6599931774899405 2
0 0.8565716534902423 2
0 1.053150129490544 2
0 1.249728605490846 2
0 1.446307081491148 2
0 1.64288555749145 2
0 2.183666805710794 2
0 2.624896066973994 2
0 3.2416843063083 2
0 4.102645719990948 2
0 5.085538099992457 2
0 6.068430479993966 2
0 7.051322859995475 2
0 8.034215239996982 2
0 9.017107619998491 2
1 5 0 16
65
66
67
68
69
70
71
72
73
74
75
76
77
78
79
80
0.4634147014896387 0 2
0.6599931774899405 0 2
0.8565716534902423 0 2
1.053150129490544 0 2
1.249728605490846 0 2
1.446307081491148 0 2
1.64288555749145 0 2
2.183666805710794 0 2
2.624896066973994 0 2
3.2416843063083 0 2
4.102645719990948 0 2
5.085538099992457 0 2
6.068430479993966 0 2
7.051322859995475 0 2
8.034215239996982 0 2
9.017107619998491 0 2
1 7 0 16
81
82
83
84
85
86
87
88
89
90
91
92
93
94
95
96
0.4634147014896387 0 3
0.6599931774899405 0 3
0.8565716534902423 0 3
1.053150129490544 0 3
1.249728605490846 0 3
1.446307081491148 0 3
1.64288555749145 0 3
2.183666805710794 0 3
2.624896066973994 0 3
3.2416843063083 0 3
4.102645719990948 0 3
5.085538099992457 0 3
6.068430479993966 0 3
7.051322859995475 0 3
8.034215239996982 0 3
9.017107619998491 0 3
1 8 0 17
97
98
99
100
101
102
103
104
105
106
107
108
109
110
111
112
113
0.9828923800015087 10 3
1.965784760003017 10 3
2.948677140004526 10 3
3.931569520006035 10 3
4.914461900007543 10 3
5.897354280009052 10 3
6.758315693691698 10 3
7.375103933026005 10 3
7.816333194289205 10 3
8.131210475043165 10 3
8.553692918508853 10 3
8.750271394509154 10 3
8.946849870509455 10 3
9.143428346509758 10 3
9.340006822510059 10 3
9.53658529851036 10 3
9.738448432680075 10 3
1 9 0 17
114
115
116
117
118
119
120
121
122
123
124
125
126
127
128
129
130
10 0.9828923800015087 3
10 1.965784760003017 3
10 2.948677140004526 3
10 3.931569520006035 3
10 4.914461900007543 3
10 5.897354280009052 3
10 6.758315693691698 3
10 7.375103933026005 3
10 7.816333194289205 3
10 8.131210475043165 3
10 8.553692918508853 3
10 8.750271394509154 3
10 8.946849870509455 3
10 9.143428346509758 3
10 9.340006822510059 3
10 9.53658529851036 3
10 9.738448432680075 3
1 10 0 6
131
132
133
134
135
136
0.8753020396282533 1.156366296493606 3
1.044504186791263 1.194985582436365 3
1.180193773580484 1.086776747823512 3
1.180193773580484 0.9132232521764884 3
1.044504186791263 0.8050144175636352 3
0.8753020396282534 0.843633703506394 3
1 11 0 6
137
138
139
140
141
142
8.875302039628254 9.156366296493607 3
9.044504186791263 9.194985582436365 3
9.180193773580484 9.086776747823512 3
9.180193773580484 8.913223252176488 3
9.044504186791263 8.805014417563635 3
8.875302039628254 8.843633703506393 3
1 12 0 17
143
144
145
146
147
148
149
150
151
152
153
154
155
156
157
158
159
0.9828923800015087 10 2
1.965784760003017 10 2
2.948677140004526 10 2
3.931569520006035 10 2
4.914461900007543 10 2
5.897354280009052 10 2
6.758315693691698 10 2
7.375103933026005 10 2
7.816333194289205 10 2
8.131210475043165 10 2
8.553692918508853 10 2
8.750271394509154 10 2
8.946849870509455 10 2
9.143428346509758 10 2
9.340006822510059 10 2
9.53658529851036 10 2
9.738448432680075 10 2
1 14 0 17
160
161
162
163
164
165
166
167
168
169
170
171
172
173
174
175
176
10 0.9828923800015087 2
10 1.965784760003017 2
10 2.948677140004526 2
10 3.931569520006035 2
10 4.914461900007543 2
10 5.897354280009052 2
10 6.758315693691698 2
10 7.375103933026005 2
10 7.816333194289205 2
10 8.131210475043165 2
10 8.553692918508853 2
10 8.750271394509154 2
10 8.946849870509455 2
10 9.143428346509758 2
10 9.340006822510059 2
10 9.53658529851036 2
10 9.738448432680075 2
1 15 0 2
177
178
0.8 1 2.833333333333333
0.8 1 2.666666666666667
1 16 0 6
179
180
181
182
183
184
0.8753020396282533 1.156366296493606 2.5
1.044504186791263 1.194985582436365 2.5
1.180193773580484 1.086776747823512 2.5
1.180193773580484 0.9132232521764884 2.5
1.044504186791263 0.8050144175636352 2.5
0.8753020396282534 0.843633703506394 2.5
1 17 0 2
185
186
8.800000000000001 9 2.833333333333333
8.800000000000001 9 2.666666666666667
1 18 0 6
187
188
189
190
191
192
8.875302039628254 9.156366296493607 2.5
9.044504186791263 9.194985582436365 2.5
9.180193773580484 9.086776747823512 2.5
9.180193773580484 8.913223252176488 2.5
9.044504186791263 8.805014417563635 2.5
8.875302039628254 8.843633703506393 2.5
1 20 0 16
193
194
195
196
197
198
199
200
201
202
203
204
205
206
207
208
0 0.4634147014896387 3.5
0 0.6599931774899405 3.5
0 0.8565716534902423 3.5
0 1.053150129490544 3.5
0 1.249728605490846 3.5
0 1.446307081491148 3.5
0 1.64288555749145 3.5
0 2.183666805710794 3.5
0 2.624896066973994 3.5
0 3.2416843063083 3.5
0 4.102645719990948 3.5
0 5.085538099992457 3.5
0 6.068430479993966 3.5
0 7.051322859995475 3.5
0 8.034215239996982 3.5
0 9.017107619998491 3.5
1 23 0 16
209
210
211
212
213
214
215
216
217
218
219
220
221
222
223
224
0.4634147014896387 0 3.5
0.6599931774899405 0 3.5
0.8565716534902423 0 3.5
1.053150129490544 0 3.5
1.249728605490846 0 3.5
1.446307081491148 0 3.5
1.64288555749145 0 3.5
2.183666805710794 0 3.5
2.624896066973994 0 3.5
3.2416843063083 0 3.5
4.102645719990948 0 3.5
5.085538099992457 0 3.5
6.068430479993966 0 3.5
7.051322859995475 0 3.5
8.034215239996982 0 3.5
9.017107619998491 0 3.5
1 24 0 17
225
226
227
228
229
230
231
232
233
234
235
236
237
238
239
240
241
0.9828923800015087 10 3.5
1.965784760003017 10 3.5
2.948677140004526 10 3.5
3.931569520006035 10 3.5
4.914461900007543 10 3.5
5.897354280009052 10 3.5
6.758315693691698 10 3.5
7.375103933026005 10 3.5
7.816333194289205 10 3.5
8.131210475043165 10 3.5
8.553692918508853 10 3.5
8.750271394509154 10 3.5
8.946849870509455 10 3.5
9.143428346509758 10 3.5
9.340006822510059 10 3.5
9.53658529851036 10 3.5
9.738448432680075 10 3.5
1 25 0 17
242
243
244
245
246
247
248
249
250
251
252
253
254
255
256
257
258
10 0.9828923800015087 3.5
10 1.965784760003017 3.5
10 2.948677140004526 3.5
10 3.931569520006035 3.5
10 4.914461900007543 3.5
10 5.897354280009052 3.5
10 6.758315693691698 3.5
10 7.375103933026005 3.5
10 7.816333194289205 3.5
10 8.131210475043165 3.5
10 8.553692918508853 3.5
10 8.750271394509154 3.5
10 8.946849870509455 3.5
10 9.143428346509758 3.5
10 9.340006822510059 3.5
10 9.53658529851036 3.5
10 9.738448432680075 3.5
1 26 0 6
259
260
261
262
263
264
0.8753020396282533 1.156366296493606 3.5
1.044504186791263 1.194985582436365 3.5
1.180193773580484 1.086776747823512 3.5
1.180193773580484 0.9132232521764884 3.5
1.044504186791263 0.8050144175636352 3.5
0.8753020396282534 0.843633703506394 3.5
1 27 0 6
265
266
267
268
269
270
8.875302039628254 9.156366296493607 3.5
9.044504186791263 9.194985582436365 3.5
9.180193773580484 9.086776747823512 3.5
9.180193773580484 8.913223252176488 3.5
9.044504186791263 8.805014417563635 3.5
8.875302039628254 8.843633703506393 3.5
1 29 0 2
271
272
0.8 1 3.333333333333333
0.8 1 3.166666666666667
1 30 0 2
273
274
8.800000000000001 9 3.333333333333333
8.800000000000001 9 3.166666666666667
1 31 0 1
275
0 0 4.25
1 32 0 9
276
277
278
279
280
281
282
283
284
0 1 5
0 2 5
0 3 5
0 4 5
0 5 5
0 6 5
0 7 5
0 8 5
0 9 5
1 33 0 1
285
0 10 4.25
1 34 0 1
286
10 0 4.25
1 35 0 9
287
288
289
290
291
292
293
294
295
1 0 5
2 0 5
3 0 5
4 0 5
5 0 5
6 0 5
7 0 5
8 0 5
9 0 5
1 36 0 9
296
297
298
299
300
301
302
303
304
1 10 5
2 10 5
3 10 5
4 10 5
5 10 5
6 10 5
7 10 5
8 10 5
9 10 5
1 37 0 9
305
306
307
308
309
310
311
312
313
10 1 5
10 2 5
10 3 5
10 4 5
10 5 5
10 6 5
10 7 5
10 8 5
10 9 5
1 38 0 6
314
315
316
317
318
319
0.8753020396282534 1.156366296493606 5
1.044504186791263 1.194985582436365 5
1.180193773580484 1.086776747823511 5
1.180193773580483 0.9132232521764875 5
1.044504186791261 0.8050144175636349 5
0.8753020396282527 0.8436337035063944 5
1 39 0 6
320
321
322
323
324
325
8.875302039628254 9.156366296493607 5
9.044504186791263 9.194985582436365 5
9.180193773580484 9.08677674782351 5
9.180193773580484 8.913223252176488 5
9.044504186791261 8.805014417563635 5
8.875302039628252 8.843633703506395 5
1 40 0 1
326
10 10 4.25
1 41 0 7
327
328
329
330
331
332
333
0.8 1 4.8125
0.8 1 4.625
0.8 1 4.4375
0.8 1 4.25
0.8 1 4.0625
0.8 1 3.875
0.8 1 3.6875
1 42 0 7
334
335
336
337
338
339
340
8.800000000000001 9 4.8125
8.800000000000001 9 4.625
8.800000000000001 9 4.4375
8.800000000000001 9 4.25
8.800000000000001 9 4.0625
8.800000000000001 9 3.875
8.800000000000001 9 3.6875
1 43 0 1
341
0 0 0.75
1 44 0 16
342
343
344
345
346
347
348
349
350
351
352
353
354
355
356
357
0 0.4634147014896387 1.5
0 0.6599931774899405 1.5
0 0.8565716534902423 1.5
0 1.053150129490544 1.5
0 1.249728605490846 1.5
0 1.446307081491148 1.5
0 1.64288555749145 1.5
0 2.183666805710794 1.5
0 2.624896066973994 1.5
0 3.2416843063083 1.5
0 4.102645719990948 1.5
0 5.085538099992457 1.5
0 6.068430479993966 1.5
0 7.051322859995475 1.5
0 8.034215239996982 1.5
0 9.017107619998491 1.5
1 45 0 1
358
0 10 0.75
1 46 0 9
359
360
361
362
363
364
365
366
367
0 1 0
0 2 0
0 3 0
0 4 0
0 5 0
0 6 0
0 7 0
0 8 0
0 9 0
1 47 0 1
368
10 0 0.75
1 48 0 17
369
370
371
372
373
374
375
376
377
378
379
380
381
382
383
384
385
10 0.9828923800015087 1.5
10 1.965784760003017 1.5
10 2.948677140004526 1.5
10 3.931569520006035 1.5
10 4.914461900007543 1.5
10 5.897354280009052 1.5
10 6.758315693691698 1.5
10 7.375103933026005 1.5
10 7.816333194289205 1.5
10 8.131210475043165 1.5
10 8.553692918508853 1.5
10 8.750271394509154 1.5
10 8.946849870509455 1.5
10 9.143428346509758 1.5
10 9.340006822510059 1.5
10 9.53658529851036 1.5
10 9.738448432680075 1.5
1 49 0 1
386
10 10 0.75
1 50 0 9
387
388
389
390
391
392
393
394
395
10 1 0
10 2 0
10 3 0
10 4 0
10 5 0
10 6 0
10 7 0
10 8 0
10 9 0
1 51 0 9
396
397
398
399
400
401
402
403
404
1 0 0
2 0 0
3 0 0
4 0 0
5 0 0
6 0 0
7 0 0
8 0 0
9 0 0
1 52 0 16
405
406
407
408
409
410
411
412
413
414
415
416
417
418
419
420
0.4634147014896387 0 1.5
0.6599931774899405 0 1.5
0.8565716534902423 0 1.5
1.053150129490544 0 1.5
1.249728605490846 0 1.5
1.446307081491148 0 1.5
1.64288555749145 0 1.5
2.183666805710794 0 1.5
2.624896066973994 0 1.5
3.2416843063083 0 1.5
4.102645719990948 0 1.5
5.085538099992457 0 1.5
6.068430479993966 0 1.5
7.051322859995475 0 1.5
8.034215239996982 0 1.5
9.017107619998491 0 1.5
1 53 0 9
421
422
423
424
425
426
427
428
429
1 10 0
2 10 0
3 10 0
4 10 0
5 10 0
6 10 0
7 10 0
8 10 0
9 10 0
1 54 0 17
430
431
432
433
434
435
436
437
438
439
440
441
442
443
444
445
446
0.9828923800015087 10 1.5
1.965784760003017 10 1.5
2.948677140004526 10 1.5
3.931569520006035 10 1.5
4.914461900007543 10 1.5
5.897354280009052 10 1.5
6.758315693691698 10 1.5
7.375103933026005 10 1.5
7.816333194289205 10 1.5
8.131210475043165 10 1.5
8.553692918508853 10 1.5
8.750271394509154 10 1.5
8.946849870509455 10 1.5
9.143428346509758 10 1.5
9.340006822510059 10 1.5
9.53658529851036 10 1.5
9.738448432680075 10 1.5
2 1 0 44
447
448
449
450
451
452
453
454
455
456
457
458
459
460
461
462
463
464
465
466
467
468
469
470
471
472
473
474
475
476
477
478
479
480
481
482
483
484
485
486
487
488
489
490
0 0.7590948194709488 2.810598743123045
0 1.172322645248306 2.816970440399072
0 1.544596319491299 2.202203551738798
0 0.9550146108512909 2.165768011784404
0 0.5627487871072628 2.177679130449697
0 1.529361125821463 2.816464880439356
0 0.3587761177261921 2.560368263890644
0 2.320088911019391 2.50348735435116
0 1.814154898918256 2.384223401232086
0 1.859431921331194 2.727771803765978
0 1.354299596152176 2.536532547697577
0 1.304070871052534 2.261355294172291
0 1.349322703412116 2.721987884374603
0 0.3562846356701646 2.194970816206845
0 0.9584768384468046 2.823935482430322
0 0.8605977755971446 2.639805135616688
0 0.7582824154900913 2.170241954053491
0 0.681179458820613 2.34993511529953
0 0.5213467387038425 2.372207340465032
0 0.649641835875976 2.573428431708312
0 0.5781841304105392 2.7888790877444
0 1.053150129490544 2.659490745870194
0 0.9593325099008359 2.485986657866362
0 1.152483744080491 2.502851829492423
0 1.153543565321832 2.155965010664497
0 3.672165013149624 2.5
0 1.092877742643642 2.328505490323565
0 0.8646437547579477 2.328576248617513
0 1.421560035632208 2.373403852834501
0 1.558342771114722 2.495728868056092
0 0.8030790669905035 2.475546317821681
0 2.9542357784556 2.500581225725193
0 1.348017843490996 2.875694622620145
0 1.491552085105258 2.64663387342818
0 1.662304265321203 2.649884741657367
0 1.216315763676727 2.647566689566774
0 4.594091909991701 2.5
0 1.348017843490997 2.11670620320325
0 6.559876669994719 2.5
0 8.525661429997733 2.5
0 7.542769049996229 2.5
0 9.508553809999249 2.5
0 5.576984289993212 2.5
0 1.26505839791221 2.400529802904072
2 2 0 43
491
492
493
494
495
496
497
498
499
500
501
502
503
504
505
506
507
508
509
510
511
512
513
514
515
516
517
518
519
520
521
522
523
524
525
526
527
528
529
530
531
532
533
0.7614680186156124 0 2.157321800074197
1.150699436207135 0 2.171321791913749
1.54396435438494 0 2.180521252738032
0.9533605251065845 0 2.833791606996471
1.345770857252 0 2.828615502442862
0.5627487871072627 0 2.822320869550303
1.93668163111089 0 2.665626081625302
0.310615657499868 0 2.40005198972708
1.780555528299178 0 2.216862522731368
2.789382028076556 0 2.452232297375043
0.3527743980443392 0 2.802144362628266
1.34579927597737 0 2.175106539540324
1.2455479768041 0 2.3462787494152
1.053230275870481 0 2.340224596593062
1.146279945137122 0 2.516246027704628
0.9593664359061527 0 2.512043661992851
1.337202005943742 0 2.515051320030691
1.14839239968276 0 2.833820150562651
0.7582824154900912 0 2.829758045946509
0.6722545567595053 0 2.618463720742753
0.725149756518072 0 2.411506314837602
0.4894162076231859 0 2.610279374423901
0.9584674643195639 0 2.165550641285049
3.672165013149624 0 2.5
0.5673620618816591 0 2.207573484367376
0.548687638704954 0 2.408415929471105
1.435526012645158 0 2.354371543060762
0.8565716534902427 0 2.674152850676978
1.051361218148626 0 2.673581232076887
1.244196349568893 0 2.671433094527746
0.8520283090315576 0 2.339065325073566
1.399513594186799 0 2.664030570031159
1.542265678730312 0 2.557086814350283
1.546366789967292 0 2.783366028454735
1.647798641034095 0 2.394893642901149
4.594091909991701 0 2.5
0.7888192009901773 0 2.538471012929024
0.6757819425207725 0 2.292470260316003
6.559876669994719 0 2.5
8.525661429997733 0 2.5
7.542769049996229 0 2.5
9.508553809999249 0 2.5
5.576984289993212 0 2.5
2 3 0 297
534
535
536
537
538
539
540
541
542
543
544
545
546
547
548
549
550
551
552
553
554
555
556
557
558
559
560
561
562
563
564
565
566
567
568
569
570
571
572
573
574
575
576
577
578
579
580
581
582
583
584
585
586
587
588
589
590
591
592
593
594
595
596
597
598
599
600
601
602
603
604
605
606
607
608
609
610
611
612
613
614
615
616
617
618
619
620
621
622
623
624
625
626
627
628
629
630
631
632
633
634
635
636
637
638
639
640
641
642
643
644
645
646
647
648
649
650
651
652
653
654
655
656
657
658
659
660
661
662
663
664
665
666
667
668
669
670
671
672
673
674
675
676
677
678
679
680
681
682
683
684
685
686
687
688
689
690
691
692
693
694
695
696
697
698
699
700
701
702
703
704
705
706
707
708
709
710
711
712
713
714
715
716
717
718
719
720
721
722
723
724
725
726
727
728
729
730
731
732
733
734
735
736
737
738
739
740
741
742
743
744
745
746
747
748
749
750
751
752
753
754
755
756
757
758
759
760
761
762
763
764
765
766
767
768
769
770
771
772
773
774
775
776
777
778
779
780
781
782
783
784
785
786
787
788
789
790
791
792
793
794
795
796
797
798
799
800
801
802
803
804
805
806
807
808
809
810
811
812
813
814
815
816
817
818
819
820
821
822
823
824
825
826
827
828
829
830
1.21398108015496 1.275117717665715 3
6.305246810269956 9.461169909297732 3
3.672165013149624 0.6398843699731607 3
0.7497466970335243 3.542824746837613 3
9.420200129147062 7.140983037718536 3
9.148790229732546 4.423015710006789 3
7.661671209200851 9.607802962058186 3
1.34352803615919 1.008896394272915 3
0.7826053377911881 6.548887445185265 3
0.4208898729996446 2.33312175455062 3
9.554085497887133 8.017907900271803 3
5.698725953329189 0.9246505783733253 3
4.473970936806499 9.024655174017012 3
2.317708238534732 0.3876280298836161 3
8.702233834754978 8.856603372478345 3
8.611466410256956 9.025599046164 3
1.338214097237027 0.8165332863193601 3
9.21246503106002 9.264836911254672 3
7.427110325039092 0.8613410057188595 3
0.1865170533849946 1.558742642593858 3
0.9364328966568591 1.298884129392361 3
0.6912867003239032 0.8546798567451389 3
8.649717668717521 9.827887937607658 3
9.796153219752155 8.640558443626686 3
9.212465031060017 8.735163088745319 3
0.9200261887819372 0.6724333117460011 3
9.308754025575864 8.997481830691948 3
8.776680089840122 8.688817424877634 3
0.7022338347549744 1.143396627521653 3
2.457230950003772 9.148790229732546 3
9.82029732222151 9.429985228205469 3
0.555083062230241 0.1786566398106851 3
9.056517241390607 9.386140461612577 3
1.352277236587226 0.1922226084491572 3
9.43829606051021 9.829758045946509 3
0.1622344572709294 0.5674731680591566 3
0.1644625442062783 0.9674521498327879 3
9.158937002978782 2.423839215745134 3
0.9496743904002117 0.1681496588219362 3
9.83232106519773 9.067409256699706 3
9.044996109770757 9.842628755809343 3
1.098871281437408 0.6258751550488106 3
9.07296094968531 8.619291710838969 3
0.3588532480622137 0.205441186123813 3
9.247606568292035 9.449977280695922 3
9.394783669644795 9.325215861610623 3
1.506479222292986 0.9136673573415121 3
1.501993409970051 0.7107538515582008 3
1.504742549427135 1.112756190911609 3
0.4440698168450907 0.3571458738335248 3
0.6510641172378258 0.3654174635716876 3
0.545064426803467 0.5246162818426259 3
0.833185671242282 8.521496552020309 3
9.43968134484507 9.507285104294732 3
8.833761203634865 7.658809465619849 3
8.583895923530285 6.77191324234991 3
7.924828772667482 7.435009584921032 3
7.662560465987609 6.408061487665803 3
8.517112266265123 8.875673331822137 3
6.922720359758056 7.051950513146818 3
6.72713969700599 6.060579505860848 3
5.970516685113688 6.709957360854869 3
5.783297098229628 5.725400734496511 3
5.025243220579538 6.376807304047427 3
4.839200963886015 5.393759152559338 3
5.597122352537859 4.741124372896939 3
4.653295500621054 4.410813675498729 3
3.895255696697274 5.063030209852496 3
3.70943537289159 4.080385456170728 3
5.411321745167911 3.758549502333111 3
6.355196912968201 4.088935067494314 3
2.951390064856493 4.732582232237389 3
3.137193811342952 5.715168362765949 3
6.169367315003403 3.106337655402916 3
2.76558297055032 3.749984480502792 3
3.523624033868569 3.097772698671204 3
2.591114581598932 2.765247654087611 3
7.113233779335641 3.436733249073613 3
7.465934031512482 5.410299399523322 3
5.225515881959479 2.775953455628887 3
5.211080690032289 7.359294520373037 3
4.266841408356389 7.028120928998354 3
2.200178112924127 5.365248803645812 3
2.394208615888042 6.349873711600011 3
6.888377907360231 2.433830735785444 3
8.286565227824502 9.765558154499328 3
9.79721188482258 8.370253388461766 3
9.249758576517372 8.550717508565329 3
9.395142337682346 8.674899936599573 3
9.438070441040564 8.487871418751753 3
0.9704447849713459 0.4883145283379577 3
1.164837693082306 0.4570052247616531 3
7.126996822527962 7.912529961882649 3
3.337530742202701 2.157469912007596 3
2.381559906601238 1.86735666288417 3
0.2232028688874348 1.740179896409214 3
0.3736227661589662 1.665808042735367 3
0.3776079159184885 1.469418684274015 3
0.5505556886249976 1.586124006684751 3
1.644266512297357 0.7938213099702868 3
1.637529378180237 0.6298452439596991 3
1.503178930966129 0.5136348568360068 3
1.682054615534554 0.4247960217528234 3
0.5637935454942264 1.396734943998264 3
0.3983190082240177 1.281507964267432 3
0.7346136022376039 1.517940903236409 3
0.7138237087422494 1.706043653932826 3
0.9001349138557689 1.633767911500664 3
0.8763884451998389 1.823842084978194 3
1.058879470607043 1.742459499001671 3
1.705670714499498 2.446997656305081 3
1.080028654808918 1.552595360531913 3
7.938380468860056 8.240274116979807 3
7.651914237502913 2.667406074983604 3
9.098455929881792 9.562290630341174 3
8.90638641335914 9.512193404591763 3
8.168451372507047 3.726982376424856 3
9.596172146359844 9.376789653707579 3
9.543813788599751 9.199545691136521 3
9.639130425042939 9.566340150274495 3
9.29342608679686 8.341848962545811 3
9.584282377005067 8.647170111746734 3
9.532342187857711 8.807903805436052 3
1.908109541498835 0.2120947108826783 3
8.779333999749415 8.154389807632477 3
0.2452944773443178 0.3755963670534513 3
4.45264697981214 8.010707451964331 3
3.526394882424493 7.63005497269879 3
5.349382341505749 8.30590468239904 3
0.7638378418347279 0.5439111546003034 3
9.733734325131701 9.237894110109901 3
1.306859478304224 0.613332180341052 3
9.0999242391257 8.426945170964677 3
9.083966296336829 8.153637922268238 3
8.892362245324186 8.52477713018318 3
9.300414308580358 9.652840075604901 3
1.670558868142031 0.9795054592268431 3
9.201587886902605 5.405908090008299 3
1.507518819773826 0.314672795895413 3
8.378057701122227 8.338425004223268 3
7.92632014342378 8.787113191264812 3
8.426669801647806 9.045452476028689 3
8.529594014981932 9.206154867226655 3
8.335198484178704 9.221966980261804 3
8.448859048505449 9.382656695383151 3
8.250939889930889 9.427380455141094 3
8.018496320375915 9.230167979592858 3
8.265780537140484 8.661822873298714 3
8.075262484587501 9.657203197382351 3
8.176554781538831 8.87646997581343 3
8.48604158928382 8.570320392669062 3
8.638203622688154 9.360280338641559 3
8.571460703975641 9.523500241035261 3
7.620546012822416 9.149826568573138 3
8.351740967269475 9.573166763181453 3
9.82795162084129 9.647379315094781 3
9.644839857054107 9.793737301435346 3
0.1859118547781314 1.329797673299812 3
0.2765323570352248 1.141706052297228 3
0.3737849645978875 0.9851021185562724 3
0.313860746778151 0.8129087551404467 3
0.5004568756208976 0.8441944539633265 3
1.729081311429842 3.363273687627438 3
6.163107178869937 7.641335045361028 3
6.541041076735522 5.071499007883998 3
3.328437181492849 6.68644913628067 3
2.567375544967867 7.3361744242615 3
4.082028713725835 6.043889182417372 3
4.276545490276206 2.467110906756365 3
4.466623004130801 3.431764282509837 3
4.973976245642238 1.772795917517544 3
5.919306662214876 2.041993946429239 3
6.575440569726899 1.284122420543333 3
2.03895293031895 4.380900833166082 3
1.411282399838287 4.96873958142371 3
7.311193948045956 4.414663576097061 3
0.5339342330070256 1.782948394706946 3
8.494956550668157 0.8034401817842852 3
8.246876975661307 1.846871926909324 3
3.393731199102596 9.144544038017052 3
1.146092305032054 0.1645611309441676 3
9.148790229732548 3.440123330005281 3
0.7525000350468547 0.1759716902642508 3
0.8327761701346919 7.540243366198412 3
1.807297643242871 8.148539442388019 3
8.848610696504506 9.833389280146974 3
8.734908524309121 9.649772016327278 3
9.829758045946582 8.848560632509331 3
9.634492119064959 8.454222238939339 3
4.594091909991701 0.7953638971000714 3
8.236258961425547 4.779928054146476 3
9.240081544945232 9.835056697113144 3
0.8426138094326673 0.3436063793811958 3
8.259906429580235 9.052643428873749 3
5.482686483106162 9.229726194546506 3
8.427253349162983 7.971377097120168 3
8.558923316643451 8.202183103019294 3
1.853432568495525 0.7151391893812169 3
2.376467408230011 1.02616166472168 3
1.663630837722793 7.05132285999548 3
0.5743449247644237 1.025742638780609 3
9.186952659554169 1.489130362864765 3
1.478572519760785 9.181331233146832 3
9.841778291399002 9.841778291399002 3
2.879411199649326 8.294417238862687 3
1.653455476951148 0.2198426754123327 3
0.368749771944784 1.828524225351265 3
1.348503430190522 0.4108068077139758 3
8.371320298971414 5.786116548528542 3
4.003949078011145 1.522350332883947 3
9.676871992425905 8.937276679938019 3
9.349492746087043 6.321773073022687 3
0.7597251184734872 1.316585441611476 3
1.726227837658476 1.75615675585439 3
1.668487109423348 1.211258395935479 3
1.502191075281651 1.30299504276914 3
1.356249841614503 2.091925741592521 3
1.077123984146747 1.971370139136526 3
1.219892981971215 1.857770805892834 3
1.241068194994661 1.661102579041307 3
1.3607627771496 1.742869227371679 3
1.38287007381781 1.561688021992719 3
1.225371967177044 1.458108144745347 3
2.05450645440951 1.438085931471865 3
1.909947607412834 1.115850966363135 3
1.823929573162439 1.340253973443166 3
1.664720693368255 1.407224982404726 3
1.83136334731345 1.53979752513374 3
8.922261192291126 8.327517065231302 3
8.753493201426092 8.36709642065297 3
0.3595441158891617 0.5181607840879621 3
8.714538470875754 9.180311618332308 3
8.854615898655696 9.326094112726254 3
0.6198598852188262 0.6949213386095915 3
8.96313524590899 9.686119873130128 3
0.4384276135093129 0.6759342122878442 3
1.526065008027771 5.990622035110867 3
1.519410394087573 1.676587677686258 3
1.051566247355842 0.3206372958662305 3
0.2149452646251647 1.967668706977318 3
0.143930704772675 0.7572198404846744 3
0.80336555526007 2.13132870057543 3
0.5060790265328663 1.991140498348734 3
0.9782608501227674 2.690468835816143 3
0.68671819374841 1.887060666508426 3
6.412031766875566 8.622261179312664 3
1.193728563470081 0.7547956582898694 3
8.932361902253827 8.696306877393964 3
8.598639912796646 8.711592786923859 3
8.666657519404145 8.539500209676957 3
8.588280682835675 8.378015115667987 3
1.520488834458959 0.1453476159513805 3
9.492472399206537 9.669992135511198 3
0.7005840600665496 4.563222970584617 3
7.34849750464477 8.711028223896712 3
8.344009224568575 8.873807534597724 3
3.142909891124935 1.287629735407097 3
1.350022974430113 1.189919790090232 3
0.7367561342872992 5.537573435381813 3
9.683881564597485 8.776293934651363 3
9.488422168656685 9.00642127357753 3
9.339305643008503 9.163400985691055 3
9.339305643008519 8.836599014308927 3
1.652045997641368 1.568137829827309 3
8.41970894777738 9.855229585550905 3
7.259313619108231 1.731540043785192 3
8.490109413683722 9.691112012885348 3
8.745364031792999 9.487692138539757 3
1.074932214553993 1.367078424424076 3
0.5656660154187764 1.227411861388128 3
3.776592069567607 8.428688199355667 3
0.7740625311575295 0.7219158730414859 3
7.068183715095515 9.418749893282307 3
1.219249416382984 0.3070866819480185 3
9.678561900120554 9.1027409078402 3
1.483470285480701 1.869261202726393 3
9.280472839466601 0.7195271605334046 3
0.7195271605334026 9.280472839466603 3
0.4312565991690438 2.909468225139202 3
2.895971820720265 0.556883966664259 3
8.44231670601093 8.7386433838623 3
1.334850931908713 4.057378454921561 3
0.933338075232888 1.468190631901475 3
1.096814257531242 2.291658164448893 3
9.145453801628639 9.716445151564237 3
1.518507715779084 1.460922208057431 3
0.437729454008066 1.132294127057934 3
8.474993963676519 2.82104458481364 3
9.887846516630404 9.242456348466556 3
0.2896502827910513 0.6622446461120868 3
6.561454427874529 0.5553355733575098 3
8.674722934155277 8.268319526606952 3
1.976132192317178 1.744888225329449 3
1.756330677516478 1.99919084092829 3
0.1800271989453284 0.1776690181056073 3
1.359141813924363 1.360926783318713 3
0.1179949273568983 1.149244763627516 3
2 4 0 50
831
832
833
834
835
836
837
838
839
840
841
842
843
844
845
846
847
848
849
850
851
852
853
854
855
856
857
858
859
860
861
862
863
864
865
866
867
868
869
870
871
872
873
874
875
876
877
878
879
880
8.848132011650472 10 2.829506393764328
9.234796415488706 10 2.832932383060125
9.597021141870613 10 2.172289789175642
9.045139108509604 10 2.17024195405349
8.335784746016961 10 2.748605090145607
8.61774113478655 10 2.181055788548634
9.587732560225639 10 2.846533431547004
8.080189394538646 10 2.270759563378125
7.031732133990564 10 2.51192496253523
9.431204839759927 10 2.171464584295463
9.535917096437089 10 2.344579771941792
9.736867889142008 10 2.36347269749913
9.33686986088556 10 2.33078217281424
9.438395112636234 10 2.617231583128467
9.424748444979729 10 2.814611480686518
8.848560632509329 10 2.170241954053438
8.947608662385633 10 2.336359144948142
9.043914143529598 10 2.829747081314061
9.133677391408103 10 2.667466148074924
9.239675364323917 10 2.168641458895217
8.944891629139041 10 2.663150799850628
8.748128642108592 10 2.661508592812244
9.141438620294458 10 2.334141531241801
8.656183625184397 10 2.833224822872151
8.531625514013655 10 2.664684885968443
8.656685044472816 10 2.492509668394644
6.327834986850375 10 2.5
8.752482433624387 10 2.335305245193255
8.848765983930708 10 2.498383723589868
9.042153586827698 10 2.499476152350796
9.260590995477203 10 2.513564144621957
7.659457286456196 10 2.486301818393033
8.589353721982935 10 2.34202012101993
8.384630618112082 10 2.135420315436812
8.455864033241182 10 2.473067731157105
8.374864020782521 10 2.337291953729748
8.361169878826383 10 2.626946477527259
8.455021556342881 10 2.849149606243829
9.297165193258799 10 2.683802221465378
5.4059080900083 10 2.5
9.436313434810744 10 2.468562806400934
8.151859128649281 10 2.61787157929136
9.542719141598219 10 2.714678827197496
9.562612226116574 10 2.531988505423167
9.694730041627086 10 2.742778910277799
0.4914461900007543 10 2.5
1.474338570002263 10 2.5
3.440123330005281 10 2.5
2.457230950003772 10 2.5
4.423015710006789 10 2.5
2 5 0 315
881
882
883
884
885
886
887
888
889
890
891
892
893
894
895
896
897
898
899
900
901
902
903
904
905
906
907
908
909
910
911
912
913
914
915
916
917
918
919
920
921
922
923
924
925
926
927
928
929
930
931
932
933
934
935
936
937
938
939
940
941
942
943
944
945
946
947
948
949
950
951
952
953
954
955
956
957
958
959
960
961
962
963
964
965
966
967
968
969
970
971
972
973
974
975
976
977
978
979
980
981
982
983
984
985
986
987
988
989
990
991
992
993
994
995
996
997
998
999
1000
1001
1002
1003
1004
1005
1006
1007
1008
1009
1010
1011
1012
1013
1014
1015
1016
1017
1018
1019
1020
1021
1022
1023
1024
1025
1026
1027
1028
1029
1030
1031
1032
1033
1034
1035
1036
1037
1038
1039
1040
1041
1042
1043
1044
1045
1046
1047
1048
1049
1050
1051
1052
1053
1054
1055
1056
1057
1058
1059
1060
1061
1062
1063
1064
1065
1066
1067
1068
1069
1070
1071
1072
1073
1074
1075
1076
1077
1078
1079
1080
1081
1082
1083
1084
1085
1086
1087
1088
1089
1090
1091
1092
1093
1094
1095
1096
1097
1098
1099
1100
1101
1102
1103
1104
1105
1106
1107
1108
1109
1110
1111
1112
1113
1114
1115
1116
1117
1118
1119
1120
1121
1122
1123
1124
1125
1126
1127
1128
1129
1130
1131
1132
1133
1134
1135
1136
1137
1138
1139
1140
1141
1142
1143
1144
1145
1146
1147
1148
1149
1150
1151
1152
1153
1154
1155
1156
1157
1158
1159
1160
1161
1162
1163
1164
1165
1166
1167
1168
1169
1170
1171
1172
1173
1174
1175
1176
1177
1178
1179
1180
1181
1182
1183
1184
1185
1186
1187
1188
1189
1190
1191
1192
1193
1194
1195
0.1865170533849946 1.558742642593858 2
8.332267132522942 9.764710593407328 2
9.672596263322767 7.595718563657606 2
2.404281436342394 0.3821157491469722 2
1.362390820336989 0.1915539651882437 2
9.823408890799703 8.651982156509 2
5.405908090008298 9.201587886902605 2
0.7927100911231741 4.565859819824132 2
0.3821157491469722 2.404281436342394 2
0.1702419540534909 0.9548608914903932 2
9.042323909125969 9.829831181924856 2
5.576052396475237 0.7307996534018614 2
9.276469975634276 5.413416350837683 2
7.595718563657605 9.672596263322767 2
9.834342465627376 9.24449244730976 2
0.7623501309599071 0.1599166908553088 2
0.8963589195596493 6.678428740036056 2
9.18207046616163 3.44012333000528 2
3.440123330005281 9.148790229732546 2
3.724136961874966 0.7499917897811541 2
9.437960362311625 9.828764663049466 2
0.1786566398106851 0.555083062230241 2
7.562493262342121 0.862145914995928 2
9.82971512326473 9.618606943746885 2
0.7976904818819165 8.436297849530549 2
8.651982156508987 9.823408890799703 2
0.2141528424386892 0.3749749181128163 2
0.3613181283746503 0.4539067687849621 2
0.3604527038655845 0.6505007671593435 2
0.5339069510805284 0.5430601351907337 2
0.5426054392438178 0.7424207317017972 2
0.7115656817853797 0.6341499620180682 2
0.7211143259524271 0.8339198295972814 2
0.8893859647865678 0.725651800461063 2
0.8990634642022473 0.9254178563787253 2
1.067242265606178 0.8171512230025674 2
1.076925203101623 1.016916844536093 2
0.9144933669796629 1.137219648016252 2
1.057564724344943 0.6173855946805511 2
1.235409705829123 0.7088848357294153 2
0.5583770496208944 0.9484812850151922 2
1.228015624375573 0.5126691598120302 2
1.052121696907915 0.4329945597603376 2
9.328030674057874 8.150656366491777 2
9.166814328757717 1.478503447979689 2
9.740526495811913 7.960324408130487 2
9.150090646961164 7.519325740315168 2
8.747751651510242 8.13672255375951 2
1.40395396269073 0.6012101310489089 2
1.413317156592091 0.8004826616199701 2
9.79362897201784 8.473696548115489 2
9.474033405995042 8.475973483115123 2
9.290357660783211 8.379813180643197 2
0.5279600652227514 0.3499273767849996 2
0.2402486617779026 1.818468283377916 2
0.3800360029303869 1.643652953835374 2
0.3786767887137255 1.465726169457349 2
0.5250563881080589 1.577546502492602 2
1.090817779276519 1.218530784103558 2
0.6004192689467076 1.411823638027385 2
0.4110001415243169 1.269694201109883 2
1.581415905721639 0.6921177000438875 2
1.932790739538935 0.2786483376797748 2
1.570683286673739 0.494647092364395 2
0.5884027366777256 1.183602762940587 2
0.763762564996612 1.275468879037632 2
0.6398843699731607 3.672165013149624 2
1.562626451286475 3.9964772185582 2
1.684582434804744 4.969992771644073 2
2.483035463570184 4.382501887751472 2
2.611230136036859 5.348821430335457 2
3.411339905859549 4.754783237665849 2
3.569785309138982 5.714657235786552 2
4.357759590387087 5.092650263342107 2
4.224225259714042 4.177722588455291 2
5.176539941499098 4.515868712754269 2
5.297269787060977 5.462584245528989 2
6.082058482625897 4.841245172056029 2
6.223769297515485 5.821239747992363 2
5.965297589528234 3.889728130801015 2
2.321847348157553 3.271832630751574 2
5.440720839006798 6.443655477420419 2
6.370018269416208 6.809160076018225 2
2.759123040496748 6.335802617753922 2
6.866457039013218 4.218828088048132 2
6.719804256980188 3.229559178599758 2
7.153329783861741 6.187610758913289 2
7.288156780947915 7.161556842684552 2
5.759722723839997 2.819969967515576 2
3.718712826872635 6.698581976633404 2
2.943387238274696 7.317819573117157 2
6.519911853710257 7.78309162090137 2
7.425356043582638 8.276895197924352 2
3.852312612339072 7.650017073724902 2
6.669890780821854 2.38195596225864 2
7.496330460302008 2.627128377041258 2
8.018941910382921 6.542063520943255 2
6.663719496986891 8.787477439058858 2
8.011976699363062 7.461062973616876 2
7.893882097991865 5.568059309789373 2
9.375569685776409 6.331508903670028 2
2.173269147882219 0.8469036609586591 2
1.58227011870827 0.8938546244032097 2
1.421474122481559 1.000494576619013 2
1.598256867104408 1.093600495522813 2
1.901329144123401 0.5969884006254065 2
1.87453970081778 0.8343453205649278 2
2.86837019532246 0.8248752950587429 2
2.28158984057855 1.360776801636926 2
3.35748780092334 1.614039393514938 2
4.314088200087608 1.463154380360616 2
4.067145200310193 2.356713293656264 2
1.965654859871312 6.965665938712876 2
2.208478749178428 7.950701877615638 2
2.642226839514722 2.290364132888515 2
1.650896419897416 2.148000754209463 2
3.332116433711133 3.07993769449478 2
5.050210225170396 2.093437978721595 2
4.822328835707502 2.862484813290755 2
1.329975119296584 7.66744729608906 2
1.741233078993414 5.983084681322326 2
0.1878761413632081 1.327582490732068 2
0.266209322528604 1.126797248215638 2
4.651968857475832 7.058394939006938 2
4.802202946869183 8.190258971156606 2
5.586716171777833 7.431007419154399 2
4.50791794147173 6.076444165887818 2
7.006378902178663 5.198245652749707 2
7.727675887547346 4.575615128775759 2
7.600851663557909 3.588562905412577 2
1.393893057236845 0.400852904803249 2
1.558546386830813 0.3066791844971885 2
1.24485689010153 0.9087243352750551 2
1.254772886998604 1.108415870143273 2
1.265154786429758 1.308489508089166 2
0.8796769053142941 0.5270317190318845 2
0.7380295026737366 1.045827632486194 2
0.3753739484699851 0.8506998685143899 2
0.6971347332515526 0.4466155852463898 2
9.627120544686939 9.83349289409729 2
9.526185536536364 9.661988979503285 2
9.335557647897737 9.657483889487946 2
9.433469988765477 9.484670733423556 2
9.235408959803417 9.485194942266251 2
9.33380199992618 9.311418505020022 2
9.134066979961641 9.3127700317823 2
9.232763072921323 9.138828577419472 2
9.032810356491535 9.140297994126286 2
8.934112518146366 9.314240655700344 2
8.83282949234888 9.141782811978032 2
8.931535561101375 8.967835826618526 2
8.734280618072571 8.970879843877373 2
8.835634067188224 8.79843571266801 2
8.652306553758745 8.808893584024599 2
8.734126810317454 9.315727937998078 2
9.031141260465075 8.794397059140904 2
8.934930556886698 8.62482432824735 2
9.432767622095028 9.137345986480339 2
9.331523849025704 8.964852884326296 2
9.531514456208987 8.96336634193421 2
8.835404221326627 9.486482552805594 2
8.635406805196014 9.487395559341648 2
8.543024867013941 9.321885699019077 2
9.426396810446688 8.793157854589237 2
8.438922167799481 9.481771557337902 2
8.329176976645414 9.309037035766002 2
9.11981505283152 8.626629078288481 2
9.023337086586576 8.450963241146816 2
8.817608591814043 8.449533435037361 2
9.647520825700504 9.504414791511438 2
9.646291885373591 8.767889803168552 2
9.709210930206476 8.956402477505472 2
9.529196751558574 9.317527722600795 2
9.654359085121678 9.146934383300211 2
9.035396616659238 9.485802349618037 2
8.939166956436276 9.657106704976465 2
9.228225998637988 8.793971230667628 2
9.315818988988473 8.597462641227102 2
9.131333349773833 8.966697262049852 2
8.646406590268732 9.150909326594645 2
9.833071716674542 9.431847073919618 2
9.23932590342921 9.828595109997991 2
0.9568615296310603 0.1569219664245786 2
6.605389523022049 0.8091706120118107 2
9.164980894827455 2.457925096333343 2
8.218846371893791 1.845245404174634 2
9.235856369008484 4.430132922772209 2
0.1807875410332909 0.7546182367290917 2
1.150840829081802 0.1589316056492265 2
2.391442917080477 8.996566261984073 2
4.423015710006789 9.148790229732549 2
8.517387960576613 9.667454837792864 2
1.751230000174583 0.428802375978527 2
9.137524760795255 9.656808618992047 2
8.844538718977699 9.827046144539466 2
0.5248271793274141 1.764571098540884 2
0.8441941708209286 5.563821058190085 2
0.3874390020746832 0.2486001255138296 2
0.4185266220574018 1.059806473332319 2
9.817677581408173 9.817680414252649 2
3.108506965574617 8.262852872949766 2
8.736814110455221 9.65354895290178 2
9.659874009921372 8.551485502792012 2
1.296964118845569 3.045998909153629 2
0.8660314185732252 0.3295824511853674 2
8.526887983510946 0.8192307896259206 2
1.492886469124892 9.180281835609623 2
0.5753989290348706 0.1692315546490138 2
8.358235748097272 2.94867714000452 2
5.884382257700473 8.469509407108411 2
9.633865488642249 8.369403050374464 2
1.69549806366442 0.2382293811556796 2
7.103563479729297 1.678128080296141 2
1.213314902565673 0.3291702636855825 2
8.062207033263334 8.18608626758709 2
7.855485257347768 8.740967790156375 2
8.208479180631775 8.576978370406563 2
9.504896371419061 8.635273260778646 2
1.006871007822453 2.228440273754437 2
1.739435901908958 1.623803144176606 2
1.028822865462676 1.815495369675696 2
1.117822508038105 1.420657261960612 2
1.278153923935094 1.510307788610155 2
1.440579837815887 1.3962376487788 2
1.465275588133366 1.57598874921015 2
1.432615304836144 1.199915067951901 2
1.571038409361572 1.268150980720715 2
1.788736912335654 1.258565260085017 2
1.752747584948367 0.9782187741156889 2
1.974176637312514 1.055761963472244 2
0.9516081550629567 1.350096250461753 2
0.830286247352193 1.487732556919184 2
0.7738336686957955 1.729389077297611 2
0.9860261562084566 1.563492985963066 2
1.601013329911088 1.424549156594258 2
9.841046756535635 8.834550080080756 2
6.327834986850374 9.423633105476643 2
7.24960927952751 9.10379662524697 2
7.861095275628254 9.286287805765259 2
8.437206801404528 3.972444665566133 2
9.805531328070433 8.263754979793452 2
5.97782512399192 1.698100753330152 2
3.214707654214251 3.909203362655848 2
4.631931988248322 0.6903004583373741 2
7.970982477750752 9.571536621545572 2
8.081922977300257 9.393619178039955 2
8.245426174078517 9.493733554821718 2
8.158719053654377 9.190128089729274 2
8.347921888045096 9.093666055421902 2
8.189652150852149 8.987647371360755 2
8.370791779101928 8.908301620942332 2
7.957828282585885 9.051707539765671 2
8.241358950007365 8.811938827177068 2
8.38811773884585 8.707630117104834 2
8.055133378648931 8.855970770583681 2
8.532711452076631 8.991284621371632 2
9.846372912101643 9.06945643728414 2
8.533502323797531 4.987973781687137 2
9.447571346025367 8.309249222717867 2
9.574850868934051 8.167778415852421 2
3.931569520006041 8.498389037276091 2
1.703709764792959 0.5910303814718949 2
9.69730136547464 9.330245873956979 2
8.452038464786455 9.850301426191866 2
1.28299065329292 1.929933325870972 2
1.478577641304759 1.780516829375868 2
1.245281020663453 1.72956863126664 2
8.639420271134842 5.961291571257407 2
1.732668703185402 0.7644258668708358 2
1.146392114684923 1.604004952300002 2
8.013833313029568 9.240640225280792 2
1.522720728191587 0.1469255364263904 2
9.53967954672963 7.069521008605129 2
8.338564216707663 9.617098059956538 2
8.162669891699238 9.689294106795721 2
7.994083053585379 9.821274413532699 2
2.185228337050124 1.929831266317485 2
0.6791365310959054 1.59054270699171 2
8.740850695075979 6.954636493751395 2
0.7195271605334026 9.280472839466603 2
9.280472839466603 0.7195271605334005 2
0.5543058742980257 2.869577667613729 2
4.139814829315911 3.347629332514039 2
5.094839710110345 3.649979386250954 2
8.115250380207192 9.537045865300742 2
0.1950850767853238 0.1739631127835168 2
9.684538820863317 9.686038701910512 2
0.6798939050751676 0.2903567464442064 2
6.995050325623347 9.497917238850871 2
8.415431035141109 8.247377408953161 2
8.47277223479324 8.498830433100203 2
8.504030821024063 7.792073460464088 2
8.637089028766169 8.339603643592593 2
8.648316548184841 8.50999795391968 2
8.748664858720801 8.638545673143263 2
8.566874336584991 8.665866159427985 2
8.793204759773458 8.289376899116229 2
9.036895515241641 7.967250157427264 2
9.105959865561406 8.269768500108185 2
8.945675348996133 8.160231253537626 2
8.94251353194579 8.313117797655764 2
9.40497523487841 7.866770507232671 2
8.484550054270482 9.174603798061602 2
1.594438629994375 8.430820320643019 2
7.638881203979522 9.026314443561347 2
0.549144464817806 7.553983826648341 2
5.101428773106102 1.346039894623213 2
0.3588508430657914 2.051544035842695 2
3.357947461722224 2.355055323350223 2
0.3102627974640241 0.9862973102732825 2
8.49395549848926 8.827419568374808 2
1.053150129490545 0.2744606183802012 2
9.168567860094971 8.473398134514937 2
0.6829853069854186 1.978188511350729 2
0.1124557125606196 1.146839625446411 2
2 6 0 50
1196
1197
1198
1199
1200
1201
1202
1203
1204
1205
1206
1207
1208
1209
1210
1211
1212
1213
1214
1215
1216
1217
1218
1219
1220
1221
1222
1223
1224
1225
1226
1227
1228
1229
1230
1231
1232
1233
1234
1235
1236
1237
1238
1239
1240
1241
1242
1243
1244
1245
10 8.848132011650474 2.829506393764335
10 9.23480756212528 2.832926057642824
10 9.598180318293982 2.172803427252928
10 9.045030416914319 2.17067835327595
10 8.342451696776012 2.227815994277299
10 9.665280038621347 2.815758371700186
10 7.97377183466619 2.727308275792506
10 8.651982156508987 2.176591109200297
10 7.041725756667217 2.503443593451127
10 9.432282511132751 2.17249737437356
10 9.509240006567671 2.29993059074255
10 9.686040283374247 2.434221073518927
10 9.333452716431541 2.324042127933193
10 9.403909530753374 2.632787514789154
10 9.433396830757442 2.816752056427215
10 9.239496168406081 2.167892838720193
10 8.8494257972313 2.171369720865667
10 8.947338377520161 2.337104476578023
10 9.043916001302362 2.82974602707785
10 9.133614875254549 2.667591736482583
10 8.944884407903228 2.663165625347242
10 8.752762306361754 2.663963828500958
10 9.140700237297338 2.333223519308384
10 8.658398069890879 2.826882026145203
10 8.572260303475081 2.668947241956327
10 8.556689885034782 2.374302436469688
10 8.314199900122956 2.806558922300453
10 8.460769309446693 2.529574190333827
10 8.754743583648384 2.343525486794225
10 6.327834986850375 2.5
10 8.852854360855879 2.501590765812012
10 9.042579418581557 2.500138425421814
10 9.255729228311324 2.514976690797886
10 8.662989874244982 2.509840838025501
10 7.665445131442173 2.541049476987888
10 8.424726788101255 2.386270172105648
10 8.503978975117407 2.243063769775844
10 8.42079067979568 2.673985806114419
10 8.21507300511216 2.493284526977013
10 8.503868374358689 2.79527479930328
10 9.292291605440395 2.693006811227932
10 5.4059080900083 2.5
10 9.454488248247729 2.487990825591495
10 8.436663244390884 2.129494174650688
10 9.528622986350829 2.637501968405395
10 0.4914461900007543 2.5
10 1.474338570002263 2.5
10 2.457230950003772 2.5
10 4.423015710006789 2.5
10 3.440123330005281 2.5
2 7 0 16
1246
1247
1248
1249
1250
1251
1252
1253
1254
1255
1256
1257
1258
1259
1260
1261
0.8520833333333333 1.134612999826251 2.75
0.8470643277629738 0.8711175723482487 2.750361588409024
1.128650794975828 0.84686942515589 2.835466996351064
1.121753101276374 1.158670042319226 2.812566948703783
1.199711808943313 0.9892671826350379 2.678139987275095
0.9471416904149067 0.8071114334445755 2.685268738538272
0.9554958132087373 0.8050144175636352 2.86295937999163
0.955495813208737 1.194985582436365 2.862959379991631
0.9946205782715303 1.199927641465274 2.637672679790242
1.115820227644613 0.836948858120067 2.666934467575706
1.199745843684486 1.010079579890695 2.834661075747973
1.14904856252399 1.133358636801417 2.658918513294388
0.8369922558932545 1.115881298582773 2.880056114671769
0.8378260901871966 1.11704538852953 2.620622056576865
0.8378260901871963 0.8829546114704701 2.879377943423135
0.8378874388230834 0.8828696559013828 2.629181474518341
2 8 0 17
1262
1263
1264
1265
1266
1267
1268
1269
1270
1271
1272
1273
1274
1275
1276
1277
1278
8.847064327762974 8.871117572348249 2.750361588409024
8.852083333333333 9.134612999826251 2.75
9.123344271846577 9.157436306494525 2.827869786614445
9.123329942620055 8.842552468252645 2.672131419009047
9.124697960371748 8.843633703506395 2.851008975829094
9.124697960371748 9.156366296493605 2.648991024170906
8.957816202285006 8.804499291023433 2.841972655797188
9.199999998929531 8.999979307308724 2.749985147745932
8.957918994092834 9.195522860407271 2.658058835552386
8.952014292434104 9.19415811049091 2.84098770759594
8.951806183352478 8.805893441540618 2.658983297237469
9.199999548786574 8.999575164541646 2.609007233203916
9.199999530000474 9.000433589194367 2.890994476250105
8.836992255893254 9.115881298582773 2.880056114671769
8.8369922558933 8.884118701417163 2.619943885328223
8.837826090187196 8.88295461147047 2.879377943423135
8.837826090187196 9.117045388529531 2.620622056576866
2 9 0 1
1279
1 1 2.5
2 10 0 1
1280
9 9 2.5
2 11 0 1
1281
1 0.9999999999999998 3
2 12 0 1
1282
9 8.999999999999998 3
2 13 0 25
1283
1284
1285
1286
1287
1288
1289
1290
1291
1292
1293
1294
1295
1296
1297
1298
1299
1300
1301
1302
1303
1304
1305
1306
1307
0 0.7728969721224995 3.309854768012785
0 1.184202446824078 3.166666666666667
0 1.3467843787026 3.317504146516843
0 1.913276181601122 3.25
0 0.2524032880223496 3.25
0 0.4809884932816126 3.2497482844072
0 9.508553809999245 3.25
0 4.594091909991702 3.25
0 5.576984289993211 3.25
0 6.55987666999472 3.25
0 8.525661429997736 3.25
0 7.542769049996229 3.25
0 1.495093814161456 3.190485544033073
0 3.672165013149624 3.25
0 0.9548608914903934 3.170241954053491
0 1.348017843490996 3.150230746114807
0 1.123931223914809 3.334030336853699
0 0.7712175243613655 3.123783759090688
0 0.9522821741016977 3.362825411783995
0 2.933290186641147 3.25
0 1.51324438825183 3.359905258114688
0 1.641477099799462 3.260078160429552
0 2.378718897049324 3.25
0 0.6139448481926847 3.359919348648837
0 0.6117649272137513 3.138822073387164
2 14 0 25
1308
1309
1310
1311
1312
1313
1314
1315
1316
1317
1318
1319
1320
1321
1322
1323
1324
1325
1326
1327
1328
1329
1330
1331
1332
1.151439367490695 0 3.170241954053491
0.7728969721224994 0 3.190145231987215
0.9559260924111226 0 3.322604264481519
1.342103938797831 0 3.318014901857818
1.913276181601122 0 3.25
0.2524032880223496 0 3.25
0.4809884932816125 0 3.2502517155928
9.508553809999245 0 3.25
4.594091909991702 0 3.25
5.576984289993211 0 3.25
6.55987666999472 0 3.25
8.525661429997736 0 3.25
7.542769049996228 0 3.25
1.494313740843994 0 3.190570669923235
3.672165013149624 0 3.25
1.336778546822903 0 3.135765505166908
1.150469626736208 0 3.362172224078566
0.9579968430010205 0 3.136598290104445
0.7714305645455112 0 3.374785484616314
2.933290186641147 0 3.25
1.509976276914807 0 3.358163989433515
1.640667462868564 0 3.25974693187135
2.378718897049324 0 3.25
0.6139448481926848 0 3.140080651351163
0.6117649272137512 0 3.361177926612836
2 15 0 297
1333
1334
1335
1336
1337
1338
1339
1340
1341
1342
1343
1344
1345
1346
1347
1348
1349
1350
1351
1352
1353
1354
1355
1356
1357
1358
1359
1360
1361
1362
1363
1364
1365
1366
1367
1368
1369
1370
1371
1372
1373
1374
1375
1376
1377
1378
1379
1380
1381
1382
1383
1384
1385
1386
1387
1388
1389
1390
1391
1392
1393
1394
1395
1396
1397
1398
1399
1400
1401
1402
1403
1404
1405
1406
1407
1408
1409
1410
1411
1412
1413
1414
1415
1416
1417
1418
1419
1420
1421
1422
1423
1424
1425
1426
1427
1428
1429
1430
1431
1432
1433
1434
1435
1436
1437
1438
1439
1440
1441
1442
1443
1444
1445
1446
1447
1448
1449
1450
1451
1452
1453
1454
1455
1456
1457
1458
1459
1460
1461
1462
1463
1464
1465
1466
1467
1468
1469
1470
1471
1472
1473
1474
1475
1476
1477
1478
1479
1480
1481
1482
1483
1484
1485
1486
1487
1488
1489
1490
1491
1492
1493
1494
1495
1496
1497
1498
1499
1500
1501
1502
1503
1504
1505
1506
1507
1508
1509
1510
1511
1512
1513
1514
1515
1516
1517
1518
1519
1520
1521
1522
1523
1524
1525
1526
1527
1528
1529
1530
1531
1532
1533
1534
1535
1536
1537
1538
1539
1540
1541
1542
1543
1544
1545
1546
1547
1548
1549
1550
1551
1552
1553
1554
1555
1556
1557
1558
1559
1560
1561
1562
1563
1564
1565
1566
1567
1568
1569
1570
1571
1572
1573
1574
1575
1576
1577
1578
1579
1580
1581
1582
1583
1584
1585
1586
1587
1588
1589
1590
1591
1592
1593
1594
1595
1596
1597
1598
1599
1600
1601
1602
1603
1604
1605
1606
1607
1608
1609
1610
1611
1612
1613
1614
1615
1616
1617
1618
1619
1620
1621
1622
1623
1624
1625
1626
1627
1628
1629
1.213981080154959 1.275117717665716 3.5
6.305246810269956 9.461169909297732 3.5
3.672165013149624 0.6398843699731607 3.5
0.7497466970335239 3.54282474683761 3.5
9.420200129147062 7.140983037718536 3.5
9.148790229732546 4.423015710006789 3.5
7.661671209200851 9.607802962058186 3.5
1.34352803615919 1.008896394272915 3.5
0.7826053377911861 6.548887445185263 3.5
0.4208898729996446 2.33312175455062 3.5
9.554085497887133 8.017907900271803 3.5
5.698725953329189 0.924650578373326 3.5
4.473970936806497 9.02465517401701 3.5
2.317708238534732 0.3876280298836162 3.5
8.702233834754978 8.856603372478345 3.5
8.611466410256956 9.025599046164 3.5
1.338214097237027 0.8165332863193601 3.5
9.21246503106002 9.264836911254672 3.5
7.427110325039092 0.8613410057188595 3.5
0.1865170533849946 1.558742642593858 3.5
0.9364328966568591 1.298884129392361 3.5
0.6912867003239032 0.8546798567451389 3.5
8.649717668717521 9.827887937607658 3.5
9.796153219752155 8.640558443626686 3.5
9.212465031060017 8.735163088745319 3.5
0.9200261887819372 0.6724333117460011 3.5
9.308754025575864 8.997481830691948 3.5
8.776680089840122 8.688817424877634 3.5
0.7022338347549744 1.143396627521653 3.5
2.457230950003772 9.148790229732546 3.5
9.82029732222151 9.429985228205469 3.5
0.555083062230241 0.1786566398106851 3.5
9.056517241390607 9.386140461612577 3.5
1.352277236587226 0.1922226084491572 3.5
9.43829606051021 9.829758045946509 3.5
0.1622344572709295 0.5674731680591566 3.5
0.1644625442062783 0.9674521498327879 3.5
9.158937002978782 2.423839215745134 3.5
0.9496743904002117 0.1681496588219362 3.5
9.83232106519773 9.067409256699706 3.5
9.044996109770757 9.842628755809343 3.5
1.098871281437408 0.6258751550488106 3.5
9.07296094968531 8.619291710838969 3.5
0.3588532480622137 0.205441186123813 3.5
9.247606568292035 9.449977280695922 3.5
9.394783669644795 9.325215861610623 3.5
1.506479222292986 0.9136673573415121 3.5
1.501993409970051 0.7107538515582008 3.5
1.504742549427135 1.112756190911609 3.5
0.4440698168450907 0.3571458738335248 3.5
0.6510641172378258 0.3654174635716876 3.5
0.545064426803467 0.5246162818426259 3.5
0.833185671242282 8.521496552020309 3.5
9.43968134484507 9.507285104294732 3.5
8.833761203634865 7.658809465619849 3.5
8.583895923530285 6.77191324234991 3.5
7.924828772667482 7.435009584921032 3.5
7.662560465987609 6.408061487665803 3.5
8.517112266265123 8.875673331822137 3.5
6.922720359758056 7.051950513146818 3.5
6.727139697005992 6.060579505860848 3.5
5.970516685113688 6.709957360854869 3.5
5.783297098229629 5.72540073449651 3.5
5.025243220579538 6.376807304047425 3.5
4.839200963886015 5.393759152559337 3.5
5.59712235253786 4.741124372896938 3.5
4.653295497814725 4.410813675971744 3.5
3.895255696229551 5.06303020993133 3.5
3.709435369539587 4.080385456735717 3.5
5.411321741893861 3.758549502884962 3.5
6.355196912422526 4.088935067586289 3.5
2.951390064219872 4.732582232344688 3.5
3.137193811158895 5.71516836279697 3.5
6.169367314366783 3.10633765551022 3.5
2.765582969885552 3.749984480614837 3.5
3.523624033868573 3.0977726986712 3.5
2.591114581488141 2.76524765410628 3.5
7.113233779138593 3.436733249106826 3.5
7.465934031512482 5.410299399523323 3.5
5.225515878501375 2.775953456211763 3.5
5.211080690032288 7.359294520373036 3.5
4.266841408356387 7.028120928998351 3.5
2.200178112787345 5.36524880366886 3.5
2.394208615834567 6.349873711609019 3.5
6.888377907309597 2.433830735793978 3.5
8.286565227824502 9.765558154499328 3.5
9.79721188482258 8.370253388461766 3.5
9.249758576517372 8.550717508565329 3.5
9.395142337682346 8.674899936599573 3.5
9.438070441040564 8.487871418751753 3.5
0.9704447849713459 0.4883145283379577 3.5
1.164837693082306 0.4570052247616531 3.5
7.126996822527962 7.912529961882649 3.5
3.33753074218424 2.157469912010705 3.5
2.381559906585085 1.867356662886888 3.5
0.2232028688874348 1.740179896409214 3.5
0.3736227661589662 1.665808042735367 3.5
0.3776079159184885 1.469418684274015 3.5
0.5505556886249976 1.586124006684751 3.5
1.644266512297357 0.7938213099702868 3.5
1.637529378180237 0.6298452439596991 3.5
1.503178930966129 0.5136348568360068 3.5
1.682054615534554 0.4247960217528234 3.5
0.5637935454942264 1.396734943998264 3.5
0.3983190082240177 1.281507964267432 3.5
0.7346136022376039 1.517940903236409 3.5
0.7138237087422494 1.706043653932826 3.5
0.9001349138557689 1.633767911500664 3.5
0.8763884451998389 1.823842084978194 3.5
1.058879470607042 1.742459499001671 3.5
1.705670714481368 2.446997656308133 3.5
1.080028654808917 1.552595360531913 3.5
7.938380468860056 8.240274116979807 3.5
7.651914237461632 2.667406074990562 3.5
9.098455929881792 9.562290630341174 3.5
8.90638641335914 9.512193404591763 3.5
8.168451372473001 3.726982376430595 3.5
9.596172146359844 9.376789653707579 3.5
9.543813788599751 9.199545691136521 3.5
9.639130425042939 9.566340150274495 3.5
9.29342608679686 8.341848962545811 3.5
9.584282377005067 8.647170111746734 3.5
9.532342187857711 8.807903805436052 3.5
1.908109541498835 0.2120947108826783 3.5
8.779333999749415 8.154389807632477 3.5
0.2452944773443178 0.3755963670534513 3.5
4.452646979812139 8.010707451964327 3.5
3.526394882424489 7.630054972698787 3.5
5.349382341505748 8.305904682399039 3.5
0.7638378418347279 0.5439111546003034 3.5
9.733734325131701 9.237894110109901 3.5
1.306859478304224 0.613332180341052 3.5
9.0999242391257 8.426945170964677 3.5
9.083966296336829 8.153637922268238 3.5
8.892362245324186 8.52477713018318 3.5
9.300414308580358 9.652840075604901 3.5
1.670558868142031 0.9795054592268431 3.5
9.201587886902605 5.405908090008299 3.5
1.507518819773826 0.314672795895413 3.5
8.378057701122227 8.338425004223268 3.5
7.92632014342378 8.787113191264812 3.5
8.426669801647806 9.045452476028689 3.5
8.529594014981932 9.206154867226655 3.5
8.335198484178704 9.221966980261804 3.5
8.448859048505449 9.382656695383151 3.5
8.250939889930889 9.427380455141094 3.5
8.018496320375915 9.230167979592858 3.5
8.265780537140484 8.661822873298714 3.5
8.075262484587501 9.657203197382351 3.5
8.176554781538831 8.87646997581343 3.5
8.48604158928382 8.570320392669062 3.5
8.638203622688154 9.360280338641559 3.5
8.571460703975641 9.523500241035261 3.5
7.620546012822416 9.149826568573138 3.5
8.351740967269475 9.573166763181453 3.5
9.82795162084129 9.647379315094781 3.5
9.644839857054107 9.793737301435346 3.5
0.1859118547781314 1.329797673299812 3.5
0.2765323570352248 1.141706052297228 3.5
0.3737849645978875 0.9851021185562724 3.5
0.313860746778151 0.8129087551404467 3.5
0.5004568756208976 0.8441944539633265 3.5
1.729081311316457 3.363273687646544 3.5
6.163107178869937 7.641335045361027 3.5
6.541041076735523 5.071499007883997 3.5
3.328437181453259 6.68644913628734 3.5
2.567375544952355 7.336174424264112 3.5
4.082028713610607 6.043889182436791 3.5
4.276545486890453 2.467110907327046 3.5
4.466623001418095 3.431764282967072 3.5
4.973976244501597 1.772795917709804 3.5
5.919306661333877 2.041993946577735 3.5
6.57544056968648 1.284122420550145 3.5
2.038952930060355 4.380900833209662 3.5
1.411282399772389 4.968739581434809 3.5
7.311193947916495 4.414663576118882 3.5
0.5339342330070256 1.782948394706946 3.5
8.494956550668157 0.8034401817842852 3.5
8.246876975655409 1.846871926910317 3.5
3.393731199102594 9.144544038017049 3.5
1.146092305032054 0.1645611309441676 3.5
9.148790229732548 3.440123330005281 3.5
0.7525000350468547 0.1759716902642508 3.5
0.8327761701346914 7.540243366198412 3.5
1.807297643240655 8.14853944238839 3.5
8.848610696504506 9.833389280146974 3.5
8.734908524309121 9.649772016327278 3.5
9.829758045946582 8.848560632509331 3.5
9.634492119064959 8.454222238939339 3.5
4.594091909991701 0.7953638971000714 3.5
8.236258961418454 4.779928054147674 3.5
9.240081544945232 9.835056697113144 3.5
0.8426138094326673 0.3436063793811958 3.5
8.259906429580235 9.052643428873749 3.5
5.482686483106162 9.229726194546505 3.5
8.427253349162983 7.971377097120168 3.5
8.558923316643451 8.202183103019294 3.5
1.853432568495525 0.7151391893812169 3.5
2.376467408228363 1.026161664721957 3.5
1.663630837722793 7.051322859995483 3.5
0.5743449247644237 1.025742638780609 3.5
9.186952659553668 1.48913036286485 3.5
1.478572519760521 9.181331233146876 3.5
9.841778291399002 9.841778291399002 3.5
2.879411199647213 8.294417238863041 3.5
1.653455476951148 0.2198426754123327 3.5
0.368749771944784 1.828524225351265 3.5
1.348503430190522 0.4108068077139758 3.5
8.371320298970984 5.786116548528614 3.5
4.003949077253669 1.522350333011622 3.5
9.676871992425905 8.937276679938019 3.5
9.349492746087025 6.32177307302269 3.5
0.7597251184734872 1.316585441611476 3.5
1.726227837658479 1.756156755854379 3.5
1.668487109423348 1.211258395935479 3.5
1.502191075281651 1.30299504276914 3.5
1.356249841611485 2.091925741593027 3.5
1.077123984146245 1.971370139136611 3.5
1.219892981971215 1.857770805892833 3.5
1.24106819499466 1.661102579041307 3.5
1.360762777149599 1.742869227371677 3.5
1.382870073817809 1.561688021992719 3.5
1.225371967177044 1.458108144745347 3.5
2.054506454406544 1.438085931472363 3.5
1.909947607412066 1.115850966363264 3.5
1.823929573161692 1.340253973443292 3.5
1.664720693368192 1.407224982404736 3.5
1.831363347313001 1.539797525133813 3.5
8.922261192291126 8.327517065231302 3.5
8.753493201426092 8.36709642065297 3.5
0.3595441158891617 0.5181607840879621 3.5
8.714538470875754 9.180311618332308 3.5
8.854615898655696 9.326094112726254 3.5
0.6198598852188262 0.6949213386095915 3.5
8.96313524590899 9.686119873130128 3.5
0.4384276135093129 0.6759342122878442 3.5
1.526065007985077 5.990622035118058 3.5
1.519410394087573 1.676587677686256 3.5
1.051566247355842 0.3206372958662305 3.5
0.2149452646251647 1.967668706977318 3.5
0.143930704772675 0.7572198404846744 3.5
0.8033655552599998 2.131328700575442 3.5
0.5060790265328545 1.991140498348735 3.5
0.9782608501093413 2.690468835818404 3.5
0.6867181937483937 1.887060666508428 3.5
6.412031766875567 8.622261179312664 3.5
1.193728563470081 0.7547956582898694 3.5
8.932361902253827 8.696306877393964 3.5
8.598639912796646 8.711592786923859 3.5
8.666657519404145 8.539500209676957 3.5
8.588280682835675 8.378015115667987 3.5
1.520488834458959 0.1453476159513805 3.5
9.492472399206537 9.669992135511198 3.5
0.7005840600555651 4.563222970586462 3.5
7.34849750464477 8.711028223896712 3.5
8.344009224568575 8.873807534597724 3.5
3.14290989105744 1.287629735418472 3.5
1.350022974430113 1.189919790090232 3.5
0.7367561342673695 5.537573435385168 3.5
9.683881564597485 8.776293934651363 3.5
9.488422168656685 9.00642127357753 3.5
9.339305643008503 9.163400985691055 3.5
9.339305643008519 8.836599014308927 3.5
1.652045997641266 1.568137829827323 3.5
8.41970894777738 9.855229585550905 3.5
7.259313619101032 1.731540043786404 3.5
8.490109413683722 9.691112012885348 3.5
8.745364031792999 9.487692138539757 3.5
1.074932214553992 1.367078424424076 3.5
0.5656660154187764 1.227411861388128 3.5
3.776592069567601 8.428688199355662 3.5
0.7740625311575295 0.7219158730414859 3.5
7.068183715095515 9.418749893282307 3.5
1.219249416382984 0.3070866819480185 3.5
9.678561900120554 9.1027409078402 3.5
1.4834702854802 1.869261202726474 3.5
9.280472839466601 0.7195271605334046 3.5
0.7195271605334026 9.280472839466603 3.5
0.4312565991676738 2.909468225139432 3.5
2.895971820708742 0.5568839666662009 3.5
8.44231670601093 8.7386433838623 3.5
1.334850931885341 4.05737845492549 3.5
0.9333380752328879 1.468190631901475 3.5
1.096814257531251 2.291658164448893 3.5
9.145453801628639 9.716445151564237 3.5
1.518507715779085 1.460922208057429 3.5
0.437729454008066 1.132294127057934 3.5
8.474993963660275 2.821044584816378 3.5
9.887846516630404 9.242456348466556 3.5
0.2896502827910514 0.6622446461120868 3.5
6.561454427871585 0.5553355733580074 3.5
8.674722934155277 8.268319526606952 3.5
1.976132192314386 1.744888225329914 3.5
1.756330677511648 1.999190840929098 3.5
0.1800271989453284 0.1776690181056073 3.5
1.359141813924363 1.360926783318714 3.5
0.1179949273568983 1.149244763627516 3.5
2 16 0 26
1630
1631
1632
1633
1634
1635
1636
1637
1638
1639
1640
1641
1642
1643
1644
1645
1646
1647
1648
1649
1650
1651
1652
1653
1654
1655
9.045139108509604 10 3.32975804594651
9.4057468264268 10 3.166790130279317
8.654774529999289 10 3.317945224511244
8.240127211154306 10 3.248427266329826
9.791761889827628 10 3.253658753639994
8.848664472185135 10 3.174063954783271
3.440123330005281 10 3.25
5.405908090008298 10 3.25
0.4914461900007543 10 3.25
1.474338570002263 10 3.25
2.457230950003772 10 3.25
4.423015710006789 10 3.25
9.591392562258383 10 3.186864653985852
6.327834986850375 10 3.25
9.269055791496054 10 3.332758029370972
7.973771834666192 10 3.25
7.623273466792341 10 3.25
9.217695024617335 10 3.159534612188947
8.849139875142527 10 3.364353445048205
9.463384027799478 10 3.339563766624459
9.040355364466256 10 3.132671322583746
9.624314442215185 10 3.356017434850061
8.659000375066446 10 3.128513538594294
8.413480738967085 10 3.343386200903605
7.066709813358851 10 3.25
8.442047708123187 10 3.173045371723161
2 17 0 26
1656
1657
1658
1659
1660
1661
1662
1663
1664
1665
1666
1667
1668
1669
1670
1671
1672
1673
1674
1675
1676
1677
1678
1679
1680
1681
10 9.045139108509604 3.32975804594651
10 9.43829606051021 3.17024195405349
10 8.651982156508984 3.176591109200297
10 8.240127211154308 3.251572733670174
10 9.790925808566364 3.246828100866221
10 2.457230950003772 3.25
10 4.423015710006789 3.25
10 5.405908090008298 3.25
10 0.4914461900007543 3.25
10 1.474338570002263 3.25
10 3.44012333000528 3.25
10 6.327834986850375 3.25
10 8.881323711842686 3.167724859191133
10 9.274480663843288 3.333333333333334
10 7.973771834666192 3.25
10 7.623273466792341 3.25
10 9.214415018398753 3.163927346574687
10 9.045537105100143 3.143689676226917
10 8.821258066398142 3.337884236732757
10 9.444101993163343 3.366888632413573
10 9.614051642242867 3.326518569388806
10 9.623661448501975 3.148717724861704
10 8.652960619210988 3.37278336645122
10 8.412922264269024 3.155521065838704
10 7.066709813358852 3.25
10 8.440482607449221 3.326078045860066
2 18 0 16
1682
1683
1684
1685
1686
1687
1688
1689
1690
1691
1692
1693
1694
1695
1696
1697
0.8520833333333329 1.13461299982625 3.25
0.8470643277629737 0.8711175723482489 3.250361588409024
1.118079721617245 0.8385776367946686 3.172211767605399
1.122777857564142 1.157878426936549 3.185651229611674
1.199902982912898 0.9937712422967799 3.311470893438067
0.9577188539891596 0.804520321536969 3.341916655758882
0.9515991688507014 0.805944957437182 3.158978945810875
0.955495813208737 1.194985582436365 3.13704062000837
0.9949447756339654 1.199936101558996 3.361987935001173
1.129739461443348 0.8477906962620547 3.330806899915722
1.199889409221141 0.9933498811120814 3.15205591649812
1.151910172911007 1.130089582081533 3.330169416479694
0.8369922558932997 0.8841187014171634 3.119943885328222
0.8378260901871966 1.11704538852953 3.379377943423134
0.8378260901871967 1.11704538852953 3.120622056576865
0.8378260901871963 0.8829546114704701 3.379377943423135
2 19 0 16
1698
1699
1700
1701
1702
1703
1704
1705
1706
1707
1708
1709
1710
1711
1712
1713
8.844737928380246 8.873929824635869 3.25732636958561
8.852083333333333 9.134612999826251 3.25
9.122448627764728 8.841866089789271 3.314539695430797
9.124522500047114 9.156506060528072 3.322451707700625
9.199318302228351 9.01649892108011 3.189596721918976
8.95787695984704 9.195513808945231 3.157853572548834
8.955495813208739 8.805014417563635 3.36295937999163
8.993990922957513 8.800090292899275 3.138725456490679
8.95305848480395 9.194413204672674 3.347123115697096
9.124697960371748 9.156366296493605 3.148991024170905
9.199999999999999 9 3.351008975829095
9.151347577397848 8.869256316344527 3.160621780344515
8.837826090187196 8.882954611470469 3.120622056576866
8.836992255893254 9.115881298582773 3.380056114671769
8.837826090187198 9.117045388529531 3.120622056576865
8.837826090187196 8.882954611470469 3.379377943423135
2 20 0 1
1714
1 0.9999999999999998 3.5
2 21 0 1
1715
9 8.999999999999998 3.5
2 22 0 44
1716
1717
1718
1719
1720
1721
1722
1723
1724
1725
1726
1727
1728
1729
1730
1731
1732
1733
1734
1735
1736
1737
1738
1739
1740
1741
1742
1743
1744
1745
1746
1747
1748
1749
1750
1751
1752
1753
1754
1755
1756
1757
1758
1759
0 0.7681055083095243 3.666065452700524
0 1.150699436207135 3.671321791913749
0 1.537504318291534 3.838571713761144
0 2.366399679554648 4.13033199800932
0 1.928024975400781 3.8384015190912
0 3.672165013149624 4.139884369973161
0 1.589795275135027 4.458803060045078
0 0.8709945282691527 4.317350417715088
0 1.326561921425132 3.670863631040858
0 1.248570165644995 3.8444246495294
0 1.048730177687217 3.841689681271583
0 1.146292031206273 4.016230412592753
0 1.324043979988248 4.016695329976698
0 0.9472268395299603 4.012955669271204
0 1.241319807389021 4.18855560294595
0 1.477327752068699 4.18320751250097
0 1.028999328929383 4.210690905088338
0 1.175467825184161 4.334703118130814
0 1.90966851595548 4.223103883685534
0 0.955051746482048 3.670085693687967
0 0.856267312705953 3.840927042928631
0 0.7518635415100019 4.010929382312052
0 0.8369203811889512 4.179411595433015
0 0.6277111751877127 4.213808801556524
0 0.5213382198568375 3.985483175725637
0 0.2841093540966604 3.856785242137212
0 0.5106032058244161 3.765524379498703
0 1.347496327166585 4.338764759649807
0 1.253570976056016 4.528554504626228
0 0.4461344833618342 4.581406446447673
0 4.572888853854374 4.228170891286987
0 0.6706350957727609 3.831240623470205
0 8.500418451059016 4.241856822547234
0 7.524305536841031 4.245986647532799
0 6.536840527803947 4.245854604213593
0 5.543949660274123 4.245670915916763
0 0.3724362233995075 4.258068944484812
0 0.5803500238202282 4.374965669603768
0 0.7250943734029445 4.320263679821978
0 9.263019237675385 4.196778746885405
0 0.7512519689496073 4.486779036614213
0 1.012085380198269 4.418393982577147
0 2.981029013197313 4.054043273596496
0 0.613074513258357 3.640583139459783
2 23 0 47
1760
1761
1762
1763
1764
1765
1766
1767
1768
1769
1770
1771
1772
1773
1774
1775
1776
1777
1778
1779
1780
1781
1782
1783
1784
1785
1786
1787
1788
1789
1790
1791
1792
1793
1794
1795
1796
1797
1798
1799
1800
1801
1802
1803
1804
1805
1806
0.7681055083095242 0 3.666065452700524
1.150699436207135 0 3.671321791913749
1.563992171904301 0 3.738311348162334
2.361605578633522 0 3.843883328611961
3.672165013149624 0 4.139884369973161
1.5 0 4.446652649282606
0.8657560927374214 0 4.368150522796848
1.34913724556393 0 3.684738222111041
1.246104305068527 0 3.847884029843652
1.049029328490683 0 3.842285912410431
1.145919140921712 0 4.016899013590331
1.343606280258017 0 4.020837893138907
0.9472027776273837 0 4.013159140382669
1.243447695874025 0 4.188456270282556
1.395021662874257 0 4.205291524208366
1.571259676448479 0 4.042485354178378
1.053857994438208 0 4.181328848109187
1.133703444466849 0 4.311517446079735
0.9551016049492924 0 3.670185065544442
0.8563214706006419 0 3.841076888613095
0.7518685575086872 0 4.010988268444708
0.852713682091936 0 4.202213917304938
0.6303442280046576 0 4.21761900289062
0.5291876211386815 0 3.991830608485297
0.2850438066302132 0 3.857540888894314
0.5123599765874954 0 3.766944995402055
1.414819935848651 0 3.866851369486862
1.283440783427833 0 4.33743490054602
0.301670602360691 0 4.536649851343087
4.572888853854374 0 4.228170891286987
0.6713490536421529 0 3.835590755141737
8.500418451059016 0 4.241856822547235
7.524305536841031 0 4.245986647532799
6.536840527803947 0 4.245854604213593
5.543949660274124 0 4.245670915916763
0.3732186928313357 0 4.239977852161485
0.5572499734884712 0 4.416230079428106
0.7314631890544186 0 4.338198511806945
2.147060420558164 0 4.354870371873536
9.263019237675387 0 4.196778746885407
1.911745035124451 0 3.829925067137701
0.794256836065353 0 4.552753220440978
0.5692197282811526 0 4.686675260103531
2.841235230937267 0 4.056439678409776
0.6130745132583572 0 3.640583139459783
0.993844181717056 0 4.32072108641226
1.081571619773502 0 4.476747117936921
2 24 0 116
1807
1808
1809
1810
1811
1812
1813
1814
1815
1816
1817
1818
1819
1820
1821
1822
1823
1824
1825
1826
1827
1828
1829
1830
1831
1832
1833
1834
1835
1836
1837
1838
1839
1840
1841
1842
1843
1844
1845
1846
1847
1848
1849
1850
1851
1852
1853
1854
1855
1856
1857
1858
1859
1860
1861
1862
1863
1864
1865
1866
1867
1868
1869
1870
1871
1872
1873
1874
1875
1876
1877
1878
1879
1880
1881
1882
1883
1884
1885
1886
1887
1888
1889
1890
1891
1892
1893
1894
1895
1896
1897
1898
1899
1900
1901
1902
1903
1904
1905
1906
1907
1908
1909
1910
1911
1912
1913
1914
1915
1916
1917
1918
1919
1920
1921
1922
4.5 9.133974596215561 5
4.5 0.8660254037844386 5
0.8889799384792317 3.483304162065733 5
9.25643751992131 6.514531206236644 5
9.133974596215559 3.5 5
0.8660254037844386 6.5 5
6.53546280160135 0.9512133784362791 5
6.5 9.133974596215561 5
2.540211967676215 9.204077431036604 5
2.530339625521253 0.8402951534986454 5
8.408174380942594 0.9056972474407964 5
0.8294974041488169 8.494067683006772 5
3.505056604253542 0.8617370287368062 5
4.008154226654132 1.727114805411636 5
4.969761944059117 1.712985549979798 5
4.5 2.598076211353316 5
5.602013989193897 2.563066326763917 5
4.994022627011172 3.471533972964035 5
4.004095948744389 3.449234811512534 5
4.499686429292595 4.328887944622368 5
5.475971804862818 4.344426571434448 5
4.995943039025905 5.198329169075369 5
3.999271578053085 5.19630870138479 5
5.995319140648123 5.198898472520126 5
5.498543696612343 6.06299829252144 5
6.532304447658264 4.170204590461503 5
6.498977139543415 6.062772245798375 5
5.999586806025968 6.928439044498452 5
4.999688417106395 6.928379276984399 5
6.999760657594905 6.928341602530542 5
7.481840440425266 6.051936987336278 5
5.500000000000021 7.794228634059946 5
4.500000000000021 7.794228634059959 5
3.999948069517743 6.92823257139367 5
3.500000000000021 7.79422863405997 5
2.999991344919633 6.928208120461893 5
2.518931843735559 7.782899152203388 5
7.930295852949902 6.942653849234425 5
7.488342751757477 7.746563614401829 5
8.43343573442958 7.768254252516837 5
8.102123540768417 8.687027063742232 5
1.854019711538938 6.967612157022344 5
2.500000000000002 6.062177826491104 5
4.498899133385912 6.062737639641792 5
3.499685020979395 6.06230288034665 5
2.999826099838744 5.196199311462269 5
2.01792020907091 5.185797266417422 5
2.502376815946676 4.310577995936222 5
1.516476587632699 4.346586004093885 5
1.953638431829916 3.442851132469919 5
1.476489813084175 2.617041877550076 5
2.453410979337462 2.570801935820014 5
1.774995382962077 1.516296697947933 5
1.127134369977465 1.930598337936884 5
0.9691530527932843 5.308284960856072 5
2.992898488588284 3.446056911353064 5
3.5 9.133974596215559 5
5.5 9.133974596215561 5
9.138693290134388 2.508173017612778 5
8.268735641417591 3.001362169602138 5
8.249735732365098 4.008993504438202 5
7.401923788646687 3.500000000000018 5
7.402054863477751 2.500227028267041 5
6.556052874451993 3.046200598696226 5
6.551320959178701 2.030550432725854 5
7.444160366271918 1.509593511324632 5
8.304017550328794 1.995681846654007 5
9.13145904672232 5.525081384398009 5
5.469273697226839 0.8588032660653596 5
0.8615018915723228 7.49361330667152 5
7.000000000000004 5.196152422706623 5
8.120601557550907 5.098630474109079 5
2.969304262399953 1.681499032478756 5
3.499843142896582 4.32557800214822 5
6.499465943677055 7.775026355239645 5
9.105961822142314 4.522117560490881 5
0.8659082815986355 1.587494204422045 5
1.832390188640196 0.674119838897031 5
3.487977317620703 2.578797284654886 5
1.559066101390898 9.061456560230321 5
9.179562218712542 1.530868377726243 5
9.45278347725924 9.380293721709972 5
0.362296529682637 0.5 5
8.308076280023201 9.495141333707718 5
9.638429371532878 8.5 5
1.46938901904255 0.9146383777813449 5
7.454896241714841 4.408249019884435 5
1.619468829961745 7.999999999999999 5
8.438083931972608 6.203336856455715 5
1.631786955194438 6.003410315826715 5
7.485033303465272 9.296205906916727 5
5.854299869437716 3.537297057914323 5
8.66882181386968 9.293187055602619 5
9.288560819397899 7.479535208228079 5
9.157654011431593 8.208019264491101 5
7.5 0.6698729810778195 5
6 8.464101615137762 5
5.000000000000008 8.464101615137759 5
4.000000000000006 8.464101615137771 5
2.999999999999995 8.464101615137778 5
7.01249425661137 8.517149858608958 5
0.6842397610900894 4.43522850366378 5
5.814360909314329 1.622784905643798 5
1.344432793803004 0.5430266931179134 5
0.5263243543174562 1.243784486923773 5
8.540799420566287 8.384216508469887 5
8.835678559437179 8.622537741127468 5
0.7264187338565843 2.436406430329123 5
0.7320508075688774 9.267949192431121 5
9.267949192431121 0.7320508075688774 5
9.224743800992847 8.674799112559775 5
0.5867430051692524 0.8103381625406942 5
0.868879759179068 0.5836688294547728 5
2.247535748552882 8.502506951721619 5
8.688223050525293 7.033347970641532 5
9.446057366157655 8.925848805711624 5
2 25 0 54
1923
1924
1925
1926
1927
1928
1929
1930
1931
1932
1933
1934
1935
1936
1937
1938
1939
1940
1941
1942
1943
1944
1945
1946
1947
1948
1949
1950
1951
1952
1953
1954
1955
1956
1957
1958
1959
1960
1961
1962
1963
1964
1965
1966
1967
1968
1969
1970
1971
1972
1973
1974
1975
1976
9.240946685394281 10 3.671364493720576
8.84776868227323 10 3.66966879948309
8.315314958899972 10 3.75010174152808
7.905338664820935 10 3.782827968199125
9.648466534225783 10 3.672953640499202
7.228231904491502 10 4.033208328705826
8.383800648760531 10 4.469155947758231
9.182088801525092 10 4.351181308198932
9.439610675634293 10 3.672518934240795
9.500392146256415 10 3.845574783444328
9.332501076056163 10 3.844427482418955
9.43482065214709 10 4.017831490788618
9.237621914048876 10 4.017160732567165
9.313091466107089 10 4.180459130235198
9.139349156982275 10 3.843203840848981
9.037276480237512 10 4.014318581286997
9.044298782681251 10 3.670324725656299
8.942609677647221 10 3.842449678510864
8.838170056250902 10 4.012084737663779
8.93170762803175 10 4.176066764036082
8.73788957001663 10 4.180389861498948
8.839927677309054 10 4.329704972162684
8.638407565942282 10 4.005266150971901
8.475196984482293 10 4.21682483124363
8.313016192837374 10 3.977318553530866
8.002798148560005 10 4.293777976561152
8.526030587042136 10 3.81533132039284
8.741087955943343 10 3.835648761646638
9.118720254254972 10 4.174253961591722
8.654821869574459 10 3.664251635878598
9.632291366277544 10 4.625
5.427111146145625 10 4.225297500870575
8.633445837093259 10 4.344219492882846
8.689763199179774 10 4.600020645937676
6.385168837389647 10 4.209750971596066
1.499581548940982 10 4.241856822547232
2.475694463158967 10 4.245986647532798
3.463159472196052 10 4.245854604213593
4.456050339725875 10 4.245192017514028
9.659759724853913 10 4.290996208444456
9.474819873877911 10 4.440515660835379
9.680012246131589 10 3.965405694645153
9.489130325335475 10 4.20490999947593
8.436214161813716 10 3.645936939559904
0.7369807623246136 10 4.196778746885402
9.338985154901225 10 4.712961841499614
9.035226660071363 10 4.662903213354092
9.177417536292596 10 4.548036839389807
9.351588302372376 10 4.554399234914052
8.986262924533111 10 4.460036478419965
9.28287121053188 10 4.443949383674632
9.355222522166857 10 4.327074158033374
9.462389366742245 10 4.58312851447297
9.011741457130796 10 4.298248696881877
2 26 0 47
1977
1978
1979
1980
1981
1982
1983
1984
1985
1986
1987
1988
1989
1990
1991
1992
1993
1994
1995
1996
1997
1998
1999
2000
2001
2002
2003
2004
2005
2006
2007
2008
2009
2010
2011
2012
2013
2014
2015
2016
2017
2018
2019
2020
2021
2022
2023
10 9.240926500101137 3.672010577609007
10 8.848560632509313 3.67024195405349
10 8.31502630650931 3.756134594107869
10 7.904682115157904 3.784663676225128
10 9.648534515647418 3.672914587311347
10 7.227690869082456 4.033914299074937
10 8.503842420228041 4.533242177765454
10 9.08940480849855 4.319076619170851
10 9.440548707938913 3.672615070895552
10 9.500759076158884 3.845678160288872
10 9.332828107629075 3.845167884685997
10 9.435253499383059 4.018081050695544
10 9.238027538063273 4.017849829231255
10 9.341008335773452 4.172758588373342
10 9.138688779128559 3.844267003582581
10 9.038526124418624 4.015904166650301
10 9.045139108509602 3.670241954053457
10 8.941479864577499 3.843690580044156
10 8.839191024376673 4.015149539102557
10 8.946359728495338 4.180591124969662
10 8.741824342527739 4.185149673268113
10 8.883845431116811 4.441903291805597
10 8.63978183663961 4.013269903737496
10 8.495583759444415 4.232487158470379
10 8.315208149639467 3.987661156015065
10 7.996296702510886 4.298811312203036
10 8.526806508504595 3.819513659689491
10 8.741750098375951 3.838633519488821
10 9.156163781064485 4.173822462603773
10 8.657444781345442 3.667088106133706
10 9.632951565261049 4.625
10 5.427763110021939 4.224858630628369
10 8.656273988329252 4.348195575327386
10 6.369918595364872 4.184142721923189
10 1.499581548940982 4.241856822547232
10 2.475694463158967 4.245986647532798
10 3.463159472196052 4.245854604213593
10 4.456159000371928 4.24511887247366
10 9.64588230226261 4.292787611703358
10 9.475354994036984 4.440800026002933
10 9.678258255926337 3.965710033799337
10 9.509927655467653 4.158713485013612
10 8.436836197982274 3.648547271986213
10 0.7369807623246137 4.196778746885402
10 9.446356890915002 4.286156153283274
10 9.290647167032308 4.32437194794379
10 9.235464080722817 4.524822797714181
2 27 0 48
2024
2025
2026
2027
2028
2029
2030
2031
2032
2033
2034
2035
2036
2037
2038
2039
2040
2041
2042
2043
2044
2045
2046
2047
2048
2049
2050
2051
2052
2053
2054
2055
2056
2057
2058
2059
2060
2061
2062
2063
2064
2065
2066
2067
2068
2069
2070
2071
0.8659179687499423 0.8516018568315001 4.15625
0.8659179687500025 1.148398143168554 3.96875
0.8659179687499425 0.8516018568315 4.53125
0.8659179687500025 1.148398143168554 4.53125
1.12969880204463 0.847756048566165 3.643888559974264
1.199975518946201 0.9968708112556985 4.830332181997058
1.117494668397323 1.161848703727287 3.663891816121897
0.9554958132087361 0.8050144175636355 4.851008975829087
0.9612781107641831 1.19621573661154 4.828857186972387
0.8699922205901606 0.8480198128277159 3.801969380577717
0.866961021987063 1.149333955714276 4.342498093406267
1.028808457046903 1.197914306715247 4.436798506034855
1.023461639339186 1.198619111566631 4.249969740770384
1.172450399970868 1.101295900953038 4.33467523114422
1.169198356818112 1.106639186278079 4.137343585673468
1.172263943640509 1.101612665162467 4.524657504658912
1.185892578773721 0.9262168775609485 4.428591049016476
1.183789569320208 0.9211241848911068 4.629174253418356
1.027482065217814 1.198102842209201 4.636607993145954
1.187835009849716 0.9313122348976401 4.22967950879069
1.189689999826407 0.9366146391833434 4.030041380225721
1.168386882322159 1.107915975934166 3.946959692098011
1.058304387583253 0.8086871713957953 4.316656833643339
1.191272741994297 0.9415642389458047 3.8296061852428
1.06415367483239 0.8105684661797303 3.940158427906105
1.055376971436486 0.8078193791389916 4.506831452215636
1.067245847098431 0.8116439646626251 4.126608621587366
0.8659179687499065 1.148398143168467 4.15625
0.8654483201900189 1.147972448314922 3.782254059785875
0.8682586904332503 0.8495200101221501 3.975779172392694
0.8659179687510534 0.8516018568304963 4.34375
0.9612933519505051 1.196218743744762 3.684144353799576
0.9569662743513311 0.8046846179718681 3.641502309392318
0.8616526467677104 0.8555700520888411 4.709469635530034
0.8616526467677379 1.144429947911185 4.709469635530041
1.052459518098096 0.8070025933829276 4.684690508482505
1.128444147568092 0.8466960504243085 4.81447398794436
1.022252051557289 1.198758260712585 4.057194532316579
1.026812888668174 1.198194523136408 3.867970459961655
1.167644014173102 1.109066422476988 4.699923284325903
1.123366768726748 1.157418678605562 4.852378465410202
1.199998621595249 1.000742536194837 3.666294958293066
1.040600017239411 0.8041642560711667 3.77167187518537
1.176482434134661 1.094095432630416 3.799149599318854
0.8387962862154112 1.118378049747647 4.869421523068121
0.8404305092650994 0.8794281225716192 4.868281617704137
0.8455952491627935 1.127118735514873 3.64169239333319
0.8452826551158645 0.8732619110448501 3.642636841160539
2 28 0 48
2072
2073
2074
2075
2076
2077
2078
2079
2080
2081
2082
2083
2084
2085
2086
2087
2088
2089
2090
2091
2092
2093
2094
2095
2096
2097
2098
2099
2100
2101
2102
2103
2104
2105
2106
2107
2108
2109
2110
2111
2112
2113
2114
2115
2116
2117
2118
2119
8.865917968749789 9.148398143168361 4.34375
8.8668904864606 8.85072891302967 4.529738011204224
8.870072561851863 9.152048876405786 3.981301191593577
8.866675647104099 8.850920769639465 3.96464281906641
9.12469796037175 9.156366296493605 4.851008975829097
9.199999961411052 8.9998757599987 3.660071059499635
9.120847746082802 8.840639332748928 4.818138430759217
8.959059536689111 8.804235144972624 3.649435007120331
8.955495813208737 9.194985582436365 3.648991024170913
8.865917968749523 9.148398143168121 4.71875
8.863652583025139 8.853680548510175 4.711276541971734
9.03172834329955 8.802532756560826 4.625028608789457
9.028324539036557 8.80201585798765 4.427008702175031
9.170730525377653 8.895831445703269 4.509561317110166
9.169695582900754 8.894153842091585 4.318316505283571
9.026818113541246 8.801806183784436 4.233380465553316
9.16814302238258 8.891704459814584 4.122983999557334
9.189114691191319 9.06508174533317 4.217589645923756
9.190813115780225 9.059919569810225 4.021385205204342
9.165355239069729 8.887493800561069 3.922315598465733
9.067040896519455 9.188429080011202 4.108365659922591
9.187707667780419 9.06903500167622 4.41689606167745
9.185323214855039 9.075201768834203 4.616812377687163
9.057188531947849 9.191649345977622 4.502251194899131
9.058646283040217 9.191208298683835 4.295537367672118
8.866760543276945 8.850844888883602 4.341489796811826
8.86728745424945 8.850375870260148 4.150036538175033
8.871807834229811 9.153514717975668 4.169537422640649
8.869520126095736 9.151575072178533 4.54386128364338
9.189634566260978 9.063551013202078 3.842694238372222
9.062879854804802 9.189858167745628 3.939346618375862
8.960660709753576 8.803907113227156 4.829353033494104
8.958609129781175 9.19567012000438 4.854761592848605
9.036378641324633 9.196663658196867 4.679008797517597
8.861652646767711 8.85557005208884 3.790530364469965
9.042015622290817 8.804463078976077 3.817460543150831
8.86890982134763 9.15104755893721 3.802842755418377
9.199948673112001 8.995469203077795 4.802611551577307
9.130475665873421 9.151578694462273 3.650740333919442
9.119507702974508 8.839631957891365 3.647749250223725
9.03194582333353 8.802567823363205 4.034547130241732
9.163148591505555 8.884317083846605 4.671403626239273
9.179722916378058 8.912252217529069 3.77220387387808
9.043964312891363 9.195108019291853 3.769062804702029
8.845834798932339 9.127409147158936 3.645126730230268
8.838796286216255 8.881621950251205 3.630578476932309
8.84024165750149 8.879678464096703 4.868581856336959
8.844228540718905 9.125440234667504 4.864191462356041
2 29 0 1
2120
0.9999999999999998 0.9999999999999998 5
2 30 0 1
2121
9 9 5
2 31 0 47
2122
2123
2124
2125
2126
2127
2128
2129
2130
2131
2132
2133
2134
2135
2136
2137
2138
2139
2140
2141
2142
2143
2144
2145
2146
2147
2148
2149
2150
2151
2152
2153
2154
2155
2156
2157
2158
2159
2160
2161
2162
2163
2164
2165
2166
2167
2168
0 0.768105508309524 1.333934547299475
0 1.150699436207135 1.328678208086251
0 1.563992171904301 1.261688651837666
0 2.361605578633522 1.15611667138804
0 3.672165013149624 0.8601156300268393
0 1.5 0.5533473507173945
0 0.865756092737422 0.6318494772031515
0 1.34913724556393 1.315261777888959
0 1.246104305068527 1.152115970156347
0 1.049029328490683 1.157714087589569
0 1.145919140921713 0.9831009864096686
0 1.343606280258017 0.9791621068610922
0 0.9472027776273844 0.9868408596173301
0 1.243447695874025 0.8115437297174435
0 1.395021662874257 0.7947084757916332
0 1.571259676448479 0.9575146458216217
0 1.053857994438209 0.8186711518908125
0 1.13370344446685 0.6884825539202648
0 0.9551016049492925 1.329814934455558
0 0.856321470600642 1.158923111386904
0 0.7518685575086874 0.9890117315552915
0 0.8527136820919364 0.797786082695061
0 0.6303442280046579 0.7823809971093786
0 0.5291876211386816 1.008169391514701
0 0.2850438066302131 1.142459111105685
0 0.5123599765874951 1.233055004597944
0 1.414819935848651 1.133148630513137
0 1.283440783427833 0.6625650994539791
0 0.3016706023606911 0.4633501486569125
0 4.572888853854374 0.7718291087130129
0 0.6713490536421525 1.164409244858262
0 8.500418451059016 0.7581431774527656
0 7.524305536841031 0.7540133524672009
0 6.536840527803947 0.7541453957864064
0 5.543949660274123 0.7543290840832364
0 0.3732186928313358 0.7600221478385147
0 0.5572499734884713 0.5837699205718931
0 0.7314631890544192 0.661801488193054
0 2.147060420558163 0.6451296281264641
0 9.263019237675385 0.8032212531145944
0 1.911745035124451 1.170074932862299
0 0.7942568360653535 0.4472467795590201
0 0.5692197282811523 0.3133247398964688
0 2.841235230937267 0.9435603215902237
0 0.6130745132583557 1.359416860540216
0 0.9938441817170565 0.6792789135877391
0 1.081571619773502 0.5232528820630783
2 32 0 54
2169
2170
2171
2172
2173
2174
2175
2176
2177
2178
2179
2180
2181
2182
2183
2184
2185
2186
2187
2188
2189
2190
2191
2192
2193
2194
2195
2196
2197
2198
2199
2200
2201
2202
2203
2204
2205
2206
2207
2208
2209
2210
2211
2212
2213
2214
2215
2216
2217
2218
2219
2220
2221
2222
10 9.240946685394279 1.32863550627943
10 8.847768682273218 1.330331200516908
10 8.315314958899959 1.249898258471842
10 7.905338664820928 1.21717203180085
10 9.648466534225788 1.3270463595008
10 7.228231904491489 0.9667916712941595
10 8.383800648760564 0.5308440522417071
10 9.182088801525166 0.648818691801104
10 9.439610675634295 1.327481065759208
10 9.500392146256416 1.154425216555675
10 9.332501076056166 1.155572517581048
10 9.434820652147097 0.9821685092113833
10 9.237621914048884 0.9828392674328227
10 9.313091466107132 0.8195408697648232
10 9.139349156982274 1.156796159151017
10 9.037276480237509 0.9856814187130061
10 9.044298782681249 1.329675274343706
10 8.942609677647201 1.157550321489116
10 8.83817005625091 0.9879152623361889
10 8.931707628031768 0.8239332359638959
10 8.737889570016669 0.8196101385009955
10 8.83992767730911 0.6702950278372751
10 8.638407565942288 0.9947338490280351
10 8.475196984482308 0.7831751687562957
10 8.313016192837352 1.022681446469067
10 8.002798148559927 0.7062220234387868
10 8.52603058704211 1.184668679607091
10 8.741087955943318 1.164351238353335
10 9.118720254254999 0.8257460384082811
10 8.654821869574405 1.335748364121376
10 9.632291366277558 0.3750000000000001
10 5.427111146145625 0.7747024991294262
10 8.633445837093314 0.6557805071170927
10 8.689763199179815 0.3999793540623063
10 6.385168837389644 0.790249028403931
10 1.499581548940982 0.758143177452767
10 2.475694463158967 0.7540133524672012
10 3.463159472196053 0.7541453957864063
10 4.456050339725875 0.7548079824859721
10 9.659759724853924 0.7090037915555419
10 9.474819873877925 0.5594843391646134
10 9.680012246131596 1.034594305354849
10 9.489130325335523 0.7950900005240868
10 8.436214161813698 1.354063060440062
10 0.7369807623246138 0.8032212531145991
10 9.338985154901261 0.2870381585003909
10 9.035226660071407 0.3370967866459152
10 9.177417536292685 0.4519631606102229
10 9.351588302372457 0.4456007650859595
10 8.986262924533165 0.539963521580039
10 9.282871210532042 0.556050616325473
10 9.355222522166962 0.6729258419666748
10 9.462389366742288 0.4168714855270453
10 9.011741457130842 0.701751303118119
2 33 0 44
2223
2224
2225
2226
2227
2228
2229
2230
2231
2232
2233
2234
2235
2236
2237
2238
2239
2240
2241
2242
2243
2244
2245
2246
2247
2248
2249
2250
2251
2252
2253
2254
2255
2256
2257
2258
2259
2260
2261
2262
2263
2264
2265
2266
0.7681055083095237 0 1.333934547299475
1.150699436207135 0 1.328678208086251
1.537504318291535 0 1.161428286238856
2.366399679554648 0 0.8696680019906805
1.928024975400782 0 1.1615984809088
3.672165013149624 0 0.8601156300268393
1.589795275135029 0 0.5411969399549229
0.8709945282691539 0 0.6826495822849096
1.326561921425132 0 1.329136368959142
1.248570165644995 0 1.1555753504706
1.048730177687217 0 1.158310318728417
1.146292031206274 0 0.9837695874072471
1.324043979988248 0 0.9833046700233021
0.947226839529961 0 0.9870443307287957
1.241319807389023 0 0.81144439705405
1.477327752068701 0 0.8167924874990304
1.028999328929384 0 0.7893090949116597
1.175467825184164 0 0.6652968818691853
1.909668515955483 0 0.7768961163144646
0.9550517464820479 0 1.329914306312032
0.8562673127059527 0 1.159072957071368
0.7518635415100023 0 0.9890706176879451
0.8369203811889526 0 0.8205884045669833
0.6277111751877132 0 0.7861911984434737
0.5213382198568373 0 1.014516824274361
0.2841093540966602 0 1.143214757862787
0.5106032058244154 0 1.234475620501296
1.347496327166587 0 0.6612352403501923
1.25357097605602 0 0.471445495373773
0.4461344833618347 0 0.4185935535523262
4.572888853854374 0 0.7718291087130129
0.67063509577276 0 1.168759376529793
8.500418451059016 0 0.7581431774527654
7.524305536841031 0 0.7540133524672008
6.536840527803947 0 0.7541453957864064
5.543949660274123 0 0.7543290840832364
0.3724362233995078 0 0.7419310555151875
0.5803500238202286 0 0.6250343303962298
0.7250943734029451 0 0.6797363201780197
9.263019237675387 0 0.8032212531145948
0.7512519689496088 0 0.513220963385783
1.012085380198271 0 0.581606017422848
2.981029013197313 0 0.9459567264035043
0.6130745132583558 0 1.359416860540216
2 34 0 47
2267
2268
2269
2270
2271
2272
2273
2274
2275
2276
2277
2278
2279
2280
2281
2282
2283
2284
2285
2286
2287
2288
2289
2290
2291
2292
2293
2294
2295
2296
2297
2298
2299
2300
2301
2302
2303
2304
2305
2306
2307
2308
2309
2310
2311
2312
2313
9.240926500101141 10 1.327989422390982
8.848560632509313 10 1.32975804594651
8.31502630650933 10 1.243865405892051
7.904682115157895 10 1.215336323774832
9.648534515647428 10 1.32708541268866
7.227690869082431 10 0.9660857009250379
8.503842420228077 10 0.4667578222344434
9.089404808498619 10 0.6809233808291242
9.440548707938918 10 1.327384929104444
9.500759076158905 10 1.154321839711131
9.332828107629091 10 1.154832115313988
9.435253499383087 10 0.9819189493044459
9.238027538063299 10 0.9821501707687208
9.341008335773456 10 0.8272414116266453
9.138688779128566 10 1.155732996417375
9.038526124418654 10 0.9840958333496361
9.045139108509602 10 1.329758045946544
8.941479864577481 10 1.156309419955794
8.839191024376703 10 0.9848504608973618
8.946359728495409 10 0.8194088750302613
8.741824342527822 10 0.81485032673175
8.883845431116875 10 0.5580967081943314
8.639781836639646 10 0.9867300962623837
8.495583759444443 10 0.7675128415294751
8.315208149639462 10 1.012338843984822
7.996296702510739 10 0.7011886877968492
8.52680650850461 10 1.180486340310464
8.741750098375894 10 1.161366480511217
9.156163781064516 10 0.8261775373962019
8.6574447813455 10 1.332911893866327
9.632951565261061 10 0.375
5.427763110021939 10 0.7751413693716304
8.656273988329303 10 0.6518044246724999
6.369918595364871 10 0.8158572780768072
1.499581548940982 10 0.7581431774527672
2.475694463158967 10 0.7540133524672012
3.463159472196052 10 0.7541453957864062
4.456159000371928 10 0.7548811275263394
9.645882302262613 10 0.7072123882966359
9.475354994036993 10 0.5591999739970606
9.678258255926343 10 1.034289966200655
9.509927655467646 10 0.8412865149863642
8.436836197982291 10 1.351452728013768
0.7369807623246136 10 0.803221253114599
9.446356890914982 10 0.7138438467167164
9.290647167032319 10 0.6756280520562218
9.235464080722858 10 0.4751772022858224
2 35 0 105
2314
2315
2316
2317
2318
2319
2320
2321
2322
2323
2324
2325
2326
2327
2328
2329
2330
2331
2332
2333
2334
2335
2336
2337
2338
2339
2340
2341
2342
2343
2344
2345
2346
2347
2348
2349
2350
2351
2352
2353
2354
2355
2356
2357
2358
2359
2360
2361
2362
2363
2364
2365
2366
2367
2368
2369
2370
2371
2372
2373
2374
2375
2376
2377
2378
2379
2380
2381
2382
2383
2384
2385
2386
2387
2388
2389
2390
2391
2392
2393
2394
2395
2396
2397
2398
2399
2400
2401
2402
2403
2404
2405
2406
2407
2408
2409
2410
2411
2412
2413
2414
2415
2416
2417
2418
4.493188171461044 9.151786817018674 0
4.571901590781108 0.8993950481969245 0
9.133974596215561 4.5 0
0.8660254037844386 4.5 0
1.004097739633878 6.521108380578264 0
6.5 0.8660254037844386 0
9.133974596215561 6.5 0
6.514531206236644 9.25643751992131 0
2.41327434529342 0.8962961249554279 0
9.2040774310366 2.540211967676217 0
2.508173017612775 9.138693290134388 0
0.8660254037844386 2.5 0
9.22851949113304 8.495399912093788 0
0.8578523861716618 8.533030857431797 0
8.494067683006772 0.8294974041488167 0
0.8660254037844386 3.5 0
1.732050807568877 4 0
1.713808217006005 4.968402906283429 0
2.595035779592837 4.494733817713905 0
2.562749503230431 5.601067529185078 0
3.470974430415039 4.992987186628689 0
3.464740345723889 3.997953500723766 0
4.331378943232764 4.498490114558745 0
4.344748480778013 5.475599845676766 0
5.198797987067698 4.995681660039255 0
5.196802004151905 3.999028629099668 0
5.206503966249381 5.982268746050411 0
6.064344011141706 5.496325067681615 0
4.198317925400208 6.531084313899743 0
6.071737820363236 6.483487464053079 0
6.930157593362641 5.996635421955789 0
6.928381999006326 4.999694592949013 0
6.93012228976872 6.996687147668152 0
6.083111659630114 7.411086716336709 0
7.794228634059948 5.500000000000014 0
7.794228634059953 4.500000000000012 0
6.928233025063983 3.999949098824843 0
7.794228634059958 3.500000000000012 0
6.928208196073596 2.999991516470815 0
7.78289915679592 2.518931854155329 0
6.948146409156427 7.917991313947351 0
7.794228634059939 7.500000000000016 0
7.715610649295661 8.438282621494032 0
6.967612168480086 1.854019737534787 0
6.062177826491083 2.500000000000007 0
2.597675927824258 3.498781219739612 0
3.464141356313934 2.999455786743896 0
2.614762945488114 2.528712518693361 0
3.473807600203207 2.038758549418504 0
4.31593965713877 2.533755636295846 0
4.328192454877982 3.504780611236987 0
5.193573698642906 3.006260812772085 0
5.125549985004842 1.868207362464102 0
6.062852813869199 4.498890362927905 0
7.794228634059948 6.500000000000016 0
9.133974596215561 3.5 0
9.133974596215559 5.500000000000001 0
9.155096426543667 7.499800426562449 0
3.484685402396105 1.024686758551455 0
3.49341503630668 9.141662559709854 0
2.993452847114281 8.27394977970728 0
1.849797123719493 8.187332473876241 0
2.499999999999986 7.401923788646685 0
3.533862087937289 7.428641502398905 0
3.056439193875453 6.560122881977637 0
4.543319276579499 7.532756394477554 0
2.069986634434674 6.532680476595543 0
5.501286562949614 9.191959138893203 0
5.523506139974518 0.8714028497755784 0
7.493613308581143 0.8615018959049641 0
0.8467720450558318 1.504237369280876 0
0.8660254037844392 5.5 0
0.8976308925336142 7.590485758895221 0
1.81721154448319 1.848713908411113 0
1.748958672155553 2.97936794114068 0
6.061974594048778 3.500686736682553 0
3.99513655814736 8.30711110061168 0
1.491309547145869 0.8323583317699791 0
1.507805331987713 9.18053500443119 0
9.061456560230321 1.5590661013909 0
8.46747678479708 9.109122881285268 0
4.976757088127416 8.374604694452282 0
5.240994657746255 6.922330970586433 0
8 1.619468829961743 0
6.009311022488058 1.603591634211128 0
6.044758379912964 8.370419591354413 0
3.531520118152685 5.840729329016316 0
7.499999999999999 9.304476503633087 0
4.194376847104807 1.672960670985366 0
8.470838933494523 8.007100973572591 0
8.465793740300835 7.000419181252126 0
8.464383635998265 6.000069863542028 0
8.464148618614509 5.000011643923676 0
8.46410944905055 4.00000194065395 0
8.464101615137768 3 0
2.760748367572807 1.667433572005972 0
1.664302478064329 7.246706175718391 0
1.627993597028546 5.814122774234281 0
0.7320508075688774 9.267949192431121 0
0.7320508075688776 0.7320508075688774 0
9.267949192431121 0.7320508075688774 0
9.273040735444942 9.273040735444942 0
5.32761195962698 7.67170987029932 0
8.502506952640122 2.247535750636838 0
6.944609328920338 8.657521510070039 0
2 36 0 316
2419
2420
2421
2422
2423
2424
2425
2426
2427
2428
2429
2430
2431
2432
2433
2434
2435
2436
2437
2438
2439
2440
2441
2442
2443
2444
2445
2446
2447
2448
2449
2450
2451
2452
2453
2454
2455
2456
2457
2458
2459
2460
2461
2462
2463
2464
2465
2466
2467
2468
2469
2470
2471
2472
2473
2474
2475
2476
2477
2478
2479
2480
2481
2482
2483
2484
2485
2486
2487
2488
2489
2490
2491
2492
2493
2494
2495
2496
2497
2498
2499
2500
2501
2502
2503
2504
2505
2506
2507
2508
2509
2510
2511
2512
2513
2514
2515
2516
2517
2518
2519
2520
2521
2522
2523
2524
2525
2526
2527
2528
2529
2530
2531
2532
2533
2534
2535
2536
2537
2538
2539
2540
2541
2542
2543
2544
2545
2546
2547
2548
2549
2550
2551
2552
2553
2554
2555
2556
2557
2558
2559
2560
2561
2562
2563
2564
2565
2566
2567
2568
2569
2570
2571
2572
2573
2574
2575
2576
2577
2578
2579
2580
2581
2582
2583
2584
2585
2586
2587
2588
2589
2590
2591
2592
2593
2594
2595
2596
2597
2598
2599
2600
2601
2602
2603
2604
2605
2606
2607
2608
2609
2610
2611
2612
2613
2614
2615
2616
2617
2618
2619
2620
2621
2622
2623
2624
2625
2626
2627
2628
2629
2630
2631
2632
2633
2634
2635
2636
2637
2638
2639
2640
2641
2642
2643
2644
2645
2646
2647
2648
2649
2650
2651
2652
2653
2654
2655
2656
2657
2658
2659
2660
2661
2662
2663
2664
2665
2666
2667
2668
2669
2670
2671
2672
2673
2674
2675
2676
2677
2678
2679
2680
2681
2682
2683
2684
2685
2686
2687
2688
2689
2690
2691
2692
2693
2694
2695
2696
2697
2698
2699
2700
2701
2702
2703
2704
2705
2706
2707
2708
2709
2710
2711
2712
2713
2714
2715
2716
2717
2718
2719
2720
2721
2722
2723
2724
2725
2726
2727
2728
2729
2730
2731
2732
2733
2734
1.552413007625767 0.190061107768503 1.5
8.324302676182882 9.768023610940162 1.5
9.672596263322767 7.595718563657606 1.5
0.3821157491469722 2.404281436342394 1.5
0.1915539651882439 1.36239082033699 1.5
9.823408890799703 8.651982156509 1.5
9.201587886902605 5.405908090008298 1.5
0.823470833947602 4.572682959116399 1.5
2.404281436342394 0.3821157491469722 1.5
0.9436660190265257 0.1814258391430701 1.5
9.042323909125969 9.829831181924856 1.5
5.418632102457701 9.187948661656135 1.5
4.607252868581049 0.8453988998006836 1.5
7.660298271181052 9.690911341262902 1.5
9.834342465627376 9.24449244730976 1.5
0.1599166908553087 0.7623501309599068 1.5
6.61675333465937 0.9571617900221563 1.5
0.7586702405723849 6.729150126764869 1.5
9.190561252304875 3.407322988448462 1.5
3.539212649115895 9.155743999297197 1.5
9.437960362311625 9.828764663049466 1.5
0.5550830622302408 0.1786566398106851 1.5
9.82971512326473 9.618606943746885 1.5
0.8602931885650639 8.457443516283114 1.5
8.413948238030594 0.8806111839142087 1.5
8.651982156508987 9.823408890799703 1.5
0.3749749181128162 0.2141528424386891 1.5
0.4539067687849619 0.3613181283746503 1.5
0.6510641172378256 0.3654174635716879 1.5
0.5431540268704806 0.5347344110315456 1.5
0.7392744190678113 0.5372279709994278 1.5
0.6337516130858385 0.7107308126111203 1.5
0.8339192290251954 0.7212452765555276 1.5
0.7255853088770102 0.889268645024708 1.5
0.925406674352702 0.8990657360091211 1.5
0.817138275776204 1.067223087789196 1.5
1.016913962738321 1.076924760060529 1.5
1.125180990781861 0.9087649477952038 1.5
0.6173723548788149 1.05754197474847 1.5
0.7088804696000484 1.235402714769063 1.5
0.9319479222974145 0.5420056617480812 1.5
0.5126662254901795 1.228010667599484 1.5
0.4329918640730728 1.052117079179155 1.5
9.328030674057874 8.150656366491777 1.5
9.740526495811913 7.960324408130487 1.5
9.207722087411499 7.523598253738589 1.5
8.761921477924426 8.103148371307592 1.5
0.6012089143070399 1.403951971384706 1.5
9.79362897201784 8.473696548115489 1.5
9.474033405995042 8.475973483115123 1.5
9.271132142197679 8.36527476657081 1.5
0.3499353607713726 0.5280304274634842 1.5
1.95178570549532 0.2862320339338951 1.5
2.047906325178325 0.8375794436754849 1.5
1.216681522863905 1.086609706730336 1.5
0.800481702950391 1.413315664901206 1.5
1.324948386198932 0.9184487099661616 1.5
1.406968270686376 1.090188533096046 1.5
1.297121879734504 1.257333135636897 1.5
1.884017430675245 0.5630876449897528 1.5
2.775933727968857 0.8597973216806716 1.5
2.219935343874488 1.390353494981017 1.5
3.060011045040012 1.67276138479615 1.5
2.271948477574525 2.288597579200881 1.5
3.254628204759034 2.635605320602986 1.5
1.788380266105851 0.8157420315843659 1.5
2.481521532729261 3.336669860920543 1.5
3.42343261259812 3.696282352585317 1.5
4.191842443461489 3.056446679558564 1.5
4.361784228826241 4.041876566112384 1.5
3.592754958725162 4.681725758027155 1.5
4.531598852230204 5.027335521094636 1.5
5.30015557703431 4.387465451428383 1.5
5.470057778747519 5.372931736344541 1.5
3.763098143095446 5.667200584915351 1.5
6.238555933248644 4.733064525216193 1.5
6.40846218369123 5.718527385138487 1.5
6.068664244809375 3.747604423049751 1.5
5.576735276204721 6.359431883551491 1.5
6.51762337972985 6.720859031079648 1.5
2.798624440310586 5.327497021525549 1.5
2.990028456001783 6.307937001598917 1.5
7.007047198321922 4.093198093521932 1.5
6.837149219467104 3.107736798081316 1.5
5.814810379626496 2.599788348502838 1.5
3.919262752152676 6.637149943626268 1.5
1.233449885502816 0.7406072290644663 1.5
7.350514310542117 6.064555390288163 1.5
7.462033772960958 7.104920780480569 1.5
6.67882105415792 7.718182380156414 1.5
3.165558016974787 7.279140391905283 1.5
4.102996605388351 7.638128510159927 1.5
1.430543116323512 0.7485673302703553 1.5
1.341271826876836 0.5721583471893426 1.5
7.680017466157415 8.116202407771263 1.5
2.276721508968322 6.935943521960945 1.5
2.402823029511392 7.922680829483605 1.5
8.285230489287978 6.409715295037136 1.5
7.750500136168112 3.457646604944587 1.5
7.572504155300726 2.473581101950127 1.5
7.945432594518708 4.438792209887914 1.5
0.6924167549179125 1.577684449371459 1.5
0.3466107032545288 2.018492923803592 1.5
0.4925484384714685 1.570184524764211 1.5
0.5848043693657927 1.744994536976473 1.5
1.58093802478763 2.999976849041283 1.5
1.476166823868529 2.125881972984745 1.5
1.707444003770298 0.3535193401067084 1.5
1.501673185565495 0.5962887624771828 1.5
6.918158979335083 8.674911861942544 1.5
0.7790444377266443 3.489546669869997 1.5
3.647066536256306 0.8545956925862291 1.5
9.311432339869381 6.409012135152476 1.5
4.112340624593127 1.897538160330338 1.5
5.11131253871138 1.676469931869233 1.5
1.461657028172365 7.52578882289211 1.5
1.481522536917298 0.3980267216059641 1.5
1.247156752502302 0.3849713117265202 1.5
0.8909775773377981 1.586605795299603 1.5
1.675274667290378 3.957844832626074 1.5
1.809111432865063 4.955308296096639 1.5
5.970248200036176 8.445777852178695 1.5
6.327834986850374 9.36011563002684 1.5
4.904701830625877 8.1705102409712 1.5
5.740229882741486 7.386510512575768 1.5
1.354710959693139 0.1985841346320993 1.5
1.143350309467985 0.1879219633780811 1.5
1.031820944151719 0.365062527074251 1.5
8.198077146162412 5.409987958763877 1.5
2.630119940753095 4.32588802029688 1.5
2.053677934960341 5.942044520165966 1.5
4.675667059687491 5.994725226174908 1.5
5.130244861368669 3.401976869059101 1.5
7.191348227747505 5.076354260469427 1.5
6.69680170808932 2.061321726717349 1.5
7.506321996860406 1.479013076334593 1.5
1.50971937801489 0.9165304914862875 1.5
1.6073441347186 1.101038108923075 1.5
0.4008529048032478 1.393893057236846 1.5
0.2965021471428593 1.555355855948251 1.5
1.106572019647751 1.253585007238944 1.5
1.1976024323529 1.430549059726437 1.5
0.9083559866752329 1.244897650637206 1.5
0.9995948438689048 1.422429775591502 1.5
0.5270108607087333 0.8796344075589596 1.5
1.031976723522836 0.7290751993022531 1.5
1.136270675808987 0.5556467126841522 1.5
0.4465626966481795 0.6971381424619116 1.5
9.627120544686939 9.83349289409729 1.5
9.526185536536364 9.661988979503285 1.5
9.335557647897737 9.657483889487946 1.5
9.433469988765477 9.484670733423556 1.5
9.235408959803417 9.485194942266251 1.5
9.33380199992618 9.311418505020022 1.5
9.134066979961641 9.3127700317823 1.5
9.232763072921323 9.138828577419472 1.5
9.032810356491535 9.140297994126286 1.5
8.934112518146366 9.314240655700344 1.5
8.832829492370653 9.141782812773382 1.5
8.931535561105004 8.967835826751084 1.5
8.7315435306254 8.969326698818213 1.5
8.830249065291071 8.79538002169582 1.5
8.630255130264644 8.796871932919558 1.5
8.734126810342856 9.315727938925987 1.5
9.030243760149489 8.793887777334298 1.5
8.928954814312993 8.621433235081893 1.5
9.432767622095028 9.137345986480339 1.5
9.331523849025704 8.964852884326296 1.5
9.531514456208987 8.96336634193421 1.5
8.83540422133086 9.486482552960245 1.5
8.635406805200953 9.487395559522074 1.5
8.534131697180577 9.31683931800244 1.5
9.426396810446688 8.793157854589237 1.5
8.435360008471019 9.481791440137311 1.5
8.334353951748605 9.31693782245925 1.5
9.118669512349971 8.625979015793137 1.5
8.998021290951653 8.454601172132513 1.5
8.81988554955416 8.450279433866257 1.5
9.647520825700504 9.504414791511438 1.5
7.588728032740857 8.840310730287268 1.5
9.646291885373591 8.767889803168552 1.5
9.709210930206476 8.956402477505472 1.5
8.078239725563606 8.889210200955567 1.5
8.434029094345625 9.144781951188193 1.5
8.178701726722373 8.304220119040963 1.5
8.225836069671033 7.390508428602709 1.5
9.529196751558574 9.317527722600795 1.5
9.654359085121678 9.146934383300211 1.5
9.035396616659943 9.485802349643814 1.5
8.9391669564371 9.657106705006537 1.5
9.227885491838464 8.793778006617302 1.5
9.312860193864671 8.595265255424522 1.5
9.131127015255252 8.966580177762456 1.5
8.532670469490213 8.971344892801726 1.5
8.439773757364332 8.795560568625636 1.5
8.530551418303098 8.623950361826648 1.5
8.324702056927558 8.611399614524437 1.5
8.440689742435746 8.430829437119494 1.5
8.632840065411392 9.143272239938851 1.5
8.627670987559233 8.450471195324381 1.5
8.541583905573528 8.248594050077291 1.5
8.727927827547532 8.623064363452425 1.5
9.833071716674542 9.431847073919618 1.5
9.23932590342921 9.828595109997991 1.5
0.1569219664245784 0.9568615296310599 1.5
0.7495904634045037 0.177136143645328 1.5
9.192079110758302 2.411257257861998 1.5
9.000231317800594 4.478530931193389 1.5
2.49124567677895 8.977208087257809 1.5
4.470776246151136 9.156464545258588 1.5
1.005900349099176 5.70025021027869 1.5
0.1589316056492265 1.150840829081802 1.5
8.515556088667925 9.667730575303457 1.5
8.380367346254122 1.926761991583542 1.5
9.137524760795435 9.656808618998696 1.5
8.844538718977837 9.827046144544479 1.5
5.576984289993214 0.8308774889958964 1.5
0.4029208408550929 1.760023393326421 1.5
8.33436049741656 8.960324075506927 1.5
0.2486014561782252 0.3874507291148054 1.5
9.817677581408173 9.817680414252649 1.5
8.736734635240962 9.653560915707242 1.5
9.659874009921372 8.551485502792012 1.5
0.3295746509191808 0.8660269587493743 1.5
1.522537750401559 9.176618039510799 1.5
3.330275961594451 8.222817124819013 1.5
9.212019690619787 1.480264020781426 1.5
0.1692323467111539 0.5754059094158955 1.5
9.633865488642249 8.369403050374464 1.5
1.635235617953747 0.7190520500402542 1.5
0.8383522961275228 0.3545043110254172 1.5
0.1987628279218552 1.777328923632262 1.5
4.812308611960371 6.994854805607231 1.5
0.329169593446402 1.213313762743667 1.5
7.991836193500721 9.551797124194724 1.5
8.235550221382507 9.48725819834636 1.5
8.106795878852679 9.34753707623212 1.5
8.1709689676954 9.14918528959784 1.5
7.973771834666192 9.803185986770506 1.5
8.178710632649175 9.648532621906659 1.5
4.914270735342627 2.541489213098521 1.5
9.504473686401376 8.634959348521136 1.5
9.841046756535635 8.834550080080756 1.5
1.807639016018726 0.1659624963618213 1.5
7.80908241184188 9.289016583985374 1.5
5.974780631786409 1.600965850496401 1.5
8.73203064972939 8.299250496052647 1.5
9.805531328070433 8.263754979793452 1.5
8.412328148649797 2.89743971650853 1.5
7.542769049996228 0.6636060707016619 1.5
9.846372912101643 9.06945643728414 1.5
1.747711334685866 8.411947859085489 1.5
0.6161240914619626 7.55958411318651 1.5
9.436569362945226 8.308140227808162 1.5
9.574850868934051 8.167778415852421 1.5
9.69730136547464 9.330245873956979 1.5
8.450638989322348 9.850814105483785 1.5
0.6393787324665345 2.113366757739858 1.5
0.5147897492313267 1.931792995206182 1.5
0.9053757707227846 2.582047376506479 1.5
1.035765583449357 2.029983080628473 1.5
0.8098285584055361 1.934317391070047 1.5
0.7921446154203131 1.771708988527499 1.5
0.9743783486292856 1.727784170922432 1.5
8.464359539106667 3.814152151670209 1.5
0.1373637880505917 1.55685364778002 1.5
9.554164325367202 7.066709813358851 1.5
7.205360329809563 9.407895163929275 1.5
4.116079474693762 8.424584369626997 1.5
8.337895925470702 9.610667289326791 1.5
7.973146603160533 8.558763024058905 1.5
8.182776671377246 8.518971148462482 1.5
8.164592453904019 8.678001909192941 1.5
0.7195271605334026 9.280472839466603 1.5
0.4327952607709766 2.933290186641147 1.5
9.28572344867572 0.7142765513242845 1.5
1.334639278867672 1.800127153064743 1.5
1.406481377727881 1.415809115497473 1.5
1.27336611560867 1.602327980321616 1.5
1.082319461606686 1.58992938808185 1.5
1.106809383394 1.776360167972063 1.5
8.151998904635352 9.804935554904331 1.5
0.1739632097707177 0.1950859315258574 1.5
9.684538820863317 9.686038701910512 1.5
8.268333698235216 8.786899273761103 1.5
0.2903493303276515 0.6799048039334912 1.5
9.05614555683105 7.970836934914875 1.5
9.145780023811247 8.205896902421363 1.5
8.898398188691843 8.276468226717125 1.5
9.414127792264093 7.867706137103031 1.5
0.6559218299100361 1.889424363020703 1.5
1.535624437781468 6.561481597386237 1.5
8.281034606909509 8.426321632833517 1.5
1.937489011570814 1.147780403952342 1.5
1.641978554976417 0.5259949038439724 1.5
8.890949954048788 7.098645679535599 1.5
8.751016509000955 7.713350277317881 1.5
0.9437852978596983 1.848030759824103 1.5
1.670211981424794 0.9108831872249245 1.5
1.780118976431154 1.018262364262087 1.5
1.888473644821536 0.9548410608685699 1.5
0.2744606183802014 1.053150129490545 1.5
1.832793560519641 1.748166853401911 1.5
1.800424151465712 1.411292930089187 1.5
1.559744942618468 1.720058921723928 1.5
1.741201366703919 1.196379436518516 1.5
1.596778014969204 1.30741067335527 1.5
1.574146808917795 1.482428581657868 1.5
1.436365950967949 1.601503312514874 1.5
1.455395500021112 1.236364280658419 1.5
1.691777365880404 1.590486821718224 1.5
9.082400015761671 8.318209918110046 1.5
8.996404810230569 8.160593350442049 1.5
9.165974244620733 8.482221891006793 1.5
8.338808939275706 8.00381229819363 1.5
8.354413746791476 8.217707960239382 1.5
2 37 0 25
2735
2736
2737
2738
2739
2740
2741
2742
2743
2744
2745
2746
2747
2748
2749
2750
2751
2752
2753
2754
2755
2756
2757
2758
2759
0 0.7728969721224995 1.804137280030303
0 1.151439367490695 1.670241954053491
0 1.342103938797832 1.818014901857817
0 1.913276181601122 1.75
0 0.2524032880223496 1.75
0 0.4809884932816126 1.7497482844072
0 9.508553809999245 1.75
0 4.594091909991702 1.75
0 5.576984289993211 1.75
0 6.55987666999472 1.75
0 8.525661429997736 1.75
0 7.542769049996228 1.75
0 1.494313740843994 1.690570669923235
0 3.672165013149624 1.75
0 0.9728194827006578 1.829403535606776
0 1.153848304794115 1.863532078303617
0 1.336778546822903 1.635765505166909
0 0.7712175243613654 1.618638019906455
0 0.9483067552239783 1.651143400256665
0 2.933290186641147 1.75
0 1.509976276914807 1.858163989433515
0 1.640667462868564 1.75974693187135
0 2.378718897049324 1.75
0 0.6097452454560135 1.8543545264175
0 0.6117649272137513 1.638822073387164
2 38 0 27
2760
2761
2762
2763
2764
2765
2766
2767
2768
2769
2770
2771
2772
2773
2774
2775
2776
2777
2778
2779
2780
2781
2782
2783
2784
2785
2786
10 9.045139108509604 1.82975804594651
10 9.44047544193525 1.829264736556385
10 8.654774529999287 1.817945224511244
10 8.240127211154308 1.748427266329826
10 9.794168184580457 1.744666288228508
10 9.221440417535497 1.669288897602173
10 9.525028714354011 1.635748438991652
10 8.848664472185135 1.674063954783272
10 2.457230950003772 1.75
10 4.423015710006789 1.75
10 5.405908090008298 1.75
10 0.4914461900007543 1.75
10 1.474338570002263 1.75
10 3.44012333000528 1.75
10 9.616126744507296 1.810150182885251
10 6.327834986850375 1.75
10 7.973771834666192 1.75
10 7.623273466792341 1.75
10 9.041104443049889 1.634622179666391
10 8.849139875142527 1.864353445048205
10 9.257979451513741 1.839076621897201
10 8.659000375066446 1.628513538594294
10 8.413480738967083 1.843386200903605
10 7.066709813358852 1.75
10 9.656852676934594 1.647809343990532
10 8.442047708123189 1.673045371723161
10 9.368251564804517 1.69062145200876
2 39 0 25
2787
2788
2789
2790
2791
2792
2793
2794
2795
2796
2797
2798
2799
2800
2801
2802
2803
2804
2805
2806
2807
2808
2809
2810
2811
1.151439367490695 0 1.829758045946509
0.7728969721224994 0 1.809854768012785
0.9559260924111226 0 1.677395735518481
1.342103938797832 0 1.681985098142182
1.913276181601122 0 1.75
0.2524032880223496 0 1.75
0.4809884932816126 0 1.7497482844072
9.508553809999245 0 1.75
4.594091909991702 0 1.75
5.576984289993211 0 1.75
6.55987666999472 0 1.75
8.525661429997736 0 1.75
7.542769049996229 0 1.75
1.494313740843994 0 1.809429330076765
3.672165013149624 0 1.75
1.336778546822903 0 1.864234494833091
1.150469626736208 0 1.637827775921435
0.9579968430010205 0 1.863401709895555
0.7714305645455112 0 1.625214515383686
2.933290186641147 0 1.75
1.509976276914807 0 1.641836010566485
1.640667462868564 0 1.74025306812865
2.378718897049324 0 1.75
0.6139448481926848 0 1.859919348648837
0.6117649272137513 0 1.638822073387164
2 40 0 26
2812
2813
2814
2815
2816
2817
2818
2819
2820
2821
2822
2823
2824
2825
2826
2827
2828
2829
2830
2831
2832
2833
2834
2835
2836
2837
9.045139108509604 10 1.82975804594651
9.43829606051021 10 1.82975804594651
8.654774529999289 10 1.817945224511244
8.240127211154306 10 1.748427266329826
9.791988432758433 10 1.754058300623129
9.241717584509896 10 1.67024195405349
9.608472812856318 10 1.678564200697099
8.848664472185135 10 1.674063954783272
2.457230950003772 10 1.75
5.405908090008298 10 1.75
0.4914461900007543 10 1.75
1.474338570002263 10 1.75
3.440123330005281 10 1.75
4.423015710006789 10 1.75
6.327834986850375 10 1.75
7.973771834666192 10 1.75
7.623273466792341 10 1.75
8.849139875142527 10 1.864353445048205
9.241717584509905 10 1.865951609189302
9.433015715779367 10 1.63571284013942
9.045159876444769 10 1.634812790956654
9.622758207463079 10 1.852476109453348
8.659000375066446 10 1.628513538594294
8.413480738967085 10 1.843386200903605
7.066709813358852 10 1.75
8.442047708123187 10 1.673045371723161
3 1 0 944
2838
2839
2840
2841
2842
2843
2844
2845
2846
2847
2848
2849
2850
2851
2852
2853
2854
2855
2856
2857
2858
2859
2860
2861
2862
2863
2864
2865
2866
2867
2868
2869
2870
2871
2872
2873
2874
2875
2876
2877
2878
2879
2880
2881
2882
2883
2884
2885
2886
2887
2888
2889
2890
2891
2892
2893
2894
2895
2896
2897
2898
2899
2900
2901
2902
2903
2904
2905
2906
2907
2908
2909
2910
2911
2912
2913
2914
2915
2916
2917
2918
2919
2920
2921
2922
2923
2924
2925
2926
2927
2928
2929
2930
2931
2932
2933
2934
2935
2936
2937
2938
2939
2940
2941
2942
2943
2944
2945
2946
2947
2948
2949
2950
2951
2952
2953
2954
2955
2956
2957
2958
2959
2960
2961
2962
2963
2964
2965
2966
2967
2968
2969
2970
2971
2972
2973
2974
2975
2976
2977
2978
2979
2980
2981
2982
2983
2984
2985
2986
2987
2988
2989
2990
2991
2992
2993
2994
2995
2996
2997
2998
2999
3000
3001
3002
3003
3004
3005
3006
3007
3008
3009
3010
3011
3012
3013
3014
3015
3016
3017
3018
3019
3020
3021
3022
3023
3024
3025
3026
3027
3028
3029
3030
3031
3032
3033
3034
3035
3036
3037
3038
3039
3040
3041
3042
3043
3044
3045
3046
3047
3048
3049
3050
3051
3052
3053
3054
3055
3056
3057
3058
3059
3060
3061
3062
3063
3064
3065
3066
3067
3068
3069
3070
3071
3072
3073
3074
3075
3076
3077
3078
3079
3080
3081
3082
3083
3084
3085
3086
3087
3088
3089
3090
3091
3092
3093
3094
3095
3096
3097
3098
3099
3100
3101
3102
3103
3104
3105
3106
3107
3108
3109
3110
3111
3112
3113
3114
3115
3116
3117
3118
3119
3120
3121
3122
3123
3124
3125
3126
3127
3128
3129
3130
3131
3132
3133
3134
3135
3136
3137
3138
3139
3140
3141
3142
3143
3144
3145
3146
3147
3148
3149
3150
3151
3152
3153
3154
3155
3156
3157
3158
3159
3160
3161
3162
3163
3164
3165
3166
3167
3168
3169
3170
3171
3172
3173
3174
3175
3176
3177
3178
3179
3180
3181
3182
3183
3184
3185
3186
3187
3188
3189
3190
3191
3192
3193
3194
3195
3196
3197
3198
3199
3200
3201
3202
3203
3204
3205
3206
3207
3208
3209
3210
3211
3212
3213
3214
3215
3216
3217
3218
3219
3220
3221
3222
3223
3224
3225
3226
3227
3228
3229
3230
3231
3232
3233
3234
3235
3236
3237
3238
3239
3240
3241
3242
3243
3244
3245
3246
3247
3248
3249
3250
3251
3252
3253
3254
3255
3256
3257
3258
3259
3260
3261
3262
3263
3264
3265
3266
3267
3268
3269
3270
3271
3272
3273
3274
3275
3276
3277
3278
3279
3280
3281
3282
3283
3284
3285
3286
3287
3288
3289
3290
3291
3292
3293
3294
3295
3296
3297
3298
3299
3300
3301
3302
3303
3304
3305
3306
3307
3308
3309
3310
3311
3312
3313
3314
3315
3316
3317
3318
3319
3320
3321
3322
3323
3324
3325
3326
3327
3328
3329
3330
3331
3332
3333
3334
3335
3336
3337
3338
3339
3340
3341
3342
3343
3344
3345
3346
3347
3348
3349
3350
3351
3352
3353
3354
3355
3356
3357
3358
3359
3360
3361
3362
3363
3364
3365
3366
3367
3368
3369
3370
3371
3372
3373
3374
3375
3376
3377
3378
3379
3380
3381
3382
3383
3384
3385
3386
3387
3388
3389
3390
3391
3392
3393
3394
3395
3396
3397
3398
3399
3400
3401
3402
3403
3404
3405
3406
3407
3408
3409
3410
3411
3412
3413
3414
3415
3416
3417
3418
3419
3420
3421
3422
3423
3424
3425
3426
3427
3428
3429
3430
3431
3432
3433
3434
3435
3436
3437
3438
3439
3440
3441
3442
3443
3444
3445
3446
3447
3448
3449
3450
3451
3452
3453
3454
3455
3456
3457
3458
3459
3460
3461
3462
3463
3464
3465
3466
3467
3468
3469
3470
3471
3472
3473
3474
3475
3476
3477
3478
3479
3480
3481
3482
3483
3484
3485
3486
3487
3488
3489
3490
3491
3492
3493
3494
3495
3496
3497
3498
3499
3500
3501
3502
3503
3504
3505
3506
3507
3508
3509
3510
3511
3512
3513
3514
3515
3516
3517
3518
3519
3520
3521
3522
3523
3524
3525
3526
3527
3528
3529
3530
3531
3532
3533
3534
3535
3536
3537
3538
3539
3540
3541
3542
3543
3544
3545
3546
3547
3548
3549
3550
3551
3552
3553
3554
3555
3556
3557
3558
3559
3560
3561
3562
3563
3564
3565
3566
3567
3568
3569
3570
3571
3572
3573
3574
3575
3576
3577
3578
3579
3580
3581
3582
3583
3584
3585
3586
3587
3588
3589
3590
3591
3592
3593
3594
3595
3596
3597
3598
3599
3600
3601
3602
3603
3604
3605
3606
3607
3608
3609
3610
3611
3612
3613
3614
3615
3616
3617
3618
3619
3620
3621
3622
3623
3624
3625
3626
3627
3628
3629
3630
3631
3632
3633
3634
3635
3636
3637
3638
3639
3640
3641
3642
3643
3644
3645
3646
3647
3648
3649
3650
3651
3652
3653
3654
3655
3656
3657
3658
3659
3660
3661
3662
3663
3664
3665
3666
3667
3668
3669
3670
3671
3672
3673
3674
3675
3676
3677
3678
3679
3680
3681
3682
3683
3684
3685
3686
3687
3688
3689
3690
3691
3692
3693
3694
3695
3696
3697
3698
3699
3700
3701
3702
3703
3704
3705
3706
3707
3708
3709
3710
3711
3712
3713
3714
3715
3716
3717
3718
3719
3720
3721
3722
3723
3724
3725
3726
3727
3728
3729
3730
3731
3732
3733
3734
3735
3736
3737
3738
3739
3740
3741
3742
3743
3744
3745
3746
3747
3748
3749
3750
3751
3752
3753
3754
3755
3756
3757
3758
3759
3760
3761
3762
3763
3764
3765
3766
3767
3768
3769
3770
3771
3772
3773
3774
3775
3776
3777
3778
3779
3780
3781
0.7638942938116527 1.060529367028 0.7331835985055019
9.230986455424288 8.92638918849555 0.7331458823867361
8.527095959372375 8.508090866651585 0.6881994483862404
1.02161381706121 1.803816810320447 0.718267361292243
1.504813333169509 1.138882709091618 0.7624291281044162
8.57315362045772 9.224179776338934 0.783188298621373
9.134656214509391 8.273659238664985 0.8358021795299846
1.180075271679356 0.6180890132144936 0.8798061822531018
9.078456167645161 9.435122766568586 0.9355392930065344
9.473238922417469 9.378318961975495 0.577795988867059
0.6406589558304521 0.5796533747277689 0.9634236200320001
0.5937391892311864 1.540447079142977 0.9547865184701304
8.971711465200194 9.282462294744571 0.4407726441296289
1.096485830235821 1.366865047364381 0.9914096979623602
1.119477028570789 1.348207504285516 0.4589270948884391
8.802406286477719 8.816217218412397 0.9896847817394452
8.289649134153308 8.849100252625611 0.9904134885689478
8.818208821884859 8.840461805811183 0.5165721715357907
9.517742204436976 9.190281308777774 1.024087891240563
1.5725330792709 1.707346888571895 0.9092614151318478
9.410600031797793 8.605780776388437 1.034818709357565
8.752537919077582 8.372323981597258 1.054991323884018
0.4475782174162113 1.12235244257139 1.052213817320743
8.336097808901224 9.50801525750334 1.053553339529605
0.9997264247151618 0.9556602144915685 1.078846145456915
1.15641757609608 0.9452451668298396 0.6026581518149774
8.315491121359074 8.416440027541553 1.062138926577317
1.793816557922569 0.9173924561948463 1.048362570697569
1.564901713180896 0.5473213310958203 1.071630549001213
1.590027922343558 0.6676542556629881 0.5706432634429881
0.8941086979270743 1.771377049503259 1.103398767482402
9.111500818889962 9.061517530277632 1.101486500974175
0.3809042524099142 1.064356378929188 0.6750280161819121
8.774893339848333 9.587167625644938 0.6716687178695935
9.607903426704677 9.023640034604471 0.6799075795797351
1.399855036661793 0.9647828473713418 1.108458006978649
1.486698587152288 1.360742711646235 1.101291013562505
1.951073871528218 1.344504264708101 0.8725340275661244
1.913640319598702 0.9923086736056866 0.6104788265992709
8.719014254887801 9.404652994543778 1.109710007193143
9.430452683309451 9.592330583600903 1.096400616200659
0.8627626511292286 0.6862615547876493 0.6546882872111524
1.207729054135168 0.5605978987573698 0.4769033380380027
0.4321009866366817 0.6380244043568787 0.5808788171667462
0.9548655338262667 0.3838507927632622 1.109837930046062
9.151055671073317 9.58856543965666 0.5900813126639306
0.6731161487477133 0.36712962848424 0.6607231254263615
8.466201864495691 8.882243453362753 0.6549521768641261
8.006550772529719 9.234486520459159 0.6636674065677267
8.322425468149639 9.561205358277563 0.5976290380074181
8.601455304962268 9.149083441158359 0.3952276799543732
9.014314109194402 8.619350152346026 0.7492329136159929
9.467687491453862 8.518495293848076 0.5333920913120196
9.167819538641817 8.723913182519681 0.4151737375190375
8.882240895639482 8.271519849459828 0.3610065341515273
8.463616875499481 7.751045522677995 0.7248023937386389
9.574304240516222 8.854348949445685 0.2799430045971996
9.300747817405037 9.08916448016568 0.3915471871210079
8.561097466764226 9.064396707928957 1.136716798033312
0.8537309095964234 1.42350432777131 0.7118790873328276
8.99603175629569 8.970745331915097 0.2673727843111374
8.846159612168554 8.632780861209724 0.2406575956623621
8.461327878513069 8.794743636189143 0.3180650458355739
8.214356153393746 9.036536865351692 0.3801675845738896
7.908287291318882 8.539169634038236 0.6037181188325857
8.074327122522549 8.866001903048025 0.6836182038596712
7.163382294983681 9.043579544954898 0.7585560937290819
1.290413438650603 1.544750706698003 0.726485564712595
1.665371946972942 1.470077101974323 0.595595702591164
9.093636693776558 8.463571600859165 1.143684846637428
9.402310563167871 8.222248919491985 1.118419679979349
0.3646888668608779 0.7657003075144225 1.139018104320355
8.246073836780038 8.61518668289637 0.4717463574807002
8.526849977197733 8.405199046346288 0.3204634155226276
8.931247738993781 9.136580518037531 0.7769644906357649
0.7714474529691266 1.27530473984411 1.139011468118852
1.26258103424196 1.680534538155103 1.127983785387599
1.200144705671971 2.195562734165318 1.025408745119861
8.198804923761314 8.360801148326827 0.7243989182631625
8.505908615501349 8.150288056833567 0.846586941004065
8.886206388059621 7.893271602005865 1.038778136370895
8.848538505648278 8.054263151517372 0.6844009990620055
9.439000975498864 7.632538548860805 0.9250416552059051
8.039478681564033 8.589847607764359 0.9375248394416045
9.655451976180911 8.864060376937637 1.088943131815745
7.940589946675127 8.788174593989826 0.3123421149984092
1.788942202072851 1.552130966310047 1.153836062137014
0.4959972101249238 1.813419368899031 0.4300109023249367
0.6099214217373312 1.942916878423488 0.8105910207939211
0.8638956111034559 1.651901974924269 0.3772936687415339
0.6279783773726068 1.264990959466476 0.3514124168687019
0.8467602390729543 0.9492713558157956 0.3742663864350726
0.4738654280551293 0.9228772197341022 0.3399676297601929
0.5169265348039115 1.497737413393363 0.6043907776802134
8.247962973983212 9.193013567160428 0.9188766627580361
7.880614515370378 8.995109470127781 1.0561109229834
7.900342657666353 9.436224038062859 1.04207216180565
0.5419954730307002 1.840136017580976 1.150955568443178
2.222390091836156 2.037078092424044 0.8107858414375283
9.640797606095248 8.690845824441558 0.7846589892406499
9.548829137536497 8.357657351159499 0.8321879188410083
7.720267855527648 8.799859395737954 0.9252036769907672
1.418640603965278 0.3669029838874491 0.7255205195156742
8.034522905156646 7.941802261657947 1.043792248276551
1.028296702605416 0.3471542606385472 0.7015467269223489
0.888004656383504 0.4505164539573021 0.4023154283667577
8.535712158141594 8.668135678110803 1.155608401761302
9.435847457208395 9.662559225663545 0.7626393801196637
8.944094639519534 9.657839368434978 1.157862123009618
0.6763034741021956 0.8979421751382453 1.164255219520787
9.149200070857614 8.403180831061748 0.5229882811541604
0.7906462738353255 1.946613511719802 0.5206765891421394
9.256412752687829 9.413033035840868 0.3272537040534784
9.663244718004535 9.174038128046108 0.3734908792077918
1.429606913839979 0.8223234999178142 0.8130753148914662
9.687253562689635 9.414878014205854 1.18648984451813
8.685942273025821 9.648736079379772 0.2205115432704823
8.794179394378949 9.230757699899844 0.1836322738281954
8.986312381722119 9.591725682464483 0.3160972448503614
9.08633954758087 8.136347921887101 1.12930915867795
2.493182695469327 1.284824602010298 0.3272237500932291
9.427757026510836 9.669249783577891 0.4359676888819843
9.685561197522016 9.492869713060573 0.3680862078514032
0.3424889416103823 1.430819633393684 1.162854374973333
0.3300885804489163 1.350810149383536 0.8389099434438679
8.587524537762764 9.471199783391102 0.4332507097946715
0.3566036184775939 0.416411703860628 1.167749786563236
0.3787102796888924 0.4088088639572111 0.8275886783765886
8.820885611276124 8.375640116409103 0.6609905107012293
1.780761243851814 1.229639398485473 1.131434641022093
1.254403165207398 0.5080907338841849 1.185087311295992
9.254333667655018 9.337779508387403 1.188185225323232
9.290935626134649 9.235028316489228 0.8005798650784469
2.857040537970474 0.9647229173609175 0.8570290297358011
0.54489468549288 0.8721122116981015 0.8727153380690074
9.128298490822479 8.754221210599518 1.015536997946656
1.212528355822041 1.090022317924947 0.8819196599568603
8.594324608034231 8.184714580453626 0.5415543766327364
8.31670672607661 9.243955610178324 0.5973817470927295
8.089511445175647 9.406946064680643 0.3170418668990653
8.339222725518473 9.650060137553513 0.2554679617612842
7.878350491473207 9.130651920730704 0.3551792738974756
9.356725030906054 8.88279017344974 1.194462039988453
0.6756214346415186 0.6838391930227256 0.3847865099029604
9.677810704430154 8.422276493875588 1.141427013283109
8.123290948303444 9.476967985473152 0.8250430726100881
1.211406197922697 0.3079014854170241 0.9504049523469428
0.9014655211863327 0.6812065958027236 1.195853471521711
9.235279627131526 8.862154521473959 0.1616272833219776
0.6496037185618458 0.3106536814791396 1.125767380635114
1.455923412506649 0.9421159276334847 0.53043169609176
1.440313773152915 1.266114838683327 0.4635172944329936
1.379696976012665 1.672255541105492 0.3212046836850044
1.391032244985287 1.914988078530441 0.6232568627456941
1.119768142516348 1.913264267160939 0.3972440893025184
2.041967187122502 0.5143970944213135 0.8055750246023642
1.719393578052149 0.4705722802566256 0.795369161675346
1.845622817918119 0.7523691351170876 0.7925607123783156
1.953407192946221 0.6242151965877121 0.4356606425409704
1.73601554730255 0.8772404391048734 0.3339122745959532
1.773549684559789 1.216203726513107 0.3880376135820376
1.889297095669001 0.60397434030923 1.083515560181487
1.589806970376489 1.459822058840307 0.2650033219324057
9.44062380399448 8.824414953020389 0.5157168697376225
1.186946009221952 1.164557103897564 1.204265255750242
9.689598990951245 9.303913439602916 0.7898495980956128
9.691500524473222 9.585627894251047 0.924896904162992
9.687405514713634 9.71836667777101 1.198031004220007
2.095826833220959 0.7338154073242075 0.594095226043002
2.115298759122597 0.9184516394166495 0.9860107399555962
8.827137698674095 8.61704381500857 1.215054094585118
0.7313547301824012 1.696142991875408 0.676572034732704
8.521900210936188 9.518008410841553 0.817877459166402
1.340055543014739 1.442920413788162 0.2693130565409448
1.202704575780291 1.04089318802905 0.2174369533323968
1.531014748041471 1.108613265905531 0.1830538617723057
0.9286257666297277 1.228914836916081 0.2143335120810003
0.6294384646667827 1.013520348127795 0.1608480476059141
8.841952727268891 9.146961574955105 1.200562446486908
9.403062719412363 8.622682358480104 0.2604593979535593
8.276362028949434 8.650652168136224 0.7671175008211861
0.951736186032746 1.500715474903364 1.215769855646991
9.201931895314017 9.706573690198248 0.9424326342524117
9.293469083392489 8.518384896579537 0.7751366233598519
8.368920112502602 9.312092619933296 0.3150674044899331
8.180628750884521 8.653779114059894 1.196940273910648
0.591013707775538 1.555485545837875 0.3258535421305775
1.1302552172113 1.638511013522861 0.4993610400247461
1.106263679032321 1.638666902894059 0.1993534637184279
8.727919504333922 8.567328463959019 0.4594111244110139
1.977501767463111 1.075454256438923 0.8839241108847269
2.038970009660331 1.056132418729736 1.194792143441794
2.066543407863509 1.38131515071755 1.177532540078494
1.099471593960141 0.8029002924008791 0.3532064974606232
0.8684780881383607 1.208293783529637 0.5052567259217714
9.051399957467041 9.014521461845325 0.5217618838615218
1.273540516117204 1.80070086705783 0.8634297556011767
8.200644098188652 8.781643896939809 0.2735000111636781
8.329119539371767 9.24632361524494 1.205640012058411
0.2777913506064483 1.318376797562143 0.5392154964555004
0.3087746561538434 1.584282768113626 0.4118602338951181
0.2799177526218828 1.77238735560307 0.7558516457440658
8.464385438638628 8.133847892611259 1.186402965711858
0.6063846662965158 1.267797338816245 0.8591664787108607
0.7879653453448554 2.168525647862601 1.120317022828374
0.9267096716637224 2.143507132797582 0.789307755041799
0.4594828319422535 2.510480567266664 0.7612581514615407
8.738063021969264 9.71717329593554 0.4163398418435595
9.214331457236661 9.729478029569862 1.229978092541491
8.573404262714206 9.681733373208067 1.183876605210341
8.745689498037569 9.717999635630349 0.9404897293645306
0.8203492929791059 0.7997694987381625 0.9160355766225554
0.6025893216724145 0.8697783615993142 0.591273177310329
7.950134411546284 9.064954971295039 0.1848296137718489
1.19455917978873 0.7903863390830878 1.216664852786011
1.646148145204539 1.367488465659545 0.8628548857187582
8.054613137570211 9.210903973964539 1.130091430125327
8.121213386884055 8.938822167937374 1.210753958960576
8.556848686654556 8.72306132572184 0.8752275155447483
0.9295617031349898 0.9421241847020194 0.1929380874892498
0.3496299302611293 1.676531758197704 1.016327270478889
0.2908820323612906 0.7019571469027586 0.8482180871515913
1.303186067948115 2.509899582347499 0.4483531193453387
9.674892063320307 9.567859924540349 0.6418707571010576
8.938515100104304 8.877579576241356 1.231031276797429
1.053931690966668 1.953530430850786 0.9566156592725968
9.45593622196678 8.941695626331819 0.9040139350736951
0.6907570351353001 1.607977242772648 1.211037975664121
9.718174307561354 9.115065144691592 1.219239331524219
8.719952265724968 8.951194437757598 0.7564061832632565
8.981344194246475 9.389233142427384 1.232943253515761
0.5872496837876261 0.6233519496814959 1.236403946597282
0.8075485365177251 0.2960753867351335 0.875828813495799
1.143682917313114 2.04412093285596 0.6433438398176773
0.9684772764868104 1.596984617880589 0.8982923549902544
1.46681417708525 1.658814025406784 0.5429292973220641
8.537333066558757 8.399432419359306 1.230308823492855
0.26511957825684 1.008732516250042 1.226819475313856
8.699074948401227 8.099445245920295 1.040573400686152
8.800199369221831 9.371921388002004 0.8458203535544301
1.800123029275142 1.238812256543821 0.6705267476176852
2.136831569605222 1.245007603985204 0.6383373496638305
2.491801571027719 1.432923938096815 0.8850806357320715
1.951662433310431 1.411618351603111 0.5081385593723688
1.923652298638144 1.73968329065408 0.7758589662442875
1.786242099430363 1.751770173390933 0.4105801036817931
2.035660178539018 1.61895765214725 0.9988275738802007
1.663566594737698 1.833410930279548 0.6561328255222505
2.108870498475215 1.515044761666115 0.7176500400992016
0.2961620023830538 2.115530899404076 0.9765178662455355
8.303489710268778 9.687016503911565 0.8441444079798764
8.085172439362463 9.67245182120695 1.049437620115216
0.9170474213647808 0.5303514218933464 0.877471100196154
1.267836731991363 1.272292943488483 0.6804802625553547
1.520812981230149 1.613607177590511 1.228128423497785
9.277512546078416 7.884497538478874 0.3786276208844534
9.397527190553927 8.237310785414991 0.2786645443952044
9.377661351330945 8.129263517804931 0.6181094838044741
9.254854321200886 7.932526467850296 0.8312957394032489
9.093622162767717 8.098109479107102 0.5029682754442986
9.122650050319825 8.107627951190493 0.2240061871473137
8.831676611717285 7.752767525770699 0.3272150646479979
9.195870389350624 7.795491685027704 1.209565667853791
9.735824773936345 9.062769163137904 0.9187133392257386
1.00141049092884 1.195601708570352 0.7438793746622401
0.2648602460077411 0.9711457104680783 0.9088173327738988
9.717369938032089 8.092352581690843 1.005598910722242
9.45654013690841 8.059031366152375 0.8866795558292855
8.742914507569949 9.308094248392875 0.5869456237706066
8.772225132338894 8.557871664688351 0.8570256269851764
9.579196520314669 8.653662841456214 1.240770121719583
9.466156327145653 9.423323427508505 0.8871031104853164
1.1147978954524 1.907106800206457 1.238704384144769
1.213677319965934 1.433070293823886 1.226321122721637
1.666088880558378 0.9315137162490886 0.6997279212901589
1.631618358929916 1.027536689445854 1.238258320218544
9.076230689219113 9.346023252822015 0.6810611214385558
8.730151487276297 8.940805419225876 0.2823464900599891
8.54136538955194 9.741543296913608 0.6205394851794759
1.069803101407491 0.8582592002949906 0.8400476711755974
8.124908408124844 9.464109600209222 1.238976855929825
7.559000956858794 9.619189467143318 0.5218130148613918
1.456795415064435 0.7333387542437 1.232860563813069
1.550460397074237 1.876139952893203 0.4131592834082979
1.160781100275188 0.2567674582584815 1.236347640563353
2.457297234449935 0.3703896217007235 0.4648321297318275
8.97962402832262 8.876982874017086 0.8019205325996688
8.848404645531993 8.201523340252775 1.243510708857568
8.383949444710293 8.345659586142718 0.5354805905815168
8.087118010566606 8.346508664734998 0.4302995699845917
8.213184728133923 8.434476398948725 0.2138191106946404
8.310536767044537 8.151367688712192 0.2696520913117832
8.204856433344142 8.07693810894742 0.567291801143391
8.483980077030381 8.999623471467762 0.8917334499745977
9.740047041075774 8.803272937663818 0.5244899657208154
8.884355734681163 8.213073533194351 0.8915977459394184
7.913270846246064 9.210167714062383 0.9083342704378192
7.85189541061149 9.443356095808927 0.7667889704810033
0.5889879168192993 1.207651362607501 0.6044151071371318
9.344385257154046 8.453572954097501 1.251943310508681
8.742577801539269 9.128349844953286 0.958732260230835
8.972717827445301 9.64978309453633 0.830519526705597
8.500676454559802 9.439069337338415 1.250069505256416
9.110155427603408 9.197845792904372 0.2825883663680214
8.679153630717503 8.862966212780478 1.25263558994134
9.204138682947631 8.676761896958125 1.255840797723294
0.5337375870003582 1.27458459534375 1.244858811503844
1.72241394572507 1.120509667300187 0.9030654805548357
8.496819746662156 9.307366701254342 1.017023476715173
8.540155606053059 8.473586537682605 0.9452055894531251
8.358491955785972 8.837793113689891 1.240459987692731
7.979556053575686 8.346027399665084 1.193823228441112
0.7796981474206264 1.061870022856847 0.9919967169619432
9.74823216380109 8.52442366312698 0.5804200034859789
9.65463703842136 8.427323801444528 0.2903202864567104
9.617529941940417 8.269204634262904 0.531615009368348
9.545229500096005 8.011275896611261 0.4028603669521812
9.444463123065445 7.954986592835511 0.09132302713131471
9.666868608044355 8.100312621225381 0.2127338942995954
9.647695785013834 7.471067491853286 0.2744638639284323
9.634206311504217 8.02406440635245 0.6703038173139841
9.403525915644776 7.82900981103381 0.6484070689031413
1.900597039797703 2.253084805003716 0.4680266669853135
8.085090113181378 9.462280961490489 0.5696581359299152
1.350067757922631 0.6124536484369062 0.6857757518690953
8.106216350717855 9.209783159423869 0.2179544010611287
8.127587808051045 9.358125434010187 0.1456251337147551
8.090841740297311 8.989840106760617 0.9082741987280735
7.959671101901199 8.760382571473688 1.122406851036687
0.9401534743449637 1.125894771017941 1.260646764689817
1.521934661166085 0.3437857970658877 0.3306582535432537
1.760738996072747 0.4276512641396715 0.4979095012489149
1.679406700183085 0.548026789972327 0.2185002911802515
1.446389475182092 0.6403399561443645 0.3000718328320062
1.204746251430203 0.4165583347195954 0.1371265006501774
1.51031529046069 0.3899620794849433 0.1093416382531575
1.07203369414736 0.562245736711163 0.2523526723228079
1.138509987522637 0.293864091697229 0.3634932903307037
1.295944633301939 0.6942753688351188 0.1567165791176445
0.882176192233204 0.7393834215381367 0.2226044110647444
8.26796025566593 9.027763729243008 0.7248351363253924
1.26096855027859 0.2712606163773489 0.5877494760219236
9.753318746062542 9.330936235347437 0.548117551201475
0.761249166786014 1.441638578443701 0.4760459365215806
1.638056533784258 0.7502517322657023 0.9382663617049539
8.489137820974515 8.679139604286018 0.5049645361923133
7.801559850797083 9.222390935295383 1.135419160504912
0.2758348882452026 1.533511900550196 0.6724398772749606
8.581628757447751 9.381240459741907 0.1968964939587044
8.977445084029334 8.558110476818724 0.4216384324491265
0.2258986039751678 1.241541444483925 1.040620323033108
1.314760048279347 1.490650785688002 0.9711438735067186
9.398440862763335 9.131931255390198 1.244782467256874
0.2617623732321247 0.8350358639257363 0.6223980192120168
1.964706140494971 0.7934253966295135 1.230916871276379
1.721968059063743 0.743242373782486 1.235258002762048
9.399414486153912 8.74276096871202 0.7479699575777636
1.233860671162516 1.126604315384036 0.4497279676524352
1.430705388052926 1.17491108608618 1.258907628048043
9.184490806712887 8.494348203865981 0.2854170359491401
9.128611463226651 8.669096888349401 0.2174852481105315
1.339130906652061 0.8632630165276892 0.325520810954782
1.736766981187762 0.4822063253898017 1.259114783936714
7.47019471930524 7.935698237848738 0.5364510366596476
0.4226214196879391 1.148927472854163 0.4294638692911494
0.5184576099403139 1.721061523059146 0.8019179091679369
9.153779165834001 8.25959128359907 0.3204605129570972
8.994498914432103 8.391855256561016 0.1461215298250123
8.744208846603144 8.39784089529415 0.1891782158868915
8.464082402768216 8.402692853749565 0.1729684449280977
8.614229901994294 8.780924618251118 0.2030386005869426
8.37369309620872 8.243051069575284 0.1839472626448075
8.598367713547214 8.120461090166035 0.2726312805112562
8.753652219100918 8.945748657095839 0.1500116201552354
8.865433324868052 8.17362009573492 0.1968437446548993
8.788698307409758 8.041208935750014 0.4413256414532085
9.280241987985676 8.398598175479867 0.9933782199061084
0.6275165453436682 0.6663437980121552 0.7312393097658313
0.8389343567212524 0.2251426733949579 1.259989545143188
0.4467007500148167 1.636367805282813 1.262276186614009
1.779864433324784 1.571510365684283 0.9068835595875282
8.057340677512849 8.565876045649603 0.318841512739608
7.994261315251944 8.764546962313736 0.1420295645312576
7.564142149569244 8.848987880520978 0.2636171046974171
2.140075292510982 1.007825802929606 0.7096988664512294
1.811680800857898 0.7754867290683582 0.5485088997249291
1.977937235643606 0.8822107219756148 0.3957308546153737
2.024939676965169 1.14120735926503 0.4222423259225562
1.943998379041728 1.187063833108619 0.08836109873097966
1.85600695700217 0.754342335204779 0.1644428532812944
2.184794927767824 1.465867251634509 0.1774889544347368
1.776576335110266 1.283324629958663 0.2204515286235705
1.713049109669681 1.022206639615611 0.164586156315355
8.815813625935203 9.087411706881914 0.502202390228779
8.688886904697087 8.694026648483829 0.6681708407626773
8.982782479429696 8.447416026935562 0.9236348979863567
0.7753301186947004 1.421811780325947 0.2303357744918095
0.4173411789481486 1.31539275145253 0.07218504198525517
0.3774819676629445 1.723401725582056 0.1167347114717912
0.7741658094509516 2.167780437393745 0.1873386212406568
0.6341047462221738 1.877055219966527 0.2230122847670911
0.4140287231341199 2.309816004089883 0.2775109383453086
0.3040319740219418 1.343718878851214 0.2534713195437587
0.3545972055871214 1.107476284449036 0.1904552161544932
0.8560981741983877 1.963377979680985 0.3013792701191529
0.8974119328726258 2.244889853474726 0.3797812513170445
1.13697241292329 2.166235939583789 0.1834286321817214
1.349410863333886 1.993434877092981 0.2486188753640202
0.9154690518574677 1.934944210619459 0.1311503806290533
0.5975050553085045 1.607305902017084 0.1586316377949426
1.108527279162605 0.7075588784910001 0.648523025485226
0.7343524583234232 1.745447504848018 0.9178122383019138
1.580421511360906 1.066464025420692 0.358253480556714
1.914731511805861 0.9038615759763828 0.2328003071793259
0.7805012441417438 0.4698120052044973 1.264490032482843
8.961989856985364 9.229590325134351 1.002827204040796
8.922503878588543 8.798598918627034 0.1911812536241395
9.621701366829509 8.658393563356126 0.3658065261297033
9.64174765688351 8.598445953550987 0.2183562893924461
9.506234685913808 8.335131666630916 0.1515396810921701
9.850636836620426 8.396586106127289 0.2008431995252517
9.422650745446916 8.169062064450786 0.1271620586053187
9.492120842572845 9.345613192943285 0.3354237657774312
9.477724197055009 9.067963463051276 0.2490766538870118
9.683951298095284 9.226074409236993 0.168890219733723
9.344034686092625 9.605972621087128 0.1385618177668624
9.211147472790723 9.64594731616673 0.2505532140763053
9.750967561225492 9.006572693539345 0.2036388920313035
9.769297889904403 9.55594492461338 0.140984494487696
9.603558849385033 9.709485267621858 0.2464505808872212
0.4353039182587943 1.889814238182903 0.9376355793514958
9.407642851413462 9.143727574505267 0.6052959453739575
1.758876366336055 0.4041132201392806 1.027901451545656
1.499368114106818 0.2735050526686961 0.9910748798926368
1.42655661590115 0.3088494752718771 1.249882962580222
2.101107122008053 0.3112639310799636 1.098862935917448
0.8103912528638297 1.970577943619687 0.9776349975991133
0.6175944027315633 2.170099548441573 0.9021324861660224
0.7571100129238348 1.943002086301434 1.217930753616761
8.800919892151555 9.415803448008838 0.326886634888238
8.44367747397561 8.964681029827243 0.4257639278050944
8.352588939377691 9.627691458732206 1.260998028360582
1.333898070700947 0.7422299220331898 1.022500612596359
9.675207906002596 8.632086284066494 1.018247178262502
0.9147397993214419 0.9186883950979036 0.6057100861043672
0.8065376330882672 1.423648545492017 0.9500395021556385
1.375923475327697 0.4852380056546416 0.9328698066023287
9.256925404815908 9.476066186527417 0.776796301606032
0.2505144185606958 0.6036361790946487 1.275328355819758
1.307913162815633 0.4430454888618561 0.2754272590584751
1.431770238597444 0.1170479620981743 0.2241133864107097
0.4566282477062485 1.899730794187098 0.6519223208305358
8.257124383663299 8.849833893427888 0.5269318266845734
1.322974981792679 1.476445339362665 0.4776650705819169
9.458209587746573 9.765042122229447 1.265830179417122
8.12570195769314 9.671045899560241 0.6825492779319684
8.066169211911756 9.705394083963927 0.3836664161887513
8.63591320615331 9.242284274070592 1.280607473839388
8.022575379750091 9.016411818875394 0.5118036746709503
7.866889771689408 8.985220007504688 0.760396740640891
7.684153226259756 8.942367972626894 0.521990963693525
1.438601063675974 0.4978988319816939 0.4945111675293759
1.089060963112328 1.418339386212091 0.7573753349962554
8.773120388309188 9.778408926492602 1.275877806642811
1.371382864604922 1.265412738255948 0.9149977162593711
0.5072328791919628 1.035216326775632 1.270128589322973
0.2207562081839388 1.240514499415192 1.283192914468468
1.83272158918781 1.538101163939228 0.3161500698650212
9.775373445803512 8.884025110580989 0.7699455886456191
9.021885244323858 9.17259987049305 0.1257094417779697
8.954230167057821 9.334738084178193 0.1357486135060872
8.940359500939847 9.50168783982742 0.5251310639317777
8.976321428716842 9.754352725165351 0.5028309935685871
1.470563719613469 1.392279079247675 0.7057306613271365
8.334742711608257 9.374729649486612 0.7940929327798203
1.731079796955491 1.930818135363686 1.178079809982712
1.551146843900292 2.059915035874248 0.9028324227433899
1.417521581921495 1.951524926278597 1.166058396554944
1.776214584143853 1.896630625368988 0.9058293133595076
1.315802439481746 2.042795597430336 0.8232891404048265
1.65740660804589 1.384888440963266 1.275507355207602
8.509949188272298 9.708524013898989 0.9575781100562029
9.768589843980518 9.27801958589346 1.011409639215392
8.676997382442106 8.313294207783581 0.8379809073793124
0.3568638228917749 0.5932088785147785 0.2223655187072064
0.5709362536999957 0.3715924909673816 0.3451844329337128
0.7385354536888342 0.5120365277995937 0.1839382783720694
0.9516156774692497 0.2958048387149145 0.2048556050611254
0.4233976023460447 0.3718519815283092 0.5673102797025324
0.2300761952820759 0.517811770646295 0.4483502354586623
0.2569210064215504 0.2416588153348592 0.210139420527536
0.6552074199828293 0.4288654263408888 0.1151923728498887
0.3147073332191843 0.7508555374540216 0.401458290839483
0.3339340722332027 0.8560272575344895 0.1872327519849962
0.2173921136051045 0.9951147000575792 0.3555559911648445
0.8817496941628473 0.4702185805998286 0.1261006306746226
1.062695309809207 0.6009915083372721 0.09530746204746487
0.2434825926924914 0.5388862672043783 0.6835645078875826
1.877649650501605 0.5704038966708707 0.6453889341035157
2.085482614633616 0.3314134357235278 0.5227978092742483
9.232633796064345 9.276371281735276 0.5183903748023613
9.078472840199401 8.066939880753162 0.7365184403298494
8.960365798998721 7.821412807717869 0.782491178322599
9.133601921305091 7.858049597249614 0.5928695557415299
8.892262611018976 7.854348927658599 0.5491531128087639
9.763197741822946 8.961488468812099 0.3509770634008151
9.809904779323402 8.819346630363624 0.2191856604836448
9.827840280369939 8.611100648791558 0.2908038707409374
9.461938535049404 9.427835174335927 1.268456259188877
1.918332800486361 2.331344328695239 1.016814713314933
0.5625317192995516 0.2365157385155247 0.8465926776213324
1.087604284296407 1.6789322349964 1.283522798341576
9.556324703333878 9.782591504386591 0.9960013135598806
1.07875564731304 1.408261087519153 0.2355659289390693
0.6446443881667624 1.048528709828616 0.4409260130110458
0.2458881546055419 1.52354500158262 0.1357770131992444
1.988711342960494 1.19761754070844 0.1977258553044833
9.777313830872677 8.899243707596714 1.284517896523029
0.4104906567393352 0.5778460638487408 1.006818295879653
0.2032577303833073 1.149334828770362 0.7850074912691752
8.369102717459553 8.629217410671361 0.9808744766188342
0.6780645123189282 0.251036150171895 0.1869011865363679
0.7741493340619892 0.2313231738227745 0.3740797963768824
0.8525657396691609 0.2226260765921471 0.599138336094398
8.468825018732622 9.638416456418067 0.09988868257977909
9.018620735241241 7.405103724382142 0.5777937785074463
1.544330493861254 1.139658987128179 1.05292609304706
8.31936666389813 8.305136234512517 1.277036730961821
9.550673673937956 8.288994992359672 1.292070175852353
9.552910987064097 7.981172269385299 1.245444627245267
9.372160842896738 8.027083787782548 0.2409060939773677
9.475886683320942 7.763533031068033 0.3090476270971149
0.7068105892132044 1.206821252988561 0.1333928660066128
8.996636831709695 8.937456816620569 0.08758410100585876
9.032461615893311 8.790396684108796 0.5924476554390774
8.500204035709222 9.382990426200463 0.6298472231682835
9.230853047026606 9.773557326459771 0.7162126332101797
0.8824108143266145 0.9000853603604769 1.271612677456634
0.9882911382154366 1.162192022504395 0.9733059624573617
9.046255047635734 7.905068307982896 0.3829140249617058
8.782618438866253 9.546548561907354 1.282069920294983
7.896631122063004 9.623233970696395 1.248304047601833
9.212133384502689 9.420396813338662 0.175205389762042
1.291982339146333 2.052857460952262 0.4652858961287956
1.499389887544169 2.202010573507393 0.6356133197458544
9.137541138805714 9.531351784989564 1.13777811284379
1.041286615608841 0.5139012452524586 1.287468437569751
8.953559535762476 8.789669752187576 0.3360301067105218
1.566936228745262 0.3155439657063995 0.5557023047967784
1.622981741571514 0.2471498111622486 0.7827553602954465
9.308574985880258 9.099312464652764 0.9868196070167584
0.4859948136657124 0.2597401680678895 1.288817996905519
9.247351520449813 8.118492324293278 0.964611759295353
1.05970250350822 0.736650174295197 1.037144139526187
9.099215401947001 9.198365259670666 1.286820516192172
8.501521121239376 9.106030201156038 0.5985518687440115
8.611115365755031 8.581379820533996 0.2882434319490617
8.126784505454175 9.235920222715031 0.4670140115403817
7.88879230680464 9.366001598508291 0.4844573143611306
9.360836885207851 8.319561080825341 0.4901978238290306
1.295493683967935 0.7757952653670521 0.5335507421272045
8.334061655995152 9.032680560594313 1.121243168032344
0.930316308250124 0.6729319080582604 0.4363411273378229
9.557427682881714 8.960941893233384 1.271510863930317
0.9241819190351971 1.605810475598489 0.5930642991148096
8.512220419620295 9.684700356234597 0.4009594787094937
8.25763732583575 9.775901072875831 0.4871254243358697
8.7599398978913 8.408792359335795 1.280276602913154
0.7153419351787945 1.124118550291241 1.300697411858271
1.615005937937207 1.159113973546002 0.5637700348521781
1.02009762577802 1.097241519249099 0.3763220332126503
0.6914852340487402 0.8837281404929472 0.2601506668219503
0.5581611813091949 0.6820452745672141 0.2301954056966845
0.4649438094723546 0.9481069843770522 0.1292930614933232
1.86577929571626 1.490580939932369 0.7020452268163522
8.374447767485503 8.557005774216872 1.28000580245977
8.379766733025511 8.338309172304065 0.8591934797191574
9.771019995875671 8.13720769675648 1.265253854336775
9.01555237776909 8.261655370528496 0.6390774410481097
1.54518029049336 0.8886966786003426 0.2160265948190139
1.51468879379196 0.5134950970310184 1.289735542044334
9.41946439919737 9.903824333237353 0.1379263285225925
9.51688455585608 9.764326360565553 0.1110222498073977
9.397415433804857 9.810242060832433 0.3331353086039055
8.303045939585131 9.731614860574169 1.066083601628886
8.1281561664746 9.778695542681916 1.280336709811591
9.568243370743353 9.780319295209381 0.5982677278364715
9.511873164453602 9.008948839818641 0.4057973471704575
2.143495321665497 0.5371480182845138 0.5247299441226519
0.842397017759411 1.939624016160751 0.7405182802767381
8.645523292666525 9.145699951900099 0.2191603650953787
8.275881506318697 8.930432938867092 0.1862982782519882
8.462166876788038 8.679803106876014 0.1484427599383914
8.3456259126168 8.606570323734713 0.1253318410135228
8.928926927305247 9.003062939782465 0.9822206447881228
9.425856038821065 8.725157724302779 0.1827137514319022
9.704603356185912 8.591963222429319 0.09907681525272542
0.4554032839768166 1.397090008537181 0.41205147669012
8.399435654567755 8.590841453940143 0.3082398058907133
1.347833415610059 0.2184970524236507 0.4001893855979943
9.221692493548932 8.673314470303417 0.6280648603639775
9.152796447594627 8.928666893383818 1.278852349318657
1.846651374359254 0.9767162712188429 1.280121009902133
8.666508048812542 8.187932801522681 0.1434718874484945
9.405332304057806 7.973757359601715 1.067233807769962
8.863982802167772 9.533107415557412 0.988904996991264
8.434043864696029 9.106615686326753 0.2514068008431973
9.355937518354322 8.244622179603516 0.8097078512952195
1.532985696885715 0.5944862395515388 0.8150329892138949
9.118051216502383 9.05919027340985 0.8748021758318119
9.047304469828413 8.294552006049573 1.281256296142789
9.790369319082942 8.56624579137736 1.285916877119936
8.14823961851847 9.388004515462869 1.02935180259318
0.197007424911557 0.6364012401663112 1.057152352164644
8.583947689321221 8.859421403279296 1.050349848427574
1.365532330346165 1.193246737404619 0.2903495299679961
8.049680502848911 8.698896114388107 0.5374555814659567
8.552487639640848 8.26766620213067 1.03079990455803
1.673147995810001 0.2307989535129149 1.273663528242422
8.598611127373792 7.818758253727312 1.210930183803133
0.565553146669433 2.034712288870341 1.06330791752163
0.5533386080022288 2.023132640122854 1.2914026304932
0.4872748060210921 2.347136682661889 1.167944139730343
1.567144634041235 0.9611669716867622 0.9208801479985192
1.291372774753466 1.789567916327528 0.4680256282199948
8.936417956579016 8.641445342727783 1.022574353204355
0.5828459143795487 0.2072458783321854 0.5133485102058613
0.3956613502528352 0.2350697162155066 0.3889857736280593
7.821342414663782 9.156211814592139 0.5686247041393477
9.50610702860118 9.178905418973471 0.8023071271654842
0.4015866290608088 1.682698529213078 0.2892823296390681
0.1235213594915528 1.697846395529375 0.2694696993549253
0.1973538038894249 1.88944822351311 0.4786910817023234
0.3400465944353238 1.96052059245614 0.2433118106896735
0.5556425455355404 2.013650178020276 0.09952113065017844
0.3904923892367891 2.018050755262937 0.4629361371105166
0.5593720771947539 2.16133825624998 0.644362255404084
0.6037996146872915 0.5157369350738252 0.5109263231556714
1.270766046211503 0.9841835133276899 1.306059895810383
1.336053744266179 1.000996127249733 0.7204578659275455
1.567071030974048 1.796880978048701 1.112103150997866
1.71010545672749 1.727128605168334 1.270932250859991
8.866584774707983 9.151421525629187 0.2960974240340203
0.5094451128454111 1.353566807494094 1.039145699358166
0.9512625979379639 2.020313309841799 1.141189963889845
0.4097537250763673 1.691284685914355 0.5934474203202478
9.815822169407653 8.257007517695515 0.729293867858668
9.768096535341353 8.430790216949056 0.9137206638639743
1.204874278365701 0.1934992289571676 0.218282435185102
0.9795228401491838 0.1232560816193383 0.3438853762202315
0.7013794819820746 1.406854374489856 1.302397394918191
0.9602480047410132 1.805693618050971 0.5059700192787047
1.986850710185067 1.21724437996768 1.052999998766532
8.944518938005185 9.800387873182896 0.9893690868415245
1.053208855299515 0.1944011990242344 1.054124766394492
1.136579830225552 0.818341561776688 0.2076982898485551
1.04101706360603 1.317737265539498 1.299764534276259
0.8639862502415879 0.4689114166853777 0.6202853432489802
1.888806918248441 0.6803973232159606 0.2827377627907655
2.179139784832818 0.7317257768669677 0.3027631397953116
2.255138355657294 0.9620196046628456 0.4446270938918937
9.2829039346482 8.067180596216014 0.4220850334214415
1.089782555086292 1.743232006696782 1.008103092637512
8.999524516774557 8.015630305129759 0.9057633438702377
9.154858312255744 8.931813410760421 0.3472242846086487
8.275236282269487 9.493444612853057 0.3946858025671178
0.603967879118132 0.1706329779223253 0.3294261866395032
0.7741245560325336 0.1079588186407455 0.2570037693495096
1.732355489287007 0.6260040372683595 0.4094542329534483
1.216844423866523 0.4493267607336015 0.7453582566737235
1.606699877078618 1.531137534050519 1.034484207501805
8.08668240969768 8.548452403988179 0.7298248372448046
9.352439160747473 9.795288528716327 1.073828190067626
1.600642637695213 1.687603946436431 0.3148656212033173
1.56474394687546 1.882716957406183 0.2013443662068133
1.526021376571118 1.652114083346283 0.1700522875293857
1.201132169965857 1.752826780616596 0.1296808875210336
1.530453345445247 1.355417906824041 0.09281839611270472
1.794173996117074 1.545088136748741 0.1754927144915322
1.26000264525858 2.01902597256548 0.08766636530804282
1.206314834098148 0.9194020199584456 1.018070909970387
8.697533489363764 8.351532743552546 0.4456350918109618
0.7076349192411538 1.804188295851675 0.3777329177329988
9.277331164091342 7.846633731589735 0.1449876435600531
9.805295180401504 9.109850977650469 0.7169150503588034
9.767630535042716 9.777324971104145 0.7658368969137875
9.790252212531868 9.784503135452839 0.9985794898138972
1.565221719555348 1.884594828645989 1.311425732036009
1.238228768354965 1.894881134081045 1.056441368649238
8.438086522132515 9.027099817231456 1.312208904855117
9.352641010998962 8.426505341520718 0.1811687935187787
0.5099040620671461 0.8188663815781024 1.291905605772314
0.871247185279282 1.69990208936188 1.308988983677153
1.7804141939847 1.750938084597662 1.06683378577286
9.14235392876429 9.139296121927464 0.6744408815610218
8.357366818280765 8.176921264853139 1.002567280583426
8.142932743497813 8.262547974375641 0.943311026940527
7.881168446237078 8.346126653035137 0.8458684959121195
8.956413197352438 8.304225272726869 1.08448786901219
9.284251802074362 9.446142558469001 1.002815922459716
1.642166941924816 2.324074515055079 0.1915437492598061
9.618713431764931 9.459680762612862 0.2290355036273436
9.439705797058481 9.319529433576331 0.1675282973093393
1.471423347189162 1.87658332370058 0.8203255762237533
1.873722290894983 1.045859299545036 0.3002347457034732
2.083448285140192 1.008204154839103 0.2516648658269373
2.001425044812683 0.85533289476274 0.120415476882745
1.213081687983575 1.827747136244253 0.2219476947378931
0.819691126414745 1.229481679525837 0.8559427621958965
0.2070418604514646 0.8134257980939499 1.296259580957652
8.640067898737602 8.962583595562798 0.5156261381186168
8.9473428055725 8.076257069053588 0.2971779009994732
9.491657078309103 8.40616441735302 1.034167570633776
9.607643092916218 8.219636266477275 0.3223047677010453
9.82192264846951 8.078206181308946 0.4564342957494862
9.421601494420363 9.536921148994269 0.2662307528966328
1.384506085604077 1.771923276498179 1.280038285957451
8.082861449167329 9.615952656929988 0.2329130596353602
7.775813609774942 9.560852948971093 0.2235604465023656
8.082992994803712 9.578402216581528 0.0957771909061972
8.504358846322612 9.868557261079452 0.1775938224025508
8.179148389319609 9.848059207080725 0.1958925592648613
8.293871384560964 9.815675729832604 0.3538761081708482
8.665362655504172 9.855665474320952 0.346603303895865
8.859116673640347 9.802498770440257 0.1941431539901031
8.85306361686294 9.629713518204264 0.1251861065237254
9.056002274302825 9.549278664614063 0.09225654415765579
9.054548785401277 9.795190609292911 0.2991494201574281
9.212815964798841 9.823390205469472 0.1939890321452402
9.217361610456042 9.745584570379014 0.4447575129290217
1.548860911846957 1.591129334971973 0.7298542503248163
9.018236260233499 8.580932113299761 1.308024321962928
1.2196978270487 1.742048293254994 0.6643920291639579
1.585438827131166 0.858136584831878 1.115631708152599
8.549551987950494 9.513884102297698 1.037574259682687
0.5603005248164556 0.7569446877811927 1.052504770630455
9.280213595866327 9.537238691608414 1.297253038595932
0.5031087922019797 1.080675587460514 0.8498615691120879
9.223528967724874 8.303207307074707 0.1500666503909888
0.6495934542964796 1.455629163737509 0.766660639166459
9.052164080814595 8.049997203684075 0.0851031556184942
0.3948448266637678 1.553675633852613 0.8481174597556568
0.2175983226621978 1.492274631326302 0.9803664889540715
0.4776651224284943 0.3488354253867811 1.006243944239206
8.125402093534488 8.783100441941613 0.8726287802032107
8.841918714125949 8.296755588365739 0.0823868374651059
8.646080182943439 8.564869361691779 0.1164823355316352
8.845935013746502 8.629029773921259 0.07789825110051042
9.326660105200967 8.778273871594807 0.9441144738975649
0.2036968164342197 0.4103314353248237 0.9870645945590338
9.17172872058539 9.25963421593165 1.009287226035181
8.878811579818642 8.64445672369108 0.5881937062016074
1.86785129872893 1.38124344926625 1.251126753082546
8.514246752032269 8.958482606079768 0.1892651951604078
0.7294319504086858 0.7595171912791668 1.316566275579167
7.982046377452361 9.021140526313877 0.08949858120515733
8.212115118215682 8.494783577900357 0.8949713819581397
1.664243318928736 0.7185993752618077 0.1963837864368585
8.696654118172008 8.576288213762778 1.053687670240411
9.160211432234419 8.562012605088343 0.9334016542535875
1.745936686590415 1.643195712025091 0.5854843831756682
1.997152202100542 1.678904590996176 0.5173846019493272
1.881856436760556 1.907800187000795 0.6227957292069537
0.1865016355482588 0.8471587593872452 1.060566885271373
9.158635585845106 7.894983542093822 0.2045625084904959
8.901822736056916 7.897299293673645 0.1486175950518344
8.772230343220931 7.980751110988227 0.2284284439778176
9.358949824983405 9.554293067424872 0.5988219030684232
0.2021261452112972 1.693792389233236 0.5570333207309335
0.497140335723111 1.411844796908591 0.2034043353384208
9.488059806321765 8.558892578460467 0.8446964539543544
0.1801258853518973 1.513775667228466 0.2608480214435083
8.755303957612856 9.803036050855761 0.6209898111581822
8.510054623195312 8.298519099838396 0.6972452912005848
9.629951661710759 8.163511927885942 0.8278735163942533
9.801574415703149 8.026506259709475 0.8132091099577037
0.9547572452110221 1.463138382252649 0.3963924600152263
1.094358608777306 0.5295964499761129 1.05029664770707
1.025618699981033 0.3219607718646154 0.9099490470638577
8.282059455009295 8.342923688769782 0.3515642787193093
7.910019284353319 8.100461143085205 0.2535562101669281
8.133668323120592 8.517349640510908 0.1048271337097593
8.087568662958711 8.120935133263805 0.1088172250084864
1.541175611751816 0.7930595587291833 0.4091266737614589
0.8206280741308617 0.5389153173365004 1.064005932235035
1.729855717568017 0.992209910033625 0.509294879495451
0.6127546497533501 1.65748288747908 0.5078911595306399
0.7807025517976115 1.121639670762971 0.2895151279361848
8.644781493880501 8.581108230695632 1.312129795960255
8.694703649994414 8.754511067092386 0.3710229147933093
0.2410638271833 1.112712306470948 0.5270365268404718
9.7987606497397 8.789339374961726 0.9554763071395839
9.26268002418427 8.933898533803553 0.5264918919343611
0.8169549864606254 1.665974694295749 0.2291151225973788
8.70993695107102 8.10688267798062 0.831875750335367
9.570386156206435 9.246150681605382 1.302215780083664
0.4358438803927164 0.4122788533719743 0.2317427267709031
0.2319386623521913 0.5103530682059361 0.09718202456381538
0.1871329985077126 0.3946268255821588 0.2491763776252803
0.1673833418197924 0.7180918218396453 0.2034811923422042
0.5375970315062647 1.102939981174951 0.2559108045827394
9.025749555017626 9.794434616631259 1.294152449420914
9.055577188948261 9.589749688319042 1.320385239513621
1.544608023495826 1.283209534008758 0.3020067849402041
9.817893842184697 9.439037265129153 0.7079983466681308
7.957696873357012 9.531244913841865 0.4199148105317186
9.579387071541882 8.686076226603001 0.5858639684571501
0.3927236941136854 0.7112931945834806 0.1126417993844963
9.196041757045045 7.913798952833388 1.046393899103095
9.072618040866129 7.762788690664166 0.9803567802004186
9.250116551028457 8.046667796930658 1.285568952000907
9.261833865777461 8.253737781936284 1.282630827545701
1.987476672950023 0.8649662875701132 0.8087934169288975
0.9237795687513237 1.005265453555588 0.8535993691985024
8.181992273823647 8.479652836766757 1.325533312076916
1.045193943600126 0.2018087128052368 0.5245098270786933
1.105553205419421 1.551447081119451 1.085940981142067
8.749216370624028 9.431926565163282 0.1734224869443408
0.7591280934242763 0.8537033538755235 0.7257787716495466
8.239742091539263 9.084211997724903 1.298025031679199
8.760138215447389 8.982861933411121 1.1047625102919
1.061590640969366 0.4179725252798051 0.5100446029996385
0.3006355888941639 0.177239519251548 0.9198957700731101
0.3650419642191995 0.2085453889021063 1.120786170835403
0.2212113479683395 0.2578795586499136 0.6853788923631229
0.3878341162451975 0.1614403664488016 0.5904580603406612
0.2638796312402069 0.2711248348421126 1.309885629825704
9.163745115632503 8.747581291909588 0.8120287327394839
0.4305410773817174 0.5136422405924822 0.398292146810438
0.4120370202465286 0.1877527164784052 0.2041202517673356
8.480510599351891 8.210380587537582 0.3711032418465947
8.390625373423493 7.736720670117316 0.2744381679663044
8.621737658621219 7.966605633903593 0.6507786400683426
8.722573797459177 7.857549728043686 0.8524981913951339
8.149093113935125 9.269640664040054 1.304047853162145
9.367391771589391 9.816344041924269 0.5675134523274747
1.071316550233895 0.9742644494770998 1.311379371272044
1.38560593920609 0.9369818079603245 0.1892630831537767
1.386343248261236 1.126865132167723 0.1564554642741948
1.054395082329995 1.177933517502198 0.1387614252377106
0.9950933018669004 0.9939821072003361 0.08143489285291816
0.4465618689172264 0.8005712565820369 0.7065063594215999
8.646922982941355 8.226403365589876 1.209068015557098
1.989564197746764 0.6777314712384584 0.9194849214842619
2.211126689275275 0.6717204343324641 0.8439209656242204
2.116706160333261 0.6130702628712035 1.214247047805482
2.256786316797434 0.8664468527216307 1.229649590295031
1.243226236478718 0.6710194428285672 0.2875067384794894
0.5693822218116102 0.4804165861673317 0.7977583162345021
8.822682394975686 8.204712873813989 0.5463486833591491
7.939855287058204 8.71093003593176 0.7244170918744867
1.417707982190921 1.43687997889078 1.288121874954284
9.220763588601763 8.258167550776967 0.6498317800602935
9.806007779081042 9.569954190205932 1.103083047554927
9.597182508661367 9.220656719758368 0.6230815979789643
9.321580355480382 9.242948048661344 0.2504109546052578
9.236511988367614 9.08017921826713 0.1836806533436707
9.518552600186615 8.93388680166257 0.1003982483420681
9.740230132216887 9.062909685787682 0.5279657690676653
9.800569251348227 9.285751541049214 1.300708583195178
0.9426199946589341 2.055939853623587 0.6045008338951579
9.606159146983693 8.234363655173174 1.102631367720462
9.111660775346351 8.44144822260121 0.7206471400620951
1.781153212957995 1.397023202643517 1.013748439467118
9.471958945549991 8.59733390771579 0.126477388301498
9.770397671814253 9.562167480236466 1.308312789735128
1.814195959467117 0.9489431173040437 0.8398045787798765
0.6603365555498409 1.786082676877685 1.311821888007767
1.859760738719478 0.4875476461496537 0.3292721617551577
1.899447764718984 0.5250077135734348 0.1012622555710935
1.790476387812559 0.2976707296089551 0.1705864577214809
2.094676172240541 0.4974332484693699 0.2314781513257451
1.731560524686178 0.3198848125904211 0.3184721304491512
1.780416635803633 0.1548882026506518 0.3277073337332919
1.539875337751758 0.1867353987465422 0.1513235046436023
1.121779437165485 0.1913292752603366 0.7662433575564833
1.361367156034294 0.1878862413507553 0.8414416468545387
9.529858259261243 8.755248212424299 0.943921357155926
1.121609813650802 2.104944519530759 0.8371995415777193
0.4894772633388061 0.4624174961123328 1.316326360848603
1.171866100996311 1.605711893708165 0.881284495510579
9.569039887591151 9.59640496492686 1.311350504991784
1.183728793871341 1.248908509569725 0.2635445104594927
1.308214479438374 1.54692222328602 0.1281248421770963
1.250984661374348 1.285647980396496 0.1357932565182802
0.2415154030504597 0.3192153549962475 0.4921962565435992
0.9285888902647318 1.803640628458121 0.8993762980567641
8.128576197732059 8.494992135826665 1.080634860398185
1.196212644618752 1.038849157495205 0.1071341386199399
9.055116017694106 9.403119070121766 0.2998673681077011
1.449969276548139 0.1682849341151657 0.6497471728569807
8.703755925032787 9.054156164082343 1.317314397602604
0.9860579675953746 2.142829590506294 0.9832922233594954
9.417478134935779 8.388577190039449 0.6807977234766351
0.4348243682377435 1.323353841257745 0.6674395206863407
9.276801437852056 8.553089059748064 0.4743458844386089
9.42521774618622 8.129824377190786 1.29740544645326
9.461607967550625 8.428288836585265 0.3520240994148379
9.395044460491194 8.81669450962648 0.3184174495369433
9.359602218152205 9.807785927623407 0.875339188281966
9.814262448969695 8.990332420841572 1.09125665914463
0.4228487952189995 0.9231777887307862 1.025916910715371
9.518449132710776 9.385124593887317 1.078859986559022
0.7769217124170761 0.8028539188726715 0.5133206102736102
8.698253423997526 7.865880581792847 0.4928454225079725
9.794234008247861 8.72747485570441 1.157206915571705
7.86944376058784 8.926788005257027 1.323354208548139
8.020421232632811 9.090599809739427 1.340024585611428
9.427339535043114 8.933000724988743 0.6856718294188772
1.29442514544491 1.299024514486389 1.098662839529236
8.931979922410324 9.476878159838598 0.7344613226874283
8.335654675099992 8.519777702250876 0.6253840060644609
8.742371210746366 9.145432525428216 0.7064093911903628
0.4808131018489498 0.2783165627195202 0.0790810303449387
1.069285626938262 1.177812890351627 0.5546760685025524
1.919432236453419 1.339483349429752 0.3232374050425688
0.8526084527425051 0.1779524485001923 1.06452752320181
8.322465460969754 8.845432283417203 0.7914946600459641
0.7199681822793975 0.18707916216913 0.7398070556583251
0.8019645793073245 1.602536151747998 1.042942800365187
1.521651269860188 1.45039409548672 0.4556171644572392
0.5075599861198333 1.456012650084751 1.329078957421673
8.867632498200129 8.081358093695613 1.135970483744687
0.4179809504560469 0.9259326309550976 0.5334683731647158
8.829002672780357 8.743508792410561 0.8039101899182914
0.1871273856966353 1.448734557992313 1.306240264269607
0.2468149713139228 1.61809093808455 1.192772432089176
0.274326293789672 1.888487284362397 1.170505964772156
0.2050737882399737 1.842410069686681 0.9588549864887113
8.889188973998484 8.972827370671526 0.6501449187425943
8.583042619395762 7.982363580751977 0.9255978164517271
1.590326354773288 0.3625931242534001 1.146557745730816
1.69893421913058 0.1877328014689114 1.053342875787821
1.241841923634938 0.8250132117760697 0.7420254231675242
9.571520403483873 9.80638253612152 0.7972688958521373
8.802235338697916 9.349431666661836 1.314255333632531
9.478152413649489 9.005968798314285 1.092779299500202
0.5634930796880959 0.1231216871307975 0.126567102083573
8.344675074644396 9.750977005118038 0.6585759166049538
9.628219073569555 9.670423684635367 0.441602383903248
9.835362171753353 9.714476623428197 0.5477240050469168
1.435858178563139 1.636037337849727 1.037459011601213
0.6372959363708917 1.12828702508256 1.116251483007651
1.468797525777908 0.9242139896620012 1.291953042952513
3 2 0 111
5189
3782
3783
3784
3785
3786
3787
3788
3789
3790
3791
3792
3793
3794
3795
3796
3797
3798
3799
3800
3801
3802
3803
3804
3805
3806
3807
3808
3809
3810
3811
3812
3813
3814
3815
3816
3817
3818
3819
3820
3821
3822
3823
3824
3825
3826
3827
3828
3829
3830
3831
3832
3833
3834
3835
3836
3837
3838
3839
3840
3841
3842
3843
3844
3845
3846
3847
3848
3849
3850
3851
3852
3853
3854
3855
3856
3857
3858
3859
3860
3861
3862
3863
3864
3865
3866
3867
3868
3869
3870
3871
3872
3873
3874
3875
3876
3877
3878
3879
3880
3881
3882
3883
3884
3885
3886
3887
3888
3889
3890
3891
8.933129268674621 9.199002882131227 1.750648008879365
0.2624455991616296 0.9479332560929123 1.742543333972249
9.595883852232767 9.7364230486208 1.75
9.743626943673243 9.409856705628336 1.75
9.2363463034789 9.714303766293648 1.75
8.833690279203729 9.257247531661717 1.75
9.133211107801968 9.197313107109112 1.75
9.030966848116281 8.909278498906085 1.749999999985197
8.651562705536008 8.610905254686475 1.754213345099772
8.935591819863998 9.542417857866445 1.750000000018149
1.20298949825185 1.197373423009523 1.748138893180096
8.580803816463556 8.883739836131376 1.750723137850065
8.442704302597038 9.589452295007383 1.750174573908842
9.33428464864927 9.426435303817385 1.75
1.527610712240376 0.7932157976018032 1.751700220363259
1.024545034662898 0.9193383054162183 1.752025861787078
1.141179188659219 0.673452304734372 1.747111189261039
0.5859552684017004 0.4447995424810431 1.752443944557815
9.08065676260248 8.533808924881846 1.750208657770132
0.8265782590938063 0.6291746597630345 1.754721758255572
0.2679095733168996 0.5834747344847364 1.748969872204278
8.869028200599177 8.371223703514548 1.750111581565617
8.567509075131316 9.220969698340326 1.74872696251782
9.555097884360547 8.542907542049072 1.750015273404265
0.7826443062186875 0.2640273467620924 1.754806477084755
0.6291343299732068 0.8259927407826246 1.745216527008258
1.504813333169509 1.138882709091618 1.74699272509506
0.5945723466855177 1.518243952251398 1.745242560041826
9.297893406492181 8.868519896248459 1.75
1.478225632115295 0.5337016478138824 1.755606741503129
0.4256621074839096 1.161429038788162 1.745408758255857
0.8113652173407114 1.182439725329646 1.74761223417999
1.096454860766573 1.47877040390638 1.741277584344398
9.623299834493572 9.034831252161618 1.75
1.314141265407586 0.9627994698596354 1.755640661078964
1.327715847896694 0.3042705657718486 1.751809213460867
8.672837160799915 9.727746017393974 1.75
0.9030227888362335 1.674713702856572 1.761351516367324
1.731369217584868 0.6197013236513625 1.734815484579509
1.349548482834997 1.413984195459291 1.75535696265471
1.045680782191902 0.2501085608435595 1.737242304392669
8.888810527114414 8.69943596697229 1.738092635663543
8.187892349355719 9.538093586543349 1.750422443942317
0.8317059304638056 1.433472524632338 1.749102752297784
8.79954356703009 9.007982268803071 1.739361822356732
9.372776050056512 8.353023175675281 1.751426429478026
9.627412918671174 8.290994813375129 1.75
0.293017542319685 1.399308815315289 1.750090975586501
8.402163630660333 8.691635112654643 1.738238105214756
0.3451412215463476 0.3263597795002645 1.743014934571873
8.689722581270821 9.469484023790804 1.749999999994073
8.151195192548849 8.794628142588188 1.744647998032193
9.532981162473453 9.270626278518948 1.748085379494794
9.540343404898918 8.795642234715476 1.729195754612569
8.289747805761708 9.197104073789685 1.747733811913363
8.342068015243644 8.953923620185055 1.756990925949709
0.6571530867990448 1.799094005758188 1.760312045806758
9.316336719518766 8.618698092564856 1.750400246094588
1.779064105123261 1.111342059589104 1.759749425933705
8.056754630203013 9.313178851721561 1.753646509804718
8.609200895254682 8.354159511125056 1.741372536447328
8.344046155156342 8.423999156749572 1.768194274391326
1.664622404156807 1.350822773641505 1.752994222274192
1.54917821666121 1.592787715082243 1.743242513171342
1.590991064597637 0.2958943720224753 1.738480022993132
1.765483083893226 0.8631779269108776 1.773858050696276
9.357072902203617 9.103799793578359 1.770992389754857
0.367650418593231 1.651409681697575 1.737172628486177
1.006864696559504 0.4819270193493766 1.715620125434576
8.962006227614891 9.787465672375859 1.730000771941472
0.6122527411817456 1.291467372872664 1.702664583903426
8.112943152924002 9.032669618549109 1.773997592093279
0.4061954068515245 0.7673217121669348 1.717603494999767
9.763172026755395 8.681985649602556 1.74121829566524
1.299643064785254 1.670664544292759 1.751064559269916
0.6251015490896396 1.05298691416005 1.72754027945897
9.115045607131492 9.416045194998157 1.699292279450608
9.542908927238102 9.515752794457061 1.705859008280353
0.899006822024314 1.972154645540937 1.782009913320657
1.102671003140838 1.827891356191864 1.746707634043562
9.128312113022579 8.284388699008717 1.747461577646062
8.929210741901352 8.120498083824407 1.745727134838474
9.789582224008438 9.188295696257072 1.782920770788728
9.789811884644964 9.627455077915979 1.720623084928345
1.003746878495811 1.281651245366828 1.697314965329189
0.2092875155648795 1.195784707904111 1.794149213498066
0.4095211293072295 1.92558376839549 1.75731343004485
0.8119126375893873 0.9396834779253845 1.696704880953689
0.5573972359215976 0.2166112907018871 1.774595415344353
1.345735366403052 0.6942756332778367 1.813793661871134
8.211929697928833 8.58754891070507 1.706153992148387
9.759139179770095 8.465142589344275 1.782166920483702
9.794716827564866 8.897513414503115 1.790741739494415
8.414565891714091 9.374742039266227 1.699269448462329
1.2062374933286 0.4751382825090816 1.791151433385085
9.14059410626218 8.732797990804691 1.811516016733118
9.44052795608437 8.077494770348009 1.75
2.014340998421128 0.9726233107669378 1.742366412363304
0.54783384810283 0.6433859374619335 1.813499668491366
8.751001113625449 8.211358268363448 1.687832628685284
1.025515824512219 1.116017548141699 1.823144931272926
0.18564340842913 0.7637401113880409 1.702003415769927
9.421067247189848 9.644868443966464 1.812055900009319
1.611300351462926 0.9714947041050914 1.688708593277636
0.4566607056478154 0.9676191084723844 1.816593879390575
8.969562967916316 9.093239400976842 1.812205386709299
9.405724211940429 9.810328802621932 1.698061266272386
8.106960502754852 9.781159621139077 1.751073160113729
9.178407341364382 8.020780775985122 1.733962725199305
1.995221763045856 1.36190801752608 1.762930740022142
1.823124733515604 1.574664613886883 1.740582097134691
3 3 0 418
3892
3893
3894
3895
3896
3897
3898
3899
3900
3901
3902
3903
3904
3905
3906
3907
3908
3909
3910
3911
3912
3913
3914
3915
3916
3917
3918
3919
3920
3921
3922
3923
3924
3925
3926
3927
3928
3929
3930
3931
3932
3933
3934
3935
3936
3937
3938
3939
3940
3941
3942
3943
3944
3945
3946
3947
3948
3949
3950
3951
3952
3953
3954
3955
3956
3957
3958
3959
3960
3961
3962
3963
3964
3965
3966
3967
3968
3969
3970
3971
3972
3973
3974
3975
3976
3977
3978
3979
3980
3981
3982
3983
3984
3985
3986
3987
3988
3989
3990
3991
3992
3993
3994
3995
3996
3997
3998
3999
4000
4001
4002
4003
4004
4005
4006
4007
4008
4009
4010
4011
4012
4013
4014
4015
4016
4017
4018
4019
4020
4021
4022
4023
4024
4025
4026
4027
4028
4029
4030
4031
4032
4033
4034
4035
4036
4037
4038
4039
4040
4041
4042
4043
4044
4045
4046
4047
4048
4049
4050
4051
4052
4053
4054
4055
4056
4057
4058
4059
4060
4061
4062
4063
4064
4065
4066
4067
4068
4069
4070
4071
4072
4073
4074
4075
4076
4077
4078
4079
4080
4081
4082
4083
4084
4085
4086
4087
4088
4089
4090
4091
4092
4093
4094
4095
4096
4097
4098
4099
4100
4101
4102
4103
4104
4105
4106
4107
4108
4109
4110
4111
4112
4113
4114
4115
4116
4117
4118
4119
4120
4121
4122
4123
4124
4125
4126
4127
4128
4129
4130
4131
4132
4133
4134
4135
4136
4137
4138
4139
4140
4141
4142
4143
4144
4145
4146
4147
4148
4149
4150
4151
4152
4153
4154
4155
4156
4157
4158
4159
4160
4161
4162
4163
4164
4165
4166
4167
4168
4169
4170
4171
4172
4173
4174
4175
4176
4177
4178
4179
4180
4181
4182
4183
4184
4185
4186
4187
4188
4189
4190
4191
4192
4193
4194
4195
4196
4197
4198
4199
4200
4201
4202
4203
4204
4205
4206
4207
4208
4209
4210
4211
4212
4213
4214
4215
4216
4217
4218
4219
4220
4221
4222
4223
4224
4225
4226
4227
4228
4229
4230
4231
4232
4233
4234
4235
4236
4237
4238
4239
4240
4241
4242
4243
4244
4245
4246
4247
4248
4249
4250
4251
4252
4253
4254
4255
4256
4257
4258
4259
4260
4261
4262
4263
4264
4265
4266
4267
4268
4269
4270
4271
4272
4273
4274
4275
4276
4277
4278
4279
4280
4281
4282
4283
4284
4285
4286
4287
4288
4289
4290
4291
4292
4293
4294
4295
4296
4297
4298
4299
4300
4301
4302
4303
4304
4305
4306
4307
4308
4309
8.849950155971227 8.34258867891098 2.49563730117821
8.369819097725522 8.73879979029458 2.501974769438235
9.445448556099217 9.50559900505192 2.504263920857348
1.321352276659176 1.624779127194242 2.496397570943746
1.455528228586774 0.4981891212080721 2.484789158610978
0.602396634301819 1.580485799502105 2.49836455994034
0.4787592258898876 0.5911231898608315 2.537811785853246
8.48339967663747 9.476372718271282 2.503984175841012
0.4213379340894159 1.202117167214915 2.578937992665466
9.515784517234843 8.550524169693496 2.486870811501425
1.658175718858618 1.248876048001381 2.496778489392305
8.897811909407951 9.58545676416772 2.417142414073973
9.603634161106651 8.945759395776806 2.555670513658363
0.8628223839100062 0.4156160520461027 2.452159680307688
8.05499892034374 9.125670480489855 2.483935373158607
8.428848434537105 9.106935654896407 2.61522764667023
1.564690898937953 0.8728868939155721 2.398716386516375
0.9407467564514223 1.946602745576268 2.520619629655411
1.725222854217067 1.647909783724847 2.597357521653645
8.047884824821448 9.574236485023338 2.443792993598584
1.163999615051098 0.3527640595349591 2.644377991154961
0.9636443858099373 1.579337154507378 2.619737951612767
8.7082527969967 8.585202403570346 2.666333679070072
9.170505126916538 8.481061676190979 2.370759132681553
9.155822399793568 9.646442634687451 2.652570538150289
8.384908628848548 8.267522083841856 2.53286970926072
8.572636095075518 8.498034744757948 2.343852502536076
0.3565144979758649 0.9250751918140654 2.354300608151028
0.4466683253320405 2.064352698729834 2.500506842832638
9.647879606959046 9.245137799396295 2.350426198161418
0.4875981240218139 0.8924125115642816 2.673313826516683
1.366120092395718 1.325868775899023 2.329641089193388
8.58533779873483 9.203378260958509 2.329806999427058
8.56009258873482 8.83560720724906 2.702738441044765
1.156066950476752 0.53377828888089 2.330393080738102
9.682073046283275 9.344941482255306 2.657041720843404
9.209324397559891 9.655528112038082 2.324590572682486
0.5995576004389935 0.3089980231349067 2.30777037392216
8.317432096387529 9.009603710785635 2.31934877210747
1.069841991932382 1.474598726441889 2.323613703153867
0.3303983885323808 1.506889420489762 2.673662618572443
0.3389894620172249 1.432033108759786 2.341446517266981
0.377863098851164 1.776007056956994 2.320537213938548
9.697368918534357 8.686176849556073 2.701465909985972
9.428202646051595 8.199499728608373 2.365098731631536
1.396432680226557 1.353375824996548 2.670906471862116
8.032507570119092 8.779623125943839 2.359662887930299
9.423421199199508 9.021618275042769 2.301737774596216
8.634161631294468 8.294346417744512 2.701652087418037
9.602363500060267 9.693758376763363 2.304895870229867
1.545392577820698 1.013558794015857 2.692149897437305
1.990131399314031 0.9324335754533473 2.57922017217229
1.743657179579515 0.6646546609359812 2.647041129141172
1.765569979691283 0.5210767550231107 2.333083009117879
2.099750503446442 1.380958952996237 2.542591535172043
0.6279509363263562 1.29650854452464 2.354363243087162
9.255192737676783 9.339764740851654 2.308367744988463
0.4613731509781056 1.801264392341082 2.686357548624758
0.6295452796719869 0.7605783253508195 2.309406346843969
8.739801768691983 9.426442443135807 2.687021780434414
0.8528280655346989 1.6979997308712 2.352398210758611
8.6168100582859 8.815465449888153 2.316308364318415
8.870527689184616 8.594372194212712 2.307079032602008
0.6287038441698255 0.3255849612728583 2.670561401917135
9.60205222453545 9.690744095511718 2.705368134396221
0.6607473145469013 1.349155038755764 2.675286043006157
9.084256399303257 8.144246813535764 2.326517506377237
8.864594940833468 7.930426763940646 2.636130136425972
9.315487271744672 7.701404510136401 2.491300909159734
8.646949733328798 8.087835944751943 2.445019759650063
1.630640722670458 1.517823438786263 2.312314114895967
8.245460699025751 9.340039102695993 2.318692861211775
8.20706020046639 9.368424985494327 2.642692758313342
8.278122979992471 9.685921647975672 2.644728329341028
8.314495532056208 9.639162162137533 2.305528378831879
8.859137582650259 9.708036257867752 2.69476561952762
9.42333664875143 9.190576827143786 2.678948510304419
9.718347052239924 8.849141052866281 2.283327658056792
9.068850492127556 8.500428052529047 2.681928257075415
9.083103586497748 8.174211349209546 2.652954012735414
9.709618264778472 8.427874814068961 2.288064242449731
8.620197242843512 9.691189518783716 2.325896021331583
0.7310332434982796 0.6034724145854409 2.694198377242798
9.338297078725617 8.729347993246062 2.315473730720825
2.178186020106591 0.4991870776964221 2.562466120294213
0.7641564548556878 1.789508622154766 2.711952690873812
1.452586465865443 0.2932623419927969 2.705004384194929
1.556622024754364 1.887824371169599 2.355913676410678
1.444583242014012 0.7219456993148541 2.697009651059313
9.318235880662309 8.35391892979494 2.599725560101272
9.335901697956956 8.63005294066688 2.711121956829915
0.3048913413418857 0.4369205405625642 2.315888857425589
1.338628808336882 0.28859921872779 2.291499418369983
1.833058133465155 1.041149404384888 2.312124058430844
1.890658889587896 1.346923139772165 2.31467880728587
2.002048945071774 0.7537989285322877 2.297643332151193
1.314656043434825 0.776161434006078 2.276540506652483
1.70569706368298 0.3802668509059656 2.583872673103329
8.069812312886596 8.503232132113107 2.668720845400375
8.198827255432116 8.487011352542147 2.35827302323073
8.83830048098889 9.337915971644559 2.274588932839835
1.479533503928314 1.851644211433374 2.672580394771575
1.30857459153691 2.328019904447209 2.51560668901728
1.255895606657225 1.937132786418982 2.458122582426259
0.8937626288718791 0.6455677796214774 2.278497705186163
7.944915347985831 8.091325478662528 2.455883026312257
8.375061041493353 8.516137738357438 2.716497741200005
8.569214925051311 9.710162187105405 2.65713181035998
9.668854345109091 8.264873757496996 2.657763108401613
0.6447024073408325 1.861261176341561 2.461876103329991
0.706729514122846 2.085731006299041 2.660514825304151
0.2625834923130712 0.7665812938477934 2.564779604127547
1.839290567048341 1.385151995587761 2.699581782610149
7.810803734816889 9.366182960058454 2.687864718122369
1.044049317766083 0.2776072002806289 2.283357082270558
2.186266356834264 1.133139021336243 2.28781874301283
1.383147392278973 1.049723333960051 2.275021953992287
2.054656385660767 2.10830056427374 2.526001417532845
0.903109379757673 0.2757354184371924 2.729772126798896
2.035944488950977 1.73569721058868 2.335742718427541
1.171038094896608 1.784600182304399 2.708091370954648
1.147731729942837 2.110313229240496 2.71300576519988
0.5893870512002599 1.116397353574223 2.75
1.805645095957375 1.10992930472684 2.686507431068077
8.820916510287336 8.199171422132185 2.26043522817463
0.3742495906610848 0.4231869264743015 2.736572130529872
0.2644280778132304 1.041838782808602 2.741744578415846
1.14485325441382 1.421350376687929 2.744174700476041
8.283683204910179 8.890407997813544 2.724392711431658
9.242231978695084 9.394360042403603 2.728581860607083
9.037491155254223 8.905985425206868 2.247752042390724
0.6031615630079959 1.029733505448245 2.31679059265217
1.0710611917007 0.917083597936184 2.251923758940744
9.357053185163773 9.753667773958137 2.519887149882214
0.8841632076762699 1.283966407765409 2.257438331672716
1.525561582490538 0.6108619510937418 2.250519384648674
9.741280035342612 9.092913672031633 2.736682655224912
8.608898373919649 9.142428272435819 2.777300514518322
9.413571189215475 8.44697578882778 2.260558311128227
1.596047654754876 0.3173313175634165 2.350287282457354
0.2534911979060848 1.177212719989396 2.368713970772653
0.750150535803555 2.180442769603223 2.304094298375602
1.114853993750291 1.731353227626503 2.36963909520268
9.747163003651643 9.56688622017808 2.504301072285439
0.9220442290253389 1.990219518851845 2.780819162144061
0.9931064364814138 0.5438206953886103 2.734859429337654
1.50408613342165 1.591245003780896 2.743301914102751
1.150711844135555 1.188986674961989 2.256855899979141
0.5624613242616447 1.523334221138421 2.249707027555802
8.975686482031326 9.759940618669408 2.241154595951571
8.78482593651327 9.055598491493694 2.243589365988864
0.2660457252147439 0.6946659195566789 2.248290166840488
9.509821256434956 9.450104584203624 2.252329417096635
8.539022877742637 9.451176278570857 2.24517352394014
8.551717876897291 8.244848963434755 2.242121943282363
0.404648123711052 0.2530497024705299 2.509722641379353
8.454179985420506 9.353542922882518 2.736806055401552
9.105681954943053 9.447846896532987 2.491972686935472
8.98863911847641 9.43517332270782 2.755669963227755
0.8186963487902357 1.444023783417789 2.451582039786935
9.436996108686543 8.874730921711173 2.753286114957509
0.3642060539285636 0.6672733342751144 2.765610527370138
9.545155860790484 8.479210936068091 2.734095720700628
9.75346885645514 8.639335780799641 2.432090631286021
1.268295251539381 0.671948773226323 2.516280182642552
8.272263018991456 8.722834469914213 2.25186136489027
9.577552789236897 8.640864064141541 2.243828433768193
1.960741733161835 1.171648265819429 2.492011924873314
2.253647759595935 1.108646655798993 2.597128456849052
2.036330739274092 1.219341326566831 2.736302999912002
9.085118383138298 9.157519645275196 2.250020494472307
1.246349035280244 0.5702157800606766 2.749088568295149
1.670956153101749 1.230632693686527 2.237423574752055
1.806648333221965 0.8126198487832992 2.449760924103186
8.131257494963197 8.737240015683499 2.590208877626807
7.697746890400233 8.727445734019904 2.633776596955472
1.427948346997278 1.142162183988772 2.507295572885118
0.847653288638834 1.034322151958797 2.254613854747091
0.6140309124493039 1.58749847133055 2.753016198879452
0.2380234946700089 0.5162681538991211 2.545787144454609
8.190820853832097 9.122805335545797 2.696022607473456
1.35956201788199 1.732270748356677 2.248145385918076
9.483201071486564 9.470253077060383 2.752727792192021
8.389811297918333 7.524550938094245 2.558220562078822
9.006656883688537 8.358701937397084 2.233424059351905
1.621209335902008 1.269731195305914 2.743838357178515
9.340475629210385 9.768732838330934 2.769182935515591
9.047135293073888 9.473911856847863 2.249876715363986
8.641750714249799 9.245064366414923 2.561032407949418
9.759093343562364 9.438976613191377 2.238590710625243
0.5235070204365493 0.5410442444661124 2.250575645534976
8.857266256302076 7.840995459060373 2.286502932324447
2.023578969309108 1.642832894316226 2.703835738677974
1.573331069064083 0.5114144736395873 2.756136953798948
1.205198624717232 1.38212495614885 2.508104103546615
0.2268497780002807 1.274854062833555 2.69901278780426
8.127948559776682 9.521154341646477 2.231826950230473
7.973318319226503 9.290954516013164 2.272775044417565
7.880208259332329 9.014695726635569 2.278617651446761
8.886000388130403 8.308285481116009 2.747033869246656
0.9314909645199022 2.171079380543247 2.616753349191694
0.6462990378669401 0.7691694274279157 2.54634706088344
1.896939245630053 1.507522032731381 2.49734386610494
1.566861804650348 1.469757253802922 2.542103024465922
9.091536910203555 8.668969984821935 2.237911119245598
9.422917552990949 9.222124539119061 2.438372747509685
8.894127672515912 8.105657572241903 2.471537328076187
9.079386552796034 7.891691939617354 2.45520754740211
9.156858611660125 7.729936308449564 2.806046517208641
9.419871698374797 8.039804285821763 2.660196183626685
9.720330381116067 7.955222075545005 2.432028979346033
9.454126652423122 8.253482922209438 2.781094323036376
9.260304840588004 8.056933722380649 2.474084367103321
0.8133585132975977 0.2264106278643612 2.227817269651703
9.434554354480674 8.773891983833849 2.533152026237617
8.908819938367955 8.604544219546653 2.541029268538653
1.050909560224704 2.000572272034765 2.241397035104025
0.81970268752798 1.938700467973915 2.304777707892664
1.095386535186714 2.117083094704352 2.448023033617176
1.339873972566702 2.161058327875639 2.229651237566963
8.938251782357987 7.324842659901045 2.490854846564984
9.772981241439002 9.046723232913182 2.413713212627723
8.774233268303973 9.775776423762848 2.484461828980008
8.104039722183325 9.092596242304269 2.253011625600016
0.2411087625292793 1.728619266655464 2.548341501178362
8.711269653762315 9.441338297943689 2.446652888740481
9.391949069965129 9.771936113134473 2.226308344758365
1.003908125788154 0.2339695371574279 2.514038955671584
8.567436030146434 9.002139740598084 2.453897944619455
0.6814457304899617 0.5618017972630873 2.423030705115177
8.77917464253485 9.557532828260547 2.216535681386943
9.051245819337804 9.762064487378238 2.470234675437561
1.244735960208153 0.2039664369383858 2.797758925671031
0.7636522982926882 0.4565608238487715 2.225656805563215
9.233064560985774 8.300360275523754 2.236203449542769
8.202000575166565 8.946110128015807 2.512512384444082
7.987191471120687 8.948261647718049 2.674516563886149
0.8235930930692793 1.482125640751872 2.783749671666364
1.899069990528705 0.2408113495272871 2.379666728879194
9.226794662521845 8.660535530221233 2.507820237465757
9.735556521343984 8.480168017607296 2.600639401747394
0.6352345645360732 1.151792667013533 2.527406752402762
1.322651092040659 0.2340163938559992 2.518999791840863
0.4492559373885269 1.193876815070919 2.226923508266855
0.7301427056265056 0.2238418530792857 2.484118160668646
8.390923881139383 8.494074198691246 2.48684089697592
0.6443922705978188 0.7853336832520713 2.792207066718951
0.4482221330870826 1.329888102577647 2.774961379624996
1.541309227967678 1.684823785452259 2.46367843688751
8.830116764528626 8.807533226337805 2.229997786126018
8.602850761148259 8.311449765608904 2.47460525002755
0.2272685773579006 1.028410192117645 2.203570093465044
1.618221904005556 0.6571224327506036 2.455166760969048
1.736909001851405 0.893805167188816 2.652569770125991
8.486928534306978 8.661517839726489 2.212150284717354
9.465079223907663 9.228819569574165 2.21326766620371
9.778224740495148 9.535414038620303 2.78093547057532
1.401320133561301 0.8978413182757573 2.557079175673172
8.389611141559675 9.198161179092686 2.208516574897466
8.588243620925944 8.671692036600472 2.491886442585755
1.727862893825677 0.8440788087626164 2.22580220138442
8.750507178076226 8.416309544726507 2.219491273528696
9.55874901535082 8.282654801090358 2.19746229518927
8.527288049800175 9.006708336358679 2.22900376401435
2.044503157370436 0.9693352242800819 2.36040645156704
9.586750172763734 8.335658973723152 2.456888893657924
9.802649167029625 8.85803028815582 2.605639388302631
1.016963333049278 0.576802419796458 2.508466091118983
0.2212511767712509 1.007894169356132 2.519452439612885
1.3369170088409 0.4957197833785679 2.198502928781107
9.636701086892753 9.056293797760979 2.214107873157514
1.280287051583046 1.599927487920945 2.784231325697123
8.409425775235503 9.267646931802656 2.456978594631142
7.849919583391909 9.540421909236921 2.249735278611641
1.375621531816342 1.147484502925239 2.774120670544845
8.060896237412559 9.350815322909281 2.471819191099429
1.278123612003431 1.516183937547712 2.231451666610546
9.257573565891251 8.906460404072977 2.203710210591352
8.261413862001433 9.523942803525264 2.490492708301506
8.367148260884433 8.343316959266472 2.322660254069412
9.679036710460737 9.794511935167714 2.505961416676087
9.070600345906916 8.310490397601138 2.475804862116357
9.399845318074831 9.019564515319106 2.520100488463443
8.702222530156657 8.742825807603165 2.817142671281204
1.119057160652613 0.7069192861072063 2.194782401846748
9.045569765331885 9.783036837721285 2.787051270638555
9.657949452469264 8.890696264778363 2.782308126339502
9.570035759565608 8.12241744351077 2.518265717477342
8.029463945028443 8.583814436601143 2.465287110842468
8.028084650273396 9.574633581328913 2.729673533809438
0.8649697762140537 1.504946847707198 2.242871510386558
8.780988088673359 8.134057358025197 2.65969622910054
1.694110339540196 1.030842052202156 2.48410652287826
8.452362450016921 9.692795695361307 2.470056389213652
9.603975920528079 9.166715683175937 2.552306246798002
0.4619115157550193 1.412040297816698 2.523782732173091
9.237048644599547 7.928541200349335 2.221233322381053
1.775542851510479 0.3289461712876589 2.206248187727129
2.044548531540517 0.461913252595679 2.235310095363248
1.599069735852085 1.022319514536006 2.240416101376614
8.334715469391456 7.924784731140455 2.29366005184305
1.713624744854598 1.541840131424506 2.790108159609324
1.650880793048079 1.755465025345429 2.777980361357141
1.727519137099538 1.924141007747823 2.571449034624112
1.782413512664314 1.803428173629325 2.338186153087352
1.307932791931818 1.956717522598983 2.801249925169689
1.563978784165477 2.182795781695527 2.736443259334934
0.2287251694703344 1.703166276949166 2.800859354266599
0.9676584849397891 1.727449550873495 2.792240568978666
0.641645802524774 1.764303457706308 2.226351843057488
0.5205975291895173 1.976972074219601 2.278113145460624
0.2035742968610124 2.04803765356981 2.285455524408047
8.399199161130472 8.718881435654206 2.78869387215552
8.220416841495592 8.279978605679872 2.767562922221501
9.820620309544381 9.64326794986593 2.306920042425876
1.511374693660009 0.8209466560338767 2.193723047903349
1.822415361303646 0.4702011618986411 2.791998125826244
9.812964047021515 9.709494430808471 2.654988250284893
0.2140665100145289 1.401481703402519 2.519752592703605
0.2139269053545549 0.8307403950863504 2.799609201199907
1.39573522744353 0.9111992440764756 2.812609837231146
8.742117630210593 9.282985537770614 2.825862440174225
0.3929803705428074 1.607620531729039 2.454463399913422
8.573526167539688 8.479336712411026 2.804882523172653
8.433144124022721 8.317146197090633 2.777896733606601
8.484950723397493 8.032731789062058 2.693012899379852
9.513963478372231 8.848300802786074 2.196484959857565
9.329562044589309 9.545717179923949 2.183842104281076
8.90033548790875 9.412515043057981 2.54476371659467
8.212327188737127 8.393861482892952 2.551205819130719
9.247490048509334 9.293814288192882 2.539065994592907
0.7638887253183058 0.4225518055941473 2.812139056523563
0.4725627849386239 2.046933321841399 2.753518951511755
0.2270168216217305 2.056380907250539 2.688402848131703
0.5098896603102674 2.400509683483055 2.645610986392288
0.8051392920734917 0.8281057278570536 2.200434634425398
9.074992653373272 7.960781396439399 2.65730758746252
9.231895657232739 8.064031341530361 2.770023668411314
0.4309629672585334 0.7266717633577922 2.37998775041174
8.767436147392321 9.770051603861042 2.191646334730665
8.45459445023746 8.995827629104079 2.794923931241445
1.522668218784341 1.37702145751533 2.195181062553679
9.802052349048081 9.353670343134022 2.469363029477571
9.794487325985349 9.198420562924984 2.203700228296096
7.948868721092341 8.942940037136712 2.466001045203577
0.568263914717569 0.4973961691770777 2.779133977929666
1.59300307270718 0.8355713991287332 2.796742755787657
0.976967634552663 0.4638001719532288 2.199151352174538
8.573190936126638 9.530969830761153 2.781803152420723
8.206497551254161 8.636291030711645 2.760245950236045
9.346808172593002 8.43530769903659 2.792789748751322
1.660160360403366 0.3064720670903655 2.791972798349155
9.791178638202277 8.616413722736459 2.220340661772287
0.4776428341004353 1.014330401454349 2.501777172580703
1.170355231181773 0.351564928354995 2.434255543324653
9.380409703709994 9.055252921150519 2.821278969633821
0.5522975273066785 0.4006211994215666 2.490323636157546
8.696243573482498 8.648068542114251 2.203070046482111
0.1840654448277802 1.631137988834914 2.333940726609944
9.032674220198189 7.952378209615969 2.260279706647253
8.878836731928446 8.521666023038845 2.783801455705246
0.7872291013596471 1.663654132461531 2.547317600287127
0.7058896848571288 1.18332621925167 2.187122194396584
0.4864310798417377 0.2597253629112519 2.81510426490608
8.734663816343563 8.51395441224803 2.472947648571784
0.3521621466091284 1.597166978415943 2.206607087448326
8.209677719443816 9.791459347891323 2.462781135620368
9.808467436707879 9.318645522542925 2.821871085318687
1.031786511909558 1.764197151164633 2.556339420783667
1.753190297267486 1.418882717293274 2.158746960686687
1.82309693528876 1.582039867496358 2.285268593744668
9.15288381515526 8.641809411917771 2.809280118053854
1.000633126570136 1.393830630081013 2.536137212930009
9.169641521629197 9.808068756642486 2.192435001256304
0.4622808339148342 0.8292522337473509 2.194587120512644
9.148811880733565 8.32842440029421 2.803421126328761
8.101050125714725 8.812391816052957 2.779823333365953
9.590683119875596 9.222624638172697 2.798511150442974
1.563651861297546 1.705584483987659 2.259790641747856
0.3878382183664242 1.866852394391286 2.505301835306758
1.214880594769606 1.878026272992091 2.265025426097142
9.28331807438696 9.132853176817239 2.199604209563982
9.514852728948533 8.686686019794772 2.805628498587556
8.339734014524806 9.470217823756581 2.185056135857325
7.95461733026792 8.749880700072525 2.564973558748233
7.79415698876089 8.80230740054912 2.348827108373833
8.361689987297984 9.179427486677266 2.795714346959921
8.664306937668792 7.971158200324523 2.613463103051922
8.723158993763125 9.599603189868926 2.577388811754471
0.7047701870739622 1.388774176444143 2.187641194060738
1.525860587112034 0.4163245329320952 2.184539334094156
1.505989061200361 0.2100581728994773 2.197057653154915
0.4447977214777821 0.3638293773587118 2.18612977283863
8.161507706875012 8.89560139761865 2.249996886051603
8.67516662191445 8.847651290485024 2.512966237990123
8.418229875278012 8.84632307841532 2.183333509794535
1.433118208408405 1.515718215494001 2.364608464314976
8.556884319553323 8.464263106386603 2.60195644526048
1.124704900167684 1.570720876175568 2.494918306240844
8.780856722211182 7.934479720660256 2.450520451773374
8.901275216657876 7.672304272239185 2.546018190085295
8.716132646785212 8.006121451339462 2.253086383599638
9.353021318136618 9.59688375297554 2.660907805709871
8.256744846873758 9.141881638616427 2.504508635537298
9.617426723006727 9.43231371353475 2.424046203054771
8.302373302363764 9.512868169896022 2.787936289131272
0.2669687982933389 1.297251729809408 2.194412755902444
9.777930169483188 8.513121947249154 2.817460416175261
1.000606973949685 1.670476311455296 2.191718639638209
2.07528019364952 1.282639681352916 2.367313642675089
2.047468695673744 1.497987611496875 2.338511373804747
1.958122354720829 1.461233214700475 2.152789679664473
9.832075656072425 9.223429541269921 2.614891432584941
9.243020340252833 8.537568659574401 2.184792342829251
9.591247375432513 8.755888415146769 2.408292777364215
0.760777614511846 2.024783117383251 2.476677611329544
7.961979073493064 9.80021736876934 2.581155469758788
0.8303685137268755 0.649438143173651 2.525650102174736
3 4 0 1
4310
0.9956064910632493 1.000029962149946 2.711030876880177
3 5 0 1
4311
8.999312246151796 8.999956360535073 2.708833672759877
3 6 0 85
4312
4313
4314
4315
4316
4317
4318
4319
4320
4321
4322
4323
4324
4325
4326
4327
4328
4329
4330
4331
4332
4333
4334
4335
4336
4337
4338
4339
4340
4341
4342
4343
4344
4345
4346
4347
4348
4349
4350
4351
4352
4353
4354
4355
4356
4357
4358
4359
4360
4361
4362
4363
4364
4365
4366
4367
4368
4369
4370
4371
4372
4373
4374
4375
4376
4377
4378
4379
4380
4381
4382
4383
4384
4385
4386
4387
4388
4389
4390
4391
4392
4393
4394
4395
4396
8.979972120973573 5.802563905082581 3.244596756031549
2.445522416268546 7.920782502699907 3.250477276862489
0.5822999384763934 0.8744078921545055 3.25
8.58595455426962 9.13440488486442 3.25
0.3586460923880218 0.7276986411312868 3.25
0.711743160376759 0.63619951699134 3.249535560049592
8.669607431680316 8.353195291124496 3.25
9.621066243465991 8.854202785328145 3.25
8.529931644361623 8.779748141757132 3.25
0.5954537991777562 1.130729516663698 3.25
1.122310618028485 1.458605337258084 3.25
8.741332569312052 9.382312991095118 3.25
1.131235041752862 0.2622254597689105 3.25
1.337714414193649 1.648117578954553 3.25
1.4066456596014 1.272647046084212 3.25
9.243663773490583 9.735146250623345 3.25
9.48382240210603 8.620860721912848 3.25
0.7872138751671003 1.618954770642581 3.25
9.507410476350708 9.755053806733271 3.25
1.463125109140576 1.007930024764083 3.25
8.73435232549733 8.610541183500816 3.25
8.36751527828631 8.987157206456581 3.25
9.357889851070574 9.430884186389674 3.25
0.5500441756100318 0.2992901929633046 3.25
1.398804747344302 0.3144294959041297 3.25
0.2649309695719512 1.026002087398364 3.25
1.068165993035361 0.5258118358819592 3.25
1.382652054387618 0.7056567440694934 3.25
0.4863409047270637 1.679815206532044 3.25
9.442923096266593 9.173759278866811 3.25
8.99780188898254 8.543104312525967 3.25
1.574042474781266 1.52852256998862 3.249999999999985
0.4615346584640861 1.367155954197244 3.25
8.99705879490967 9.467755050949176 3.25
9.71845443730442 9.360329484409782 3.25
0.3655405693684453 0.4738196078217929 3.25
8.488353795265722 9.472060251254018 3.25
0.7927478590104665 0.3900635661291432 3.25
0.2648383774903944 1.835651688311753 3.25
1.595495499071549 0.5426742245235775 3.25
9.73973393833905 9.625487536018458 3.25
0.2641628147473722 1.540129033096605 3.25
8.84227669524444 9.710298718861155 3.25
9.756838887551261 9.10118407257209 3.25
9.248132299438078 8.536227511559334 3.25
0.7200759990274178 1.369273743332617 3.25
1.613976511911313 0.8059207785747143 3.25
1.030574473207408 1.697211734497871 3.25
8.576212233810605 9.723549360183165 3.25
0.2282135039494981 1.274389349258162 3.241369784480444
8.498068914099772 8.533169595271239 3.245582749754625
1.81831801814302 1.667182285337801 3.24999999999997
1.804039270945093 1.40783817770105 3.249999999999953
8.916104172412748 8.305749704400016 3.25
1.657482629858185 0.2903847207136331 3.25
9.37572410807012 8.841472555199848 3.256990467677067
1.587672438234856 1.789009633971946 3.273518233039734
1.340773529096076 1.936825808784212 3.25
0.9161566698922886 0.2047840973328344 3.219185392975303
8.313310094314424 9.67430362086168 3.25
1.288269696356989 0.505812882950833 3.301120761939791
9.168467146215324 9.361172265806758 3.184048797157109
1.643514244945116 1.184801136632978 3.25
9.038336721478636 9.797572261302827 3.212963539895262
9.740272288075994 8.627057752088492 3.25
0.6767498363074754 1.846994954675129 3.25
0.9366636275824245 1.968173144325778 3.24999999999986
9.559869420238432 9.506489159924838 3.301705179087937
0.3996542175771761 1.174745149559649 3.300953921693032
8.632639070936687 8.945277257354288 3.25
0.1891082284794905 0.8383090743138765 3.189722565472442
0.7210402288042533 0.1862255374537351 3.293143188515018
1.320209758820599 1.450841281523838 3.314645327074411
9.186761971163804 9.540211761823612 3.309096326660534
0.9128977570502339 1.451292036108058 3.21140772313922
0.5191210730637814 0.6195670018309396 3.319488051977792
0.1997267643054573 0.5963498097685317 3.294463330369215
8.459368939080059 9.280748405809453 3.178889173623563
8.183407851737259 9.214533775435125 3.25
8.251149515173829 9.443630265225636 3.261379931342078
0.9008096723633526 0.6158037053387262 3.190060975624175
0.589608633716353 1.514308306313967 3.187748261060695
1.13345327688372 1.88462256083418 3.299971946570232
9.528187265935065 9.344579853573492 3.186584307809575
1.206405248117054 0.6489652699225379 3.170832181051819
3 7 0 1
4397
0.9982697989126323 1.000088599020425 3.290728409946115
3 8 0 1
4398
8.998140491874517 8.998862717691791 3.21133264170965
3 9 0 782
4399
4400
4401
4402
4403
4404
4405
4406
4407
4408
4409
4410
4411
4412
4413
4414
4415
4416
4417
4418
4419
4420
4421
4422
4423
4424
4425
4426
4427
4428
4429
4430
4431
4432
4433
4434
4435
4436
4437
4438
4439
4440
4441
4442
4443
4444
4445
4446
4447
4448
4449
4450
4451
4452
4453
4454
4455
4456
4457
4458
4459
4460
4461
4462
4463
4464
4465
4466
4467
4468
4469
4470
4471
4472
4473
4474
4475
4476
4477
4478
4479
4480
4481
4482
4483
4484
4485
4486
4487
4488
4489
4490
4491
4492
4493
4494
4495
4496
4497
4498
4499
4500
4501
4502
4503
4504
4505
4506
4507
4508
4509
4510
4511
4512
4513
4514
4515
4516
4517
4518
4519
4520
4521
4522
4523
4524
4525
4526
4527
4528
4529
4530
4531
4532
4533
4534
4535
4536
4537
4538
4539
4540
4541
4542
4543
4544
4545
4546
4547
4548
4549
4550
4551
4552
4553
4554
4555
4556
4557
4558
4559
4560
4561
4562
4563
4564
4565
4566
4567
4568
4569
4570
4571
4572
4573
4574
4575
4576
4577
4578
4579
4580
4581
4582
4583
4584
4585
4586
4587
4588
4589
4590
4591
4592
4593
4594
4595
4596
4597
4598
4599
4600
4601
4602
4603
4604
4605
4606
4607
4608
4609
4610
4611
4612
4613
4614
4615
4616
4617
4618
4619
4620
4621
4622
4623
4624
4625
4626
4627
4628
4629
4630
4631
4632
4633
4634
4635
4636
4637
4638
4639
4640
4641
4642
4643
4644
4645
4646
4647
4648
4649
4650
4651
4652
4653
4654
4655
4656
4657
4658
4659
4660
4661
4662
4663
4664
4665
4666
4667
4668
4669
4670
4671
4672
4673
4674
4675
4676
4677
4678
4679
4680
4681
4682
4683
4684
4685
4686
4687
4688
4689
4690
4691
4692
4693
4694
4695
4696
4697
4698
4699
4700
4701
4702
4703
4704
4705
4706
4707
4708
4709
4710
4711
4712
4713
4714
4715
4716
4717
4718
4719
4720
4721
4722
4723
4724
4725
4726
4727
4728
4729
4730
4731
4732
4733
4734
4735
4736
4737
4738
4739
4740
4741
4742
4743
4744
4745
4746
4747
4748
4749
4750
4751
4752
4753
4754
4755
4756
4757
4758
4759
4760
4761
4762
4763
4764
4765
4766
4767
4768
4769
4770
4771
4772
4773
4774
4775
4776
4777
4778
4779
4780
4781
4782
4783
4784
4785
4786
4787
4788
4789
4790
4791
4792
4793
4794
4795
4796
4797
4798
4799
4800
4801
4802
4803
4804
4805
4806
4807
4808
4809
4810
4811
4812
4813
4814
4815
4816
4817
4818
4819
4820
4821
4822
4823
4824
4825
4826
4827
4828
4829
4830
4831
4832
4833
4834
4835
4836
4837
4838
4839
4840
4841
4842
4843
4844
4845
4846
4847
4848
4849
4850
4851
4852
4853
4854
4855
4856
4857
4858
4859
4860
4861
4862
4863
4864
4865
4866
4867
4868
4869
4870
4871
4872
4873
4874
4875
4876
4877
4878
4879
4880
4881
4882
4883
4884
4885
4886
4887
4888
4889
4890
4891
4892
4893
4894
4895
4896
4897
4898
4899
4900
4901
4902
4903
4904
4905
4906
4907
4908
4909
4910
4911
4912
4913
4914
4915
4916
4917
4918
4919
4920
4921
4922
4923
4924
4925
4926
4927
4928
4929
4930
4931
4932
4933
4934
4935
4936
4937
4938
4939
4940
4941
4942
4943
4944
4945
4946
4947
4948
4949
4950
4951
4952
4953
4954
4955
4956
4957
4958
4959
4960
4961
4962
4963
4964
4965
4966
4967
4968
4969
4970
4971
4972
4973
4974
4975
4976
4977
4978
4979
4980
4981
4982
4983
4984
4985
4986
4987
4988
4989
4990
4991
4992
4993
4994
4995
4996
4997
4998
4999
5000
5001
5002
5003
5004
5005
5006
5007
5008
5009
5010
5011
5012
5013
5014
5015
5016
5017
5018
5019
5020
5021
5022
5023
5024
5025
5026
5027
5028
5029
5030
5031
5032
5033
5034
5035
5036
5037
5038
5039
5040
5041
5042
5043
5044
5045
5046
5047
5048
5049
5050
5051
5052
5053
5054
5055
5056
5057
5058
5059
5060
5061
5062
5063
5064
5065
5066
5067
5068
5069
5070
5071
5072
5073
5074
5075
5076
5077
5078
5079
5080
5081
5082
5083
5084
5085
5086
5087
5088
5089
5090
5091
5092
5093
5094
5095
5096
5097
5098
5099
5100
5101
5102
5103
5104
5105
5106
5107
5108
5109
5110
5111
5112
5113
5114
5115
5116
5117
5118
5119
5120
5121
5122
5123
5124
5125
5126
5127
5128
5129
5130
5131
5132
5133
5134
5135
5136
5137
5138
5139
5140
5141
5142
5143
5144
5145
5146
5147
5148
5149
5150
5151
5152
5153
5154
5155
5156
5157
5158
5159
5160
5161
5162
5163
5164
5165
5166
5167
5168
5169
5170
5171
5172
5173
5174
5175
5176
5177
5178
5179
5180
1.522928378788807 1.761977892162879 4.248024103922693
8.782206037380767 8.263402811304127 4.086695427131066
8.239292940935284 8.628130543570121 4.244580574951854
8.202951561438892 9.292906580200484 4.15625
0.6003429673786551 1.689442469920295 4.094872098584861
1.888906499121664 1.135835528680543 4.225038262337843
1.035531953477355 1.691339022773743 4.344975292828479
8.324181276737834 9.01011139573121 4.53125
1.662713811569198 0.7109369484889849 4.017332902237058
9.488222451822329 9.471174474172988 4.311343730810408
1.564074251362334 1.375831760324578 3.968706261890226
9.392772268773736 8.265031358035284 4.327934695519502
8.960422044653932 8.335912184595509 4.52843246157652
0.4512098036975568 1.273383921078296 4.062499999999845
0.427142470393745 0.7985424993454781 4.34375
1.371244058311511 1.508922996054584 4.600432591196604
2.052875553202919 1.658183979015987 4.059975320288903
0.4416298024126737 0.7703174104245218 3.917186464491462
1.219451980722142 1.653975186020801 3.94302349672988
8.37726279642944 8.938272324935079 3.96875
9.574468237516072 9.279639755254335 3.928331268787282
0.5690226350056806 1.438058823739707 4.436664293099305
1.602756610493687 1.014549300788264 4.535571635828624
9.306077874576092 8.462534006859487 3.935451542807659
9.572796485601542 8.789424716487812 4.019110767882197
9.55925952023048 8.66736906085484 4.456066899893092
8.602847232909649 8.537090038724127 4.435602859637132
8.544470863489654 9.518125097004219 4.443779861035604
8.574053008455197 9.520045153056152 3.972345615299846
8.921845180056167 9.589121360947644 4.269830616563524
9.269980015498234 9.582389459629466 3.922510131242322
1.319206958842469 0.4385341974515253 4.119991876021603
1.465823553607508 0.5831809189934883 4.523183768576692
1.982886249806386 0.6591378126016216 4.436245736018418
8.490933572671903 8.734214905598709 4.758093925256739
0.9634812897114197 0.402096396388374 3.907083023453309
0.6021636147415461 0.4371514891451914 4.159145352045111
0.9697620900487298 0.3962699616650578 4.304329928924544
1.166993601134809 2.243717500932057 4.108990555508307
8.846221986116968 9.545608791766446 4.701923737065025
8.499692743208389 8.534460318581925 3.922727991387999
8.188000006915063 7.989885753523804 4.108935357746386
9.577880592773356 9.08995123644153 4.273065361194599
1.642965126236122 1.408118436428453 4.345298016475361
8.417047033737854 8.288194881285143 4.207431125689074
9.202355824144336 9.607038035131442 4.545583790296162
1.583868962065023 1.745067379432431 3.870773749625438
0.467245318135205 1.104650181053095 4.53125
1.53768142554664 1.042648221178929 4.136537763377072
7.811632055252094 8.974265464781174 4.04682201629842
9.124356719568137 7.229291125158488 4.307563023950848
0.8650603017832901 1.541576799019358 3.866535015547759
0.9250793698497209 1.880624476354424 4.032050176555957
1.292599980005129 1.449560443839623 4.240285610720353
8.911063331174278 9.643382154511421 3.909770753661924
9.068208629662983 8.446236809897815 4.204067660537921
9.160893822930943 8.06478430088675 4.022877314816057
8.107375588630513 8.960961568204329 4.250547539165622
8.511777436208185 9.198000141322849 4.298568462267429
1.550354624620663 0.4151355207979633 3.843906927669203
9.24068823157701 8.535912972626743 4.490737094250597
8.505156468913642 8.835139210206657 4.300412552098757
8.499126457999161 8.166885212931811 3.865470390679197
8.538007666546813 9.175602365317763 4.71875
8.840317486016357 8.510614931949494 3.845829414784357
8.535241448954714 9.209813364162258 3.839597946696505
0.4912103650258156 1.072102369706695 3.812922046517989
9.597544996299209 8.125945688829308 3.957203991901845
9.582228750369405 8.422837931727136 4.109765020999627
0.8190760157103836 1.471775353966898 4.219600344887526
0.6480349613553801 0.5112706830848821 3.827158033613414
1.228907819958598 1.89933856858654 4.169332574769422
1.305240599134961 1.860432584331157 4.524728412131034
0.533174419481185 1.498486841962743 3.825167459621006
8.268191472361023 9.334969504769729 4.480606151469054
8.678842452996143 8.215504045185547 4.399028840661683
8.581814773208416 7.980204355668622 4.153890369923179
8.827433699198261 7.954918307952616 3.850628339840581
8.916222358570698 7.990686894596203 4.266166757365908
1.681471393053549 0.757474466933632 4.343762849260224
9.598376871124929 9.664257421287299 3.833498541189705
1.94130897307709 0.8197922141357414 4.152876298078537
0.4566980705872106 1.825148775185985 3.823747386502263
1.252415936982816 0.3141296986095512 3.814172197545335
0.7166124939999907 1.724348768825423 4.395975450483437
0.8784597457164222 1.477890253006914 4.544137900839945
9.353459520037239 8.63806266109693 4.204176918820327
2.510695529214201 1.032854286515902 4.380403268882342
0.8656094425106 0.5072056405151819 4.628115894905322
9.23124408138287 9.687245158879485 4.229852050524822
1.519165606162449 0.9360896767638768 3.826935967010248
1.769284729102312 1.125394062248136 3.920515060222748
1.272297720809761 0.3228118988113208 4.43276583613167
9.688117019086107 9.004263708943492 3.812377352619095
1.368411969633385 0.6679510239799108 3.905948165229444
0.5859803078331581 0.6902481652168301 4.617347963707855
0.5664418315984189 0.3484310052150982 4.506178496450394
0.3168217249495645 0.482854719259898 4.328153930094405
1.296620092163599 1.383184251208953 3.806020005583355
8.722845287796266 8.568841148456679 4.144486953554546
0.3055049824664144 0.9890898973812337 4.11254900449349
8.567780726700391 8.798554433559554 3.784832123811237
9.497348761801748 8.942765620526801 4.646001253589159
8.114280879390648 8.775560010701476 4.001036456095379
8.138727102854268 8.388944776191991 3.95293038691231
7.832180921673045 8.535980617581924 4.199289798484828
8.094028104769288 9.090729050793627 3.927233677308228
7.68216653004962 9.450976206809832 4.034744707761618
7.911809344590013 9.195283767491111 4.155991266833084
7.79136960379851 9.192164262119942 4.670227810901444
7.781290576538472 8.934326888473402 4.359686244329055
8.201071590488166 8.345810777283946 4.645935877903628
8.188205126460321 8.691294619119418 4.585937774956991
8.970197737226567 8.229560941254757 3.843011171472482
1.95515512441412 0.3712687315933121 4.086833239418973
1.738230731458932 0.4033883307481444 4.37197666436297
9.395023281558368 8.708831518156007 3.795142402721865
1.409272832746053 0.7194681623777073 4.206183192603436
1.106589518614492 1.658141656307692 4.641336805111091
0.9381285953674392 2.010499770167118 4.562639305919767
8.267101337624506 9.427087011024701 3.844778945371302
1.192961311570379 1.985542908443271 3.83100905156227
1.867831701215394 1.43852869261538 3.824616674729101
1.887931503809674 0.9456292659488655 4.460643041928058
0.3327294610682437 0.4459784143843725 3.946451172407225
9.073483846649879 8.520287218778597 4.755976511117707
9.447832008422267 9.236925125630187 4.527196096013412
9.49281930432914 9.702164700477612 4.513932702474714
9.696519098023764 9.448939551556865 4.565002624456801
9.685839700373954 8.671808888171716 3.774669010178333
9.576548070009375 8.394099827234948 3.820138512132508
9.709016453584647 9.333113727233183 4.180994874007906
0.2959479440872202 1.212820152896258 4.311028939304684
1.427070411993656 1.246337110693287 4.471462522502198
8.82066388910401 8.579217654636272 4.624150156629906
1.819755403626652 1.397410098457678 4.111237720288584
2.05989557404627 1.238427312615503 3.978417938178135
8.695091697352446 9.411332303506246 4.216147098328602
2.057392437863969 0.8973894327942424 3.788170011045196
1.944219679000997 0.6272272158113575 3.903748947786723
8.021646178430675 9.34447370271347 3.960593283039031
8.165508703537236 9.674769502606591 4.121799545658869
7.970729264001218 9.481929206419142 4.349912249179122
8.391492184324209 9.5094358246832 4.197496012570936
8.240333197739995 9.675765801688208 4.456326110108007
0.5917506012303562 1.186123623031839 4.291299972672091
9.113697214746068 8.191034198576551 4.331235972713419
9.252886567517317 8.242006176151103 4.613361869057621
9.006521717999016 8.001876629475284 4.598289952079087
8.648799962196049 7.833711912900624 4.522689280774649
9.336449329953108 7.919584150222528 4.450385059607541
9.418986135772325 8.006281312328859 4.171479713274106
9.491262676669681 8.404672095091442 4.5653895678428
9.404710105452331 8.656736199508975 4.725821232664472
9.327958535334943 9.339411383695372 4.092039910937952
0.7140523588609957 0.5671317668187256 4.390588563083541
8.624480778998807 9.71345591782535 4.216383906683418
8.758612827893351 9.717929248770346 4.479088630580931
9.483948482513638 9.661301083129691 4.096554263938264
1.605351985035513 0.4508577632413512 4.122721397013704
8.034895632047975 9.181553939073259 4.417843844741461
8.020853479804565 9.407555666183708 4.619664311250033
8.114347796893991 9.127102384947619 4.886028965161414
7.741078978689475 9.280497857024855 4.404518535415028
8.088104365087249 8.943390338321311 4.681001558676906
1.780375166308197 0.828819908326309 3.785586409700829
8.718883083185585 8.28475944394974 3.764775930425325
1.013332940886113 1.77008299609902 3.7855863058773
9.322910754593135 9.328426592921598 3.78477138097125
1.797546722946957 1.213588716711469 4.482013357005479
9.125204231561094 9.463548987944664 4.809321914926669
0.7369371092291621 1.792193904993177 3.840520052573257
0.6106759866775519 2.041492184758871 4.058032029946674
0.3828682405040631 2.15726028038431 4.572474266064468
0.8056263553143979 1.99556171499766 4.288204333094918
1.621432738621254 1.381028257396505 4.625243550688888
1.698085996373074 1.798560567072716 4.646401940355045
1.908280835908752 1.53507687792127 4.520102446091856
2.09829809393917 1.372752644711341 4.274960755694825
1.467970186780925 1.155573784287154 4.782952555946136
1.862872056106646 1.096079560871662 4.819546500328941
2.174823760586802 1.178860249664129 4.631367271551392
2.110436279977595 0.8372213740337833 4.72056216802529
1.92834434062701 1.321011693871837 4.731816037967445
1.799395372351041 1.657333936603296 4.238351220295686
2.000365649344533 2.688830219715682 4.283748593414246
8.432096186959862 8.31903997218204 4.487014824625081
8.174095611697368 8.363599150671384 4.354087860207359
1.74233282740975 0.602572647621107 4.570399175776046
0.2614727142168715 0.9198722369330768 3.763724485603417
9.212576755978791 9.427140924143428 4.331443495796564
9.49788254104716 8.126234816491595 4.546172600710904
9.704028962592286 8.283375620387856 4.368257940933275
1.104915934052093 0.2619348991218305 4.101506904949428
8.770910564560594 9.423547311385013 3.782005292649635
0.7609525407279756 0.2593124327395966 3.774357393761162
1.062742775090805 1.472810945138974 4.084920872146164
0.5575186903523518 0.9363161354886956 4.71875
1.764204545183169 0.8510759202630778 4.68855723790064
9.466539580016331 9.044296097615616 4.024474319982929
0.4840645477797039 0.2932351188368499 3.768637786018512
7.829762336464682 9.162483083898534 3.898270994754524
0.558995138583359 0.8945794160472034 4.127411884854919
0.7007835077590912 1.365178791631287 3.996692158742039
9.117757172301978 9.74203737809586 3.767155721053501
0.2965550378658447 1.307023353270822 3.801423230269341
0.818556273134473 0.2634471984582938 4.106056667687303
0.2606551370469364 0.6358200579246989 3.76768238564888
8.660878045065171 8.356418780687418 4.633726248152826
1.139614293151482 1.449523659490617 4.467251077551611
1.503922495308641 1.207881728437795 3.758649698369729
8.660348703832861 9.722596672008629 3.775986311097218
9.071504092807363 9.469831361132853 3.767031962599297
8.888454006283339 8.578078922665501 4.360432224781023
8.564219376901475 8.893344848952839 4.555272239983502
8.448765233202295 8.073961523408752 4.371257508290873
9.090505115052332 9.470952023688003 4.092975376527619
9.740007523340916 8.994315084277876 4.078146433144775
8.826226089281295 9.412016886343931 4.46011609511185
8.418096927910126 9.729313979131586 4.042590163685373
8.429877342123213 8.475981850565148 4.706988212575917
8.439319220435655 8.146417670260606 4.776230168500295
8.009926971301965 7.813688987140187 4.61666681858613
8.316809646875376 8.712194039108216 3.834167075728184
9.430572625301833 8.895139196855199 4.388577359613618
9.708616020108296 8.911722489279757 4.455162974699594
9.749493836590652 8.719990296732178 4.746490803238937
9.718902078564181 9.153712286259175 4.642071891023862
9.434748940023375 8.964659769304829 3.767137592400453
0.2805899789531733 1.611366478412387 3.762411874632112
0.3416290768570284 1.549860434963622 4.04731371196511
0.3669921154329463 1.714974225263334 4.357042924765857
0.3447349801322394 1.864958368733949 4.094682678284116
0.2978102304063986 2.179617903250933 3.86847776424567
0.5441352118899135 1.91758545216457 4.307901292833205
8.603007828401054 8.81746993599605 4.050660217617671
1.350174873054819 1.78788581644193 3.758622572912258
1.420719674633351 1.938657632439752 3.976917442359945
1.790073698476665 1.995041183189933 4.086804896492
0.8510326040845639 0.5695906258681158 4.110033406898187
2.251770409736829 1.656243205912163 4.769666911097465
0.2689577096950265 0.6868117415199466 4.131309059413518
1.828006620335016 0.5809936630580562 4.193374093590318
2.12035574853687 0.5909374641064971 4.187133952506778
2.47063773384104 0.4049787106827206 4.603165883684652
2.35471631085554 0.6139240245016364 3.845658111847531
8.383557468806227 9.044171493391438 4.773444874859222
1.512141153560452 0.2443268823329109 4.297646418582736
1.745663023769743 0.2294762605615992 4.170326966917749
9.741338014011053 9.435325617701894 3.771437673231747
0.6509657762597272 1.268830657325744 4.617992116774096
9.387353621241063 8.246031576984507 4.064061304460395
1.717527162413584 1.309530302054411 4.812940422764093
1.501871696629248 1.415372770124011 4.793915075904514
1.36420947531512 1.747711095302057 4.832616976254297
1.167110966975154 1.437799892784339 4.772088013174387
9.103143474146281 8.539784574790808 3.763560551779992
1.167653172010847 0.565021984154342 3.755276850333221
1.179274083494122 0.5528485312184193 4.596648181856741
1.187322866077069 0.5571375552794223 4.32540638508297
1.440578257727175 1.585898051164106 4.069711271668874
1.43318409454463 0.8334191103926797 4.443749456376451
9.749209053576752 9.580288034327912 4.054598830289531
9.670566895205184 9.6805730146973 4.301484984856901
0.880549951828468 0.5772582217811908 3.736633779509806
1.626755001494422 1.513946630978675 3.755078556434219
0.642286536339984 1.274083342386071 3.763597942726517
2.143076042242106 0.7672580200927386 3.996837380275386
2.18230681109068 1.024562784539059 4.178248191326696
2.174908362111184 0.8827748965839756 4.436565044601958
8.416685424975798 9.635076774315207 3.800233393886594
1.345582050031167 0.7259609768832173 4.71497128327175
2.05454606338757 1.151144928918588 4.409305346836213
0.3557220899537505 1.464349235196976 4.291658287521712
0.3015505797572136 1.36622514085357 4.58531933018844
0.4982189423087688 1.706177035423348 4.771141748803293
0.8070674241249014 1.753647478226959 4.701639993548402
0.5931852509232786 1.893501662845092 4.583907951281543
0.6846210366674427 1.513327316472924 4.730562650986738
9.337680140169004 8.141195979027145 3.756535122323721
9.353448054707618 7.591813603268283 3.812190882835518
9.095683535076265 7.987345858163922 3.754573437242567
1.065877158180676 1.460155652622962 3.735392743860282
8.445651948496895 9.292782248399806 4.067390409036307
9.171142944722131 7.95125115356252 4.254565575824233
9.007525361903951 7.800830917739392 4.044205839803928
8.583130217093629 7.483122168962973 3.944251173983475
9.272701405253159 7.824121687381302 4.043888399537331
1.332729167602558 1.285054905793325 4.043577163401886
1.742530253442099 0.5682810144568043 3.738206383904759
1.292195960965202 1.688744466867147 4.334057573255688
8.470145666895501 8.537672292828026 4.177784846054416
8.647702331990603 9.394546348633131 4.643164277929133
9.018158577484714 9.768227235496511 4.117165941031053
1.042731459609144 0.343196767048274 4.543634893753334
8.352740570625102 9.018955436305077 4.20982026021206
8.293337413862627 8.120746433381449 4.568339850666705
1.829226282537983 1.70214858291631 3.750813129316134
1.785714224000085 1.636957425829783 4.003715439681236
9.374519972898376 9.762983650921443 3.751285631222721
1.049350936433912 1.937476632791881 4.306084927841539
9.727520079736438 8.680211803816571 4.229132265364271
0.6140414257286885 0.8350020074959491 3.741619009805391
8.853554041573164 9.424077003781866 4.020316394904418
8.041601286478306 9.659071159606714 3.822529662667014
0.7580670524963802 0.2569141652522502 4.357844241262456
8.15206670581955 9.184083822307986 4.645109429857459
0.6250259346978375 0.6637544784389238 4.052386920543747
8.806352792924189 8.153448598485124 4.606387128078768
8.886902522298017 8.348932773639611 4.79197285565648
8.353520659295402 8.555091083410863 4.455536477078899
8.681996089068393 8.190890672258279 4.820850052177948
8.842465703703672 8.010755238022202 4.792440204009716
1.029774959913314 0.2275770147958511 3.741112439535608
9.768423949967756 9.208392430741736 4.3967394132075
8.559948348213361 9.070065144768595 4.078507996515593
0.4163802848167245 1.587664396289412 4.566622925552863
0.2401702526273017 1.833738966536244 4.602383839455356
0.1475431065635672 1.547157064677625 4.759072833479897
0.2667904639250795 1.986160160559489 4.352410219675808
0.4382322697517889 1.453778481642176 4.788432417389713
0.630414030239198 2.058521010427152 3.761705399945406
0.9141702455923714 2.038477243925246 3.793523031769087
1.426625238456266 0.2425802873190201 3.990737190022144
1.980852790722193 0.4358144894482789 4.326006152688883
1.973835653258698 1.006808324841306 3.993937585576505
2.218367325584336 1.043629838903017 3.924714086731604
1.530978381791176 1.60674719228608 4.439726349349791
8.442129232010579 9.00493343010441 3.741596941693487
8.292080021216126 9.184436798203594 3.816287105339689
9.130909284303456 8.308117872264784 4.011088206816837
0.5764368721885139 1.462334465562408 4.184548949663505
0.5083985607757909 0.2241084329326212 4.281724273984606
8.213414174722967 8.929277560216907 3.786701772329945
7.928739504831547 8.938151367543194 3.748386895990499
8.066714496859561 8.712760210665321 3.748782510827322
1.970030887357868 1.126202178544459 3.779962571515112
1.12828032299155 0.5711640180088448 4.009547638013898
8.865353255412048 8.34140058811394 4.303116823684538
8.488991641467285 8.376343130803132 3.729406862136576
1.4592028972681 0.22581254988 3.721270953972063
1.48357383901412 1.260003358299354 4.234146419544339
1.702534818252382 1.004444103419377 4.312775485448874
8.252668717746841 8.823422446630314 4.390791372017164
0.8280251371884485 1.712171255149423 4.179342312845333
1.770697704182741 0.4414767084075238 3.944188287890305
1.666835080895412 0.2166781969033587 3.935774251548749
1.747245722366433 0.3237424401169499 3.730969214573093
2.004770545239148 0.3731782908429096 3.815751039419243
0.2271215598954891 1.34814446219536 4.120866832616828
9.047224539031181 9.772261766715019 4.352013286116569
8.981296638377733 9.703871378801463 4.575936004276371
8.572373912793919 8.092592743318436 4.579885544221605
9.367438524419041 9.212387221213564 4.297405622342795
9.407174416648102 9.476218777714596 4.540464468411899
9.314196190690653 9.675175190874098 4.778840080363966
9.141906764070137 9.706085329440123 4.763975034848875
1.7442007505315 0.9341467687651843 4.068378851546252
9.438867354496914 9.780238056463979 4.296651700232916
9.031604757703366 9.439419999052735 4.586626653014107
0.2241290015195329 1.105461010663123 3.915670635755188
0.6197751137874354 0.2873308247600392 3.969402573600253
8.530729005405055 9.429169325639112 3.7276192366157
9.249405470191055 9.319858320430717 4.650220865065823
9.396036476327753 9.145013588224264 4.755101089130047
9.527013697409854 9.362371855583181 4.734154512111057
0.5940787780970523 0.890274683656325 4.487481907779574
0.354186455593069 0.8796987102866279 4.574770826478393
0.3613690191059645 0.635234185164105 4.521633016883277
2.057806397565725 1.992340890257489 4.487807565020098
0.6168447464736198 1.14137251603716 4.808101453581062
0.2843750468979976 1.105626828670734 4.811216188912968
0.236637204770757 1.281100527008982 4.800483855477874
8.920654237839571 8.071990530521642 4.039426918345795
1.94683031172591 1.101735791375775 4.634132301906318
8.37232652994749 8.338005007157639 3.976678934337284
8.247878459451181 8.226658091200274 3.746569653582295
8.216602016347011 8.491950040018644 3.717255221960883
8.394256840065568 9.734418409315797 4.281529571928874
1.406665281388602 1.047561730041865 4.337946048832257
9.494634175449361 8.481829654961786 4.31873255360486
8.748717255702642 8.685977725883754 4.789119454186875
9.581015561350368 8.181788403068717 4.189565191835392
8.783176399912877 7.879005925004803 4.073264334702969
1.459102504466011 0.4767686310474415 4.309603593140926
1.543158574356258 0.7090636731871537 3.740576418257605
2.122583861464838 1.140551595146658 4.838055601814856
9.026822285080403 8.562362388717579 3.993874440959209
2.057737559991273 1.349544463349444 4.513193485114435
2.28852480598998 1.29182448328985 4.44151743952409
1.88778920051186 1.381514266101133 4.339052031617994
8.284099238677404 8.565668901389508 4.01911313001912
8.055835303454403 8.562416143151253 4.100489958829757
7.881643667446333 8.669733602392977 3.932820966523652
7.963286928342066 8.474679247227211 3.77921682840097
7.951045262050689 8.77204126518725 4.192866780743131
1.541315167303179 1.975678839687207 3.739761985349517
0.633464101489512 1.142512118855755 3.983488807076713
8.058316154976049 8.686738925869776 4.386996053102298
9.508143132486779 9.469336586583506 3.726733270650651
9.805164466335111 8.685065881574277 4.504070106794079
9.77685989038007 8.568354550093302 4.024089594681695
0.7831980799178708 2.468179618140774 3.944733785547171
8.605981861198533 9.118934811623102 4.499979533654185
9.180899228391654 8.316889435171644 3.779958061481459
1.067253226687597 0.2056636358482684 4.368992716609839
9.704034080696532 9.710030338368274 4.770046867358785
9.868589217675382 9.414038307130633 4.844228261539231
9.730973848732978 9.683966584291392 4.53335915119199
9.233421010790627 8.67658534605145 4.0043128717144
9.579923756971032 9.819351203779005 4.741376622172558
0.4877014471767875 0.6420010245240797 3.723516236737408
1.063322380073694 1.707014245728265 4.111443782536318
0.3821091659964768 0.2098386967263224 4.051381104753404
9.786736725851533 9.177724704630215 3.937751883865527
9.398936108872693 8.863656711826962 4.15817578893196
1.417265176354694 0.9499689736242451 4.671928079689861
8.790011658381186 9.775492084473226 4.061678852855895
1.415962905229397 0.8731180768438219 4.028473751881236
1.543829922973766 0.3639040577647198 4.496574784074231
1.358683192229551 0.4064715194002386 4.634160010241338
1.583501764434257 0.476635206101741 4.715035234602187
1.314673651724558 1.293092490217949 4.671498081368672
8.386416542068453 8.754138501569122 4.113071944032217
1.57818848025446 0.7097411973950689 4.697814701385028
9.291111109768273 8.453978826361066 4.703478298369158
9.468887257070286 8.247152095235878 4.812103918606227
9.290082320534379 7.945372392295242 4.797433310140054
9.742210125891932 8.263283097425235 4.672533922496967
9.662670591701586 7.927911061348946 4.816353021694196
9.704738914437334 8.504000430962504 4.637211441887198
8.633885967703211 8.371212051695133 4.231086886351435
9.509764485435921 8.575291194791252 3.951126115593519
9.300268394600115 9.792912802431049 4.628407282807359
1.418668753650038 1.579402410441035 3.837605924205765
9.778002645588305 9.479297780537269 4.348822568523315
0.2231399376032273 0.6993547142974573 4.353323254650509
0.2311532317019157 0.9412761482463793 4.338378998992265
1.935391071786369 0.6957218099992759 4.661179278090209
1.950957281951276 0.4474174569605572 4.584395025783957
2.191918788064246 0.5904981557798054 4.612003383605339
1.822057667986199 0.5113735334244504 4.792895321981167
7.937078612571851 9.412562419817872 4.835179648118318
0.7797337380645274 1.326830535730223 4.811202563770049
9.528999706972236 8.469777377520462 4.785037740368102
7.578343829679172 8.944511292612159 3.782982402406113
1.394276419213001 0.5328153869916999 3.719560344468002
8.080795549074535 8.497405635567302 4.518580181076269
7.872403305100918 8.705634524472069 4.649871028707245
7.439423693790728 8.15362897530839 4.538284038547277
1.526960619968492 1.615792221064474 4.734230207015575
1.754829966983201 1.562475337307128 4.698313767969857
0.6521777628205265 0.7701070588391405 4.298614421126878
1.294001673565951 0.2215306242169124 4.226900528333599
2.092149011337014 0.4996534386224548 3.985862303943841
8.801769554373029 9.348145088359466 4.800848004038791
9.498787676352894 9.185721128862934 3.728558450554375
8.639928823845583 8.576718980151558 3.734253765407016
9.792805800253477 8.823776287762893 3.912855038254125
8.684663591883821 8.085746172919123 3.976238492496786
8.52463118431201 7.809847904316751 3.86962899945241
8.199893612875112 9.490677345977927 4.32465321602988
8.634654119824157 8.921607947698355 4.811195921244532
1.091307158908111 0.6068020781487746 4.81638153744592
1.151014945863611 0.3730494073443553 4.76358181486752
0.860710908492243 0.2198219981213963 4.788646067304365
0.7782128324450402 0.2964171362286161 4.58567129772136
0.62535346746469 0.4531608918678497 4.756608505285651
0.7420509868259058 0.6636403299794336 4.804936526139611
0.9388296741431937 0.4331172310328271 4.835295138676187
9.712619215613989 8.512161722254938 4.384782761275414
9.295086431875962 8.416874044676039 4.186331131415042
9.474243004633317 9.48385294970759 3.952504201717576
0.4700864528682822 0.6156686585729436 4.213459116810468
8.892843477422486 9.777985446159766 3.721265127392859
9.299640830849482 9.780508651366745 4.032655001445669
1.689095812542845 1.213363943254183 4.146126011582016
9.134875909815335 8.107278492100116 4.75490160498044
9.010147881139435 7.8532977229737 4.859972261970744
9.183365445051008 7.849510558966968 4.612719096184024
1.407880255324745 1.088843658758894 3.954708846818731
0.7049745976067244 1.603134585080283 3.712296602924588
8.688897310031237 8.74671742304559 4.435672608473644
0.9058569040180684 1.794084796409478 4.500908770548863
8.612555155645849 8.340654313872649 3.957295357318742
0.7701862344693043 1.344581625081399 4.398702133310709
0.9506854154162683 0.6058350902074305 4.424041075804727
8.051821022423137 8.900473707258607 4.461608281667333
0.438998247717952 1.018938900927151 4.293036157125065
1.642683501315061 1.531140932736614 4.155415314424073
8.064560177658992 9.474303331315589 4.144859438783736
0.4371275129908483 1.240619740298033 4.714643774372431
8.65893370468874 9.312774399001187 3.99736754527497
9.152342703369047 8.629070446015145 4.305501444077655
9.352255488714775 8.729379855467743 4.519272520270826
9.604857031636712 8.867849800531269 4.248851474577926
1.774415986122576 1.247570382364493 3.714908421374303
1.698543712732822 1.03273055900534 3.72451938194587
9.318233936039531 8.485128922959108 3.708158188629938
9.719372801713252 8.93204269994645 4.678651378593803
8.24983212039011 9.142766508973104 4.366188682997588
8.48944705084997 9.310433227010849 4.508254217958135
8.37537906662163 9.520558736564553 4.69754911662854
8.604585750978565 9.652579341604701 4.684377877864317
8.327979627436743 9.292076120696938 4.78425252674396
8.521741643723521 9.75325308535559 4.48343930296247
8.799914195831155 9.768012283085186 4.696848518789816
1.633425445468694 0.9791063901227582 4.702584798026359
0.2181982384838468 0.7803127500971281 3.933872880996205
2.151858231051851 0.8085828928197771 4.227004067448602
1.555290537768741 2.191524371663966 4.77827927332652
9.387049003653365 8.051069461748037 3.954928958618419
9.705102907698958 9.487208620096043 4.78484688197126
0.2888163454327945 1.740662626552905 3.944191240766882
0.1889054955057004 1.707540444595656 4.175675535018455
9.294179737917585 9.536655852309616 3.702965269727151
9.722672681406832 9.215203945108504 3.724440385956096
9.022947764942494 8.549588220909747 4.53570192580768
2.00029438073897 1.572610552029923 4.321044107175547
8.691376938975134 8.646941670606701 3.938775348787336
8.187400630576109 9.794257081390564 3.931741510383611
0.6205180043910807 1.671915864321273 4.5890861857327
1.235047671924262 1.60288560830785 3.714481514588793
8.285553612217022 9.130375114566274 4.03079446555231
8.40028511638009 8.745469671225232 4.557093885516159
8.82293819228051 9.785957409647628 4.279453849696627
1.337124234326387 0.802332542018134 3.726172199325485
8.910562639424212 8.155463021375482 4.4122932901035
8.665432444933085 8.071285220565333 3.75736836987503
1.740657623861497 0.3838413584043614 4.592461684593026
1.913298976952208 0.1762138436440998 4.46103198344158
8.913669339719556 9.36211598292609 4.256026882036579
9.831862998142642 9.334125538140713 4.693124731745636
9.689356179841333 9.243493573686035 4.859445682294676
8.187204598100063 9.508307392287788 4.586668772781842
7.891600798302198 9.762953324972344 4.609765574002714
1.00470130439408 1.845224108686468 4.688605053896313
8.236913913219153 8.395802410908924 4.147645481199031
0.8333796523519181 1.383790830909632 3.705036943015016
9.186609767763015 8.070384638471893 4.497064477364431
9.251265377256768 9.788516155285663 4.418797295993738
0.8347628702162132 2.15810860756199 4.807848146746646
0.64437181746153 1.88137913018628 4.790436006374438
0.7390283070315163 2.049278731994486 4.676523260093468
0.6435474718197037 2.099919198525364 4.449556997429332
0.8950255653318601 2.475056927380774 4.566680910252283
0.7064264880997032 1.690085067796181 4.837944141389209
0.8696455501357393 1.897883803092412 4.86932710436131
1.017307051313275 1.413198423185323 4.290027492258606
0.2396038993744117 0.2301333673077435 4.2784883836967
8.605243141040626 8.587926419929541 4.646271343698224
8.9901935336935 8.237888310317251 4.159785082650741
1.506390689502224 1.821110857320109 4.455470509905792
1.481746496139805 2.089058148058585 4.264316642105091
1.233941698757309 2.220564372334006 4.502193031586136
1.479215525179696 1.88236663013502 4.67966351908859
1.499969717508775 2.111631485121711 4.501023582507129
1.289381898430449 1.971946979524018 4.349861795202764
9.517564057072999 9.244178977344855 4.133953987299238
0.9057086627400249 0.1944791572828107 3.920904066027763
9.199738746334411 8.665811079828577 4.658357473874541
1.986607557476545 0.5183860708942825 3.664338275219214
9.620333928471359 8.850692028874263 3.685969051959958
9.338772504453837 9.4369299804797 4.807167919958805
8.029156074997884 9.662358460964102 4.31328917305366
9.782111789069303 9.023904897534177 4.286996244471846
8.857614682044851 8.62825429390082 3.678582113422615
9.539001240382191 9.573330185444778 4.679428058312304
8.740053650537329 8.105695536488815 4.225502977799261
9.518077503797972 8.561558872141335 3.700219039299844
8.551989381364059 8.633515121116284 4.854766164905234
9.376643837908999 8.860637842503497 3.945151105084147
0.2789493915860927 0.4213179026046487 3.691676688021796
9.143341462787202 8.319540356196875 4.779917861369417
0.9122459319152952 1.357306499088689 3.964636372070234
1.308368278753454 1.222910328906987 4.856941658376324
1.566006004000483 1.195355965297105 4.918336048449445
1.918419379082891 1.072702980040692 4.914141298332262
1.584093578354526 0.8370572742548182 4.171129069708167
9.595493674065452 9.064252369624588 4.791483264378567
9.57884527635548 8.842031439243648 4.831712425206227
9.809223336904031 9.069165255611649 4.818504690048416
0.7899089256962819 0.6417265113469731 3.918737624578765
0.3923162062571898 0.4006853576977119 4.146274427093043
0.1860900951461316 0.3268225845312717 4.077099219185201
0.2474483742267561 0.2489605112232911 3.87299938566518
0.9759335966078729 1.395790883129599 4.728235618919023
0.4783976188605009 1.657362228959175 3.690200600138609
0.3739324426811964 0.302942837067035 4.426993842403514
0.3614044963915819 0.4094326631211876 4.68294424421533
1.610646518377797 1.181822750012801 4.385677537835815
0.6889377209176455 1.8716756541838 4.159180068364975
9.562234157677079 9.063235495475162 4.483350488821245
2.007714082051123 0.97080907937104 4.286884483236552
0.6057741778100445 0.9362921238707961 3.92622109176746
7.893312528161442 8.911624759775856 4.602535646962593
7.803126212800454 8.934640214031511 4.832902297611916
7.424971147765052 8.88225738264741 4.744350457441884
9.572665883057081 9.282907212030569 4.361643937148385
1.286479037573167 0.6815200932920716 4.466089760916174
0.2096019602075717 1.11851129482591 3.702258390439325
0.2757572194109107 1.156818183497529 4.605699519107686
0.5067233003394851 0.5280076736348589 4.410742058295602
9.752906896871078 9.383299194687828 3.976546896754428
1.665307304931882 0.9279930207289868 4.843636774599808
1.924604058642637 0.8276143552796741 4.834968679230236
8.590345663155682 8.980269814758346 3.889885119085181
9.366357672652823 8.857733704467611 4.795419001200919
8.248090764604399 9.497146373353191 4.043032197275862
1.400012069314588 1.04131863972057 3.695628794961926
9.337384053367987 9.190049132273108 3.943352661757843
8.683541643139847 9.252102473465275 3.695810005397229
8.778798457117098 8.428004154533939 4.474528104884756
9.118785192520429 8.389813346007696 4.400536496799811
0.7677559853340905 1.978982268106561 3.932591718518808
0.5502128723880213 1.616095647680629 4.325918498975916
8.932519625508863 8.37451650589305 3.990519036394882
1.71854976156606 2.05966997963118 4.487663038030229
1.719619550753502 1.867083428254213 4.346554239608801
1.919870367684473 1.767326868360788 4.444917671441397
1.24667727303481 1.294089606392318 4.374348898399244
8.92171565238057 8.634876522997104 4.160821120144413
1.212688858043517 1.825831219469259 4.710012234334171
1.088482357038098 1.667026244916874 4.862411264937217
1.313449078661294 2.010662751645089 4.702345727522097
0.9481449090589585 1.606690770929329 4.785472775843674
1.308650967785331 1.556618671474888 4.873542702533227
1.148745760961014 2.003554657312127 4.536209264554236
1.073470640796101 2.078907737532971 4.769868299761467
0.4538493954452792 1.909015458267833 4.740165581339822
0.5470549904212705 2.1382920342807 4.837801585745192
0.2996815302310831 1.750188210504811 4.805848151280608
0.5860606664409559 1.941791916964828 4.90925454374858
0.4703347964143718 1.6476677996765 4.911779365457321
0.6663271539898435 1.446149122409137 4.900207882044074
0.2485620732442329 1.528612344601611 4.901337267547378
2.081670690750041 1.208637693641243 4.185047696546409
9.34290828429741 9.602721991383278 4.385995538903657
1.872191730977262 0.2585359594854612 3.930766255439101
8.221421447378605 9.598674957940259 3.733563087561378
8.067329019694318 9.452215945568893 3.768246499479469
8.006098486933542 9.231904624887139 3.770299580028277
7.798851090254164 9.40831284978214 3.784729039492441
1.149837294171761 1.847503648821202 3.982472500313111
8.453281322320327 8.654709388742647 3.689174081713563
8.60596784193824 9.014899378810545 4.32089114127436
8.58575827323005 8.200213395249722 4.120640262333366
8.393544810543773 8.123775691262752 4.079782584158934
2.156739207257487 0.172789269439238 3.982242170845044
8.732990934555154 9.577352302474795 4.095176659831627
9.259678516711389 8.139967599648628 4.190851284670155
1.360307297337844 0.4599686896141518 3.916789521581277
0.7694546988278563 0.4319806319448207 3.976658988795212
8.666926919137063 9.291684073087664 4.401033003299468
0.7554245376153136 1.560790736376347 4.04248148954715
0.2712255341206408 1.825128875155468 3.700294940572997
1.257666124568331 0.7430418460127243 4.065453388973419
9.183614509231404 9.39357685806641 3.924286083304545
1.282807636404725 0.5377409479740877 4.775904499769677
9.078217093784714 7.812536830820708 4.406151765322167
9.47770874607169 9.78651584207873 4.858120066482341
9.649682165533013 9.602355620762891 4.909660196512864
8.696728999397671 8.75847913044676 4.227499514785335
9.571309696329745 8.749536781508182 4.64556901027088
1.132073310032309 0.1788810674244338 3.914094264964071
8.954552096576009 8.394281938688961 3.703396008059538
0.7048508626626157 0.6633500161608472 3.681836460814199
7.903126272276998 8.106268425644959 3.854755644040276
8.899080074698004 9.57162641214823 3.716501105314743
8.295950515272489 8.795118919113051 4.728183281307704
8.331583094425406 8.626930148717834 4.863734013456405
8.202578166569179 8.340540120314891 4.858988744950267
8.462552600680022 8.83493195322953 4.906918656933697
7.953513412020632 8.035585083985799 4.776755577648516
8.16400692680666 8.879706237789691 4.848061393273255
8.232977698604611 8.537358333970101 4.716002516142748
7.929094949061721 8.463275898096111 4.734738604533955
7.627020042753078 8.390182725862738 4.82509691498348
8.353366721382653 9.330235019972225 4.292621729394734
8.222814132374737 8.180251251678575 3.953400887657658
8.351910112403923 9.331034139990985 3.678704675419798
1.410463052141873 1.442232973722964 4.409308464041242
0.4650621763062363 1.356611185531794 3.685145697181412
9.759858922462547 9.749913624123733 3.694131006393254
9.803740851718059 9.619349546014469 3.85428950169601
8.660306113789396 8.438827204557558 4.797971688616878
1.343969822599083 1.76737394299568 4.061237390526034
8.114399032818755 8.587501549375338 3.904869011708462
9.34745096691857 9.527609992448335 4.172515191511272
8.726445680900525 9.577882522651571 4.332264190825727
0.5938017832722201 1.855053701474039 3.973653943037512
0.4386833939728499 1.994170163617493 3.947138660922152
1.262756551244008 1.477939412185639 4.039229636545421
0.727199508342766 1.29394545090545 4.185067547762016
8.611806431799167 9.721708864632191 3.975348928085383
9.331723819467209 8.446844697754406 4.877138594358215
9.782461608671142 8.479056375933524 3.831807881493196
9.722627365977276 8.31226254671224 3.97010338788168
9.741234218664831 8.182018199242179 3.712443709078249
9.539780089316936 8.19467015154776 3.768056478151688
9.062161499190314 9.541177289220501 4.41134230786942
0.4302544138294883 1.287576275422655 4.44657658565176
9.579494634733422 9.482858340148184 4.128284775793498
1.898686443322789 0.820841689172 3.952564098410274
1.021507179474525 0.4301471471263937 3.693369141415512
1.11020766750621 1.804427536120812 4.498297026105888
1.642902310531521 0.5642005474664824 4.288855602287935
9.49015557762435 8.086093047520153 4.345796906537989
8.199021094914688 8.949012626898753 4.068229347869874
1.733756233832237 1.62245079960051 4.459557464663984
9.227886400987371 8.677502403841988 3.690522801644271
1.491522506106014 0.6070352376156311 4.056963698917861
0.7620465470682465 1.936670078534475 4.478345487631787
8.6801834301839 9.560432376843503 4.843425530123543
8.921650978374018 9.517684802758685 4.900029341047921
8.936592182632436 9.731112083726396 4.809795314553505
8.527700984728209 9.821251835026127 4.857310685305817
9.173775677396531 9.602515346601331 4.908014232703803
8.523889470584896 9.364431212200172 4.810737673189801
9.009791871442852 9.821215079308722 3.920664457024881
1.608943061246854 1.712885776339789 4.070193078872511
0.4749941821117181 1.657641756050293 3.937788750051832
8.040756794407606 8.599391739405842 4.691757023602931
8.002633111151576 8.784054658881409 4.819363549933458
7.758918095014494 8.50742837274627 4.552034288451041
8.351164733124209 9.197475728188792 4.605683173486737
1.008476748770806 0.4408253891832903 4.109688584766926
1.013591501999478 0.6073981624963954 4.228988511082822
1.637527077751595 0.8142896877352906 4.533911689053314
1.526415218089834 2.32938882941524 3.939530447059745
1.452314073905959 1.385414811589817 3.67746078626773
1.242898594642688 0.1588469929024345 4.627135639466161
1.577739214949002 0.1452027114607282 4.723741465819471
1.364499084629916 0.2647903370976428 4.84254114602016
1.712354107106398 0.3180632000862351 4.803128779122956
1.056997264703173 0.1865385636415107 4.69652851251104
0.9321687651565266 0.1630735732556288 4.526762850109844
9.372266066184368 8.105439620422473 4.703968244359058
7.997494272881304 9.01808417060804 4.090036299819305
1.165800851820026 1.312389987100331 4.157897869223284
8.505641341534153 7.991339970169172 3.966458370463167
8.319349252938954 8.025315189261251 3.834257343203325
9.478645232436683 9.808324715120062 3.927365831130199
9.547826211360949 8.634932751239877 4.147568633061902
8.299247775719875 9.777505912898857 4.721482529867295
8.031672775668648 9.310372428048758 4.262128735928499
9.743315552276957 8.300714137471347 4.170791462884488
9.859658041254892 8.079537720904279 4.044328114289965
0.4214969731152677 0.8277301378243859 3.684174772469522
0.4882285960408459 0.5743729361659843 3.933517957921142
0.6555627847682892 1.132802466281408 4.472414547777936
8.297771097237195 8.207205547916228 4.385929260407876
8.117074132876205 8.217501597499998 4.49816651544299
7.888251194090446 8.241256008997377 4.653320052985708
8.232581685454065 8.18904057676504 4.186652670075616
1.439088050452168 0.2247341074560412 4.598635115839312
2.021321163213342 1.386233521205296 4.110401686422628
2.602402943431593 1.544193937399815 4.035481275063972
9.824489462883779 8.813797590171252 4.112325737175516
1.376973297484297 1.707603902722558 4.63526302102432
1.76968266759519 1.186495346053731 4.679869012173904
0.8648020279079112 1.589217701992503 4.37677997510981
0.3980281083910218 2.028383907304811 3.710807850391076
9.398641024615042 8.296361340190225 3.869436606059268
9.406838915664885 8.308653565684867 3.66858264532673
2.110397603511295 0.9923142776651971 4.5924603954338
2.427194790773267 1.108410096954448 4.723404755968669
2.261351132876752 1.083234625291156 4.463803105542424
0.4846041345289468 1.080228227056137 4.107089306386178
0.7819606453364981 0.4417339819110485 4.248917111023081
8.090893490773309 9.060689032600211 3.649716713303568
0.17860981289786 0.5353157274407261 4.48053239548456
8.732902555226687 7.909141187027708 4.265153070187647
8.749015451592593 8.018772953772407 4.449171971058631
8.91274807889077 7.788335433116995 4.41660399564891
8.965877008943444 7.777454581002192 4.622000152092624
8.886133261309253 7.671047278518903 4.228830791489188
0.6062477978388304 1.814953928615763 3.686917061374257
0.7730619390138675 1.930040137138797 3.696124801532003
0.3931570920752288 1.176898004611044 3.683017746051819
0.3720566038172404 0.957867651477191 3.926284795466298
1.163174559320755 0.3694259095451112 4.260063314024587
3 10 0 5
5181
5182
5183
5184
5185
1.000314413491547 0.9999999999999987 4.761172960591002
0.9984666656687479 1.001718229092311 4.204766682371267
1.003372332873273 1.002919449520626 3.737929360356484
0.9994834287516378 1.000488999527117 4.406620311981181
1.003083382846284 1.006066059110115 4.004068094714281
3 11 0 3
5186
5187
5188
9.002190237765989 8.993135689456746 3.712922233080527
8.998882987702659 8.998793516170249 4.762929841154063
8.997637439229324 8.993506608342688 4.286882743916044
$EndNodes
$Elements
15 27351 1 27351
2 7 2 50
1 131 8 1258 
2 8 136 1260 
3 8 177 1258 
4 177 8 1260 
5 178 11 1259 
6 11 178 1261 
7 11 179 1259 
8 184 11 1261 
9 132 131 1253 
10 1253 131 1258 
11 133 132 1249 
12 1249 132 1253 
13 134 133 1256 
14 133 1249 1256 
15 135 134 1248 
16 1248 134 1256 
17 136 135 1252 
18 135 1248 1252 
19 136 1252 1260 
20 177 178 1246 
21 178 177 1247 
22 177 1246 1258 
23 1247 177 1260 
24 1246 178 1259 
25 178 1247 1261 
26 179 180 1254 
27 179 1254 1259 
28 180 181 1257 
29 1254 180 1257 
30 181 182 1250 
31 181 1250 1257 
32 182 183 1255 
33 1250 182 1255 
34 183 184 1251 
35 183 1251 1255 
36 1251 184 1261 
37 1253 1246 1254 
38 1246 1253 1258 
39 1254 1246 1259 
40 1251 1247 1252 
41 1247 1251 1261 
42 1252 1247 1260 
43 1248 1250 1255 
44 1250 1248 1256 
45 1252 1248 1255 
46 1249 1253 1254 
47 1249 1254 1257 
48 1256 1249 1257 
49 1250 1256 1257 
50 1251 1252 1255 
2 8 2 52
51 137 9 1275 
52 9 142 1277 
53 9 185 1275 
54 185 9 1277 
55 12 186 1276 
56 186 12 1278 
57 12 187 1278 
58 192 12 1276 
59 138 137 1271 
60 1271 137 1275 
61 139 138 1264 
62 1264 138 1271 
63 140 139 1274 
64 139 1264 1274 
65 141 140 1266 
66 1266 140 1274 
67 142 141 1268 
68 141 1266 1268 
69 142 1268 1277 
70 186 185 1262 
71 185 186 1263 
72 1262 185 1277 
73 185 1263 1275 
74 186 1262 1276 
75 1263 186 1278 
76 187 188 1270 
77 187 1270 1278 
78 188 189 1267 
79 188 1267 1270 
80 189 190 1273 
81 1267 189 1273 
82 190 191 1265 
83 190 1265 1273 
84 191 192 1272 
85 1265 191 1272 
86 1272 192 1276 
87 1262 1268 1272 
88 1268 1262 1277 
89 1262 1272 1276 
90 1263 1270 1271 
91 1270 1263 1278 
92 1263 1271 1275 
93 1264 1267 1269 
94 1267 1264 1270 
95 1264 1269 1274 
96 1270 1264 1271 
97 1266 1265 1268 
98 1265 1266 1269 
99 1268 1265 1272 
100 1265 1269 1273 
101 1269 1266 1274 
102 1269 1267 1273 
2 29 2 7
103 314 23 2120 
104 23 319 2120 
105 315 314 2120 
106 316 315 2120 
107 317 316 2120 
108 318 317 2120 
109 319 318 2120 
2 30 2 7
110 320 24 2121 
111 24 325 2121 
112 321 320 2121 
113 322 321 2121 
114 323 322 2121 
115 324 323 2121 
116 325 324 2121 
3 1 4 7763
117 2660 2591 3108 3143 
118 2886 2932 2983 3134 
119 3234 3614 3026 3631 
120 2578 3062 3016 3392 
121 3198 3433 3017 3702 
122 2903 3582 3297 3688 
123 2361 2388 2387 3538 
124 3227 3595 2391 3707 
125 3009 3289 2949 3624 
126 3096 3339 3095 3341 
127 3234 3351 3026 3614 
128 2927 3026 3614 3631 
129 2935 3459 3458 3765 
130 3220 3221 3051 3593 
131 2867 3386 2994 3446 
132 3025 3026 2990 3291 
133 2938 3153 3151 3484 
134 2980 3108 2591 3143 
135 3011 2990 3026 3291 
136 2994 2999 2995 3182 
137 2950 2956 2883 3567 
138 2925 2949 3289 3624 
139 2914 3554 3111 3689 
140 2998 3000 2906 3305 
141 3511 3513 3512 3516 
142 3302 3364 2974 3461 
143 3010 3048 2871 3116 
144 3255 3343 3132 3344 
145 2974 3364 2873 3461 
146 2976 3393 3278 3444 
147 2976 3022 3393 3444 
148 2867 3299 3386 3446 
149 2901 2976 3278 3444 
150 2938 3608 3151 3731 
151 2903 3165 3297 3582 
152 2281 3020 3046 3491 
153 3151 3608 2890 3731 
154 2932 2976 2843 3178 
155 2938 3151 2937 3485 
156 2993 2999 2994 3270 
157 2935 3458 3268 3765 
158 2932 2976 2886 3312 
159 2851 2913 3376 3494 
160 2930 2881 2981 3050 
161 3010 3048 3116 3319 
162 2901 3022 2976 3444 
163 2843 2976 2932 3312 
164 3028 3078 2875 3079 
165 2876 3078 3028 3079 
166 2940 3386 3299 3446 
167 2131 3075 3103 3188 
168 2869 3388 2980 3586 
169 2286 3310 3139 3610 
170 2993 2994 2999 3681 
171 2999 3182 2994 3270 
172 2930 2981 2881 3330 
173 3090 3248 2942 3495 
174 3152 3255 3151 3345 
175 2949 3009 2926 3289 
176 2869 2980 2973 3586 
177 2938 3484 3151 3485 
178 2932 2886 2983 3312 
179 2852 3195 3408 3720 
180 3053 3189 3508 3568 
181 2963 2978 3022 3503 
182 2886 2976 3161 3312 
183 2942 3248 3090 3507 
184 2840 3027 2911 3183 
185 2295 3139 3020 3491 
186 2897 3136 3032 3546 
187 3020 3139 2295 3374 
188 2886 3178 3165 3297 
189 2886 3161 2983 3312 
190 3300 3570 3402 3718 
191 2886 2903 3178 3297 
192 3062 3392 2578 3439 
193 3053 3311 3189 3568 
194 3072 3249 3009 3577 
195 2950 3264 2956 3567 
196 2871 3048 3010 3077 
197 2232 3271 2984 3272 
198 2892 3187 2966 3416 
199 2910 3454 3127 3509 
200 2274 3139 3310 3374 
201 3165 3166 2933 3582 
202 2167 3103 3191 3357 
203 2968 3052 2512 3120 
204 2998 2906 3081 3305 
205 2910 3509 3127 3749 
206 3541 3568 3034 3570 
207 3305 3511 3083 3516 
208 3127 3509 2916 3749 
209 2968 3272 2984 3284 
210 3073 3568 3541 3570 
211 2963 2871 3116 3373 
212 2916 3127 2902 3509 
213 2883 3338 3309 3727 
214 2271 2173 3005 3524 
215 2985 3573 3049 3622 
216 2888 3393 3022 3444 
217 2881 3050 2930 3761 
218 3165 3178 2903 3297 
219 2913 2851 3019 3494 
220 3113 3196 2556 3318 
221 2902 3127 3454 3509 
222 2840 2911 3027 3519 
223 3034 3526 3478 3541 
224 2131 3103 2132 3188 
225 2932 2983 3134 3450 
226 2849 3058 2935 3203 
227 3072 3283 3249 3577 
228 2993 3681 2999 3683 
229 3478 3526 3034 3779 
230 2848 3070 3581 3686 
231 2886 3178 2903 3296 
232 2984 3272 3271 3284 
233 2848 3070 2987 3581 
234 2886 2976 2932 3178 
235 3034 3541 3478 3779 
236 2849 3203 2935 3249 
237 2871 3077 3010 3373 
238 2838 3032 3136 3546 
239 3096 3095 3339 3445 
240 2871 3106 3077 3373 
241 2852 3408 3351 3720 
242 3501 3632 2919 3671 
243 2947 3049 2985 3573 
244 2841 3402 3570 3718 
245 2905 3034 3568 3570 
246 2897 3072 3009 3577 
247 2954 3558 3561 3562 
248 3010 3077 3048 3443 
249 2858 3108 2980 3143 
250 3006 3426 2996 3497 
251 2886 3296 2903 3297 
252 2937 3151 2938 3608 
253 2842 2989 2988 3477 
254 2911 3126 2840 3183 
255 3168 3171 3170 3173 
256 3047 3048 2294 3301 
257 2189 2937 3485 3629 
258 2217 2951 2216 3180 
259 2881 2930 3330 3761 
260 2857 3034 2905 3779 
261 2581 2944 3142 3626 
262 360 2127 359 3469 
263 2232 2984 3122 3272 
264 2918 3632 3501 3671 
265 2883 2956 2950 3727 
266 2131 3103 3075 3601 
267 2994 3386 2940 3446 
268 3215 3495 3090 3686 
269 2636 3459 2935 3765 
270 2875 3079 3078 3412 
271 2867 3169 2994 3386 
272 2852 3453 3195 3720 
273 2988 2989 3195 3477 
274 2901 2976 3178 3278 
275 2900 3290 3035 3436 
276 2849 3065 3217 3481 
277 2938 3151 3153 3731 
278 3048 3378 3047 3443 
279 2946 3047 3048 3378 
280 2995 2999 2994 3681 
281 2906 3000 2998 3758 
282 2175 2202 3258 3345 
283 3469 3470 3468 3471 
284 2886 2932 3165 3178 
285 3580 3764 3058 3766 
286 2932 2843 3131 3178 
287 3240 3241 3202 3332 
288 2883 2950 3338 3727 
289 2892 2948 3187 3416 
290 2561 3167 3488 3494 
291 2940 3271 2994 3446 
292 3281 3485 2937 3629 
293 3010 3116 2871 3373 
294 3195 3250 3199 3453 
295 3025 3402 3300 3570 
296 3078 3081 3079 3225 
297 2994 3271 2940 3387 
298 3091 3195 2989 3477 
299 2581 2944 2613 3142 
300 2732 2907 3137 3448 
301 3468 3469 3038 3470 
302 3178 3278 2976 3393 
303 3217 3481 3065 3759 
304 2994 3271 2866 3446 
305 2842 3091 2989 3477 
306 2857 2905 3034 3568 
307 2880 3299 3179 3437 
308 3240 3332 3202 3628 
309 2897 3300 2852 3402 
310 2886 2932 3134 3165 
311 3421 3424 2959 3777 
312 2871 3116 3048 3610 
313 3096 3339 3390 3445 
314 2888 2963 3022 3373 
315 3430 3431 3207 3436 
316 2900 3183 3290 3436 
317 3478 3526 3315 3541 
318 2988 3199 3195 3250 
319 3096 3105 3095 3445 
320 3070 3090 2884 3686 
321 2852 3300 2897 3752 
322 3195 3012 3408 3720 
323 2852 2897 3032 3752 
324 2613 3142 2944 3148 
325 3079 3081 3078 3412 
326 2949 2992 3242 3698 
327 3340 3501 2919 3671 
328 3195 3453 3012 3720 
329 2946 3048 3047 3301 
330 2281 3491 3046 3639 
331 2969 3068 2573 3574 
332 2946 3378 3048 3443 
333 2890 3608 3151 3644 
334 2848 2972 3215 3356 
335 2994 2995 2867 3446 
336 2613 2944 2581 3626 
337 3114 2912 3447 3588 
338 2852 2897 3402 3614 
339 2167 3357 3191 3628 
340 3187 3589 2966 3700 
341 3170 3171 3168 3506 
342 2968 2565 3052 3384 
343 3114 3253 2912 3588 
344 2913 3488 3167 3494 
345 2593 3118 3036 3672 
346 3348 3581 3070 3686 
347 3007 3028 2865 3029 
348 2852 3291 3025 3300 
349 2840 3126 2911 3519 
350 3010 3443 3048 3572 
351 2660 2610 2591 3143 
352 3167 3376 2913 3494 
353 2879 3117 3090 3248 
354 2858 3137 3108 3143 
355 3025 3291 2905 3300 
356 2849 2935 3058 3217 
357 3039 3580 3058 3766 
358 3077 3443 3010 3572 
359 2880 3179 3175 3437 
360 2973 3062 3463 3569 
361 2897 3283 3072 3577 
362 2897 2852 3032 3614 
363 3315 3317 3314 3541 
364 2877 3047 3378 3443 
365 3315 3526 3317 3541 
366 3035 3431 3430 3436 
367 2850 3106 2912 3114 
368 2954 3558 2978 3561 
369 2866 2994 3182 3270 
370 2866 3182 2999 3270 
371 3237 3244 3242 3246 
372 2946 3301 3047 3378 
373 3037 3240 2168 3609 
374 2902 3219 2923 3454 
375 2564 3052 2985 3375 
376 2849 3065 2935 3217 
377 2573 3574 3068 3640 
378 3167 3406 2561 3488 
379 2575 2578 3392 3439 
380 2992 3026 3025 3489 
381 2905 3568 2857 3779 
382 2867 3112 2952 3446 
383 2973 3143 3062 3569 
384 2281 2282 3020 3491 
385 2845 3090 3248 3507 
386 3033 3231 2898 3385 
387 2871 2963 3045 3309 
388 2974 3002 2873 3747 
389 3094 3259 3156 3368 
390 3156 3259 3155 3368 
391 2923 2901 3051 3296 
392 2525 3314 3313 3315 
393 2840 3183 3056 3232 
394 2923 3035 2901 3290 
395 2857 3085 3218 3598 
396 3056 3183 2885 3232 
397 2884 3090 3495 3686 
398 2512 3052 2505 3120 
399 2987 3069 2848 3581 
400 3305 3511 2906 3598 
401 2680 2716 3276 3482 
402 2930 2981 3330 3410 
403 2954 2978 3403 3561 
404 3069 3573 2985 3622 
405 2842 3364 3302 3461 
406 2842 2988 2989 3407 
407 2857 3085 3082 3218 
408 3309 3338 2850 3727 
409 2877 3047 3443 3572 
410 2841 3072 3402 3718 
411 3330 3410 2981 3666 
412 2849 3283 2913 3481 
413 2923 3051 2979 3296 
414 2724 2967 3113 3318 
415 3035 3290 2910 3436 
416 2888 3278 3393 3444 
417 2848 3090 3070 3686 
418 2913 3019 2851 3283 
419 2724 3113 2967 3440 
420 3082 3218 3085 3598 
421 3327 3330 3322 3637 
422 2871 3048 3077 3443 
423 3043 3060 3044 3730 
424 2881 3059 2965 3686 
425 3048 3443 3047 3572 
426 2864 3533 3365 3534 
427 3300 3402 3072 3718 
428 3171 3299 3168 3506 
429 3122 3216 2546 3384 
430 3059 2881 3679 3686 
431 2879 3049 3090 3117 
432 2654 3140 3118 3279 
433 2901 2923 3290 3296 
434 3112 3182 2952 3446 
435 2850 3033 2912 3231 
436 2898 3231 3115 3385 
437 2883 3310 3139 3374 
438 2851 3091 2974 3300 
439 2876 3078 3079 3225 
440 3073 3541 2991 3570 
441 2838 3136 3050 3575 
442 2731 2957 3125 3448 
443 3313 3315 3314 3478 
444 2925 3468 3038 3470 
445 2943 3174 3175 3325 
446 3172 3175 3174 3325 
447 2940 3284 3271 3446 
448 2867 2995 2994 3336 
449 2850 2912 3033 3532 
450 2861 3118 3036 3140 
451 2732 3137 2907 3569 
452 2624 3216 2266 3389 
453 2202 395 394 3258 
454 2963 3277 3045 3309 
455 2857 3082 3085 3316 
456 2880 3287 3299 3437 
457 3000 2906 3305 3511 
458 3090 3117 2845 3248 
459 3468 3470 2925 3471 
460 2851 2974 3091 3302 
461 3096 3390 3105 3445 
462 2847 3061 2945 3109 
463 3253 3447 2912 3588 
464 2892 3187 3204 3205 
465 2876 3079 3028 3222 
466 2959 3424 3421 3673 
467 2868 3110 3482 3530 
468 2985 3573 3069 3592 
469 2962 3037 2149 3185 
470 2877 3146 3138 3295 
471 2963 2954 3186 3403 
472 2852 3025 3291 3351 
473 2868 3482 3276 3530 
474 2863 2974 3091 3752 
475 2850 2912 3106 3231 
476 2913 3406 3167 3488 
477 2965 3059 2881 3335 
478 2857 3218 3568 3598 
479 2942 3495 3248 3659 
480 2918 3501 3340 3671 
481 3004 3320 3003 3642 
482 2968 2866 3272 3284 
483 2841 3034 3071 3716 
484 3185 3579 3039 3580 
485 2968 3122 2984 3272 
486 3138 3146 2896 3295 
487 2254 3216 2987 3389 
488 2848 2972 3356 3573 
489 2882 3216 3122 3384 
490 2880 3175 3287 3437 
491 2910 3290 3183 3436 
492 3050 3136 2870 3575 
493 3094 3257 3156 3259 
494 3025 3026 2927 3489 
495 2217 2221 2960 3180 
496 3114 3309 2883 3338 
497 2703 3023 3055 3148 
498 2254 2266 3216 3389 
499 3052 3375 2564 3674 
500 2879 3248 3090 3495 
501 3271 3284 2866 3446 
502 3069 3581 2987 3717 
503 2847 3003 3061 3109 
504 3168 3173 3170 3708 
505 2996 3224 3006 3497 
506 2994 3270 2866 3271 
507 2985 2947 3573 3592 
508 2286 3139 3048 3610 
509 3215 3679 2881 3686 
510 3097 3095 3339 3341 
511 3118 3140 2861 3279 
512 3245 3517 3244 3538 
513 2857 3568 3085 3598 
514 2935 3217 2636 3765 
515 3095 3612 3153 3731 
516 3069 3356 2848 3581 
517 3048 3116 2287 3610 
518 3055 3165 3054 3399 
519 2935 3203 3058 3268 
520 2954 3362 2978 3558 
521 2890 3153 3151 3731 
522 2841 3063 3034 3716 
523 2878 3020 2945 3537 
524 2953 3004 2878 3691 
525 2843 3178 2976 3393 
526 2863 2974 3102 3117 
527 2892 2966 3187 3519 
528 2245 3070 2239 3361 
529 2884 2943 3360 3475 
530 2652 3144 3303 3304 
531 2937 3151 3608 3644 
532 2852 3300 3025 3402 
533 3111 3554 2697 3689 
534 2564 2985 3052 3384 
535 2914 2697 3111 3554 
536 2901 3051 2979 3163 
537 3187 3205 2892 3206 
538 2935 3065 2849 3249 
539 3196 3318 3113 3364 
540 2953 2878 3005 3691 
541 2647 3366 2641 3449 
542 2985 3049 2947 3375 
543 2729 3318 2924 3590 
544 2732 3448 3137 3649 
545 3078 2998 3081 3225 
546 2477 3002 3111 3196 
547 3081 2998 3305 3753 
548 2863 3117 3102 3651 
549 2846 3253 3114 3588 
550 2967 3113 3318 3364 
551 3030 3490 3029 3590 
552 3064 3306 3101 3715 
553 2872 3064 2937 3306 
554 3038 3606 3469 3609 
555 2901 3296 3178 3395 
556 2724 3113 2556 3318 
557 2131 2134 2132 3103 
558 2974 3102 3117 3651 
559 3108 3137 2982 3366 
560 3272 3284 2866 3769 
561 2957 3214 2907 3649 
562 3348 3660 2965 3663 
563 2850 3033 3141 3338 
564 3004 3005 2878 3691 
565 3189 3508 3568 3779 
566 3197 3204 3187 3205 
567 3000 2906 3511 3758 
568 2868 3065 2935 3249 
569 2844 2957 3214 3536 
570 2946 3139 3020 3383 
571 2901 3163 2979 3395 
572 2957 3448 2731 3648 
573 3083 3511 3121 3512 
574 2872 2937 3064 3746 
575 2677 3459 2636 3765 
576 2979 3163 2977 3395 
577 2937 2938 3485 3608 
578 3101 3306 2922 3715 
579 2925 3520 2949 3624 
580 2901 3278 3178 3290 
581 2863 3091 2974 3477 
582 2995 2999 2865 3182 
583 2880 3179 3299 3507 
584 2167 3103 2143 3191 
585 2900 3035 3430 3436 
586 2901 3178 2976 3395 
587 2964 3581 3069 3717 
588 2865 3007 3029 3192 
589 3025 3300 2905 3570 
590 2863 3102 2974 3752 
591 2732 2907 3448 3569 
592 2992 3026 3242 3545 
593 3004 3003 3320 3740 
594 2951 3269 3260 3425 
595 2851 2974 3102 3300 
596 3073 2905 3568 3570 
597 2860 3357 2962 3575 
598 2897 3032 3136 3181 
599 3055 3166 3165 3582 
600 3011 2990 3513 3721 
601 3168 3173 3708 3712 
602 2580 3008 3062 3569 
603 2927 3242 3026 3246 
604 2895 3141 3033 3338 
605 3010 3146 3077 3572 
606 2895 3260 3269 3425 
607 2281 3046 3020 3510 
608 2855 3115 3231 3385 
609 2843 3077 3010 3146 
610 3136 3546 2897 3577 
611 2897 3300 3102 3752 
612 2952 2988 2867 3398 
613 3660 3662 2965 3663 
614 2855 3231 3033 3385 
615 2899 3205 3187 3206 
616 2888 3186 3277 3428 
617 2857 3218 3082 3316 
618 2932 3054 3165 3399 
619 3114 3447 2970 3588 
620 2865 2999 2995 3681 
621 2703 3023 2691 3055 
622 2860 3303 3144 3304 
623 2970 3064 2839 3746 
624 3004 3109 3003 3740 
625 2854 3166 3055 3582 
626 2950 3567 2883 3605 
627 2964 3356 3069 3581 
628 2955 3277 3186 3428 
629 2862 2947 3049 3375 
630 2927 3246 3026 3631 
631 2921 3023 3358 3582 
632 3064 3101 2922 3715 
633 2950 2959 3567 3605 
634 3131 3146 2932 3399 
635 2980 3108 2858 3715 
636 2887 2963 3116 3373 
637 2871 3106 2963 3309 
638 2294 3301 3048 3491 
639 2858 2907 3143 3597 
640 2613 3148 2944 3413 
641 2900 3278 3035 3290 
642 3106 2888 3277 3480 
643 2922 3108 2980 3715 
644 3164 3556 3555 3557 
645 2906 3078 2998 3081 
646 3217 3764 2636 3765 
647 2571 3574 2573 3640 
648 3053 3302 3189 3311 
649 2967 3029 3490 3590 
650 2935 3249 3203 3268 
651 2962 2860 3188 3357 
652 2859 3463 3008 3536 
653 2468 3137 3108 3366 
654 3041 3546 3136 3577 
655 3095 3341 3097 3499 
656 2131 2134 3103 3601 
657 3342 3671 3670 3742 
658 2974 3102 3091 3752 
659 3070 3348 2987 3581 
660 2279 2281 2282 3020 
661 2492 2490 2550 2338 
662 2863 3031 3195 3199 
663 2209 2221 2960 3778 
664 2923 2901 3035 3051 
665 3250 3199 3453 3675 
666 2946 3139 3383 3443 
667 2945 3004 2878 3109 
668 2725 2556 3196 3318 
669 3248 3507 2942 3659 
670 2242 2428 3122 3216 
671 2981 2879 3475 3495 
672 2839 3064 2970 3388 
673 2981 3400 2879 3495 
674 2899 3187 3027 3206 
675 3154 3397 3153 3551 
676 2848 2987 3070 3622 
677 3014 3351 3408 3720 
678 3322 3636 3327 3637 
679 3153 3154 3095 3397 
680 3045 3403 3116 3561 
681 3048 3139 2286 3491 
682 2946 3046 3020 3491 
683 2961 2860 3144 3304 
684 2965 3587 3335 3662 
685 2899 3254 3115 3385 
686 2856 3109 2970 3537 
687 2981 2881 3330 3666 
688 3154 3156 3368 3551 
689 2969 3190 2572 3392 
690 2938 3153 3612 3731 
691 2477 3196 3111 3689 
692 2854 3023 3166 3582 
693 2908 3105 2938 3699 
694 3008 3463 2907 3536 
695 2843 2932 3131 3146 
696 3169 3168 3299 3506 
697 2848 3049 3573 3622 
698 2613 2614 2944 3626 
699 2850 3114 2912 3532 
700 2854 3055 3165 3582 
701 2910 3219 3127 3454 
702 2860 3075 3303 3304 
703 2705 2957 2918 3760 
704 2854 3023 3055 3166 
705 2961 3188 2860 3304 
706 2886 3178 3296 3395 
707 2960 3061 2209 3778 
708 2858 2907 3137 3143 
709 3290 3296 2923 3454 
710 2878 3004 2945 3350 
711 2856 2969 3537 3588 
712 2574 2572 3190 3392 
713 2961 3481 3217 3759 
714 3091 3102 2974 3300 
715 2444 3047 2296 3301 
716 2846 3383 3139 3443 
717 2912 3114 3106 3748 
718 2905 3189 3568 3779 
719 3189 3300 3091 3302 
720 2468 3108 2641 3366 
721 3083 3511 3305 3598 
722 3324 3410 3329 3634 
723 2879 3090 3215 3495 
724 2892 3187 2948 3204 
725 3004 3061 3003 3109 
726 2850 3309 3114 3338 
727 3036 3140 2590 3295 
728 2848 3215 3090 3686 
729 2843 3010 3077 3373 
730 2652 3303 3075 3304 
731 2905 3570 3300 3718 
732 2998 3407 2906 3758 
733 3091 3189 2905 3300 
734 2967 3029 2865 3490 
735 3094 3397 3154 3551 
736 3126 3183 2911 3436 
737 3091 3291 2852 3300 
738 2851 3091 3300 3302 
739 2847 2960 2959 3777 
740 2947 3150 2972 3780 
741 2902 3127 3219 3454 
742 2943 3400 2981 3495 
743 2907 3405 3008 3536 
744 2990 3514 3513 3721 
745 2580 3062 2583 3569 
746 2447 3216 2624 3389 
747 2209 3061 2960 3180 
748 2871 3045 2963 3116 
749 2857 3034 3541 3568 
750 2867 2988 2952 3112 
751 3314 3316 3313 3478 
752 2943 2981 3475 3495 
753 2983 3089 3088 3293 
754 2886 2976 3178 3395 
755 2854 2932 3131 3178 
756 3000 3641 2998 3758 
757 3077 3138 2877 3146 
758 2970 3467 3064 3746 
759 3170 3595 3171 3621 
760 2935 2868 3249 3276 
761 2874 3053 3189 3508 
762 2905 3291 3091 3300 
763 2732 3143 3137 3569 
764 2908 2938 3105 3445 
765 2847 3553 2950 3605 
766 2649 3216 3252 3384 
767 2613 2581 2614 3626 
768 2851 3376 3002 3494 
769 3095 3397 3154 3499 
770 3094 3154 3397 3499 
771 2874 3189 3053 3302 
772 360 359 3353 3469 
773 2947 2972 3739 3780 
774 3260 3269 2951 3692 
775 3161 3293 2887 3294 
776 2873 3002 2974 3518 
777 2918 3501 3632 3760 
778 2854 3358 3023 3582 
779 2908 3214 2957 3649 
780 2883 3309 3139 3310 
781 3053 3311 3078 3407 
782 2916 3509 3534 3594 
783 2180 3320 3004 3642 
784 2851 2913 3283 3376 
785 3020 3139 2846 3383 
786 3000 3011 2990 3513 
787 2373 2390 2314 2687 
788 3242 3246 3244 3545 
789 2897 3181 3136 3577 
790 2912 3106 3077 3748 
791 3019 3111 2698 3494 
792 3445 3612 3095 3731 
793 2286 2274 3139 3310 
794 2878 2945 3109 3537 
795 2851 3283 3300 3546 
796 2871 3139 3309 3310 
797 2990 3011 3000 3758 
798 2149 3037 2962 3357 
799 2872 3644 2937 3746 
800 2841 2992 3071 3570 
801 2843 3077 3106 3373 
802 2863 3031 3282 3408 
803 3069 3286 2566 3529 
804 2994 3386 3169 3387 
805 2907 3214 2957 3536 
806 3035 3290 2923 3454 
807 3046 3491 2946 3639 
808 3027 3187 2966 3519 
809 2951 3260 2960 3262 
810 2967 2865 3145 3490 
811 3316 3478 3314 3541 
812 2947 3303 2452 3406 
813 2952 2867 3162 3398 
814 2583 3062 3143 3569 
815 2887 3161 3294 3503 
816 2884 3090 3070 3495 
817 2905 3189 3091 3302 
818 2938 3612 3445 3731 
819 2847 3260 2950 3553 
820 2589 3140 3047 3378 
821 2970 3447 3114 3532 
822 3242 3026 3246 3545 
823 2580 2584 3008 3569 
824 2914 3111 2697 3349 
825 3106 3277 2963 3309 
826 3330 3331 2930 3410 
827 2838 3032 3282 3352 
828 2613 2944 2614 3413 
829 2281 3020 2279 3510 
830 2926 2935 3249 3458 
831 2245 3070 3361 3756 
832 2979 3051 2901 3296 
833 3012 3195 3031 3199 
834 2940 3299 3179 3507 
835 2848 3049 3090 3215 
836 2856 3388 2969 3588 
837 2935 2926 3249 3268 
838 2580 2583 2584 3569 
839 3170 3506 3168 3710 
840 2949 3242 2992 3489 
841 2607 2573 3068 3640 
842 3073 2906 3511 3598 
843 2865 3029 2967 3440 
844 3033 3141 2898 3480 
845 2885 3183 3018 3290 
846 2976 3373 3022 3503 
847 3028 3145 2865 3490 
848 2337 2550 2490 2338 
849 2871 3139 3310 3610 
850 3016 3062 2869 3392 
851 2945 3061 3004 3109 
852 2578 3016 3062 3729 
853 3071 3317 2991 3381 
854 2580 3142 3008 3626 
855 3191 3357 2870 3628 
856 3306 3629 2922 3715 
857 2842 3311 3053 3407 
858 2935 3249 3274 3276 
859 3131 3178 2843 3393 
860 2937 2872 3306 3644 
861 2890 3152 3151 3153 
862 2591 3108 2980 3401 
863 2577 3016 2576 3392 
864 3034 3317 3071 3716 
865 2242 3122 2233 3216 
866 2871 3309 3139 3748 
867 3271 3284 3272 3769 
868 2536 3272 2968 3418 
869 2843 3138 3077 3146 
870 2230 2245 2239 3361 
871 3090 3117 3049 3391 
872 2863 3195 3031 3408 
873 3210 3668 3129 3669 
874 3322 3331 3330 3410 
875 2844 3214 2957 3390 
876 2857 3478 3316 3541 
877 2841 3489 2992 3570 
878 3481 3488 3065 3759 
879 2878 3004 2953 3740 
880 2574 3392 3190 3439 
881 2566 3286 3069 3717 
882 2943 3324 3323 3475 
883 2945 3020 3285 3537 
884 2505 2475 2511 3120 
885 2974 3376 3002 3747 
886 3077 3146 2877 3572 
887 3106 3231 2888 3480 
888 2990 3026 3025 3462 
889 3405 3448 2907 3569 
890 2994 2993 3336 3681 
891 2840 2966 3027 3232 
892 3012 3057 3031 3408 
893 2927 3242 3246 3631 
894 2935 3065 2868 3705 
895 3008 3405 2907 3569 
896 2963 3022 3373 3503 
897 2583 3143 3062 3439 
898 2960 3267 3266 3539 
899 3322 3410 3330 3666 
900 2887 3294 3293 3404 
901 2994 3336 2995 3681 
902 3032 3234 3014 3625 
903 3314 3478 3315 3541 
904 2607 2571 2573 3640 
905 2957 3214 2908 3390 
906 3280 3284 3162 3446 
907 2879 3090 3049 3215 
908 2928 3234 3032 3625 
909 2452 3303 2947 3529 
910 2573 3068 2969 3392 
911 2698 3111 3019 3349 
912 2391 3013 3230 3515 
913 3020 3139 2946 3491 
914 3139 3285 2883 3374 
915 2841 3071 2992 3489 
916 3020 3285 3139 3374 
917 3073 3083 3121 3598 
918 2981 3324 2943 3475 
919 2876 2998 3078 3225 
920 2992 2949 3489 3698 
921 2952 3280 3162 3446 
922 3073 3121 3085 3598 
923 3152 3156 3257 3258 
924 2964 3286 3069 3356 
925 2937 3306 3064 3715 
926 2295 3139 2286 3374 
927 2974 2851 3376 3747 
928 2973 2980 2869 3439 
929 3085 3121 3083 3598 
930 3078 3311 2906 3407 
931 3150 3575 2972 3780 
932 2998 3641 3407 3758 
933 2907 2858 3137 3214 
934 2987 3070 2244 3348 
935 2341 2492 2338 2367 
936 2897 3102 3032 3752 
937 2989 2988 3195 3250 
938 2580 3008 2620 3626 
939 2438 2373 2314 2687 
940 3002 3376 3167 3494 
941 2911 3207 3128 3436 
942 2896 3146 3131 3399 
943 2943 3174 3325 3333 
944 3324 3323 3410 3634 
945 2900 3183 3278 3290 
946 2271 2173 2639 3005 
947 2895 3269 3260 3338 
948 2856 3537 2969 3740 
949 2561 3488 2474 3494 
950 2195 2982 3281 3485 
951 2477 3111 3002 3494 
952 2244 3070 2987 3754 
953 2350 2494 2501 2345 
954 3035 3278 2900 3429 
955 3031 3195 3012 3408 
956 3139 3309 2883 3748 
957 3150 3375 3167 3406 
958 2854 3165 2932 3178 
959 2987 3389 3252 3717 
960 3069 3286 2909 3356 
961 3115 3231 2898 3480 
962 3098 3204 3097 3499 
963 2848 3069 2987 3622 
964 2135 2962 3188 3357 
965 2877 3138 3016 3295 
966 2982 3137 3108 3550 
967 2926 3009 2949 3427 
968 3032 3014 3234 3614 
969 2866 2999 3182 3193 
970 2919 3501 3133 3632 
971 2239 3070 2236 3616 
972 2868 3065 3249 3757 
973 2938 3550 2908 3699 
974 3031 3057 2929 3408 
975 2580 3062 3008 3142 
976 2850 3141 3033 3480 
977 3094 3368 3156 3551 
978 2845 3162 3280 3284 
979 3286 3451 2964 3587 
980 3321 3632 2975 3687 
981 2201 3132 2937 3306 
982 2842 3053 3078 3407 
983 2851 3300 3189 3302 
984 2492 2341 2494 2367 
985 2564 3052 2565 3384 
986 2907 3448 3405 3536 
987 2921 3358 3023 3725 
988 2853 3062 2973 3432 
989 3323 3360 2943 3475 
990 2998 3229 3000 3753 
991 3132 3306 2872 3644 
992 2845 3117 3090 3391 
993 3447 3586 2973 3665 
994 2929 3282 3031 3408 
995 3126 3127 2916 3749 
996 3105 3612 2938 3699 
997 3039 3579 3058 3580 
998 3138 3452 3067 3658 
999 3002 3376 2851 3747 
1000 2475 2511 3120 3781 
1001 2440 2624 2266 3389 
1002 3142 3148 2613 3527 
1003 2847 3605 3061 3777 
1004 3183 3436 3126 3749 
1005 3587 3661 2964 3664 
1006 2853 3067 3452 3658 
1007 3014 3408 3012 3720 
1008 3191 3327 2881 3335 
1009 3070 3090 2848 3622 
1010 2528 2399 2418 2354 
1011 3228 3229 3226 3354 
1012 3150 2947 3375 3406 
1013 3575 3739 2972 3780 
1014 3170 3506 3595 3621 
1015 3018 3183 2910 3290 
1016 2350 2501 2349 2345 
1017 2881 3327 3191 3330 
1018 3073 3511 2906 3758 
1019 3022 3164 2978 3362 
1020 3176 3199 3171 3675 
1021 3133 3632 3501 3760 
1022 2447 3252 3389 3717 
1023 2963 3106 2888 3277 
1024 2866 2968 3120 3280 
1025 2990 3291 3011 3758 
1026 2884 3360 2943 3361 
1027 2910 3127 3126 3749 
1028 2887 3116 3010 3373 
1029 2967 3318 2724 3590 
1030 2951 3261 3260 3262 
1031 3210 3441 3212 3604 
1032 3036 3146 2932 3450 
1033 2906 3078 3053 3311 
1034 2907 2858 3214 3597 
1035 2848 3356 3215 3686 
1036 3294 3404 2887 3503 
1037 2144 3335 3059 3587 
1038 3002 3376 2974 3518 
1039 3018 3414 3358 3594 
1040 3248 3495 3400 3659 
1041 3417 3171 3595 3621 
1042 2983 2934 3134 3450 
1043 2350 2367 2494 2345 
1044 2935 2868 3276 3705 
1045 2930 3050 2981 3409 
1046 2990 3026 3462 3545 
1047 2562 3019 2698 3494 
1048 2860 3103 3357 3575 
1049 2586 2574 3190 3439 
1050 2887 3116 2963 3403 
1051 2847 2959 3605 3777 
1052 2935 2926 3268 3458 
1053 2201 2937 3132 3151 
1054 2947 3049 2972 3150 
1055 2945 3020 2878 3737 
1056 3299 3386 3179 3437 
1057 2839 3388 3447 3586 
1058 3110 3315 2695 3554 
1059 2865 3029 3028 3490 
1060 3016 2576 3392 3773 
1061 2649 2546 3216 3384 
1062 2883 3309 2956 3727 
1063 2866 2968 3272 3418 
1064 2428 2546 3122 3216 
1065 2491 2336 2490 2338 
1066 2930 3352 3050 3409 
1067 2922 3306 3101 3629 
1068 2625 2667 2323 2417 
1069 2948 2892 3204 3416 
1070 3037 3240 3202 3628 
1071 2885 3018 3056 3755 
1072 2222 3306 3522 3696 
1073 2854 3131 2932 3399 
1074 3114 3447 2912 3532 
1075 2840 3519 2966 3611 
1076 2968 3120 2512 3418 
1077 2894 3001 3132 3425 
1078 2847 2959 3553 3605 
1079 3126 3127 2910 3617 
1080 3108 3355 3449 3743 
1081 2896 3138 3131 3146 
1082 3069 3252 2987 3622 
1083 3112 3145 3078 3407 
1084 2851 3300 3102 3546 
1085 2981 3409 3050 3741 
1086 2884 3361 2943 3495 
1087 3019 2913 3488 3757 
1088 2961 3304 3144 3759 
1089 2840 3027 2966 3519 
1090 2986 3261 2895 3736 
1091 2862 3376 3002 3518 
1092 3144 3304 2557 3759 
1093 2167 2138 3103 3357 
1094 3067 3138 3131 3452 
1095 2842 3145 3112 3407 
1096 2870 3191 3103 3357 
1097 2950 2959 3264 3567 
1098 2538 2524 2329 2330 
1099 3048 3139 2871 3610 
1100 3050 3409 3352 3741 
1101 2652 2461 3075 3303 
1102 3008 3405 2859 3536 
1103 2897 3300 3283 3546 
1104 2869 3392 3062 3439 
1105 2888 3186 2963 3277 
1106 2887 3161 2976 3312 
1107 3097 3204 2892 3416 
1108 2914 3349 2697 3554 
1109 2910 3290 3035 3454 
1110 3179 3299 2940 3386 
1111 3103 3188 2860 3357 
1112 2330 2329 2538 2317 
1113 2863 3195 2988 3199 
1114 3169 3168 3506 3710 
1115 2989 3250 3195 3453 
1116 2954 2956 3045 3277 
1117 2845 3162 2952 3280 
1118 2840 3107 2966 3232 
1119 2910 3183 3018 3749 
1120 3018 3183 2840 3749 
1121 2143 3103 3059 3191 
1122 2929 3282 3032 3352 
1123 2839 3586 3447 3665 
1124 2838 3050 2972 3575 
1125 3032 3234 3181 3614 
1126 2898 3231 3033 3480 
1127 3172 3175 3325 3486 
1128 3011 3026 2990 3721 
1129 2517 2667 2408 2683 
1130 3365 3652 2864 3725 
1131 2981 3215 3050 3475 
1132 3248 3282 3031 3400 
1133 2841 3071 3034 3570 
1134 2908 2938 3445 3550 
1135 2531 2405 2320 2370 
1136 2501 2552 2349 2345 
1137 2881 3050 3215 3475 
1138 2871 2963 3106 3373 
1139 3038 2925 3470 3606 
1140 2847 3109 2945 3605 
1141 2858 3143 2973 3597 
1142 2881 2981 3050 3475 
1143 2144 3059 3451 3587 
1144 2872 3132 3001 3425 
1145 2233 3216 3122 3492 
1146 2843 3131 3138 3146 
1147 3249 3283 3072 3757 
1148 2474 3488 3019 3494 
1149 3170 3171 3506 3621 
1150 2849 3249 3283 3577 
1151 2612 3142 2613 3527 
1152 2575 2577 2576 3392 
1153 25 3751 3667 3775 
1154 2931 3181 3136 3435 
1155 2883 3338 2950 3605 
1156 2841 3072 3009 3402 
1157 2457 2452 3303 3406 
1158 3206 3441 3207 3584 
1159 3001 2894 3132 3255 
1160 3071 3317 3034 3570 
1161 2863 3102 3282 3651 
1162 2890 3001 3017 3733 
1163 2928 3181 3032 3234 
1164 2861 3146 3036 3450 
1165 2842 3078 3145 3407 
1166 3187 3372 2889 3438 
1167 2953 3005 2878 3719 
1168 2209 2960 2221 3180 
1169 2408 2323 2667 2417 
1170 2991 3317 3071 3570 
1171 2963 2888 3106 3373 
1172 3025 3462 3026 3545 
1173 3229 3250 3230 3542 
1174 2866 2968 3280 3284 
1175 2973 3062 2869 3432 
1176 2529 2538 2329 2317 
1177 3255 2894 3343 3344 
1178 2898 3141 3033 3502 
1179 2861 3088 2983 3089 
1180 2838 3282 3050 3352 
1181 2589 3047 2631 3378 
1182 2399 2321 2528 2418 
1183 3073 3121 3083 3511 
1184 2720 2652 2461 3075 
1185 2847 2970 3285 3338 
1186 2285 2294 3048 3491 
1187 2944 3074 2864 3147 
1188 2867 3112 2995 3223 
1189 2890 3017 3001 3255 
1190 3187 3197 2948 3204 
1191 3168 3171 3173 3287 
1192 2998 3000 3229 3641 
1193 2863 3031 3248 3282 
1194 2491 2488 2336 2339 
1195 2840 3414 3018 3749 
1196 2862 3049 2947 3150 
1197 2966 3589 2889 3700 
1198 3207 3431 3128 3436 
1199 3326 3348 2965 3663 
1200 2999 2865 3182 3193 
1201 2963 3403 2978 3503 
1202 2841 3071 3427 3716 
1203 2841 3009 3072 3724 
1204 2970 3388 3064 3467 
1205 2838 3150 2972 3656 
1206 3104 3485 3612 3699 
1207 2631 3047 2589 3140 
1208 2868 3274 3249 3276 
1209 3025 3026 2992 3545 
1210 3062 3008 3463 3569 
1211 3058 3481 2961 3579 
1212 2991 3034 3317 3570 
1213 2721 3479 3313 3531 
1214 2850 3106 3277 3480 
1215 3095 3158 3153 3612 
1216 3326 3464 3348 3663 
1217 3013 3250 3453 3675 
1218 2652 3144 2460 3303 
1219 3097 3204 3098 3549 
1220 2956 3308 3380 3727 
1221 2956 3380 3264 3727 
1222 3250 3417 3199 3675 
1223 2729 2924 3318 3479 
1224 2979 3163 3051 3556 
1225 2884 3495 3215 3686 
1226 2840 3183 3126 3749 
1227 2840 3126 3519 3611 
1228 3101 3320 2197 3522 
1229 2867 2994 3169 3336 
1230 2849 3481 3058 3579 
1231 2517 2408 2351 2683 
1232 2921 3166 3023 3582 
1233 3136 3181 2931 3577 
1234 3204 3205 3098 3549 
1235 2972 3150 3049 3656 
1236 2286 3139 2295 3491 
1237 3089 3118 2861 3279 
1238 2336 2491 2339 2338 
1239 2954 3045 2963 3277 
1240 2901 3290 3178 3296 
1241 3035 3219 2910 3454 
1242 2923 3219 3035 3454 
1243 3104 3442 3367 3699 
1244 2998 3078 2906 3407 
1245 2858 3143 2980 3586 
1246 3085 3316 3314 3541 
1247 3141 2955 3480 3727 
1248 3339 3445 3095 3690 
1249 2847 3061 2960 3777 
1250 3141 3308 2955 3727 
1251 2886 3165 3134 3297 
1252 2939 3166 2933 3744 
1253 2847 2945 3061 3605 
1254 3008 3142 2853 3596 
1255 2349 2348 2552 2519 
1256 2519 2351 2407 2683 
1257 2859 3233 3463 3536 
1258 2182 2197 3320 3522 
1259 2510 2379 2390 2687 
1260 2901 2976 3022 3395 
1261 3260 3269 2847 3338 
1262 3136 3181 2928 3435 
1263 2577 3016 2578 3729 
1264 2321 2540 2541 2381 
1265 2843 2932 3146 3312 
1266 2943 3325 3175 3487 
1267 2350 2351 2517 2352 
1268 2340 2492 2550 2338 
1269 2488 2336 2490 2491 
1270 2239 3616 3492 3713 
1271 3175 3179 2880 3659 
1272 2239 2236 3492 3616 
1273 2840 3056 3018 3358 
1274 2884 3348 3326 3464 
1275 2561 3406 2458 3488 
1276 2943 3177 3174 3324 
1277 2966 3321 2975 3687 
1278 2576 3016 2577 3773 
1279 2863 3199 2988 3398 
1280 3111 3689 3189 3779 
1281 2889 3589 3187 3700 
1282 2899 3197 3187 3205 
1283 3111 2914 3689 3779 
1284 3017 3256 3152 3702 
1285 2847 3269 3260 3692 
1286 2899 3198 3197 3205 
1287 2965 3059 3356 3686 
1288 3134 2886 3297 3466 
1289 3115 3208 2899 3627 
1290 2652 3075 2720 3304 
1291 2293 3319 3047 3422 
1292 3261 3425 2895 3736 
1293 2488 2336 2335 2489 
1294 2519 2517 2351 2683 
1295 2852 3291 3011 3351 
1296 2564 2505 2565 3052 
1297 2853 2973 3062 3463 
1298 2327 2392 2643 2670 
1299 2865 3113 2967 3364 
1300 3069 3286 2964 3717 
1301 3111 3189 2914 3779 
1302 2306 3421 3424 3673 
1303 2853 3142 3452 3596 
1304 3054 3055 2933 3165 
1305 2874 3364 3053 3701 
1306 3187 2889 3372 3589 
1307 3068 3253 2877 3443 
1308 3085 3541 3073 3568 
1309 2852 3291 2989 3453 
1310 2897 3032 3181 3614 
1311 3023 3358 3148 3413 
1312 3202 3240 2928 3638 
1313 3264 3565 3421 3566 
1314 2961 2557 3304 3759 
1315 2841 3427 3063 3716 
1316 2865 2967 3145 3364 
1317 3042 3044 2678 3730 
1318 3261 3262 2951 3265 
1319 3421 3565 3264 3567 
1320 3240 3607 2928 3638 
1321 2572 3190 2969 3346 
1322 2628 2438 2314 2687 
1323 2717 3113 3193 3781 
1324 3073 3511 3083 3598 
1325 2879 3400 3248 3495 
1326 3104 3485 3484 3612 
1327 2401 3051 3221 3593 
1328 2652 2557 3144 3304 
1329 3032 3102 2897 3546 
1330 2919 3670 3342 3671 
1331 2560 2698 3111 3494 
1332 2852 3014 3032 3614 
1333 2844 3214 3233 3536 
1334 2860 3103 3075 3188 
1335 2990 3025 3291 3462 
1336 2992 3462 3071 3570 
1337 2852 3011 3291 3453 
1338 2969 3190 2869 3388 
1339 3105 3442 3104 3699 
1340 3238 3468 2925 3471 
1341 2874 3318 3196 3364 
1342 2981 3410 3323 3666 
1343 3050 3352 3282 3741 
1344 3148 3358 2944 3413 
1345 3089 3279 2861 3422 
1346 3205 3212 3098 3549 
1347 3025 3351 2852 3614 
1348 2195 3281 2982 3449 
1349 2857 3478 3541 3779 
1350 3009 3072 2897 3402 
1351 2344 2346 2506 2368 
1352 2879 3475 3215 3741 
1353 2182 3320 3003 3522 
1354 3026 3514 2990 3721 
1355 3151 3152 2890 3255 
1356 2945 3285 3109 3537 
1357 2353 2667 2632 2417 
1358 2888 3022 2963 3186 
1359 2928 3240 3202 3435 
1360 2943 3475 2884 3495 
1361 2892 3205 3204 3549 
1362 2895 3260 3425 3693 
1363 3108 3355 2599 3449 
1364 2545 2224 2242 3122 
1365 3028 2875 3078 3145 
1366 3038 3470 3469 3606 
1367 3071 3698 3427 3716 
1368 3106 3231 2912 3750 
1369 2935 3274 3249 3458 
1370 2451 2985 3252 3592 
1371 2928 3240 3435 3607 
1372 2872 3101 3064 3306 
1373 3028 3222 3007 3650 
1374 3241 3607 3240 3638 
1375 2586 3190 2980 3439 
1376 2981 3324 3323 3410 
1377 2867 3112 3223 3621 
1378 2966 3233 3133 3416 
1379 3061 3180 2209 3642 
1380 2976 3161 2887 3503 
1381 2490 2334 2489 2493 
1382 3048 3301 2946 3491 
1383 2123 2623 2140 3075 
1384 2874 2967 3364 3701 
1385 2536 2968 2512 3418 
1386 3223 3621 3112 3623 
1387 3019 2851 3283 3654 
1388 2905 3189 3311 3568 
1389 2981 2943 3324 3400 
1390 2985 3375 3052 3391 
1391 2867 3223 2995 3336 
1392 3270 3271 2994 3387 
1393 3219 3128 3618 3619 
1394 2452 3375 2947 3406 
1395 2909 3286 3069 3529 
1396 3324 3325 2943 3360 
1397 3261 3425 3260 3693 
1398 2135 2962 2133 3188 
1399 2857 3568 3508 3779 
1400 3261 3265 2951 3425 
1401 2894 3265 3261 3425 
1402 2502 2501 2517 2350 
1403 2560 2562 2698 3494 
1404 3000 3641 3011 3722 
1405 2595 3448 3405 3569 
1406 2670 2392 2643 2627 
1407 3052 3375 2862 3391 
1408 3016 3138 2896 3295 
1409 3017 3255 3152 3256 
1410 2913 3019 3488 3494 
1411 2963 3116 3045 3403 
1412 3026 3351 3025 3614 
1413 2640 2631 3047 3378 
1414 3054 3134 2932 3165 
1415 2452 3529 2947 3592 
1416 2937 3194 3064 3746 
1417 2981 3324 3177 3400 
1418 2494 2341 2495 2345 
1419 2938 3153 3484 3612 
1420 2489 2336 2334 2490 
1421 2849 3041 3481 3579 
1422 2865 3650 3007 3681 
1423 2724 2556 2725 3318 
1424 3017 3198 2891 3736 
1425 3534 3594 2921 3725 
1426 2369 2206 2207 2437 
1427 2729 3318 3092 3479 
1428 2962 3481 3041 3579 
1429 3073 3085 2991 3541 
1430 2976 2887 3373 3503 
1431 3059 3356 2972 3573 
1432 3023 3148 2703 3413 
1433 2931 3181 3009 3577 
1434 2944 3452 3142 3596 
1435 2946 3020 3046 3383 
1436 2408 2323 2437 2667 
1437 3097 2919 3213 3342 
1438 2867 3299 3169 3386 
1439 2295 3020 2282 3491 
1440 3059 3335 2965 3587 
1441 2964 3286 2147 3664 
1442 3118 3279 3089 3423 
1443 2956 3264 2950 3727 
1444 3001 3132 2872 3644 
1445 2486 2335 2359 2548 
1446 2865 3028 3007 3650 
1447 2931 3009 3181 3624 
1448 2914 3092 3554 3689 
1449 2852 3402 3025 3614 
1450 2622 3046 2267 3292 
1451 3168 3708 3170 3710 
1452 2903 3296 3290 3454 
1453 2900 3035 3429 3430 
1454 2933 3165 3055 3166 
1455 3361 3653 2942 3713 
1456 2545 2242 2428 3122 
1457 2852 3032 3014 3408 
1458 2348 2552 2344 2345 
1459 2944 2614 3413 3626 
1460 2954 3045 2956 3562 
1461 3137 3143 2907 3569 
1462 2944 2864 3074 3413 
1463 2636 3217 2935 3705 
1464 3187 3197 2899 3198 
1465 3065 2849 3249 3757 
1466 2863 3195 3091 3477 
1467 2632 2625 2393 2417 
1468 2557 2961 3304 3763 
1469 2849 3577 3041 3579 
1470 2959 2950 3264 3553 
1471 2860 3739 3575 3780 
1472 3078 3112 2876 3704 
1473 2455 3167 3002 3674 
1474 2877 3443 3077 3572 
1475 2957 2907 3448 3649 
1476 3106 3114 2850 3309 
1477 2399 2528 2508 2354 
1478 3190 3392 2869 3439 
1479 3062 3143 2973 3439 
1480 3107 2966 3233 3321 
1481 2167 3191 2128 3628 
1482 2892 3416 2966 3687 
1483 2838 2972 3150 3575 
1484 3019 3488 3065 3757 
1485 2876 3078 2998 3623 
1486 3199 3417 3171 3675 
1487 2407 2351 2408 2683 
1488 3133 3233 2966 3321 
1489 2407 2408 2369 2683 
1490 2654 3118 2593 3672 
1491 2667 2323 2437 2625 
1492 2847 2970 3109 3285 
1493 2870 3136 3050 3761 
1494 2872 3132 3425 3696 
1495 2907 3233 3214 3536 
1496 2410 2376 2515 2514 
1497 2839 3064 3388 3586 
1498 3141 3307 2955 3308 
1499 3106 3373 2888 3393 
1500 3041 3577 2962 3579 
1501 2943 3325 3324 3333 
1502 2647 2468 2641 3366 
1503 2388 2329 2524 2330 
1504 2579 3062 2580 3142 
1505 3427 3698 3043 3716 
1506 2390 2395 2314 2687 
1507 2994 3182 2995 3446 
1508 2850 3231 3106 3480 
1509 2232 2235 2984 3271 
1510 2986 2891 3198 3736 
1511 3061 3523 3004 3642 
1512 2883 3285 3139 3748 
1513 2328 2645 2694 2414 
1514 2848 3573 3069 3622 
1515 2973 2869 3062 3439 
1516 2452 2563 3303 3529 
1517 2869 2973 3432 3447 
1518 2538 2539 2548 2330 
1519 2944 3147 2864 3358 
1520 2274 3374 3310 3567 
1521 2953 3004 3320 3740 
1522 2486 2359 2360 2485 
1523 2879 2981 3475 3741 
1524 2445 3389 2249 3664 
1525 2899 3385 3115 3627 
1526 2592 3140 2654 3279 
1527 2195 3281 3449 3743 
1528 2883 3285 3338 3605 
1529 2863 3091 3195 3752 
1530 2559 2473 2455 3002 
1531 2551 2364 2488 2339 
1532 2455 3002 2473 3674 
1533 2392 2302 2301 2643 
1534 2550 2337 2340 2338 
1535 2343 2495 2497 2341 
1536 2970 2839 3269 3746 
1537 2980 2869 3190 3388 
1538 3177 3324 2943 3400 
1539 2856 3190 2969 3388 
1540 2528 2540 2541 2321 
1541 2840 3147 3056 3358 
1542 3050 3575 2870 3679 
1543 2353 2667 2517 2518 
1544 2994 2866 3182 3446 
1545 2937 3064 3194 3715 
1546 2393 2625 2323 2417 
1547 2962 3041 2860 3575 
1548 3038 3483 2925 3606 
1549 2882 3252 3216 3384 
1550 3017 3702 3152 3735 
1551 2869 3190 2969 3392 
1552 3098 3212 3578 3603 
1553 2838 3102 3032 3546 
1554 3173 2391 3595 3707 
1555 2865 3007 3192 3681 
1556 3009 3489 2927 3520 
1557 2844 2957 3133 3501 
1558 2844 3133 2957 3536 
1559 2346 2506 2498 2344 
1560 3033 3141 2895 3502 
1561 3028 3078 2876 3704 
1562 2876 3223 3006 3650 
1563 2537 3019 3488 3530 
1564 3260 3262 3261 3540 
1565 2667 2437 2408 2683 
1566 2451 2985 2459 3252 
1567 3062 3142 2579 3729 
1568 2969 3388 2869 3588 
1569 2932 3134 3054 3450 
1570 3037 2168 3240 3628 
1571 2346 2507 2506 2368 
1572 2978 3164 3022 3503 
1573 3059 3103 2143 3601 
1574 2856 2953 3066 3320 
1575 2972 3575 3050 3679 
1576 2873 3196 3364 3747 
1577 2490 2337 2334 2493 
1578 3299 3398 2867 3621 
1579 2932 3165 2854 3399 
1580 2963 3373 2887 3503 
1581 2948 3204 3097 3416 
1582 3038 3240 3037 3609 
1583 2989 3291 3011 3453 
1584 2923 3051 3035 3220 
1585 2356 3618 2355 3620 
1586 2940 3299 3162 3446 
1587 2841 3427 3071 3698 
1588 2998 3000 3305 3753 
1589 2919 3097 3339 3342 
1590 2970 2847 3109 3467 
1591 2901 3278 3035 3429 
1592 2214 32 395 3266 
1593 3171 3398 3299 3621 
1594 2981 3323 3324 3475 
1595 2856 3066 2953 3633 
1596 3108 3137 2858 3550 
1597 3324 3359 3325 3360 
1598 3050 3215 2981 3741 
1599 3370 3607 3241 3638 
1600 2846 3253 3068 3443 
1601 3182 3280 2866 3571 
1602 2477 3002 2559 3494 
1603 2488 2335 2364 2486 
1604 2198 3449 3355 3743 
1605 2631 3047 2444 3301 
1606 2575 2611 2578 3439 
1607 2860 3041 2962 3481 
1608 2336 2335 2364 2488 
1609 3000 3515 3641 3722 
1610 2900 3430 3429 3591 
1611 2890 3152 3153 3735 
1612 2838 3032 3102 3282 
1613 2901 2979 3296 3395 
1614 2327 2643 2442 2670 
1615 2878 3005 3004 3350 
1616 3114 3309 3106 3748 
1617 3078 3145 3112 3704 
1618 2882 3122 2984 3615 
1619 2984 3122 2968 3615 
1620 3202 3241 2930 3332 
1621 3035 3219 3128 3436 
1622 2284 2946 3301 3491 
1623 3136 3352 3050 3761 
1624 3095 3154 3153 3158 
1625 2980 3143 2973 3586 
1626 2337 2334 2336 2490 
1627 2883 3285 3114 3338 
1628 2858 2973 3143 3586 
1629 2849 3283 3249 3757 
1630 2980 3190 2869 3439 
1631 3017 3733 3001 3736 
1632 2273 3558 429 3561 
1633 3384 3391 3052 3615 
1634 3072 3283 2851 3654 
1635 2168 3332 3240 3628 
1636 2872 3001 3644 3746 
1637 2418 2528 2354 3201 
1638 2854 3148 2944 3452 
1639 2976 3395 3161 3503 
1640 2866 3280 3182 3446 
1641 2980 3108 2922 3401 
1642 2995 3006 3223 3650 
1643 2865 3192 2999 3681 
1644 3035 2910 3219 3436 
1645 2929 3057 3031 3177 
1646 3097 3341 3339 3342 
1647 3171 3199 3176 3685 
1648 2437 2369 2408 2683 
1649 2930 3241 3202 3638 
1650 3278 3444 3115 3591 
1651 3074 3405 2665 3680 
1652 2131 3075 3188 3304 
1653 2628 2314 2395 2687 
1654 2892 3212 3205 3549 
1655 3195 3199 3012 3453 
1656 2970 3269 3467 3746 
1657 3183 3548 3232 3627 
1658 3203 3289 3009 3624 
1659 2932 3036 3054 3399 
1660 2938 3612 3485 3699 
1661 2866 3120 2968 3418 
1662 2890 3194 3001 3438 
1663 2281 2284 3491 3639 
1664 3152 3702 3528 3735 
1665 3009 3181 2897 3577 
1666 3070 3090 2942 3495 
1667 2344 2552 2495 2345 
1668 2352 2353 2517 2518 
1669 2877 3068 3016 3253 
1670 3210 3213 2892 3519 
1671 2473 3002 2477 3196 
1672 3031 3057 3012 3493 
1673 2506 2552 2344 2348 
1674 2996 3223 3006 3224 
1675 3006 3223 2876 3224 
1676 2457 2452 2563 3303 
1677 2578 3062 2579 3729 
1678 2924 3030 3590 3701 
1679 2536 3122 2968 3272 
1680 3323 3324 2943 3360 
1681 3101 3738 3066 3774 
1682 2906 3081 3305 3598 
1683 2943 3487 3175 3653 
1684 2982 3366 3137 3550 
1685 2846 3114 2970 3588 
1686 359 3241 3331 3411 
1687 3052 3384 2985 3391 
1688 2851 3102 2974 3376 
1689 2972 3049 2947 3573 
1690 3035 3278 2901 3290 
1691 2977 2979 3395 3396 
1692 2625 2632 2667 2417 
1693 2856 3101 3066 3774 
1694 2167 2138 2143 3103 
1695 2998 3081 3225 3753 
1696 2539 2538 2426 2317 
1697 2943 3360 3325 3487 
1698 3115 3278 2888 3444 
1699 2862 3167 3150 3375 
1700 2925 3483 3470 3606 
1701 2220 3180 3522 3642 
1702 3241 3370 3235 3607 
1703 2381 2321 2540 2399 
1704 2489 2332 2335 2548 
1705 2885 3278 3178 3393 
1706 2866 3418 3272 3769 
1707 2843 3067 3131 3393 
1708 2851 3102 3376 3546 
1709 3178 3278 2885 3290 
1710 2495 2492 2497 2341 
1711 2612 2581 2613 3142 
1712 2978 3558 3560 3561 
1713 2552 2501 2494 2345 
1714 2136 2962 2149 3185 
1715 2504 2500 2400 2493 
1716 3255 3256 2894 3344 
1717 2573 2969 2572 3392 
1718 2865 2995 3650 3681 
1719 2983 3089 2934 3450 
1720 2913 3019 3283 3757 
1721 3013 3230 3229 3250 
1722 2907 3463 3233 3536 
1723 2159 3191 3059 3335 
1724 2980 3190 2586 3401 
1725 2903 3290 3018 3454 
1726 3014 3057 3012 3408 
1727 2351 2353 2517 2352 
1728 2642 3075 3303 3529 
1729 2861 2983 3088 3312 
1730 2853 2973 3124 3432 
1731 3410 3634 3323 3666 
1732 2932 3146 3036 3399 
1733 2284 3301 2294 3491 
1734 3002 3196 2873 3747 
1735 3240 3241 3235 3607 
1736 2943 3360 3487 3653 
1737 2622 2267 2439 3292 
1738 2578 2580 2579 3062 
1739 2942 3361 3070 3495 
1740 2705 3125 2957 3760 
1741 3013 3417 3250 3675 
1742 2335 2360 2364 2486 
1743 2590 3036 2593 3140 
1744 2990 3000 3511 3758 
1745 2966 3632 3321 3687 
1746 3581 3660 3348 3661 
1747 3142 3148 2896 3452 
1748 2717 3193 3113 3440 
1749 3120 2866 3280 3571 
1750 2943 3324 3174 3333 
1751 3215 3475 2981 3741 
1752 3003 3320 2182 3642 
1753 3233 3416 2966 3700 
1754 2950 3338 2847 3605 
1755 2880 3179 3507 3659 
1756 3197 3397 3204 3528 
1757 3229 2998 3250 3542 
1758 2950 3553 2959 3605 
1759 2847 3338 3285 3605 
1760 2894 3132 3343 3425 
1761 2919 3342 3340 3671 
1762 2935 3276 3274 3458 
1763 2875 3145 3490 3701 
1764 2877 3016 3138 3253 
1765 2332 2548 2539 2330 
1766 2861 3089 2983 3450 
1767 2896 3148 3142 3527 
1768 2362 2363 2360 2483 
1769 2882 3070 2987 3622 
1770 2548 2489 2332 2499 
1771 2245 3361 2230 3756 
1772 2972 3049 2848 3215 
1773 2538 2524 2529 2329 
1774 2407 2349 2351 2519 
1775 2968 3122 2536 3384 
1776 3257 3528 3152 3702 
1777 3190 3346 2572 3633 
1778 2887 2983 3161 3312 
1779 2877 3138 3077 3253 
1780 3003 3109 2847 3467 
1781 3115 3254 2898 3385 
1782 2957 3390 2908 3648 
1783 2538 2529 2426 2317 
1784 3012 3057 3014 3677 
1785 2856 3109 3537 3740 
1786 2223 2254 2266 3216 
1787 3094 3204 3397 3528 
1788 3027 3232 2966 3589 
1789 3052 3280 2968 3615 
1790 2562 2474 3019 3494 
1791 3047 3140 2631 3279 
1792 2892 3206 3210 3519 
1793 2911 3183 3027 3394 
1794 2710 2534 2410 2436 
1795 2223 2266 2624 3216 
1796 2548 2332 2359 2330 
1797 2519 2552 2349 2501 
1798 2847 3061 3003 3180 
1799 2712 3030 3029 3590 
1800 2894 3261 2986 3736 
1801 2921 3594 3358 3725 
1802 2314 2304 2373 2438 
1803 3124 3432 2973 3447 
1804 2367 2341 2494 2345 
1805 3018 2885 3290 3755 
1806 3008 3062 2853 3142 
1807 3018 3290 2910 3454 
1808 2245 2236 2239 3070 
1809 2909 3573 3059 3739 
1810 3059 3573 2972 3739 
1811 2854 2944 3358 3452 
1812 2198 2424 3355 3449 
1813 2863 3031 3199 3398 
1814 2906 3407 3311 3758 
1815 2966 3107 2840 3321 
1816 2951 3180 3260 3692 
1817 2975 3213 3210 3519 
1818 3009 3203 2926 3289 
1819 2846 3139 3020 3285 
1820 2443 2645 2694 2328 
1821 3263 3267 3420 3421 
1822 2847 3260 3180 3692 
1823 2919 3133 2966 3632 
1824 2905 3302 3091 3311 
1825 2838 2972 3050 3656 
1826 3199 3012 3453 3675 
1827 3111 3196 3002 3747 
1828 2954 2963 3045 3403 
1829 2947 3375 2452 3592 
1830 2867 3169 3299 3506 
1831 2879 3215 3475 3495 
1832 2999 3193 2866 3200 
1833 2856 3320 3003 3740 
1834 2364 2336 2488 2339 
1835 2949 3489 3009 3520 
1836 2623 2123 2630 3075 
1837 2975 3321 2966 3611 
1838 3052 3391 3280 3615 
1839 2320 2203 2531 2370 
1840 2918 3501 2957 3646 
1841 2874 2967 3318 3364 
1842 3070 3361 2884 3495 
1843 3006 3223 2996 3336 
1844 2889 3107 2966 3233 
1845 2881 2965 3326 3686 
1846 2343 2498 2495 2344 
1847 2895 3338 3260 3693 
1848 2989 3311 3407 3758 
1849 3156 3257 3094 3551 
1850 3152 3257 3156 3551 
1851 2996 2997 3496 3506 
1852 2597 2953 2674 3633 
1853 2180 3004 3320 3691 
1854 2944 3142 3008 3596 
1855 2528 2540 2321 2399 
1856 3033 3124 2839 3532 
1857 3031 3282 2929 3400 
1858 2284 3301 2946 3639 
1859 3154 3368 3094 3551 
1860 2996 2997 3224 3496 
1861 3260 3261 2951 3425 
1862 3002 3196 2473 3476 
1863 3227 3496 3251 3595 
1864 2968 3384 3052 3615 
1865 3036 2896 3146 3295 
1866 2918 2957 3501 3760 
1867 2408 2323 2369 2437 
1868 3079 3222 2876 3225 
1869 3014 3012 3677 3720 
1870 2274 2286 3139 3374 
1871 2955 3307 3141 3480 
1872 2660 3108 2468 3137 
1873 3102 3282 3032 3752 
1874 2967 3490 3145 3701 
1875 2894 2986 3261 3695 
1876 2986 2895 3261 3694 
1877 2493 2500 2400 2499 
1878 3162 3299 2867 3446 
1879 3202 3241 3240 3638 
1880 3026 3514 3246 3545 
1881 2860 2961 3144 3481 
1882 2851 3283 3072 3300 
1883 2997 3595 3506 3621 
1884 3390 3442 2908 3648 
1885 2887 3403 2963 3503 
1886 2861 3088 3010 3312 
1887 2876 2998 3225 3623 
1888 2147 3286 2964 3587 
1889 2844 3133 3233 3416 
1890 2495 2341 2344 2345 
1891 2945 2878 3350 3737 
1892 3053 3078 2875 3145 
1893 2989 3091 2842 3311 
1894 3128 3219 2910 3436 
1895 3278 3548 3183 3627 
1896 3045 3277 2956 3309 
1897 2926 3249 3274 3458 
1898 2865 3650 2995 3704 
1899 2880 3507 3248 3659 
1900 3389 3661 2249 3664 
1901 2852 2989 3195 3453 
1902 3301 3378 2946 3640 
1903 3124 3463 2889 3665 
1904 2608 3378 3301 3640 
1905 2883 2956 3310 3567 
1906 3071 3462 2991 3570 
1907 2485 2359 2388 2330 
1908 2440 2447 2624 3389 
1909 2838 3050 3136 3352 
1910 2918 3632 3076 3760 
1911 2842 3053 3302 3364 
1912 2863 3282 3102 3752 
1913 2515 2534 2410 2514 
1914 3174 3324 3177 3333 
1915 2930 3410 3331 3411 
1916 2531 2320 2714 3363 
1917 2552 2348 2349 2345 
1918 3256 3344 3255 3345 
1919 2886 3161 2976 3395 
1920 2951 3269 3425 3692 
1921 2424 2599 3355 3449 
1922 3139 3285 2846 3748 
1923 2856 3003 3109 3740 
1924 2927 3026 3025 3614 
1925 2847 2960 3061 3180 
1926 2885 3131 3067 3393 
1927 2335 2332 2359 2548 
1928 2854 2944 3148 3358 
1929 2853 3067 3056 3452 
1930 2910 3126 3436 3749 
1931 3110 3349 2716 3530 
1932 2609 2980 2591 3143 
1933 2995 3223 3006 3336 
1934 2842 3078 3053 3145 
1935 2889 3233 2966 3700 
1936 3562 3565 3563 3566 
1937 3097 3342 3213 3377 
1938 3011 3641 3453 3722 
1939 2560 3111 2477 3494 
1940 2969 3190 2856 3740 
1941 2956 3277 2954 3655 
1942 2602 3036 2590 3295 
1943 2900 3278 3183 3627 
1944 2962 3357 2870 3575 
1945 2867 2988 3112 3621 
1946 2399 2540 2395 2416 
1947 2410 2318 2710 2436 
1948 2966 2919 3632 3687 
1949 2640 3047 2631 3301 
1950 2966 3232 3107 3589 
1951 2885 3232 3183 3548 
1952 2909 3356 3059 3573 
1953 2626 2407 2369 2683 
1954 2965 3348 3326 3686 
1955 3326 3348 2884 3686 
1956 2973 3463 3124 3665 
1957 2640 2589 2631 3378 
1958 2949 3520 3009 3624 
1959 2966 3187 3027 3589 
1960 2852 3014 3351 3408 
1961 2139 3357 2167 3628 
1962 2990 3073 3291 3758 
1963 2362 2532 2372 2402 
1964 2491 2339 2338 2367 
1965 3049 3117 2879 3656 
1966 3129 3617 3209 3620 
1967 2922 3738 3101 3774 
1968 2235 2984 3271 3714 
1969 2845 3280 2968 3284 
1970 3203 3483 3289 3624 
1971 2517 2502 2350 2352 
1972 3067 3131 3056 3452 
1973 3210 3212 2892 3549 
1974 2474 2537 3019 3488 
1975 2179 3320 2953 3691 
1976 3397 3528 3197 3735 
1977 3056 3067 2885 3131 
1978 2339 2491 2496 2367 
1979 2895 3425 3261 3693 
1980 2880 3248 3400 3659 
1981 3210 2892 3213 3549 
1982 3229 3515 3000 3516 
1983 3003 3061 3004 3642 
1984 2960 3180 2847 3260 
1985 3063 3427 3043 3716 
1986 3301 3639 2608 3640 
1987 2333 2400 2500 2499 
1988 2997 2996 3223 3506 
1989 2997 3223 2996 3224 
1990 2946 3639 3301 3640 
1991 2667 2353 2408 2417 
1992 3182 3461 3280 3571 
1993 2486 2488 2335 2489 
1994 2599 3355 3108 3401 
1995 2911 3210 3209 3441 
1996 3025 3291 3073 3570 
1997 2952 3280 3182 3461 
1998 2983 2887 3088 3312 
1999 3090 3391 3049 3622 
2000 2863 3282 3117 3651 
2001 3075 2860 3188 3304 
2002 2921 3582 3358 3594 
2003 3097 3213 2919 3687 
2004 2328 2393 2645 2414 
2005 2960 3262 3260 3539 
2006 2666 3366 2982 3415 
2007 3025 2992 3462 3545 
2008 2879 3400 2981 3741 
2009 3009 3249 3072 3724 
2010 2353 2667 2518 2632 
2011 2966 3519 2975 3611 
2012 3152 3094 3257 3551 
2013 2557 3759 2961 3763 
2014 3028 3145 3078 3704 
2015 3279 3422 3089 3423 
2016 2924 3030 2721 3590 
2017 2184 3101 2188 3629 
2018 2854 3148 3023 3358 
2019 3210 3549 3213 3604 
2020 3117 3282 2879 3656 
2021 2923 3035 3219 3220 
2022 2640 3047 3301 3378 
2023 2854 3178 3131 3755 
2024 3212 3549 3210 3604 
2025 2952 3518 3477 3771 
2026 2859 3107 3233 3321 
2027 2838 3136 3032 3352 
2028 2875 3145 3028 3490 
2029 3082 3316 3218 3531 
2030 2304 2303 2373 2438 
2031 2907 3137 3448 3649 
2032 2335 2359 2360 2486 
2033 3124 3532 3033 3767 
2034 3065 3217 2520 3705 
2035 3124 3447 2973 3665 
2036 2876 3112 3078 3623 
2037 2864 2944 3358 3413 
2038 3414 3594 3018 3749 
2039 2267 2275 2439 3292 
2040 2962 3575 2870 3732 
2041 2500 2400 2378 2504 
2042 3001 3194 2890 3644 
2043 2890 3438 3001 3733 
2044 3255 3256 3017 3433 
2045 2894 3256 3255 3433 
2046 2854 3165 3055 3399 
2047 2498 2507 2506 2346 
2048 2912 3231 3033 3767 
2049 3092 3318 2924 3479 
2050 2181 2182 2197 3320 
2051 2911 3206 3207 3394 
2052 3377 3499 3093 3602 
2053 2994 2940 3386 3387 
2054 2897 3102 3300 3546 
2055 3152 3257 3094 3735 
2056 2849 3009 3203 3249 
2057 2381 2540 2395 2399 
2058 2651 2510 2379 2504 
2059 2291 3089 3088 3422 
2060 2357 2353 2518 2397 
2061 2849 3009 3249 3577 
2062 2597 3346 2953 3633 
2063 2892 3210 3206 3212 
2064 3368 3499 3098 3602 
2065 2849 3203 3009 3577 
2066 2848 3049 2972 3573 
2067 2933 3055 3054 3745 
2068 3040 2864 3365 3455 
2069 3001 3255 3017 3736 
2070 2905 3189 3302 3311 
2071 2489 2334 2332 2499 
2072 2955 3277 3480 3727 
2073 2540 2528 2508 2399 
2074 2500 2380 2333 2549 
2075 2494 2495 2552 2345 
2076 2969 3383 3068 3574 
2077 2376 2374 2515 2509 
2078 2866 3284 3280 3446 
2079 2449 2451 3252 3592 
2080 2470 3286 2566 3717 
2081 2978 3560 3403 3561 
2082 2911 3210 3206 3519 
2083 2491 2551 2488 2339 
2084 3126 2910 3436 3617 
2085 2937 3306 3132 3644 
2086 2965 3356 3059 3587 
2087 2852 2989 3091 3195 
2088 3321 3611 2975 3632 
2089 2615 3023 2703 3413 
2090 2870 3103 3191 3679 
2091 2881 3326 2965 3335 
2092 3293 3294 3161 3643 
2093 2341 2343 2495 2344 
2094 2979 3396 3119 3466 
2095 2133 3188 2962 3580 
2096 2132 3188 3103 3357 
2097 2642 3075 3529 3547 
2098 2961 3579 3481 3580 
2099 2853 3124 2973 3463 
2100 2878 3046 3020 3383 
2101 2498 2508 2346 2347 
2102 2852 3091 2989 3291 
2103 2859 3233 3133 3321 
2104 2508 2354 2528 3201 
2105 3017 3528 3702 3735 
2106 2303 2324 2373 2438 
2107 2874 3189 3689 3779 
2108 3002 2862 3518 3674 
2109 2511 2512 2505 3120 
2110 2911 3183 3394 3436 
2111 2340 2497 2492 2341 
2112 3286 3529 2909 3547 
2113 2599 3108 2591 3401 
2114 2880 3299 3162 3507 
2115 2508 2540 2399 2347 
2116 2995 3223 2876 3650 
2117 2884 3475 3215 3495 
2118 2998 3542 3225 3623 
2119 3112 3621 2988 3623 
2120 3094 3528 3397 3735 
2121 3150 2947 3406 3780 
2122 2918 3076 3632 3671 
2123 2349 2407 2406 2519 
2124 2990 3511 3073 3758 
2125 2204 2625 2205 2393 
2126 2858 3586 2980 3715 
2127 3073 3291 2905 3570 
2128 2961 2860 3188 3481 
2129 3496 3706 3170 3707 
2130 2451 2564 2985 3375 
2131 2928 3136 3032 3181 
2132 2937 3644 3194 3746 
2133 3412 3568 3218 3598 
2134 3121 3381 3245 3462 
2135 2845 3518 3280 3771 
2136 2845 3117 3518 3771 
2137 2131 3188 2130 3304 
2138 2335 2486 2489 2548 
2139 3003 3320 3101 3522 
2140 2335 2334 2332 2489 
2141 2182 2220 3522 3642 
2142 3174 3177 2943 3400 
2143 2973 3143 2907 3597 
2144 2984 3122 2882 3492 
2145 3203 3249 2926 3268 
2146 3002 3518 3476 3674 
2147 2331 2332 2539 2330 
2148 3045 3310 2956 3562 
2149 2976 3022 3395 3503 
2150 3027 3187 2899 3385 
2151 2550 2342 2337 2493 
2152 3022 3186 3164 3362 
2153 2885 3067 3056 3232 
2154 2395 2314 2430 2381 
2155 2654 2592 2593 3140 
2156 2922 3066 3738 3774 
2157 2953 3320 3004 3691 
2158 3034 3063 3317 3716 
2159 3004 3061 2945 3772 
2160 2175 3258 3152 3345 
2161 2566 2704 2642 3547 
2162 3010 3088 2887 3312 
2163 2333 2539 2332 2499 
2164 2864 3455 3040 3533 
2165 3009 3520 2927 3624 
2166 2488 2336 2489 2490 
2167 3058 3579 2961 3580 
2168 3035 3128 3431 3436 
2169 2147 3451 3286 3587 
2170 2510 2542 2379 2687 
2171 2534 2386 2410 2436 
2172 3073 3462 3025 3570 
2173 3038 3185 3037 3435 
2174 3074 3365 2864 3455 
2175 2343 2346 2498 2344 
2176 2712 3029 2967 3590 
2177 2967 3029 2712 3440 
2178 2962 3577 3041 3732 
2179 2652 2460 2461 3303 
2180 2875 3490 3030 3701 
2181 2842 3145 3053 3364 
2182 2845 2968 3280 3615 
2183 2914 3478 3315 3554 
2184 2931 3185 3038 3435 
2185 2899 3027 3385 3627 
2186 3169 3299 3168 3386 
2187 2911 3206 3210 3441 
2188 2838 3050 3282 3656 
2189 2520 3217 3065 3759 
2190 3144 3488 3481 3759 
2191 3115 2888 3428 3444 
2192 3027 3589 3385 3627 
2193 3251 3543 3497 3544 
2194 2490 2492 2491 2338 
2195 2952 3112 2988 3477 
2196 3236 3469 3468 3471 
2197 2980 2922 3715 3774 
2198 2181 2197 3101 3320 
2199 3068 3574 3383 3640 
2200 2732 3137 2469 3649 
2201 2329 2126 2529 2317 
2202 2518 2554 2357 2397 
2203 2865 2967 3113 3440 
2204 2854 3055 3023 3148 
2205 2931 3037 3185 3435 
2206 2632 2625 2645 2393 
2207 2207 2316 2369 2626 
2208 2887 3010 3116 3776 
2209 2845 3090 3507 3616 
2210 2550 2504 2342 2493 
2211 2956 3562 3310 3565 
2212 2962 3579 3577 3732 
2213 2274 2295 2286 3374 
2214 3024 3038 2931 3624 
2215 2891 3372 3187 3438 
2216 2889 2966 3107 3589 
2217 2233 2242 2224 3122 
2218 2847 3285 3109 3605 
2219 2314 2304 2430 2298 
2220 2314 2304 2438 2628 
2221 3176 3493 3199 3675 
2222 3339 3341 3340 3342 
2223 3039 3470 3289 3483 
2224 3323 3359 3324 3360 
2225 3041 2913 3150 3546 
2226 3129 3618 3617 3620 
2227 3041 3150 2913 3780 
2228 2908 2957 3648 3649 
2229 3040 3365 2864 3533 
2230 2847 3180 3003 3692 
2231 2183 3320 3066 3697 
2232 3101 3629 2184 3738 
2233 2873 2952 3280 3518 
2234 2331 2539 2332 2333 
2235 3179 3437 3386 3728 
2236 2877 3253 3077 3443 
2237 2925 3289 3470 3483 
2238 2180 2182 3320 3642 
2239 3115 3444 3428 3591 
2240 2485 2486 2359 2548 
2241 2340 2343 2497 2341 
2242 2862 3150 2947 3375 
2243 3065 3488 3019 3530 
2244 2204 2645 2625 2393 
2245 2380 2500 2514 2549 
2246 2496 2339 2367 2389 
2247 2493 2400 2334 2499 
2248 2966 3133 2919 3416 
2249 2323 2205 2625 2393 
2250 3152 3258 3256 3345 
2251 3095 3097 3339 3690 
2252 2257 2319 2258 2635 
2253 3251 3497 3227 3544 
2254 2360 2483 2486 2485 
2255 3025 2992 3489 3570 
2256 3068 3392 2576 3773 
2257 2298 2300 2541 2381 
2258 3052 2862 3375 3674 
2259 3187 3385 3027 3589 
2260 3122 3384 2968 3615 
2261 2882 3384 3122 3615 
2262 2843 3131 3067 3138 
2263 2632 2518 2353 2397 
2264 2891 3438 3187 3733 
2265 2913 3283 3041 3481 
2266 2845 3284 2968 3615 
2267 2430 2540 2395 2381 
2268 2528 2418 2321 2904 
2269 2699 3349 3110 3554 
2270 2506 2552 2495 2344 
2271 2985 3049 3391 3622 
2272 2933 3134 3054 3165 
2273 2640 2631 2444 3301 
2274 3031 3177 3057 3493 
2275 2890 3194 3021 3608 
2276 2992 3381 3071 3462 
2277 3071 3381 2991 3462 
2278 3322 3634 3410 3666 
2279 3035 3220 3051 3593 
2280 2888 3106 3393 3750 
2281 3179 3386 2940 3728 
2282 3009 3402 2927 3489 
2283 3036 3146 3140 3295 
2284 2953 2856 3633 3740 
2285 2897 3181 3009 3402 
2286 2980 2973 3143 3439 
2287 2850 3033 3338 3532 
2288 3089 3118 2934 3450 
2289 2300 2321 2541 2381 
2290 3158 3484 3153 3612 
2291 2216 3180 2951 3696 
2292 2363 2362 2532 2483 
2293 2417 2632 2353 2397 
2294 2350 2496 2367 2389 
2295 2896 3295 3036 3527 
2296 2459 2985 2564 3384 
2297 2509 2376 2378 2514 
2298 3059 3103 2972 3679 
2299 2628 2395 2314 2430 
2300 2702 2567 3005 3719 
2301 2943 3361 3360 3653 
2302 2844 3390 3339 3445 
2303 2919 3339 3340 3342 
2304 2962 3185 2136 3580 
2305 3241 3331 2930 3332 
2306 2880 3299 3171 3398 
2307 2695 3315 3525 3554 
2308 2858 3281 3108 3550 
2309 2727 3554 3092 3689 
2310 3150 3167 2913 3406 
2311 2385 2151 2426 2156 
2312 2965 3660 3587 3662 
2313 2894 3425 3261 3736 
2314 2560 2477 2559 3494 
2315 3073 3291 3025 3462 
2316 2567 3292 3005 3719 
2317 2891 3001 3733 3736 
2318 3262 3540 2415 3695 
2319 3020 3046 2878 3510 
2320 2670 2515 2375 2627 
2321 3129 3210 3209 3668 
2322 3111 3689 3196 3747 
2323 2569 3046 2622 3292 
2324 3058 3217 2935 3765 
2325 3057 3409 2929 3625 
2326 3015 3409 3057 3625 
2327 3485 3550 3281 3608 
2328 2495 2492 2341 2494 
2329 3108 3281 2982 3550 
2330 3178 3290 2903 3296 
2331 3133 3321 2966 3632 
2332 3025 3462 2992 3570 
2333 2907 3214 3137 3649 
2334 3024 2931 3038 3435 
2335 2917 2975 3632 3670 
2336 2273 3560 3558 3561 
2337 2449 2451 2459 3252 
2338 2844 3416 3233 3700 
2339 2206 2323 2205 2437 
2340 2839 3388 2970 3447 
2341 2386 2318 2410 2436 
2342 3330 3331 3322 3637 
2343 3549 3603 3377 3604 
2344 3055 3399 3054 3657 
2345 2398 2382 2664 2533 
2346 2520 3488 3065 3530 
2347 3077 3106 2912 3750 
2348 2845 3507 2984 3616 
2349 3326 2965 3662 3663 
2350 3204 3499 3397 3690 
2351 2487 2364 2360 2486 
2352 2523 2520 3217 3705 
2353 2847 3003 3467 3692 
2354 3204 3097 3499 3690 
2355 2323 2205 2437 2625 
2356 3282 3352 2929 3741 
2357 3017 3197 2891 3198 
2358 2876 3225 3542 3623 
2359 3092 3689 2914 3779 
2360 2890 3021 3194 3438 
2361 3061 3642 2209 3778 
2362 2339 2496 2551 2389 
2363 2400 2337 2342 2493 
2364 2508 2399 2354 2347 
2365 2903 3454 3018 3509 
2366 2897 3072 3283 3300 
2367 2946 3491 2284 3639 
2368 3040 3533 3455 3768 
2369 2861 3036 3118 3450 
2370 3188 3304 2961 3763 
2371 2410 2376 2375 2515 
2372 2838 3150 3041 3575 
2373 2586 2980 2609 3439 
2374 2540 2430 2541 2381 
2375 2981 3323 3475 3666 
2376 2975 3519 3126 3611 
2377 2890 3255 3001 3644 
2378 2871 3309 3045 3310 
2379 2347 2498 2543 2343 
2380 2520 2537 3488 3530 
2381 2249 3389 2987 3661 
2382 2969 3346 3190 3740 
2383 2871 3139 3048 3443 
2384 2845 2984 3615 3616 
2385 2504 2400 2342 2493 
2386 2914 3478 3554 3779 
2387 2987 3070 2882 3754 
2388 2346 2498 2347 2343 
2389 3034 3317 3526 3541 
2390 2888 3231 3106 3750 
2391 2851 3376 3283 3546 
2392 3040 3365 3074 3455 
2393 2988 3112 2842 3477 
2394 2888 3393 3231 3750 
2395 2329 2388 2524 3060 
2396 3022 3163 2901 3395 
2397 2159 2143 3059 3191 
2398 2298 2430 2314 2381 
2399 2851 2974 3302 3747 
2400 2889 3463 3124 3762 
2401 2980 3143 2609 3439 
2402 3059 3191 3103 3679 
2403 2713 3193 3200 3418 
2404 2855 3232 3548 3627 
2405 2392 2327 2375 2670 
2406 2642 3075 2461 3303 
2407 3272 3418 2535 3456 
2408 2838 3136 3041 3546 
2409 2839 2970 3269 3532 
2410 2841 3402 3025 3570 
2411 2602 3036 3295 3527 
2412 3199 3493 3176 3685 
2413 2962 3188 2860 3481 
2414 2317 2151 2426 2385 
2415 2840 2966 3321 3611 
2416 2847 3269 2970 3338 
2417 2900 3278 3115 3591 
2418 2350 2502 2496 2389 
2419 2327 2643 2692 2442 
2420 3052 3120 2968 3280 
2421 2589 3140 3378 3773 
2422 2572 3346 2969 3574 
2423 2363 2532 2402 2366 
2424 3132 3151 2937 3644 
2425 2456 3052 2564 3674 
2426 2638 2147 3286 3664 
2427 2952 3182 3280 3446 
2428 2855 3385 3589 3627 
2429 3112 3407 3078 3623 
2430 2724 2718 3113 3440 
2431 2232 3122 2984 3492 
2432 3098 3212 3205 3578 
2433 2282 2295 2279 3020 
2434 3016 3392 3068 3773 
2435 2674 3697 2953 3703 
2436 3068 3383 2846 3443 
2437 2898 3115 3211 3254 
2438 2183 3320 2181 3738 
2439 3038 3468 2925 3624 
2440 3024 3468 3038 3624 
2441 3068 3392 3253 3588 
2442 2841 3009 3427 3489 
2443 2206 2369 2323 2437 
2444 3025 2905 3291 3570 
2445 2542 2395 2540 2416 
2446 2987 3252 3069 3717 
2447 2997 3230 3250 3542 
2448 2267 3046 2277 3292 
2449 2566 2642 3529 3547 
2450 2951 3180 2960 3260 
2451 2913 3167 3150 3376 
2452 2547 2552 2348 2519 
2453 2378 2377 2509 2504 
2454 2385 2426 2539 2629 
2455 2481 2532 2372 2362 
2456 3169 3386 2229 3387 
2457 2509 2500 2378 2504 
2458 2554 2518 2632 2397 
2459 3036 3146 2896 3399 
2460 2377 2510 2509 2504 
2461 2842 2989 3311 3407 
2462 3150 3406 2913 3780 
2463 2950 3260 2847 3338 
2464 3162 2867 3299 3398 
2465 2707 3405 2595 3448 
2466 3470 3483 3039 3606 
2467 2551 2339 2389 2365 
2468 2842 3302 3091 3477 
2469 2880 3248 3031 3400 
2470 2477 2473 2559 3002 
2471 3091 3302 2974 3477 
2472 2148 3188 2961 3763 
2473 2938 3214 3021 3445 
2474 2316 2407 2369 2626 
2475 2846 3383 3068 3588 
2476 2591 2980 2586 3401 
2477 2348 2344 2506 2368 
2478 3075 3103 2860 3739 
2479 2437 2626 2369 2683 
2480 2637 3148 3055 3657 
2481 2589 3295 3140 3773 
2482 2485 2359 2361 3347 
2483 2861 3010 3146 3312 
2484 2929 3408 3057 3625 
2485 3057 3408 3014 3625 
2486 2869 3062 3016 3432 
2487 2910 3219 3128 3617 
2488 3094 3551 3152 3735 
2489 2535 3272 2536 3418 
2490 2972 3103 3059 3739 
2491 2665 3074 2618 3405 
2492 2539 2548 2332 2499 
2493 2910 3127 3219 3617 
2494 2839 3124 3033 3372 
2495 2906 3078 3081 3412 
2496 2517 2502 2352 2518 
2497 2925 3471 3470 3473 
2498 3617 3618 3128 3620 
2499 2957 3646 3390 3648 
2500 2564 2459 2451 2985 
2501 3390 3646 3442 3648 
2502 3056 3131 2854 3452 
2503 2989 3407 3641 3758 
2504 2933 3744 3055 3745 
2505 2664 2635 2319 2435 
2506 2932 3054 3036 3450 
2507 3264 3380 2950 3727 
2508 2859 3008 3463 3596 
2509 2188 3101 3306 3629 
2510 2503 2551 2389 2365 
2511 2862 3167 3002 3376 
2512 3117 3248 2879 3282 
2513 2857 3316 3085 3541 
2514 2961 3759 3217 3763 
2515 3088 3089 2861 3422 
2516 2854 3399 3148 3452 
2517 2299 2287 3116 3610 
2518 3113 3364 2865 3571 
2519 2459 3252 2985 3384 
2520 2873 3280 3461 3571 
2521 2885 3067 3232 3548 
2522 2990 3511 3000 3513 
2523 2919 3340 3339 3501 
2524 2908 3442 3105 3699 
2525 3213 3549 3377 3604 
2526 3053 2874 3302 3364 
2527 2865 2999 3192 3193 
2528 3093 3097 3341 3499 
2529 2522 3217 2520 3759 
2530 3141 3380 3308 3727 
2531 3202 3352 3136 3761 
2532 3209 3210 2911 3668 
2533 3267 3421 2959 3777 
2534 2378 2500 2509 2514 
2535 2945 3424 3061 3605 
2536 2854 3358 3056 3452 
2537 2990 3121 3245 3462 
2538 3021 3214 2938 3608 
2539 3364 3461 2865 3571 
2540 2875 3053 3145 3701 
2541 2573 2572 2574 3392 
2542 2580 2584 2620 3008 
2543 2289 2294 3047 3048 
2544 2540 2508 2543 2347 
2545 2846 3068 3253 3588 
2546 3098 3368 3204 3499 
2547 2942 3507 3090 3616 
2548 2949 3427 3009 3489 
2549 2851 3002 3111 3494 
2550 2334 2335 2336 2489 
2551 2508 2354 2346 2347 
2552 3134 3165 2933 3297 
2553 3194 3608 2890 3644 
2554 2909 3075 3303 3739 
2555 2487 2360 2363 2483 
2556 2961 3188 2962 3481 
2557 2950 3380 3141 3727 
2558 3114 3285 2970 3338 
2559 2183 2179 3320 3697 
2560 2626 2406 2407 2519 
2561 2950 3141 3380 3693 
2562 2596 3405 3008 3569 
2563 3662 3663 341 3723 
2564 2725 3318 3196 3689 
2565 3162 3299 2940 3507 
2566 2867 2952 3162 3446 
2567 2963 3186 2954 3277 
2568 2698 2697 3111 3349 
2569 2524 2529 2329 3060 
2570 3047 3140 2877 3378 
2571 2220 3180 2176 3522 
2572 2417 2393 2632 2397 
2573 2356 2923 2902 3219 
2574 2942 3090 3070 3616 
2575 2856 3066 3101 3320 
2576 2962 3481 3579 3580 
2577 3348 3464 2260 3663 
2578 2917 2975 3611 3632 
2579 2887 3088 3010 3776 
2580 2502 2350 2352 2389 
2581 2148 2961 3188 3580 
2582 3240 3353 359 3609 
2583 2374 2376 2377 2509 
2584 2380 2333 2378 2500 
2585 2856 2953 3320 3740 
2586 2912 3532 3124 3767 
2587 2219 2176 3180 3696 
2588 3150 3651 3049 3656 
2589 2183 3066 3320 3738 
2590 2843 3146 3010 3312 
2591 3006 3336 2996 3426 
2592 2853 3062 3008 3463 
2593 2732 2469 3448 3649 
2594 2630 3075 2123 3304 
2595 2838 3651 3150 3656 
2596 3016 3068 2877 3773 
2597 2909 3303 3075 3529 
2598 3097 3377 3213 3549 
2599 2927 3181 3402 3624 
2600 2368 2346 2507 2355 
2601 2985 3391 3384 3615 
2602 2626 2369 2207 2437 
2603 3204 3397 2948 3690 
2604 2687 2390 2510 2644 
2605 3485 3550 2938 3699 
2606 2988 3195 2863 3477 
2607 3477 3518 2974 3771 
2608 2595 3405 2596 3569 
2609 2856 3066 3190 3774 
2610 3021 3731 2948 3733 
2611 2874 3318 2967 3701 
2612 3310 3374 2883 3567 
2613 2991 3085 3073 3121 
2614 2856 3190 3066 3633 
2615 2925 3470 3289 3473 
2616 2981 2930 3409 3410 
2617 2477 3111 2560 3689 
2618 3018 3454 2910 3509 
2619 3131 3138 2896 3452 
2620 2874 3189 3111 3689 
2621 2495 2497 2498 2343 
2622 3069 3252 2449 3717 
2623 2865 3028 3650 3704 
2624 3234 3247 3370 3607 
2625 2877 3378 3068 3443 
2626 2252 3465 3328 3723 
2627 3022 3186 2888 3444 
2628 2899 3206 3027 3394 
2629 2500 2378 2380 2514 
2630 2852 3351 3014 3614 
2631 2490 2336 2337 2338 
2632 2844 3445 3339 3690 
2633 2843 3067 3393 3750 
2634 2532 2363 2659 2366 
2635 2856 3101 3064 3467 
2636 3064 3101 2872 3467 
2637 2856 2970 3109 3467 
2638 2671 2154 2386 2436 
2639 2501 2502 2496 2350 
2640 2497 2543 2498 2343 
2641 2553 2357 2352 2518 
2642 2878 3109 3004 3740 
2643 3108 3355 2922 3401 
2644 2315 2530 2431 2402 
2645 3105 3158 3095 3612 
2646 2514 2410 2380 2710 
2647 2938 3550 3485 3608 
2648 3262 3260 3539 3540 
2649 2534 2410 2375 2515 
2650 3070 2884 3361 3756 
2651 2528 2321 2541 2904 
2652 2703 3055 2637 3148 
2653 3024 3038 3468 3607 
2654 2597 2953 3346 3719 
2655 2522 2523 2520 3217 
2656 2542 2628 2395 2687 
2657 2946 3139 3443 3491 
2658 2918 3076 3671 3768 
2659 2328 2694 2255 2414 
2660 3068 3378 2588 3640 
2661 3097 3204 2948 3690 
2662 2873 3280 2952 3461 
2663 2883 2956 3309 3310 
2664 2870 3202 3136 3761 
2665 2497 2550 2651 2340 
2666 2840 3107 3056 3147 
2667 2910 3436 3183 3749 
2668 2502 2503 2389 2358 
2669 3036 3054 3399 3657 
2670 3040 3455 3076 3768 
2671 2883 3114 3285 3748 
2672 2727 2697 3554 3689 
2673 3068 3378 2946 3443 
2674 2405 2531 2425 2370 
2675 2431 2253 2382 2258 
2676 2990 3291 3073 3462 
2677 2347 2543 2396 2343 
2678 2919 2966 3416 3687 
2679 3271 3387 3270 3770 
2680 2182 3522 3003 3642 
2681 3124 3447 2839 3532 
2682 2999 3200 2866 3270 
2683 2543 2497 2396 2343 
2684 2913 3481 3144 3488 
2685 2534 2671 2386 2436 
2686 2854 3131 3056 3755 
2687 3269 3532 2895 3630 
2688 2922 3101 3064 3774 
2689 2398 2358 2664 2553 
2690 2863 3408 3282 3752 
2691 2596 3008 2584 3569 
2692 2485 2361 2936 3347 
2693 2906 3568 3412 3598 
2694 2861 3047 3319 3422 
2695 2506 2495 2498 2344 
2696 2980 3715 3586 3774 
2697 2178 2953 3697 3703 
2698 3282 3656 3050 3741 
2699 3024 3435 3038 3607 
2700 2895 3338 3033 3532 
2701 3056 3067 2853 3762 
2702 3127 3219 3128 3618 
2703 2937 3485 3281 3608 
2704 2652 2557 2460 3144 
2705 2651 2379 2342 2504 
2706 3122 3216 2882 3492 
2707 2871 3443 3077 3748 
2708 2319 2382 2258 2635 
2709 2912 3447 3124 3532 
2710 3635 3637 3322 3645 
2711 2903 3018 3290 3755 
2712 2353 2352 2357 2518 
2713 3343 3425 3132 3696 
2714 2898 3198 2986 3502 
2715 2909 3303 3529 3739 
2716 3072 3300 2897 3402 
2717 2189 3306 2937 3629 
2718 2170 2198 3355 3743 
2719 2184 2188 2187 3629 
2720 3132 3255 2894 3343 
2721 2644 2515 2374 2509 
2722 2962 3188 2961 3580 
2723 3294 3503 3161 3643 
2724 2732 3448 2595 3569 
2725 2911 3617 3209 3668 
2726 2510 2390 2377 2644 
2727 3032 3282 2929 3408 
2728 2148 3304 3188 3763 
2729 2989 3641 3011 3758 
2730 3011 3641 3000 3758 
2731 2943 3653 3175 3659 
2732 2859 3233 3107 3463 
2733 2988 3250 2989 3407 
2734 3229 3230 3226 3542 
2735 2861 3118 3089 3450 
2736 2988 3398 2952 3477 
2737 2474 2561 2458 3488 
2738 3313 3316 2936 3531 
2739 2866 3193 3182 3571 
2740 2638 2964 3286 3717 
2741 2969 3068 3383 3588 
2742 3282 3408 3032 3752 
2743 3356 3451 3059 3587 
2744 2643 2301 2392 2692 
2745 2885 3178 3131 3393 
2746 3016 3253 3068 3392 
2747 3105 3095 3445 3612 
2748 2491 2494 2496 2367 
2749 3034 3063 2841 3500 
2750 3326 3475 2881 3686 
2751 2962 3041 3575 3732 
2752 2487 2488 2364 2486 
2753 2974 3117 2863 3771 
2754 2955 3655 3277 3727 
2755 3037 3357 2870 3732 
2756 2491 2496 2551 2339 
2757 2405 2348 2516 2368 
2758 2911 3126 3436 3617 
2759 2674 2953 2597 3703 
2760 2254 2244 2987 3754 
2761 2183 2181 2184 3738 
2762 2983 3088 2887 3293 
2763 2867 3398 2988 3621 
2764 3033 3385 2898 3502 
2765 2260 3464 3348 3756 
2766 2287 2286 3048 3610 
2767 2952 3477 3398 3771 
2768 3037 3240 3038 3435 
2769 2913 3481 3041 3780 
2770 2878 3383 3020 3537 
2771 2992 3489 3071 3698 
2772 2638 3286 2470 3717 
2773 2503 2551 2496 2389 
2774 2846 2970 3114 3285 
2775 3041 3575 3150 3780 
2776 2530 2315 2372 2402 
2777 2127 3469 3470 3606 
2778 2473 2477 2476 3196 
2779 3348 3464 2884 3756 
2780 2289 3048 3047 3319 
2781 3009 3203 2931 3577 
2782 2405 2547 2406 2370 
2783 2944 3148 3142 3452 
2784 2382 2635 2664 2533 
2785 2447 2649 3216 3252 
2786 3168 3437 3288 3711 
2787 2875 3078 3053 3412 
2788 3053 3078 2906 3412 
2789 2896 3148 3399 3452 
2790 2314 2304 2628 2430 
2791 2658 3279 3118 3423 
2792 2859 3463 3107 3596 
2793 2720 2623 2630 3075 
2794 2569 3574 3292 3719 
2795 2592 2631 3140 3279 
2796 3009 3402 3181 3624 
2797 2448 3069 2449 3717 
2798 2126 2426 2529 2317 
2799 2725 3196 2728 3689 
2800 2610 3137 2732 3143 
2801 3005 3292 2276 3350 
2802 2866 3193 3120 3418 
2803 2865 3364 3145 3461 
2804 2934 3118 3054 3450 
2805 2874 3111 3189 3747 
2806 2955 3308 3655 3727 
2807 3198 3205 2899 3585 
2808 3283 3376 2913 3546 
2809 2848 3090 3049 3622 
2810 2565 2968 2536 3384 
2811 2856 3101 3003 3320 
2812 2854 3131 3399 3452 
2813 2864 3358 3023 3413 
2814 2607 3068 2588 3640 
2815 2638 3286 2964 3664 
2816 3097 3549 3213 3687 
2817 2596 2620 2584 3008 
2818 2267 3046 2622 3639 
2819 2298 2541 2430 2381 
2820 2861 3319 3047 3572 
2821 2895 3269 3338 3532 
2822 2945 3285 3020 3374 
2823 2903 3509 3018 3582 
2824 3150 3167 2862 3376 
2825 3013 3250 3229 3641 
2826 3001 3438 2891 3733 
2827 2960 3777 3061 3778 
2828 2856 3064 3101 3774 
2829 3229 3250 2998 3641 
2830 2493 2334 2489 2499 
2831 2680 3276 2716 3530 
2832 3010 3048 3319 3572 
2833 3192 3193 2484 3440 
2834 2490 2550 2337 2493 
2835 2845 2952 3162 3771 
2836 2219 3180 2216 3696 
2837 2476 2473 3196 3476 
2838 2562 2474 2537 3019 
2839 2962 2961 3481 3580 
2840 2851 3111 3019 3494 
2841 2880 3175 3174 3287 
2842 2515 2374 2375 2627 
2843 2638 3664 2964 3717 
2844 3177 3334 3057 3493 
2845 3004 3523 3061 3772 
2846 2372 2532 2530 2402 
2847 2841 3071 3489 3698 
2848 2845 3117 3391 3518 
2849 2927 3402 3009 3624 
2850 2185 2183 3066 3697 
2851 2991 3381 3121 3462 
2852 2142 3059 2143 3601 
2853 2880 3400 3174 3659 
2854 2318 2411 2710 2629 
2855 2575 3392 2611 3439 
2856 3109 3285 2945 3605 
2857 3209 3617 3129 3668 
2858 2884 3348 3070 3686 
2859 2233 3216 3492 3754 
2860 2374 2390 2373 2644 
2861 2257 2319 2635 2435 
2862 2857 3218 3316 3531 
2863 2707 2596 2595 3405 
2864 3240 3038 3435 3607 
2865 2880 3398 3171 3685 
2866 3186 3428 2888 3444 
2867 2847 2970 3269 3467 
2868 2962 3357 3037 3732 
2869 2499 2333 2539 2549 
2870 2925 3483 3038 3624 
2871 3038 3483 2931 3624 
2872 2160 2127 3469 3470 
2873 3170 3706 3506 3710 
2874 2968 3284 2984 3615 
2875 2556 3196 3113 3781 
2876 2431 2315 2402 2533 
2877 2389 2352 2502 2358 
2878 2993 3336 3006 3426 
2879 2895 3532 3033 3630 
2880 3058 3764 3217 3765 
2881 3045 3309 2956 3310 
2882 2519 2407 2626 2683 
2883 2844 3390 2957 3501 
2884 2615 3023 3413 3652 
2885 2871 3139 3443 3748 
2886 2861 3279 3047 3422 
2887 2879 3282 3248 3400 
2888 2591 2609 2586 2980 
2889 3152 3256 3255 3345 
2890 2411 2380 2710 2549 
2891 2509 2515 2376 2514 
2892 2454 3375 2452 3406 
2893 3512 3245 3517 3545 
2894 2868 3349 3110 3530 
2895 2636 3217 2558 3764 
2896 2401 3556 3164 3557 
2897 2933 3166 3055 3744 
2898 3009 2841 3427 3724 
2899 2852 3091 3300 3752 
2900 3366 3415 3367 3699 
2901 3367 3415 3104 3699 
2902 2857 3541 3034 3779 
2903 3235 359 3240 3353 
2904 3003 3101 2856 3467 
2905 2877 3140 3047 3572 
2906 3455 3533 2917 3768 
2907 2255 2443 2694 2328 
2908 2311 3737 3673 3772 
2909 3263 3421 3264 3553 
2910 3041 3283 2913 3546 
2911 2946 3383 3068 3443 
2912 3174 3175 3172 3287 
2913 2905 3291 3073 3311 
2914 2400 2333 2334 2499 
2915 2861 3010 3088 3319 
2916 2842 3112 2988 3407 
2917 3035 3051 2901 3429 
2918 2901 3163 3022 3444 
2919 3053 3508 3218 3568 
2920 2671 2386 2442 2534 
2921 2318 2155 2156 2629 
2922 2485 2388 2359 3347 
2923 2530 2532 2431 2402 
2924 2596 2620 3008 3626 
2925 2888 3231 3393 3548 
2926 3117 3651 3282 3656 
2927 3352 3409 2929 3741 
2928 2894 3433 2986 3695 
2929 3418 3456 3272 3769 
2930 2867 3336 3169 3506 
2931 3110 3349 2914 3554 
2932 2851 3111 3002 3747 
2933 2339 2551 2364 2365 
2934 3107 3147 2840 3321 
2935 2962 2870 3357 3732 
2936 2977 3163 3022 3395 
2937 2404 2893 2604 3363 
2938 2536 3122 2546 3384 
2939 2866 3200 3193 3418 
2940 3346 3633 3190 3740 
2941 2461 2642 2720 3075 
2942 3068 2969 3392 3588 
2943 2596 3008 3405 3626 
2944 3393 3548 3231 3750 
2945 2702 3005 2639 3703 
2946 2997 3417 3595 3621 
2947 3181 3402 2897 3614 
2948 2885 3183 3278 3548 
2949 2514 2534 2410 2710 
2950 2551 2487 2364 2365 
2951 2840 3056 3107 3232 
2952 2638 2147 2646 3286 
2953 2914 3034 3526 3779 
2954 2649 3252 2459 3384 
2955 2400 2342 2378 2504 
2956 2201 2937 2189 3306 
2957 3172 3287 3175 3486 
2958 2674 3633 2953 3697 
2959 2881 2981 3475 3666 
2960 3331 3410 3322 3645 
2961 3016 2869 3253 3392 
2962 2476 3196 2556 3781 
2963 2361 2362 2483 2936 
2964 2985 3252 3069 3622 
2965 2843 3373 3106 3393 
2966 2854 3165 3178 3755 
2967 3205 3206 2899 3584 
2968 2178 3697 2177 3703 
2969 2698 2697 2560 3111 
2970 2428 2546 2545 3122 
2971 2198 2424 2661 3355 
2972 2487 2363 2364 2365 
2973 2732 2469 2730 3448 
2974 2564 3375 2453 3674 
2975 3067 3124 2912 3432 
2976 2706 2731 3448 3648 
2977 2880 3031 3248 3398 
2978 2975 3668 3210 3669 
2979 2407 2316 2406 2626 
2980 2866 3271 3270 3769 
2981 2974 2863 3477 3771 
2982 2567 2639 2702 3005 
2983 3032 3136 2928 3352 
2984 3360 3361 2884 3464 
2985 2843 3138 3067 3750 
2986 3152 3528 3257 3735 
2987 2861 3146 3010 3572 
2988 3288 3168 3711 3712 
2989 3003 3522 3180 3642 
2990 2506 2516 2348 2368 
2991 2909 3059 3601 3739 
2992 3177 3324 2981 3410 
2993 3271 2866 3284 3769 
2994 2845 3391 3280 3518 
2995 2301 2412 2392 2692 
2996 3490 3590 3030 3701 
2997 2856 3109 3003 3467 
2998 2892 2966 3519 3687 
2999 3054 3134 2934 3450 
3000 3586 3715 3064 3774 
3001 2682 2716 3349 3530 
3002 2583 3062 2578 3439 
3003 3074 3147 2944 3596 
3004 2176 3522 3180 3696 
3005 2908 3445 3214 3550 
3006 2185 2169 2183 3697 
3007 2871 3310 3045 3610 
3008 2908 3367 3442 3699 
3009 2366 2402 2315 2533 
3010 2892 3549 3097 3687 
3011 2333 2400 2378 2500 
3012 2354 2508 2346 3201 
3013 3034 2991 3541 3570 
3014 3479 3508 3478 3531 
3015 2863 3248 3031 3398 
3016 2995 3112 2876 3223 
3017 2507 2346 2508 3201 
3018 2982 3550 3485 3699 
3019 2890 3255 3152 3735 
3020 3580 3763 2961 3764 
3021 2866 3120 3193 3571 
3022 3200 3456 3418 3769 
3023 3206 3583 3441 3584 
3024 2483 2485 2361 2936 
3025 2931 3203 3009 3624 
3026 3168 3287 3173 3712 
3027 2553 2352 2502 2518 
3028 2698 3019 2537 3349 
3029 2947 3739 3303 3780 
3030 3263 3267 3421 3553 
3031 2540 2543 2542 2416 
3032 2850 3338 3141 3727 
3033 2481 2483 2362 2936 
3034 2853 3056 3107 3596 
3035 3067 2912 3138 3432 
3036 2179 2953 3320 3697 
3037 2960 3553 2959 3777 
3038 2456 2505 2564 3052 
3039 3476 3518 3052 3674 
3040 2943 3175 3174 3659 
3041 3174 3175 2880 3659 
3042 2611 3392 2574 3439 
3043 2887 3404 3403 3503 
3044 2132 3103 2138 3357 
3045 2861 3140 3036 3146 
3046 2919 3339 3133 3501 
3047 2492 2340 2341 2338 
3048 3059 3191 2881 3335 
3049 3205 3584 2899 3585 
3050 3140 2877 3378 3773 
3051 2871 3045 3116 3610 
3052 2861 2983 3312 3450 
3053 2907 2957 3448 3536 
3054 2296 2444 2675 3047 
3055 2284 2294 2285 3491 
3056 2178 2953 2179 3697 
3057 2244 3348 3070 3756 
3058 2892 3097 3416 3687 
3059 2929 3400 3282 3741 
3060 2892 3519 3213 3687 
3061 2383 2554 2435 2668 
3062 2364 2488 2487 2551 
3063 3138 2896 3452 3658 
3064 3031 3174 2880 3400 
3065 2945 3673 3737 3772 
3066 3020 3510 2878 3737 
3067 3033 3231 2850 3480 
3068 2569 2622 2439 3292 
3069 2850 3480 3277 3727 
3070 2461 3303 2563 3529 
3071 2609 3143 2583 3439 
3072 2590 3140 2589 3295 
3073 3098 3205 3204 3576 
3074 2562 2561 2474 3494 
3075 2382 2398 2366 2533 
3076 2851 3019 3111 3654 
3077 2604 2516 2368 2404 
3078 2916 3414 3611 3749 
3079 2838 3041 3150 3546 
3080 2903 3509 3582 3688 
3081 2978 3404 3294 3503 
3082 3047 3279 2269 3422 
3083 2411 2380 2318 2710 
3084 2916 3611 3126 3749 
3085 2975 3670 3213 3687 
3086 2123 3075 2131 3304 
3087 3634 3636 3465 3723 
3088 2948 3021 3700 3731 
3089 2184 3629 2187 3738 
3090 3024 3238 3468 3520 
3091 2898 3254 3211 3371 
3092 2948 3700 3690 3731 
3093 2363 2487 2659 2365 
3094 2170 2198 2661 3355 
3095 3764 3765 3058 3766 
3096 2909 3529 3075 3547 
3097 2691 2703 2615 3023 
3098 2945 3350 3004 3772 
3099 3117 3049 3651 3656 
3100 2185 3066 2669 3697 
3101 2133 2135 2136 2962 
3102 2924 3508 3479 3531 
3103 3204 3368 3094 3499 
3104 3208 3394 2899 3627 
3105 3257 3528 3094 3735 
3106 2487 2363 2532 2483 
3107 3063 3526 3317 3716 
3108 3110 3526 3315 3554 
3109 3024 3181 2931 3435 
3110 3260 3338 2950 3693 
3111 2882 3090 3070 3622 
3112 2258 2382 2431 2635 
3113 2385 2318 2156 2629 
3114 2841 3402 3009 3489 
3115 3213 3670 2919 3687 
3116 3205 3583 3206 3584 
3117 2499 2500 2333 2549 
3118 2985 2451 3375 3592 
3119 2337 2400 2334 2493 
3120 2982 3415 3366 3699 
3121 3126 3519 2975 3668 
3122 2911 3519 3126 3668 
3123 2873 3476 3002 3518 
3124 2535 2536 2512 3418 
3125 2148 2961 3580 3763 
3126 2838 3282 3102 3651 
3127 2359 2388 2361 3347 
3128 2845 3280 2952 3771 
3129 3092 3478 3479 3508 
3130 3001 3438 3194 3630 
3131 2972 3573 2947 3739 
3132 3217 3759 2558 3763 
3133 2149 3357 2139 3628 
3134 2346 2507 2355 3201 
3135 2149 3037 3357 3628 
3136 3465 3636 3328 3723 
3137 2376 2380 2378 2514 
3138 3549 3602 3377 3603 
3139 2562 2537 2698 3019 
3140 2530 2481 2532 2372 
3141 2507 2498 2508 2346 
3142 2938 3445 3021 3731 
3143 2930 3331 3241 3411 
3144 2449 3252 3069 3592 
3145 2632 2443 2554 2397 
3146 3214 3550 2938 3608 
3147 3114 2846 3285 3748 
3148 2943 3361 3653 3659 
3149 2870 3357 3037 3628 
3150 3264 3565 2956 3567 
3151 2838 3041 3136 3575 
3152 3015 3370 3241 3638 
3153 2846 2970 3285 3588 
3154 2724 2967 2712 3440 
3155 2940 3507 3179 3713 
3156 3213 3519 2975 3687 
3157 3111 2874 3689 3747 
3158 3210 3519 2911 3668 
3159 2975 3519 3210 3668 
3160 2977 3503 3294 3643 
3161 3194 3438 2839 3630 
3162 3454 3509 2903 3688 
3163 2597 2674 2605 3633 
3164 2970 3537 3285 3588 
3165 2876 3112 2995 3704 
3166 2853 3124 3067 3432 
3167 2940 3507 3713 3714 
3168 2846 3285 3537 3588 
3169 2396 2497 2651 2340 
3170 2948 3204 3197 3397 
3171 2376 2410 2380 2514 
3172 2635 2382 2431 2533 
3173 2254 2987 3216 3754 
3174 3465 3666 3634 3723 
3175 2845 3615 3090 3616 
3176 3066 3401 3190 3774 
3177 3034 3500 2841 3718 
3178 2281 2284 2282 3491 
3179 2215 2951 3265 3343 
3180 2447 2449 3252 3717 
3181 3465 3634 3328 3636 
3182 2846 3077 3253 3443 
3183 2953 3719 2878 3740 
3184 2362 2409 2481 2936 
3185 2937 3629 3306 3715 
3186 3093 3363 3377 3602 
3187 2694 2262 2255 2414 
3188 2233 2243 3216 3754 
3189 3280 3518 2952 3771 
3190 2940 3713 3179 3714 
3191 2855 3232 3067 3548 
3192 2502 2503 2496 2389 
3193 2126 2151 2426 2317 
3194 2929 3409 3177 3741 
3195 2981 3177 3409 3741 
3196 2644 2374 2377 2509 
3197 3046 3292 2569 3574 
3198 2409 2481 2372 2362 
3199 3019 2868 3654 3757 
3200 3008 3142 2944 3626 
3201 2712 2967 2724 3590 
3202 2549 2710 2411 2629 
3203 2890 3608 3021 3731 
3204 2845 2984 3284 3615 
3205 2551 2659 2487 2365 
3206 2989 3291 3091 3311 
3207 2980 3388 3190 3774 
3208 2874 3508 3318 3701 
3209 2888 3278 3115 3548 
3210 2532 2431 2402 2533 
3211 2850 3338 3114 3532 
3212 2293 3047 2294 3301 
3213 2185 3355 3066 3738 
3214 2460 3303 3144 3406 
3215 3019 2868 3349 3654 
3216 2858 3586 3021 3597 
3217 2477 2728 3196 3689 
3218 2855 3762 3372 3767 
3219 2425 2406 2370 2316 
3220 2426 2385 2156 2629 
3221 2395 2542 2540 2430 
3222 2512 2536 2565 2968 
3223 2386 2327 2153 2442 
3224 3021 2948 3700 3733 
3225 3021 3700 3438 3733 
3226 2891 3733 3017 3736 
3227 2454 3167 2455 3375 
3228 2508 2498 2543 2347 
3229 2600 3066 3355 3401 
3230 2530 2265 2479 2971 
3231 2390 2377 2379 2510 
3232 2189 3485 2191 3629 
3233 3113 3571 3193 3781 
3234 3057 3177 2929 3409 
3235 2843 2976 3312 3373 
3236 3070 3090 2882 3616 
3237 2301 2310 2412 2692 
3238 3230 3251 3226 3542 
3239 2857 3541 3085 3568 
3240 3063 3034 3317 3526 
3241 3128 3436 2910 3617 
3242 2132 2135 3188 3357 
3243 2651 2379 2542 2416 
3244 3103 3601 3059 3739 
3245 2247 2987 2244 3348 
3246 3000 3515 3229 3641 
3247 3072 3654 2868 3757 
3248 2333 2332 2334 2499 
3249 3287 3288 3168 3437 
3250 2943 3174 3400 3659 
3251 3358 3582 3018 3594 
3252 3577 3579 2931 3732 
3253 2185 3066 2183 3738 
3254 3141 3338 2950 3727 
3255 2402 2362 2532 2363 
3256 2840 3027 3183 3232 
3257 2158 3327 3335 3723 
3258 3003 3180 3061 3642 
3259 3093 3499 3368 3602 
3260 3168 3288 3287 3712 
3261 2410 2318 2380 2710 
3262 2602 2593 2590 3036 
3263 2377 2378 2342 2504 
3264 2542 2395 2628 2430 
3265 2972 3049 3215 3656 
3266 2881 3191 3059 3679 
3267 3022 3163 2977 3164 
3268 2257 2383 2319 2435 
3269 2862 3052 3518 3674 
3270 2148 3763 3580 3764 
3271 3583 3584 3205 3585 
3272 3073 3311 3291 3758 
3273 2597 2605 3346 3633 
3274 2989 3453 3011 3641 
3275 2362 2360 2361 2483 
3276 2911 3394 3207 3436 
3277 2874 3689 3092 3779 
3278 2267 2622 2283 3639 
3279 2729 2726 3092 3318 
3280 2956 3565 3310 3567 
3281 2360 2363 2364 2487 
3282 2600 2606 3066 3401 
3283 2714 2320 2516 3363 
3284 3001 2894 3255 3736 
3285 3342 3363 3340 3671 
3286 3137 3214 2908 3649 
3287 2527 2512 3120 3418 
3288 2234 3713 2984 3714 
3289 2905 3091 3291 3311 
3290 2644 2377 2510 2509 
3291 2393 2204 2645 2414 
3292 2453 2454 2455 3375 
3293 2725 2556 2728 3196 
3294 2855 3033 3372 3385 
3295 3078 3407 2998 3623 
3296 2431 2253 2315 2382 
3297 2853 3124 3463 3762 
3298 3218 3508 2857 3568 
3299 3448 3648 2957 3649 
3300 2914 3718 3034 3779 
3301 3056 2853 3107 3762 
3302 2208 3004 3523 3642 
3303 2856 3190 3633 3740 
3304 2585 3190 2572 3633 
3305 2878 3719 3346 3740 
3306 2988 3199 3250 3621 
3307 3001 3255 3132 3644 
3308 2931 3577 3203 3579 
3309 3270 3456 3200 3769 
3310 2954 3561 3045 3562 
3311 2247 2987 3348 3581 
3312 2676 3042 2680 3276 
3313 3372 3385 3033 3502 
3314 2961 3763 3217 3764 
3315 2277 3292 3046 3510 
3316 2853 3452 3056 3596 
3317 2181 2197 2184 3101 
3318 2358 2352 2502 2553 
3319 2577 3016 3729 3773 
3320 3199 3417 3250 3621 
3321 3097 2892 3204 3549 
3322 3027 3394 3206 3519 
3323 2315 2431 2382 2533 
3324 2935 3268 3058 3765 
3325 2418 2904 2528 3201 
3326 2544 3122 2536 3272 
3327 2674 2621 3697 3703 
3328 2231 3122 2544 3272 
3329 3033 3372 3124 3767 
3330 3177 2981 3409 3410 
3331 2642 3303 2461 3529 
3332 2366 2532 2402 2533 
3333 2524 2388 2485 3347 
3334 2213 2645 2204 2414 
3335 2953 3346 3719 3740 
3336 2931 3483 3203 3624 
3337 3018 3509 2910 3749 
3338 3022 2977 3395 3503 
3339 2839 3532 3269 3630 
3340 2375 2534 2515 2670 
3341 2366 2659 2532 2533 
3342 2938 3105 3445 3612 
3343 2537 3349 3019 3530 
3344 2869 3253 3392 3588 
3345 3069 3252 2985 3592 
3346 2887 3312 2976 3373 
3347 2868 3110 3349 3500 
3348 2604 2893 2507 2941 
3349 2885 3278 3183 3290 
3350 2585 3401 3190 3633 
3351 2877 3140 3146 3295 
3352 2995 3006 3650 3681 
3353 2842 3302 3053 3311 
3354 2481 2409 2372 2971 
3355 2859 3147 3074 3596 
3356 2858 3021 3586 3608 
3357 2954 3403 3045 3561 
3358 2642 2461 2563 3529 
3359 3332 3628 3191 3761 
3360 3049 2879 3215 3656 
3361 3101 3467 3003 3522 
3362 3037 2870 3202 3732 
3363 2707 3125 3405 3448 
3364 2497 2492 2550 2340 
3365 2582 3295 2589 3773 
3366 2899 3584 3254 3585 
3367 2429 2283 2622 3639 
3368 3506 3706 3169 3710 
3369 3269 3630 3425 3746 
3370 2865 3113 3193 3440 
3371 2291 3089 3422 3423 
3372 2850 3277 3106 3309 
3373 2439 2275 2567 3292 
3374 2604 2516 2507 2368 
3375 2610 2660 2468 3137 
3376 2983 2887 3161 3293 
3377 2672 3137 3366 3649 
3378 3090 3615 3391 3622 
3379 3096 3340 3339 3341 
3380 3052 3120 2873 3781 
3381 3092 3479 2924 3508 
3382 2846 3285 3020 3537 
3383 2316 2200 2425 2207 
3384 2243 2242 2233 3216 
3385 2592 2631 2589 3140 
3386 3281 3485 2982 3550 
3387 2588 2607 2576 3068 
3388 2717 3193 2648 3781 
3389 2554 2357 2553 2518 
3390 2960 3539 3260 3553 
3391 2932 3312 2983 3450 
3392 2247 2987 3581 3661 
3393 2880 3162 3248 3507 
3394 3056 3232 3067 3762 
3395 2382 2366 2315 2533 
3396 2588 3378 3068 3773 
3397 2203 2200 2425 2370 
3398 2882 2987 3252 3622 
3399 2871 3077 3106 3748 
3400 2885 3056 3131 3755 
3401 3133 3501 2957 3760 
3402 2864 3147 3074 3455 
3403 2296 3047 2293 3301 
3404 2267 2277 2275 3292 
3405 3191 3330 3332 3761 
3406 3341 3342 3097 3377 
3407 2133 2962 2136 3580 
3408 2374 2324 2375 2627 
3409 2859 3125 3076 3760 
3410 2714 2531 2516 2320 
3411 3063 3274 3043 3427 
3412 2855 3589 3372 3762 
3413 3110 2914 3526 3554 
3414 2872 3467 3101 3522 
3415 2576 3068 2573 3392 
3416 2891 3438 3001 3630 
3417 2925 3468 3238 3520 
3418 2957 3536 3133 3760 
3419 3042 3458 3276 3459 
3420 2898 3211 3115 3480 
3421 2887 3116 3403 3776 
3422 2929 3177 3031 3400 
3423 3142 3527 2612 3729 
3424 3021 3438 2890 3733 
3425 2148 2130 3188 3304 
3426 2677 2521 3459 3765 
3427 3425 3692 2872 3696 
3428 3303 3739 2860 3780 
3429 2161 2153 2327 2692 
3430 2878 2969 3346 3574 
3431 3108 2922 3355 3743 
3432 2908 3105 3390 3445 
3433 2455 3375 3167 3674 
3434 2669 3066 2185 3355 
3435 2203 2531 2685 3363 
3436 2947 3529 3303 3739 
3437 2460 2457 3303 3406 
3438 2853 3142 3062 3658 
3439 2178 3691 2953 3703 
3440 2179 2953 2178 3691 
3441 2380 2411 2333 2549 
3442 2665 3405 3125 3680 
3443 2863 3248 3117 3282 
3444 2887 3403 3404 3776 
3445 2577 3729 3295 3773 
3446 2197 2188 3101 3522 
3447 2930 3409 3410 3411 
3448 2474 2520 2537 3488 
3449 2180 3320 2179 3691 
3450 2859 3076 3133 3760 
3451 2583 3143 2594 3569 
3452 2370 2200 2425 2316 
3453 2611 2583 2578 3439 
3454 3256 2894 3344 3434 
3455 3001 3630 3194 3746 
3456 3194 3630 2839 3746 
3457 2849 3041 3283 3481 
3458 3104 3612 3105 3699 
3459 2878 3537 2969 3574 
3460 3062 3016 3432 3658 
3461 2405 2516 2531 2320 
3462 2586 2611 2574 3439 
3463 3009 3427 3249 3724 
3464 2191 3485 3281 3629 
3465 3133 3339 2919 3416 
3466 2841 3500 3063 3724 
3467 3405 3448 3125 3536 
3468 2872 3425 3269 3692 
3469 2566 2470 2704 3286 
3470 2987 3216 2882 3252 
3471 2378 2377 2376 2509 
3472 2526 3418 3200 3456 
3473 2585 2606 3401 3633 
3474 2131 2123 2140 3075 
3475 2905 3311 3073 3568 
3476 3112 2952 3182 3461 
3477 2865 3193 3113 3571 
3478 3496 3506 2997 3595 
3479 2607 2573 2576 3068 
3480 2234 2232 2984 3492 
3481 2997 3621 3223 3623 
3482 3052 2873 3476 3781 
3483 2978 3503 3294 3555 
3484 3294 3503 2977 3555 
3485 2977 3164 3163 3556 
3486 2411 2318 2385 2629 
3487 2926 3249 3009 3427 
3488 2969 2878 3346 3537 
3489 2885 3393 3067 3548 
3490 2845 3280 3391 3615 
3491 2859 3133 3076 3321 
3492 2358 2503 2389 2365 
3493 2623 2140 3075 3547 
3494 3140 3295 2877 3773 
3495 2928 3181 3024 3435 
3496 2648 3193 3120 3781 
3497 2732 2730 2595 3448 
3498 2865 3182 3193 3571 
3499 2692 2153 2327 2442 
3500 2213 2694 2645 2414 
3501 3397 3197 3733 3735 
3502 2869 3392 2969 3588 
3503 3190 3401 3066 3633 
3504 2588 3068 2576 3773 
3505 2188 3306 3101 3522 
3506 2451 2453 2564 3375 
3507 2219 2216 2176 3696 
3508 2854 3056 3358 3755 
3509 2931 3435 3136 3732 
3510 2948 3731 3397 3733 
3511 2978 3403 3404 3503 
3512 2906 3412 3081 3598 
3513 3442 3648 3367 3734 
3514 3017 3152 3255 3735 
3515 2905 3300 3189 3718 
3516 2858 2973 3586 3597 
3517 3127 3128 3617 3618 
3518 2900 3208 3115 3627 
3519 2872 3306 3132 3696 
3520 2898 3502 2986 3694 
3521 2916 3594 3414 3749 
3522 3296 3395 2979 3396 
3523 2908 3390 3214 3445 
3524 3001 2872 3425 3746 
3525 3029 2865 3192 3440 
3526 2568 3292 2567 3719 
3527 3174 3333 3177 3334 
3528 2896 3399 3131 3452 
3529 2138 2132 2134 3103 
3530 2839 3447 2970 3532 
3531 2569 2570 3574 3719 
3532 3153 3397 3095 3731 
3533 2878 3292 3005 3350 
3534 3168 3386 3299 3437 
3535 3168 3299 3287 3437 
3536 3057 3625 3014 3678 
3537 2453 3375 2455 3674 
3538 2630 2720 3075 3304 
3539 2878 3510 3350 3737 
3540 2358 2398 2357 2553 
3541 3037 3202 2870 3628 
3542 3234 3024 3247 3607 
3543 2907 3463 2973 3597 
3544 2855 3067 3232 3762 
3545 2861 3047 3279 3572 
3546 2895 3502 2986 3736 
3547 2977 3161 3503 3643 
3548 2485 2936 2482 3347 
3549 2844 3214 3021 3597 
3550 2615 2691 3023 3652 
3551 3366 3699 3367 3734 
3552 3367 3699 2908 3734 
3553 3235 3370 3247 3607 
3554 3206 3394 2911 3519 
3555 2844 3597 3021 3700 
3556 3245 3512 2990 3545 
3557 2870 3575 3136 3732 
3558 2891 3197 3187 3198 
3559 2841 3500 3072 3718 
3560 3106 2843 3393 3750 
3561 2867 3223 3336 3506 
3562 3047 3319 3048 3572 
3563 2318 2155 2629 2436 
3564 2845 3284 2984 3507 
3565 2249 2254 2987 3389 
3566 2951 3692 3425 3696 
3567 2851 3189 3300 3718 
3568 3072 3500 2868 3654 
3569 3056 3358 2944 3452 
3570 2965 3335 3326 3662 
3571 3136 3575 3041 3732 
3572 3097 2919 3416 3687 
3573 2710 2380 2514 2549 
3574 3136 3435 3202 3732 
3575 2623 2720 2642 3075 
3576 2141 3075 2140 3547 
3577 2582 2590 2589 3295 
3578 2873 3120 3052 3280 
3579 2159 3059 2144 3335 
3580 3206 3212 3210 3441 
3581 2898 2986 3371 3694 
3582 3053 3218 2875 3412 
3583 2131 2140 2141 3075 
3584 2839 3447 3124 3665 
3585 3196 3318 2874 3689 
3586 2447 2448 2449 3717 
3587 2622 444 2439 2267 
3588 2552 2506 2547 2348 
3589 2896 3138 3016 3658 
3590 2864 3023 3358 3725 
3591 3074 3413 2616 3626 
3592 3098 3205 3576 3578 
3593 2617 3527 3295 3729 
3594 2862 3049 3117 3391 
3595 2912 3077 3138 3253 
3596 2182 2220 2176 3522 
3597 3098 3602 3549 3603 
3598 2342 2651 2504 2550 
3599 3374 3673 2311 3737 
3600 3056 3147 2944 3358 
3601 2267 2281 3046 3639 
3602 2649 2546 2428 3216 
3603 3245 3381 2992 3462 
3604 2990 3245 3121 3512 
3605 2925 3289 3483 3624 
3606 3093 3341 3097 3377 
3607 2659 2363 2365 2366 
3608 2709 2680 3276 3459 
3609 2622 3046 2633 3639 
3610 2134 2143 3103 3601 
3611 3039 3058 3203 3268 
3612 2922 3281 3108 3715 
3613 2896 3399 3148 3527 
3614 2550 2337 2342 2340 
3615 3229 3226 3354 3542 
3616 2912 3124 3067 3767 
3617 3194 3586 3021 3608 
3618 2466 2458 3144 3488 
3619 2886 3395 3296 3396 
3620 3020 3374 2295 3737 
3621 3425 3630 3001 3746 
3622 2358 2502 2503 2553 
3623 2203 2425 2531 2370 
3624 3230 3250 3013 3417 
3625 2352 2358 2357 2553 
3626 3278 3429 2901 3444 
3627 3128 3219 3127 3617 
3628 2878 3292 3574 3719 
3629 2144 3451 2145 3587 
3630 2876 3225 3224 3542 
3631 2892 3206 3205 3212 
3632 2597 3703 2953 3719 
3633 2898 3141 3502 3694 
3634 3074 3147 2859 3455 
3635 3224 3496 3251 3497 
3636 3296 3396 2979 3466 
3637 2886 3396 3296 3466 
3638 3024 3181 2927 3624 
3639 2279 3020 2295 3737 
3640 3075 3601 3103 3739 
3641 2844 3021 3214 3445 
3642 2664 2358 2503 2553 
3643 2527 2512 2511 3120 
3644 2855 3067 3762 3767 
3645 2732 2594 3143 3569 
3646 3085 3568 3073 3598 
3647 2970 2856 3388 3467 
3648 2871 3106 3309 3748 
3649 3056 2944 3147 3596 
3650 2841 3072 3500 3724 
3651 3102 3300 3091 3752 
3652 2931 3136 3577 3732 
3653 2930 3331 3330 3332 
3654 2993 2994 2241 3270 
3655 2997 3251 3224 3496 
3656 3151 3255 2890 3644 
3657 2878 3046 3383 3574 
3658 2447 2649 2624 3216 
3659 2943 3495 3361 3659 
3660 2891 3385 3372 3502 
3661 2921 3023 3166 3725 
3662 2890 3731 3021 3733 
3663 2220 2219 2176 3180 
3664 2660 2641 2468 3108 
3665 2876 3542 3224 3623 
3666 2466 2458 2460 3144 
3667 2868 3500 3349 3654 
3668 2898 3385 3198 3502 
3669 2859 3133 3536 3760 
3670 2862 3002 3167 3674 
3671 3137 3366 2908 3550 
3672 2858 3108 3281 3715 
3673 3018 3358 3056 3755 
3674 2987 2882 3216 3754 
3675 3112 3182 2995 3704 
3676 2623 3075 2642 3547 
3677 2606 3066 3401 3633 
3678 3224 3497 3251 3543 
3679 2966 2975 3519 3687 
3680 3269 3425 2872 3746 
3681 3372 3762 3124 3767 
3682 2841 3063 3427 3724 
3683 2483 2487 2360 2486 
3684 2404 2516 2320 3363 
3685 2706 3648 3448 3649 
3686 2449 3069 2450 3592 
3687 2281 2277 3046 3510 
3688 2214 395 3262 3266 
3689 3008 2907 3463 3569 
3690 2566 3069 2448 3717 
3691 2610 2609 2591 3143 
3692 2881 3475 3215 3686 
3693 2585 2574 2572 3190 
3694 2900 3208 3430 3591 
3695 2724 2718 2556 3113 
3696 2859 3536 3125 3760 
3697 2903 3178 3165 3755 
3698 2161 2327 2412 2692 
3699 3105 3390 3096 3442 
3700 2648 3120 3193 3418 
3701 2870 3357 3103 3575 
3702 3539 3540 3260 3553 
3703 2375 2386 2410 2534 
3704 3073 3568 3311 3758 
3705 2167 2143 2128 3191 
3706 2469 2730 3448 3649 
3707 2931 3181 3024 3624 
3708 3217 3763 2558 3764 
3709 2458 3406 3144 3488 
3710 3153 3551 3397 3735 
3711 2131 3075 2141 3601 
3712 2702 2568 2567 3719 
3713 2903 3165 3582 3755 
3714 2546 2649 2459 3384 
3715 3082 3412 3218 3598 
3716 3117 2974 3518 3771 
3717 3118 3450 3036 3672 
3718 3346 3537 2878 3740 
3719 3183 3232 3027 3627 
3720 3140 3279 3047 3572 
3721 2178 2179 2177 3697 
3722 2569 2633 2622 3046 
3723 3313 3478 3316 3531 
3724 3022 3164 2977 3503 
3725 2880 3287 3171 3299 
3726 2868 3065 3530 3705 
3727 2969 3537 3346 3740 
3728 2390 2374 2377 2644 
3729 2861 3010 3319 3572 
3730 2984 3713 3507 3714 
3731 2685 2174 2203 3363 
3732 2680 3276 3530 3705 
3733 3098 3576 3259 3578 
3734 2891 2986 3198 3502 
3735 2229 3386 3169 3710 
3736 3202 3240 3037 3435 
3737 2859 3074 3405 3596 
3738 3013 3675 3453 3676 
3739 2362 2481 2532 2483 
3740 3129 3130 2355 3669 
3741 2529 3044 2329 3060 
3742 2984 2940 3284 3714 
3743 3024 3234 3247 3631 
3744 2591 2599 2660 3108 
3745 2406 2348 2547 2405 
3746 2861 3279 3140 3572 
3747 2884 3475 3326 3686 
3748 2857 3316 3478 3531 
3749 2580 2578 2583 3062 
3750 2948 3397 3197 3733 
3751 2641 3108 2599 3449 
3752 3245 3462 2992 3545 
3753 2990 3462 3245 3545 
3754 2543 2651 2542 2416 
3755 3207 3394 3206 3584 
3756 2530 2372 2265 2971 
3757 2188 2184 2197 3101 
3758 2891 3198 3187 3385 
3759 3136 3202 2870 3732 
3760 2157 3587 3660 3662 
3761 2860 3575 3041 3780 
3762 2388 3160 2361 3347 
3763 3161 3395 2977 3503 
3764 3405 3596 3074 3626 
3765 2843 3312 3010 3373 
3766 2460 3144 2458 3406 
3767 2962 3579 3185 3580 
3768 2914 3349 3110 3500 
3769 2305 3523 3424 3778 
3770 2952 3398 3162 3771 
3771 3211 3428 3115 3480 
3772 2880 3162 3299 3398 
3773 2187 2186 3738 3743 
3774 3002 3476 2473 3674 
3775 3187 3198 2899 3385 
3776 3242 3520 3238 3631 
3777 2873 3196 3002 3476 
3778 2865 2995 3182 3704 
3779 444 2275 2439 2267 
3780 2898 3254 3198 3385 
3781 2267 2622 443 2283 
3782 2950 3338 3141 3693 
3783 2895 3141 3338 3693 
3784 2945 3285 3374 3605 
3785 2843 3077 3138 3750 
3786 2912 3138 3077 3750 
3787 2456 3476 3052 3674 
3788 2569 3292 2568 3719 
3789 2587 2591 2586 3401 
3790 3710 3711 3168 3712 
3791 3708 3711 3710 3712 
3792 3353 3468 3236 3469 
3793 2997 3250 3230 3417 
3794 2844 3339 3133 3416 
3795 2376 2374 2375 2515 
3796 2990 3514 3026 3545 
3797 2922 2980 3401 3774 
3798 2195 3281 2191 3485 
3799 2429 443 2622 2283 
3800 2929 3177 3400 3741 
3801 2850 3141 3480 3727 
3802 3021 3597 3586 3665 
3803 2516 2405 2404 2320 
3804 2843 2976 3373 3393 
3805 2950 3380 3540 3693 
3806 2669 2600 3066 3355 
3807 2619 3074 3040 3365 
3808 2454 3167 3375 3406 
3809 2627 2515 2374 2644 
3810 2131 2132 2130 3188 
3811 3093 3154 3368 3499 
3812 3094 3368 3154 3499 
3813 2888 3231 3115 3480 
3814 2985 3384 3252 3622 
3815 2887 3010 3312 3373 
3816 2633 3046 2569 3574 
3817 3042 3275 3044 3730 
3818 2478 2999 3192 3683 
3819 3252 3384 2882 3622 
3820 2605 2572 3346 3633 
3821 2321 2300 2541 2904 
3822 3271 3284 2940 3714 
3823 2984 3284 3271 3714 
3824 3036 3657 2593 3672 
3825 3053 3508 2874 3701 
3826 2982 2193 3415 3699 
3827 2647 2641 2467 3449 
3828 2185 2669 2169 3697 
3829 3011 3291 2989 3758 
3830 2268 3301 2284 3639 
3831 2928 3202 3136 3435 
3832 2629 2710 2318 2436 
3833 3150 2913 3376 3546 
3834 2931 3185 3037 3732 
3835 3037 3185 2962 3732 
3836 2588 3378 2608 3640 
3837 2844 3133 3339 3501 
3838 2846 3020 3383 3537 
3839 2416 2651 2379 2396 
3840 2870 3050 3679 3761 
3841 3073 3121 2990 3462 
3842 2991 3121 3073 3462 
3843 2881 3327 3326 3335 
3844 3067 3548 3393 3750 
3845 3214 3445 2938 3550 
3846 3468 3469 3353 3609 
3847 3120 3193 3571 3781 
3848 2697 2560 3111 3689 
3849 2947 3573 3529 3739 
3850 2281 2277 2267 3046 
3851 3171 3287 3168 3299 
3852 3391 3615 2985 3622 
3853 3027 3394 3183 3627 
3854 2449 2448 2450 3069 
3855 2839 3438 3372 3630 
3856 2919 3339 3097 3416 
3857 2964 3286 3356 3451 
3858 2900 3394 3208 3627 
3859 3199 3398 3171 3621 
3860 3097 3093 3377 3499 
3861 3372 3385 3187 3589 
3862 2844 3233 3214 3597 
3863 2926 3203 3009 3249 
3864 2185 2170 381 3355 
3865 2575 2574 2611 3392 
3866 2348 2516 2547 2405 
3867 2862 3049 3150 3651 
3868 2883 3374 3605 3673 
3869 3031 2880 3174 3685 
3870 3251 3354 3226 3542 
3871 2984 3284 2940 3507 
3872 3295 3729 3016 3773 
3873 3027 2911 3394 3519 
3874 2231 2544 2419 3272 
3875 3024 3181 2928 3234 
3876 2981 3400 3177 3741 
3877 2895 3502 3141 3694 
3878 3101 3320 3066 3738 
3879 2931 3203 3483 3579 
3880 3014 3351 3234 3614 
3881 2864 3413 3023 3652 
3882 2123 2131 2130 3304 
3883 2869 3016 3253 3432 
3884 2883 3374 3285 3605 
3885 2561 2455 3167 3494 
3886 2940 2984 3507 3714 
3887 2862 3117 3049 3651 
3888 3214 3233 2907 3597 
3889 2883 3605 3567 3673 
3890 2545 2231 2224 3122 
3891 3104 3415 2193 3699 
3892 3054 3036 3450 3672 
3893 3187 3372 2891 3385 
3894 2147 2166 2646 3286 
3895 2379 2542 2510 2651 
3896 3326 3662 3335 3723 
3897 2988 3621 3250 3623 
3898 2582 2577 3295 3773 
3899 3034 2841 3570 3718 
3900 2884 3215 3475 3686 
3901 3062 3016 3658 3729 
3902 3004 3524 3523 3772 
3903 2891 3502 3372 3630 
3904 3039 3268 3203 3289 
3905 2372 2265 2971 3123 
3906 2661 2424 2599 3355 
3907 2526 2535 3418 3456 
3908 2895 3425 3630 3736 
3909 3251 3496 3227 3497 
3910 2483 2482 2485 2936 
3911 2634 2608 3301 3639 
3912 2585 2586 2574 3190 
3913 3260 2950 3540 3693 
3914 2950 3260 3540 3553 
3915 3004 3350 3524 3772 
3916 2895 2986 3502 3694 
3917 2372 2315 2530 2228 
3918 2497 2396 2343 2340 
3919 3194 3021 3586 3665 
3920 2974 3376 3102 3651 
3921 2852 3032 3408 3752 
3922 2434 3286 2166 3547 
3923 2844 3233 3133 3536 
3924 2911 3436 3128 3617 
3925 2840 3611 3414 3749 
3926 2853 3067 3124 3762 
3927 2675 3047 2631 3279 
3928 2287 3048 2289 3319 
3929 3315 3526 2914 3554 
3930 2487 2532 2363 2659 
3931 2843 3106 3077 3750 
3932 2927 3520 3242 3631 
3933 2984 2882 3615 3616 
3934 2900 3394 3183 3436 
3935 2561 2559 2455 3494 
3936 3587 3660 3581 3661 
3937 2123 2623 345 2140 
3938 2960 3267 3553 3777 
3939 2868 3019 3349 3530 
3940 2878 3292 3046 3574 
3941 2626 2547 2406 2519 
3942 2864 3358 3147 3414 
3943 2865 3145 3028 3704 
3944 3372 3502 3033 3630 
3945 3038 3185 2931 3483 
3946 3038 3469 3468 3609 
3947 2250 3437 3179 3728 
3948 3066 3320 2953 3697 
3949 3017 3255 2890 3735 
3950 2249 2266 2254 3389 
3951 2187 3738 3629 3743 
3952 3171 3398 3199 3685 
3953 2379 2395 2542 2416 
3954 2557 3304 2423 3763 
3955 2286 2295 2282 3491 
3956 3456 3769 3270 3770 
3957 2908 3442 3367 3734 
3958 2859 3076 3125 3680 
3959 3342 3670 2919 3742 
3960 2950 3540 3380 3553 
3961 3171 3287 2880 3685 
3962 2924 3318 3092 3508 
3963 3092 3318 2874 3508 
3964 2898 3307 3141 3694 
3965 2416 2543 2651 2396 
3966 3000 3513 3511 3516 
3967 3322 3635 3634 3636 
3968 2214 2199 32 3266 
3969 3400 3495 2943 3659 
3970 2530 2481 2372 2971 
3971 3484 3485 2938 3612 
3972 3056 3452 2944 3596 
3973 2909 3356 3286 3451 
3974 3112 3145 2842 3461 
3975 3352 3625 3409 3638 
3976 3115 3208 2900 3591 
3977 2928 3607 3370 3638 
3978 3358 3414 2864 3594 
3979 2883 3567 3374 3673 
3980 2922 3401 3066 3774 
3981 2878 3383 3537 3574 
3982 3055 3148 2854 3399 
3983 2891 3630 3001 3736 
3984 3112 3461 3182 3704 
3985 3265 3343 2894 3344 
3986 2245 2236 3070 3754 
3987 2894 2986 3433 3736 
3988 2287 3048 2286 3491 
3989 3031 3174 3493 3685 
3990 2909 3059 3451 3601 
3991 3121 3083 3512 3538 
3992 2960 3267 3539 3553 
3993 2842 3091 3302 3311 
3994 2619 3040 3074 3680 
3995 2396 2416 2543 2347 
3996 2859 3321 3076 3455 
3997 2996 3169 3336 3506 
3998 2311 3673 3424 3772 
3999 2928 3370 3234 3625 
4000 2860 3041 3481 3780 
4001 2217 2209 2221 3180 
4002 3115 3211 3208 3591 
4003 2839 3372 3033 3630 
4004 3075 3547 2141 3601 
4005 3004 3350 3005 3524 
4006 2554 2383 2357 2397 
4007 3094 3397 3551 3735 
4008 3021 3608 2938 3731 
4009 2947 2985 3375 3592 
4010 2506 2516 2547 2348 
4011 3023 2864 3652 3725 
4012 3202 3435 3037 3732 
4013 2185 2186 3355 3738 
4014 3183 3394 2900 3627 
4015 2914 3189 3718 3779 
4016 2929 3352 3032 3625 
4017 2152 3547 3451 3601 
4018 3059 2142 3451 3601 
4019 2199 3267 3777 3778 
4020 3065 3488 2520 3759 
4021 3032 3352 2928 3625 
4022 2848 3356 3069 3573 
4023 2909 3069 3356 3573 
4024 3044 3275 3043 3730 
4025 2242 2223 2428 3216 
4026 2990 3121 3073 3511 
4027 3311 3568 2906 3758 
4028 3238 3247 3024 3468 
4029 3000 3511 3305 3516 
4030 2876 3006 3222 3650 
4031 3041 3577 3136 3732 
4032 2895 3425 3269 3630 
4033 2600 3355 2599 3401 
4034 2570 3346 2572 3574 
4035 3107 3233 2889 3463 
4036 3024 2927 3520 3624 
4037 2906 3073 3568 3598 
4038 3112 2988 3407 3623 
4039 2211 2180 3004 3642 
4040 2991 3462 3073 3570 
4041 2454 2561 3167 3406 
4042 2967 3590 3490 3701 
4043 3632 3671 3076 3768 
4044 3354 3542 3251 3543 
4045 3315 3478 3313 3525 
4046 2845 3391 3090 3615 
4047 3058 3039 3203 3579 
4048 2997 3506 3223 3621 
4049 2477 2560 2696 3689 
4050 3132 3255 3151 3644 
4051 2840 3321 3147 3611 
4052 2219 2217 2216 3180 
4053 2884 3464 3326 3475 
4054 3326 3464 3323 3475 
4055 2614 2616 3413 3626 
4056 2858 3214 3021 3608 
4057 2557 2558 3759 3763 
4058 2898 3371 3307 3694 
4059 2868 3530 3276 3705 
4060 3286 3451 2152 3547 
4061 3021 3214 2858 3597 
4062 2541 2300 2686 2904 
4063 2613 2614 2615 3413 
4064 3098 3549 3212 3603 
4065 2859 3147 3107 3321 
4066 2425 2547 2405 2370 
4067 2631 2675 2444 3047 
4068 2891 2986 3502 3736 
4069 2849 3203 3577 3579 
4070 2239 3492 2234 3713 
4071 2986 3694 3261 3695 
4072 2608 2640 3301 3378 
4073 3198 3254 2899 3385 
4074 442 2634 2268 3639 
4075 3213 2919 3670 3742 
4076 3061 3424 2945 3772 
4077 3024 3234 2928 3607 
4078 2636 2523 3217 3705 
4079 3256 3433 2894 3434 
4080 3132 3306 2218 3696 
4081 2849 3058 3203 3579 
4082 2531 2425 2516 2405 
4083 2316 2425 2406 2626 
4084 2955 3428 3211 3480 
4085 2845 3248 3162 3507 
4086 2203 2320 2531 3363 
4087 3067 3138 2912 3750 
4088 2863 3398 2988 3477 
4089 2959 3421 3267 3553 
4090 2860 3303 3075 3739 
4091 2878 3574 3346 3719 
4092 3107 3463 2889 3762 
4093 2222 2218 3306 3696 
4094 2982 3281 3108 3449 
4095 3264 3421 2959 3553 
4096 2718 2717 3113 3440 
4097 2612 2579 2581 3142 
4098 2215 3343 3265 3344 
4099 2858 3281 3550 3608 
4100 2247 3348 3660 3661 
4101 2144 3059 2142 3451 
4102 2579 3142 2612 3729 
4103 2520 3530 3065 3705 
4104 3043 3274 3063 3730 
4105 2672 3649 3366 3734 
4106 3123 3426 3006 3497 
4107 2888 3115 3428 3480 
4108 2944 3074 3596 3626 
4109 2302 2303 432 2438 
4110 3581 3587 2965 3660 
4111 2945 3424 3605 3673 
4112 2551 2503 2659 2365 
4113 2839 3630 3269 3746 
4114 2530 2479 2481 2971 
4115 2895 3630 3502 3736 
4116 3076 3632 3133 3760 
4117 2450 3069 2566 3529 
4118 3018 3358 2854 3582 
4119 2583 2609 2594 3143 
4120 2890 3153 3397 3735 
4121 2241 3270 2994 3387 
4122 2931 3579 3185 3732 
4123 3170 3506 3496 3595 
4124 2984 3492 2882 3616 
4125 2680 3530 2681 3705 
4126 2634 3301 2268 3639 
4127 2247 3581 3348 3661 
4128 3203 3268 2926 3289 
4129 2448 2566 2450 3069 
4130 2193 3485 3104 3699 
4131 2716 3110 2699 3349 
4132 2154 2155 365 2386 
4133 3318 3508 2924 3701 
4134 2175 2202 394 3258 
4135 2312 2311 3374 3673 
4136 3250 3542 2998 3623 
4137 2891 3197 3017 3733 
4138 2880 3031 3398 3685 
4139 2234 3492 2984 3713 
4140 442 2429 2634 3639 
4141 2342 2379 2651 2396 
4142 2143 2144 2159 3059 
4143 2904 3134 3297 3466 
4144 2590 2593 2592 3140 
4145 2311 2312 3374 3737 
4146 3339 3340 3096 3501 
4147 2232 3122 2231 3272 
4148 2193 2982 3485 3699 
4149 3229 3515 3013 3641 
4150 2865 3193 3192 3440 
4151 3018 2903 3582 3755 
4152 3250 3621 2997 3623 
4153 3372 3438 2891 3630 
4154 2948 3416 3097 3690 
4155 3361 3487 3360 3653 
4156 2959 3605 3424 3673 
4157 2930 3202 3332 3761 
4158 3005 3292 2878 3719 
4159 2717 2484 3193 3440 
4160 2731 2957 2705 3125 
4161 2688 2592 2654 3279 
4162 2582 2577 2617 3295 
4163 2691 3023 2689 3166 
4164 2972 3215 3050 3656 
4165 3062 3658 3142 3729 
4166 2961 3217 3058 3764 
4167 2851 3302 3189 3747 
4168 3036 3399 2896 3527 
4169 3213 3342 2919 3742 
4170 2247 2254 2244 2987 
4171 3110 2914 3500 3526 
4172 3265 3344 2894 3434 
4173 2242 2545 408 2224 
4174 2135 2133 2132 3188 
4175 2909 3059 3356 3451 
4176 2945 3424 3673 3772 
4177 2516 2604 2714 3363 
4178 2434 2646 2166 3286 
4179 2948 3690 3397 3731 
4180 2726 3092 3318 3689 
4181 2942 3507 3179 3659 
4182 2864 3365 3074 3413 
4183 2840 3147 3414 3611 
4184 3011 3351 3026 3721 
4185 3076 3321 3133 3632 
4186 3024 3247 3238 3631 
4187 2577 2617 3295 3729 
4188 2616 3074 3365 3413 
4189 2587 2585 2606 3401 
4190 2181 2183 2179 3320 
4191 442 2268 2283 3639 
4192 2531 2714 2685 3363 
4193 2185 2183 2186 3738 
4194 2841 3025 3489 3570 
4195 2192 2937 3151 3485 
4196 3109 3285 2970 3537 
4197 2841 3489 3427 3698 
4198 3635 3636 3322 3637 
4199 3001 3425 2894 3736 
4200 2908 3366 3137 3649 
4201 2890 3397 3153 3731 
4202 2592 2688 2631 3279 
4203 3073 2906 3568 3758 
4204 2601 3055 3166 3744 
4205 3634 3636 3635 3751 
4206 2669 2600 2606 3066 
4207 2252 3663 3465 3723 
4208 2954 3277 3186 3655 
4209 2853 3463 3008 3596 
4210 3097 3095 3499 3690 
4211 2889 3589 3107 3762 
4212 3425 3001 3630 3736 
4213 3334 3493 3174 3685 
4214 2945 3673 3374 3737 
4215 2901 3429 3163 3444 
4216 2558 3763 2684 3764 
4217 2523 2636 2677 3705 
4218 2984 3616 3507 3713 
4219 2908 3214 3137 3550 
4220 2996 3496 3224 3497 
4221 2362 2361 2409 2936 
4222 3352 3409 2930 3638 
4223 2303 424 2304 2373 
4224 2256 2255 403 2328 
4225 3070 3348 2884 3756 
4226 3424 3523 3061 3778 
4227 3064 3388 2856 3467 
4228 3274 3427 3063 3724 
4229 2456 2564 2453 3674 
4230 2849 3283 3041 3577 
4231 2206 390 2369 2207 
4232 2876 2995 3650 3704 
4233 2989 3291 3311 3758 
4234 2977 3294 3555 3643 
4235 2881 3679 3050 3761 
4236 2839 3194 3064 3586 
4237 3195 3408 2863 3752 
4238 2434 2166 2122 3547 
4239 2942 3507 3616 3713 
4240 2848 3581 3356 3686 
4241 3005 3703 2702 3719 
4242 2468 2672 3137 3366 
4243 2903 3290 3178 3755 
4244 2623 345 2630 2123 
4245 2419 3272 2535 3456 
4246 2441 2702 2639 3703 
4247 3051 3163 2901 3429 
4248 2930 3332 3330 3761 
4249 2927 3024 3520 3631 
4250 3326 3327 2881 3666 
4251 2287 2285 3048 3491 
4252 2867 3223 3506 3621 
4253 3058 3268 3039 3766 
4254 3137 3214 2858 3550 
4255 3016 2877 3295 3773 
4256 2917 3321 3414 3455 
4257 3147 3414 3321 3455 
4258 3238 3520 3024 3631 
4259 2977 3163 2979 3556 
4260 3335 3662 2157 3723 
4261 2195 2191 3281 3743 
4262 2267 2283 2281 3639 
4263 2914 3189 3111 3654 
4264 3111 3189 2851 3654 
4265 2543 2497 2651 2396 
4266 2674 2597 2621 3703 
4267 2861 3319 3088 3422 
4268 3175 3325 3486 3487 
4269 2569 2568 2570 3719 
4270 390 2316 2369 2207 
4271 2997 3542 3250 3623 
4272 2851 3189 3111 3747 
4273 2874 3318 3092 3689 
4274 2516 2506 2507 2368 
4275 2896 3527 3142 3729 
4276 2892 3213 3549 3687 
4277 3114 3338 2970 3532 
4278 2557 2460 3144 3759 
4279 2547 2425 2406 2370 
4280 3421 3567 2959 3673 
4281 2990 3512 3511 3513 
4282 3050 3215 2972 3679 
4283 2875 3218 3053 3701 
4284 2855 3385 3372 3589 
4285 2289 3047 2293 3319 
4286 3321 3414 3147 3611 
4287 2247 2249 2987 3661 
4288 2231 2545 2544 3122 
4289 2853 3107 3463 3596 
4290 2931 3483 3185 3579 
4291 3014 3408 3032 3625 
4292 2852 3195 3091 3752 
4293 2857 3478 3508 3531 
4294 3145 3364 2842 3461 
4295 3056 3147 3107 3596 
4296 2621 2177 3697 3703 
4297 2465 3040 2619 3680 
4298 2682 2698 2537 3349 
4299 3055 3657 3054 3745 
4300 424 2314 2304 2373 
4301 2891 3187 3197 3733 
4302 2293 3047 2269 3422 
4303 3346 3574 2570 3719 
4304 2429 2622 2633 3639 
4305 3115 3231 2888 3548 
4306 2606 2669 3066 3697 
4307 2476 3476 3196 3781 
4308 2917 3611 3321 3632 
4309 2891 3502 3630 3736 
4310 2868 3019 3530 3757 
4311 2187 2196 2186 3743 
4312 2972 3575 3103 3739 
4313 3067 3231 3548 3750 
4314 391 2200 2316 2207 
4315 2440 2266 2249 3389 
4316 3153 3152 3551 3735 
4317 2844 3233 3597 3700 
4318 2945 3374 3020 3737 
4319 3409 3625 3015 3638 
4320 2428 2223 2624 3216 
4321 2529 2678 2693 3044 
4322 2516 2404 2604 3363 
4323 2619 3074 2665 3680 
4324 3194 3644 3001 3746 
4325 2846 3077 3443 3748 
4326 2931 3037 3435 3732 
4327 3223 3224 2997 3623 
4328 2678 3044 2529 3060 
4329 2200 2370 391 2316 
4330 2961 3144 3481 3759 
4331 2516 2405 2368 2404 
4332 3176 3493 3334 3685 
4333 2563 3529 2452 3592 
4334 2276 3350 3292 3510 
4335 2134 2143 2138 3103 
4336 2876 3224 3223 3623 
4337 2964 3587 3581 3661 
4338 2648 2527 3120 3418 
4339 2940 3387 3271 3714 
4340 2186 3355 3738 3743 
4341 2481 2409 2971 3080 
4342 2881 3330 3191 3761 
4343 3634 3328 3636 3751 
4344 2855 3231 3115 3548 
4345 3067 3548 3231 3767 
4346 2281 2279 2277 3510 
4347 2851 3300 3072 3718 
4348 2524 2678 2529 3060 
4349 2969 3537 3383 3574 
4350 3061 3523 3424 3772 
4351 3031 3177 3174 3400 
4352 3632 3670 2919 3671 
4353 2948 3197 3187 3733 
4354 2847 3467 3269 3692 
4355 2618 3074 2616 3626 
4356 2537 2682 3349 3530 
4357 3348 3581 2965 3660 
4358 2874 3364 3196 3747 
4359 2446 3389 3664 3717 
4360 3204 3205 3197 3576 
4361 2912 3033 3532 3767 
4362 2648 3193 2713 3418 
4363 2581 2579 2580 3142 
4364 2940 3162 3284 3446 
4365 3141 3307 2898 3480 
4366 3012 3199 3031 3493 
4367 2937 3608 3194 3644 
4368 2906 3311 3053 3568 
4369 2577 2578 2579 3729 
4370 2964 3451 3356 3587 
4371 3326 3335 3327 3723 
4372 3036 3527 2602 3657 
4373 2965 3581 3356 3587 
4374 3021 3438 2889 3665 
4375 2309 2293 2296 3047 
4376 2899 3394 3208 3584 
4377 2855 3033 3231 3767 
4378 2454 2452 2457 3406 
4379 2314 2304 2298 425 
4380 3067 3231 3750 3767 
4381 2207 2425 2316 2626 
4382 2424 2641 2599 3449 
4383 2654 3118 2658 3279 
4384 2557 2652 2423 3304 
4385 2429 442 2283 3639 
4386 3025 3402 2927 3614 
4387 2844 3339 3390 3501 
4388 2896 3016 3295 3729 
4389 2677 2636 2521 3765 
4390 2610 2732 2594 3143 
4391 2996 3169 3506 3706 
4392 2914 3500 3034 3718 
4393 3361 3495 2942 3659 
4394 3004 3524 3005 3691 
4395 2853 3062 3432 3658 
4396 2865 3182 3461 3704 
4397 3032 3408 2929 3625 
4398 2874 3092 3508 3779 
4399 2648 3120 2511 3781 
4400 2917 3076 3455 3768 
4401 2876 3222 3028 3650 
4402 3096 3442 3390 3646 
4403 2946 3378 3068 3640 
4404 2669 2185 381 3355 
4405 2927 3489 3242 3520 
4406 2201 2190 3132 3306 
4407 2571 2570 2572 3574 
4408 2868 3063 3274 3482 
4409 445 2567 2439 2275 
4410 2970 3338 3269 3532 
4411 2949 3242 3489 3520 
4412 2908 3648 3442 3734 
4413 3169 3386 3168 3710 
4414 3144 3481 2913 3780 
4415 359 3235 3240 3241 
4416 3065 3530 3019 3757 
4417 2839 3064 3194 3746 
4418 2160 3470 3471 3473 
4419 2296 2293 2294 3301 
4420 3005 2953 3703 3719 
4421 3025 3402 2841 3489 
4422 3058 3765 3268 3766 
4423 3171 3176 3287 3685 
4424 2991 3317 3034 3541 
4425 2855 3232 3589 3762 
4426 2874 3508 3189 3779 
4427 3021 2889 3597 3665 
4428 2234 2237 3713 3714 
4429 2385 363 2151 2156 
4430 2964 3356 3581 3587 
4431 2997 3251 3230 3542 
4432 2873 3196 3113 3364 
4433 2144 2143 2142 3059 
4434 2926 3274 3249 3427 
4435 408 2428 2545 2242 
4436 3133 3233 2859 3536 
4437 3039 3483 3203 3579 
4438 2899 3394 3027 3627 
4439 2858 3550 3214 3608 
4440 3202 3628 3332 3761 
4441 2151 2317 363 2385 
4442 3131 3178 2885 3755 
4443 2633 3046 3574 3640 
4444 425 2298 2314 2381 
4445 2311 2280 2312 3737 
4446 2617 2612 3527 3729 
4447 2222 3306 2188 3522 
4448 2891 3198 3385 3502 
4449 2253 400 2382 2258 
4450 2587 2599 2591 3401 
4451 2605 2585 2572 3633 
4452 2707 3125 2665 3405 
4453 2709 3459 3276 3705 
4454 3012 3493 3057 3726 
4455 2917 3670 3632 3768 
4456 2873 3120 3280 3571 
4457 3108 3449 3281 3743 
4458 2879 3282 3400 3741 
4459 2265 2372 2530 2228 
4460 2859 3107 3147 3596 
4461 2392 2302 422 2301 
4462 3036 3054 3657 3672 
4463 2141 3547 2152 3601 
4464 2873 3280 3052 3518 
4465 2294 2293 2289 3047 
4466 3014 3677 3057 3678 
4467 2872 3064 3467 3746 
4468 2999 3681 3192 3683 
4469 3192 3681 3007 3683 
4470 3138 3253 3016 3432 
4471 3019 3349 3111 3654 
4472 3111 3349 2914 3654 
4473 3264 3563 2956 3565 
4474 2889 3463 3233 3597 
4475 2845 3162 3248 3771 
4476 3389 3581 2987 3661 
4477 2861 3140 3146 3572 
4478 3224 3542 2997 3623 
4479 3039 3185 3483 3579 
4480 2717 2556 2718 3113 
4481 2602 2593 3036 3657 
4482 2896 3295 3527 3729 
4483 2279 3510 3020 3737 
4484 2882 3492 3216 3754 
4485 3107 3589 3232 3762 
4486 3017 3733 3197 3735 
4487 2859 3405 3008 3596 
4488 2536 2544 2545 3122 
4489 2953 3633 3066 3697 
4490 2470 2566 2448 3717 
4491 2239 2236 2234 3492 
4492 2602 3295 2617 3527 
4493 2296 2268 2634 3301 
4494 2909 3529 3573 3739 
4495 2658 3118 2653 3423 
4496 2403 3129 2355 3669 
4497 2997 3251 3496 3595 
4498 2881 3215 3050 3679 
4499 2180 2179 2178 3691 
4500 2244 2246 3348 3756 
4501 3185 3579 2962 3732 
4502 2946 3443 3048 3491 
4503 2877 3068 3378 3773 
4504 3012 3057 3677 3726 
4505 2857 3508 3218 3531 
4506 388 2204 2205 2393 
4507 3277 3309 2850 3727 
4508 2956 3309 3277 3727 
4509 2935 3217 3065 3705 
4510 2895 3693 3261 3694 
4511 3427 3489 2949 3698 
4512 2839 3124 3372 3665 
4513 2897 3546 3283 3577 
4514 2873 3052 3476 3518 
4515 344 2140 2623 3547 
4516 2355 3130 3129 3618 
4517 3244 3517 3245 3545 
4518 2864 3414 3147 3455 
4519 3635 3636 3328 3751 
4520 2940 3284 3162 3507 
4521 2845 3162 3284 3507 
4522 2476 2728 2556 3196 
4523 2169 2669 2433 3697 
4524 3000 3515 3513 3516 
4525 3114 2883 3309 3748 
4526 3191 3628 2870 3761 
4527 2889 3438 3021 3700 
4528 2682 2716 2699 3349 
4529 3076 3455 3321 3632 
4530 2854 3358 3018 3755 
4531 3335 3587 2157 3662 
4532 2959 3421 3264 3567 
4533 2953 3691 3005 3703 
4534 2959 3553 3267 3777 
4535 3326 3666 3465 3723 
4536 2844 3214 3390 3445 
4537 2996 3336 3223 3506 
4538 3046 3292 2878 3510 
4539 2890 3733 3017 3735 
4540 2289 2285 2294 3048 
4541 2839 3372 3438 3665 
4542 2877 3146 3140 3572 
4543 2874 3302 3364 3747 
4544 372 2207 2206 2437 
4545 2872 3522 3306 3696 
4546 3198 2899 3254 3585 
4547 3256 3017 3433 3702 
4548 3128 3618 3619 3620 
4549 2989 3250 3453 3641 
4550 2223 2242 2428 407 
4551 2890 3397 3731 3733 
4552 2916 3509 3018 3749 
4553 3356 3581 2965 3686 
4554 3292 3350 2878 3510 
4555 3250 3407 2988 3623 
4556 2257 2319 401 2258 
4557 3260 3540 3261 3693 
4558 2889 3124 3372 3762 
4559 2199 3266 2960 3267 
4560 2855 3115 3385 3627 
4561 2244 3070 2245 3756 
4562 2916 3018 3594 3749 
4563 3046 2633 3639 3640 
4564 3056 3107 3232 3762 
4565 2477 2696 2728 3689 
4566 2203 2200 2370 392 
4567 2481 2936 2409 3080 
4568 2889 3372 3589 3762 
4569 3094 3204 3528 3576 
4570 3206 3205 3212 3583 
4571 2846 3537 3383 3588 
4572 3383 3537 2969 3588 
4573 2619 3040 2734 3365 
4574 2916 3018 3509 3594 
4575 2917 3414 3321 3611 
4576 2454 2453 2452 3375 
4577 2568 2439 2567 3292 
4578 2452 3375 2453 3592 
4579 2921 3018 3582 3594 
4580 2529 2126 2329 3044 
4581 2296 2634 2268 441 
4582 3204 3197 3528 3576 
4583 3453 3675 3012 3676 
4584 2929 3409 3352 3625 
4585 381 2170 2661 3355 
4586 388 2205 2323 2393 
4587 2912 3750 3231 3767 
4588 3041 3283 3546 3577 
4589 2615 2690 2691 3652 
4590 2719 2712 3029 3440 
4591 2998 3225 3542 3753 
4592 2546 2536 2545 3122 
4593 2607 2588 2608 3640 
4594 2197 2222 2188 3522 
4595 2460 2458 2457 3406 
4596 2444 2296 2634 3301 
4597 3331 3322 3637 3645 
4598 3179 3653 2240 3713 
4599 3354 3542 3225 3753 
4600 3075 2909 3601 3739 
4601 2454 2458 2561 3406 
4602 2370 2320 2203 392 
4603 2859 3405 3125 3536 
4604 2155 2318 365 2386 
4605 2977 3503 3164 3555 
4606 2978 3164 3503 3555 
4607 3113 3196 2873 3781 
4608 3008 2944 3596 3626 
4609 2864 3365 3413 3652 
4610 344 2122 2140 3547 
4611 432 2627 2302 2438 
4612 3264 3563 3565 3566 
4613 2478 3192 2999 3193 
4614 2909 3451 3286 3547 
4615 3451 3547 2909 3601 
4616 2208 3523 3061 3642 
4617 2868 3274 3063 3724 
4618 2247 2249 2254 2987 
4619 3708 3710 3168 3712 
4620 3018 3509 2921 3582 
4621 2880 3287 3174 3685 
4622 3024 3468 3247 3607 
4623 2854 3582 3165 3755 
4624 2908 3649 3648 3734 
4625 3180 3522 3003 3692 
4626 2887 3404 3293 3776 
4627 3321 3455 2917 3632 
4628 2469 3137 2672 3649 
4629 2927 3402 3025 3489 
4630 3522 3692 3180 3696 
4631 2199 3267 2960 3777 
4632 3215 3656 2879 3741 
4633 2928 3136 3202 3352 
4634 2446 3664 2638 3717 
4635 2383 2256 2257 402 
4636 3050 3656 3215 3741 
4637 2876 3650 3028 3704 
4638 2595 2596 2584 3569 
4639 2839 3033 3532 3630 
4640 3234 3370 2928 3607 
4641 2873 3364 3113 3571 
4642 3076 2917 3455 3632 
4643 2955 3186 3277 3655 
4644 3162 2880 3248 3398 
4645 344 2623 2434 3547 
4646 3457 3533 3040 3768 
4647 3361 2942 3653 3659 
4648 2256 2257 418 2668 
4649 2854 3018 3582 3755 
4650 2922 3355 3066 3401 
4651 2864 3414 3455 3533 
4652 2254 3216 2243 3754 
4653 2186 2196 3355 3743 
4654 3021 3597 2889 3700 
4655 2598 2689 3166 3744 
4656 3178 3290 2885 3755 
4657 25 3328 3635 3636 
4658 2673 3367 3366 3415 
4659 2675 2309 3047 3279 
4660 2922 3629 3101 3738 
4661 2288 3045 3561 3562 
4662 2862 3052 3391 3518 
4663 2876 3223 3112 3623 
4664 2977 3555 3164 3556 
4665 3066 3633 2606 3697 
4666 2945 3605 3374 3673 
4667 2908 3390 3105 3442 
4668 2466 3144 2460 3759 
4669 2453 3375 2451 3592 
4670 2556 2717 2555 3113 
4671 2928 3435 3024 3607 
4672 2234 2984 2235 3714 
4673 2881 3191 3679 3761 
4674 3325 3487 3360 3505 
4675 3054 3450 3118 3672 
4676 3008 3596 3405 3626 
4677 2634 2296 2444 441 
4678 2625 2205 370 2204 
4679 2853 3463 3107 3762 
4680 2881 3327 3330 3666 
4681 2956 3563 3562 3565 
4682 2924 3590 3318 3701 
4683 384 2177 2621 3703 
4684 2606 2433 2669 3697 
4685 2956 3277 3655 3727 
4686 2452 2453 2451 3592 
4687 2896 3658 3016 3729 
4688 2556 3113 2555 3781 
4689 2717 2555 3113 3781 
4690 3249 3427 3274 3724 
4691 403 2383 2256 2328 
4692 3144 3406 2913 3488 
4693 389 2323 2205 2206 
4694 2884 3464 3361 3756 
4695 3196 3689 2874 3747 
4696 2921 3509 3018 3594 
4697 2967 3318 3590 3701 
4698 2234 2232 2235 2984 
4699 2845 3248 3117 3771 
4700 2401 2418 2356 3221 
4701 2160 3471 3239 3473 
4702 2846 3443 3139 3748 
4703 359 3331 3637 3645 
4704 2386 366 2154 2153 
4705 2930 3352 3202 3761 
4706 3013 3453 3250 3641 
4707 3096 3390 3339 3501 
4708 3323 3504 3465 3667 
4709 2129 3304 2148 3763 
4710 2618 2665 2619 3074 
4711 3323 3465 3634 3667 
4712 2565 2536 2546 3384 
4713 2148 3188 2133 3580 
4714 2964 3581 3389 3661 
4715 3017 3197 3528 3735 
4716 3093 3363 3341 3377 
4717 3094 3397 3204 3499 
4718 2958 2971 2409 3080 
4719 2977 3395 3161 3396 
4720 2450 3529 2563 3592 
4721 3033 2855 3372 3767 
4722 2170 2196 2198 3743 
4723 2851 3072 3654 3718 
4724 3199 3398 3031 3685 
4725 3115 3428 3211 3591 
4726 2940 3714 3179 3728 
4727 2717 2648 2555 3781 
4728 2302 2303 2324 423 
4729 2660 2599 2641 3108 
4730 2461 2460 2457 3303 
4731 3359 3504 3323 3667 
4732 2323 389 2369 2206 
4733 2645 2625 370 2204 
4734 3050 3352 2930 3761 
4735 2863 3398 3477 3771 
4736 2950 3380 3264 3553 
4737 3264 3380 3263 3553 
4738 3064 3715 2922 3774 
4739 3034 3500 2914 3526 
4740 2912 3253 3138 3432 
4741 2873 3461 3364 3571 
4742 2294 2284 2268 3301 
4743 3322 3330 3327 3666 
4744 2129 2130 2148 3304 
4745 2944 3413 3074 3626 
4746 2269 3422 3279 3423 
4747 2907 3233 3463 3597 
4748 2855 3548 3067 3767 
4749 2592 2589 2590 3140 
4750 3397 3499 3095 3690 
4751 2853 3452 3142 3658 
4752 2520 2681 3530 3705 
4753 407 2428 2223 2624 
4754 344 2434 2122 3547 
4755 2430 2304 434 2298 
4756 2186 2196 2170 3355 
4757 2425 2547 2516 2405 
4758 2193 3484 3104 3485 
4759 3066 3355 2922 3738 
4760 2450 3069 3529 3592 
4761 2189 2937 2192 3485 
4762 2382 401 2319 2258 
4763 2476 2556 2555 3781 
4764 2373 2324 2303 423 
4765 3148 3399 3055 3657 
4766 3103 3575 2860 3739 
4767 2450 2563 2452 3592 
4768 3212 3603 3549 3604 
4769 2304 2303 2438 433 
4770 2137 3039 3185 3606 
4771 3264 3564 3563 3566 
4772 419 2256 2668 2255 
4773 3235 3353 3240 3607 
4774 3161 3395 2886 3396 
4775 2600 2587 2606 3401 
4776 400 2315 2253 2382 
4777 3270 3387 2241 3770 
4778 2618 3405 3074 3626 
4779 2852 3408 3195 3752 
4780 2134 2142 2143 3601 
4781 2425 2547 2406 2626 
4782 2261 3464 2260 3756 
4783 2946 3383 3046 3640 
4784 2640 2634 2608 3301 
4785 2868 3274 3276 3482 
4786 2478 3193 2999 3200 
4787 2680 2716 2681 3530 
4788 3424 3061 3777 3778 
4789 2997 3230 3251 3595 
4790 384 2621 2441 3703 
4791 2908 3366 3649 3734 
4792 3567 3605 2959 3673 
4793 2587 2600 2599 3401 
4794 3280 3391 3052 3518 
4795 2454 2561 2455 3167 
4796 3271 3270 3769 3770 
4797 2575 2576 2573 3392 
4798 3263 3380 3264 3564 
4799 3144 2466 3488 3759 
4800 3138 3432 3016 3658 
4801 2964 3664 3389 3717 
4802 431 2301 2302 2643 
4803 3061 3523 2208 3778 
4804 2731 2705 2957 3648 
4805 2856 3190 3388 3774 
4806 2163 3191 3327 3330 
4807 3670 3671 3632 3768 
4808 2673 3366 3367 3734 
4809 417 2257 2258 2635 
4810 2439 2568 2569 3292 
4811 2899 3206 3394 3584 
4812 346 2630 2123 3304 
4813 2205 2206 2437 371 
4814 2469 2732 2610 3137 
4815 2908 3550 3366 3699 
4816 3179 3507 2942 3713 
4817 2524 3060 2388 3347 
4818 2727 3092 2726 3689 
4819 3250 3417 2997 3621 
4820 2711 3413 3365 3652 
4821 2258 2431 2253 416 
4822 2614 2618 2616 3626 
4823 2525 3315 3313 3525 
4824 2245 3070 2244 3754 
4825 3179 3713 2250 3714 
4826 3145 3461 3112 3704 
4827 3058 3580 2961 3764 
4828 2171 2982 2666 3449 
4829 371 2437 2205 2625 
4830 2317 2126 2151 362 
4831 3092 3554 3478 3779 
4832 2729 2722 3318 3590 
4833 2864 3358 3594 3725 
4834 2882 3615 3090 3622 
4835 2704 3286 2434 3547 
4836 2924 3218 3508 3531 
4837 2865 3461 3145 3704 
4838 2329 2126 2317 362 
4839 2956 3655 3308 3727 
4840 2666 2982 2171 3415 
4841 3194 3438 3021 3665 
4842 2170 3355 2196 3743 
4843 3108 3281 2922 3743 
4844 2982 3366 3550 3699 
4845 2208 2211 3004 3642 
4846 3088 2887 3293 3776 
4847 346 2123 2129 3304 
4848 2597 3346 2570 3719 
4849 2868 3530 3065 3757 
4850 2637 3527 3148 3657 
4851 2434 2704 2646 3286 
4852 2998 3250 3407 3641 
4853 3048 3443 3139 3491 
4854 2895 3033 3502 3630 
4855 2912 3253 3432 3447 
4856 3296 3297 2886 3466 
4857 3117 3248 2863 3771 
4858 3326 3323 3465 3666 
4859 2728 2476 2477 3196 
4860 2639 3005 2173 3703 
4861 3492 3616 2984 3713 
4862 356 2154 2153 2671 
4863 2905 3034 3570 3718 
4864 2616 3365 2711 3413 
4865 2661 2669 381 3355 
4866 2238 3387 3271 3770 
4867 2300 2298 426 2381 
4868 2257 2383 402 2319 
4869 418 2257 2435 2668 
4870 2327 366 2386 2153 
4871 3171 3417 3199 3621 
4872 3063 3500 3034 3526 
4873 2146 3660 3587 3661 
4874 2988 3398 3199 3621 
4875 3586 3608 3194 3715 
4876 2223 2243 2254 3216 
4877 2156 2155 354 2629 
4878 2163 3191 2159 3327 
4879 2697 2696 2560 3689 
4880 2951 3180 3692 3696 
4881 3327 3636 3322 3666 
4882 2912 3432 3124 3447 
4883 3068 3383 2946 3640 
4884 3092 3479 3478 3525 
4885 2157 3587 2146 3660 
4886 3101 3306 2872 3522 
4887 2589 3378 2588 3773 
4888 2144 2157 3335 3587 
4889 2445 2249 405 3664 
4890 2859 3074 3455 3680 
4891 2167 2139 2138 3357 
4892 2475 3476 2476 3781 
4893 2597 2605 2570 3346 
4894 3092 3525 3478 3554 
4895 3035 3051 3429 3593 
4896 2309 2296 2675 3047 
4897 422 2324 2302 2392 
4898 2252 3328 2150 3723 
4899 2208 3642 3061 3778 
4900 2611 2586 2609 3439 
4901 2839 3438 3194 3665 
4902 2869 3447 3253 3588 
4903 2997 3224 3251 3542 
4904 3322 3636 3634 3666 
4905 2914 3349 3500 3654 
4906 2909 3547 3075 3601 
4907 426 2321 2300 2381 
4908 3657 3672 3054 3745 
4909 2978 3362 3164 3557 
4910 2674 2606 3633 3697 
4911 3263 3539 3267 3553 
4912 2611 2609 2583 3439 
4913 3074 2859 3405 3680 
4914 2989 3407 3250 3641 
4915 2978 3404 3403 3560 
4916 2856 3388 3064 3774 
4917 2882 3070 3616 3754 
4918 2648 2511 2555 3781 
4919 2218 3343 3132 3696 
4920 2470 2446 2638 3717 
4921 2269 3047 2309 3279 
4922 2203 3157 2320 3363 
4923 2855 3548 3115 3627 
4924 3239 3471 360 3472 
4925 2212 2666 2467 3449 
4926 2449 2459 2649 3252 
4927 2909 3529 3069 3573 
4928 346 2423 2630 3304 
4929 2970 3447 3388 3588 
4930 2889 3372 3124 3665 
4931 2872 3467 3269 3746 
4932 3326 3323 3464 3465 
4933 3090 3615 2882 3616 
4934 2869 3432 3253 3447 
4935 2921 3582 3509 3688 
4936 2648 2527 2511 3120 
4937 2946 3046 3639 3640 
4938 2696 2725 2728 3689 
4939 2858 3608 3586 3715 
4940 2859 3455 3076 3680 
4941 346 2129 2423 3304 
4942 2280 2279 2295 3737 
4943 2726 3318 2725 3689 
4944 3042 3276 2676 3459 
4945 2602 2590 2617 3295 
4946 2558 3217 2522 3759 
4947 405 2701 2445 3664 
4948 2870 3679 3191 3761 
4949 2862 3391 3117 3518 
4950 2179 2183 2169 3697 
4951 2192 2937 2201 3151 
4952 2927 3402 3181 3614 
4953 2447 3389 2446 3717 
4954 2914 3554 3092 3779 
4955 2859 3147 3321 3455 
4956 2840 3126 3611 3749 
4957 2125 2521 349 3765 
4958 2851 3654 3189 3718 
4959 2865 3461 3182 3571 
4960 2839 3194 3586 3665 
4961 2668 2443 419 2255 
4962 2951 3425 3343 3696 
4963 2914 3189 3654 3718 
4964 2180 2182 2181 3320 
4965 2866 3270 3200 3769 
4966 2945 3737 3350 3772 
4967 2998 3407 3250 3623 
4968 2246 2260 3348 3756 
4969 2860 3481 3144 3780 
4970 2628 2304 434 2430 
4971 2858 3281 3608 3715 
4972 2911 3126 3617 3668 
4973 2535 2544 2536 3272 
4974 3367 3648 2708 3734 
4975 3040 3455 3074 3680 
4976 2526 2713 3200 3418 
4977 3124 3762 3067 3767 
4978 2253 2315 399 2228 
4979 2638 2646 2470 3286 
4980 3274 3276 3042 3458 
4981 2619 2616 3074 3365 
4982 3303 3406 2947 3780 
4983 2650 2636 3764 3765 
4984 416 2258 2431 2635 
4985 2635 417 2257 2435 
4986 433 2438 2304 2628 
4987 2159 2128 2143 3191 
4988 3676 3720 3453 3722 
4989 2459 2564 2565 3384 
4990 3039 3289 3203 3483 
4991 2996 3506 3496 3706 
4992 3141 3693 2895 3694 
4993 3042 3276 3274 3482 
4994 2633 3574 2571 3640 
4995 2288 3561 3045 3610 
4996 3125 3405 2859 3680 
4997 2219 2209 2217 3180 
4998 2942 3653 3179 3713 
4999 2219 2220 2209 3180 
5000 3196 3476 2873 3781 
5001 3326 3327 3666 3723 
5002 3229 3354 3228 3753 
5003 3097 3416 3339 3690 
5004 2259 3660 3348 3663 
5005 2923 3219 2356 3220 
5006 3263 3540 3539 3553 
5007 372 2626 2207 2437 
5008 3323 3634 3465 3666 
5009 2860 3144 3303 3780 
5010 2990 3121 3511 3512 
5011 3179 3714 2250 3728 
5012 2134 2131 2141 3601 
5013 2868 3724 3072 3757 
5014 2394 3429 3163 3593 
5015 3387 3714 2940 3728 
5016 2203 2174 3157 3363 
5017 3104 3367 2172 3415 
5018 3281 3629 2937 3715 
5019 2252 25 3667 3775 
5020 2633 2608 3639 3640 
5021 2447 2449 2649 3252 
5022 2185 2186 2170 3355 
5023 2630 2652 2720 3304 
5024 3478 3508 3092 3779 
5025 2838 3282 3651 3656 
5026 2965 3581 3348 3686 
5027 2731 3125 2707 3448 
5028 2528 2541 2686 2904 
5029 3109 2878 3537 3740 
5030 2271 3005 2567 3292 
5031 2158 3335 2157 3723 
5032 2211 2182 2180 3642 
5033 2868 3063 3500 3724 
5034 2838 3102 3546 3651 
5035 2291 3088 3319 3422 
5036 2276 3292 2277 3510 
5037 2173 3005 3691 3703 
5038 429 3561 3558 3562 
5039 3072 3724 3249 3757 
5040 3380 3540 3263 3553 
5041 2182 2176 2197 3522 
5042 2153 2442 356 2671 
5043 3179 3653 2942 3659 
5044 2268 2284 2283 3639 
5045 2220 2209 3180 3642 
5046 3162 3398 3248 3771 
5047 2160 3469 360 3470 
5048 2196 3449 2198 3743 
5049 2151 353 2426 2156 
5050 2608 2588 2640 3378 
5051 3161 2977 3396 3643 
5052 3040 3076 3455 3680 
5053 2429 2633 2608 3639 
5054 2634 2429 2608 3639 
5055 3370 3625 2928 3638 
5056 3015 3625 3370 3638 
5057 2868 3249 3274 3724 
5058 3496 3506 3170 3706 
5059 3359 3360 3323 3504 
5060 3148 3527 3399 3657 
5061 3011 3720 3351 3721 
5062 2287 2286 2285 3491 
5063 2978 3164 3555 3557 
5064 2132 2138 2135 3357 
5065 2457 2563 2461 3303 
5066 2284 2281 2283 3639 
5067 2147 2145 3451 3587 
5068 3326 2881 3475 3666 
5069 3150 3376 2862 3651 
5070 2857 3508 3478 3779 
5071 2855 3231 3548 3767 
5072 2870 3628 3202 3761 
5073 3366 2908 3699 3734 
5074 2520 3488 2466 3759 
5075 2643 2302 431 2627 
5076 2596 3405 2618 3626 
5077 2595 2730 2707 3448 
5078 2889 3597 3233 3700 
5079 2372 399 2315 2228 
5080 2141 2122 2152 3547 
5081 2688 2654 2658 3279 
5082 2288 3310 3045 3562 
5083 2469 2468 2672 3137 
5084 2570 2605 2572 3346 
5085 2868 3500 3072 3724 
5086 3095 3397 3690 3731 
5087 3042 3482 3274 3730 
5088 2695 2699 3110 3554 
5089 3175 3653 3179 3659 
5090 3167 3375 2862 3674 
5091 3125 3448 2957 3536 
5092 2288 3310 3562 3565 
5093 383 2621 2177 3697 
5094 2997 3417 3230 3595 
5095 2629 2155 354 2436 
5096 2902 3221 2904 3298 
5097 2473 3476 2456 3674 
5098 3276 3459 2935 3705 
5099 2933 2904 3134 3297 
5100 3453 3720 3011 3722 
5101 3151 3484 2192 3485 
5102 2694 2213 2262 2414 
5103 2372 3123 2971 3498 
5104 2596 2707 2665 3405 
5105 2361 3160 2936 3347 
5106 2669 2185 2169 382 
5107 3629 3738 2922 3743 
5108 2250 3179 2240 3713 
5109 3323 3326 3475 3666 
5110 2709 3276 2680 3705 
5111 2242 2243 2223 3216 
5112 2582 2576 2577 3773 
5113 2310 2161 2412 2692 
5114 3276 3458 2935 3459 
5115 3360 3464 3323 3504 
5116 3043 3063 3716 3730 
5117 2233 3122 2232 3492 
5118 2913 3406 3144 3780 
5119 2633 2569 2571 3574 
5120 2874 3189 3302 3747 
5121 2428 2624 2649 3216 
5122 2709 2677 3459 3705 
5123 2613 3148 2637 3527 
5124 2290 3116 3319 3776 
5125 3314 3316 3085 3382 
5126 2928 3352 3202 3638 
5127 3202 3352 2930 3638 
5128 2191 3629 3281 3743 
5129 3038 3185 3483 3606 
5130 2889 3438 3372 3665 
5131 2583 2594 2584 3569 
5132 2882 3616 3492 3754 
5133 2449 2450 2451 3592 
5134 3067 3750 2912 3767 
5135 2563 2566 2642 3529 
5136 2581 2620 2614 3626 
5137 2446 2447 2440 3389 
5138 2937 3608 3281 3715 
5139 2271 2639 2567 3005 
5140 2582 2589 2588 3773 
5141 3095 3690 3445 3731 
5142 3278 3393 2885 3548 
5143 2420 2269 3279 3423 
5144 2146 3661 3587 3664 
5145 2175 3152 3151 3345 
5146 2953 3633 3346 3740 
5147 2526 2419 2535 3456 
5148 2684 3763 2124 3764 
5149 2245 2244 2236 3754 
5150 2164 3636 3635 3637 
5151 2610 2594 2609 3143 
5152 2526 3200 2471 3456 
5153 2290 3319 3088 3776 
5154 2175 3151 3152 3153 
5155 398 2265 2372 3123 
5156 2355 2893 2404 3669 
5157 3206 3212 3441 3583 
5158 3098 3521 3368 3602 
5159 2307 2271 3005 3524 
5160 2973 3586 3597 3665 
5161 2864 3414 3533 3534 
5162 2615 3413 2711 3652 
5163 382 2169 2669 2433 
5164 2299 3561 2288 3610 
5165 2866 3200 3418 3769 
5166 3225 3224 3542 3543 
5167 380 2198 2661 2170 
5168 2922 3629 3281 3715 
5169 2275 2277 2276 3292 
5170 383 2177 2169 3697 
5171 2469 2610 2468 3137 
5172 2557 2466 2460 3759 
5173 2181 2179 2180 3320 
5174 2914 3654 3500 3718 
5175 2596 2618 2620 3626 
5176 2582 2617 2590 3295 
5177 2433 2621 383 3697 
5178 2160 3470 3039 3606 
5179 2253 415 2431 2228 
5180 2657 2700 2658 3423 
5181 2917 3632 3076 3768 
5182 2869 3388 3447 3588 
5183 2868 3249 3724 3757 
5184 3399 3527 3036 3657 
5185 3355 2922 3738 3743 
5186 3125 3536 2957 3760 
5187 2423 3304 2129 3763 
5188 3190 3401 2980 3774 
5189 2562 2560 2559 3494 
5190 3142 3452 2896 3658 
5191 2152 3286 2147 3451 
5192 2888 3393 3278 3548 
5193 2300 2541 435 2298 
5194 2545 2224 2231 409 
5195 3144 3406 3303 3780 
5196 3339 3416 2844 3690 
5197 2674 2433 2606 3697 
5198 2233 3492 2236 3754 
5199 2233 2224 2232 3122 
5200 359 2127 2168 3609 
5201 2156 353 2426 2629 
5202 2293 2291 3319 3422 
5203 2473 2475 2456 3476 
5204 2288 3561 429 3562 
5205 3205 3578 3212 3583 
5206 2917 3455 3414 3533 
5207 2575 2573 2574 3392 
5208 2838 3546 3150 3651 
5209 3113 2873 3571 3781 
5210 2896 3142 3658 3729 
5211 2685 2920 2174 3363 
5212 2890 3397 3733 3735 
5213 2446 3389 2445 3664 
5214 3031 3493 3199 3685 
5215 2297 3777 3267 3778 
5216 3004 2210 3523 3524 
5217 359 2168 3240 3609 
5218 2937 3194 3608 3715 
5219 2958 3079 2971 3080 
5220 3185 3039 3483 3606 
5221 2276 3005 2271 3292 
5222 3386 3387 2940 3728 
5223 2148 2130 2133 3188 
5224 3104 2920 3367 3442 
5225 2233 2236 2243 3754 
5226 2601 2703 2691 3055 
5227 2234 2235 2237 3714 
5228 2648 2713 2527 3418 
5229 2598 3166 2939 3744 
5230 3376 3546 3102 3651 
5231 2218 3132 2190 3306 
5232 2193 2982 2195 3485 
5233 2526 2535 2713 3418 
5234 2244 2245 2246 3756 
5235 2607 2633 2571 3640 
5236 2122 2141 2140 3547 
5237 2192 2189 2201 2937 
5238 2476 2475 2473 3476 
5239 2252 3504 3505 3775 
5240 2190 2201 2189 3306 
5241 3274 3482 3063 3730 
5242 2541 436 2686 2300 
5243 3012 3453 3676 3720 
5244 2230 3361 2261 3756 
5245 3218 3508 3053 3701 
5246 3064 3586 3194 3715 
5247 2237 2250 3713 3714 
5248 3120 3571 2873 3781 
5249 2188 3306 2189 3629 
5250 2706 3448 2730 3649 
5251 2893 2917 3533 3768 
5252 2198 2424 380 2661 
5253 2199 3777 2960 3778 
5254 2214 2960 3266 3539 
5255 428 3556 2401 3557 
5256 2690 2615 2711 3652 
5257 2169 2433 383 3697 
5258 2450 2566 2563 3529 
5259 2724 2712 2718 3440 
5260 2537 2520 2681 3530 
5261 2313 3421 3565 3566 
5262 2436 2154 2155 355 
5263 2419 2544 2535 3272 
5264 2615 2614 2616 3413 
5265 2265 398 2372 2228 
5266 3248 3398 2863 3771 
5267 2468 2647 2672 3366 
5268 3464 3465 3323 3504 
5269 2679 3110 2716 3482 
5270 2272 2686 436 2300 
5271 2214 3266 3262 3539 
5272 3012 3199 3493 3675 
5273 2726 2725 2696 3689 
5274 2269 2293 2309 3047 
5275 3326 3663 3662 3723 
5276 2436 2671 2154 355 
5277 2313 3565 3421 3567 
5278 2636 2523 2522 3217 
5279 2688 2420 2631 3279 
5280 3478 3525 3315 3554 
5281 2971 3079 2958 3498 
5282 2484 3192 2478 3193 
5283 2601 3744 2663 3745 
5284 3104 3105 2920 3442 
5285 2151 2426 352 2126 
5286 2916 3534 3414 3594 
5287 2727 2696 2697 3689 
5288 2232 2225 3271 3272 
5289 2195 2982 2171 3449 
5290 3328 3634 3465 3667 
5291 2655 2663 3118 3672 
5292 2208 2209 3642 3778 
5293 2872 3692 3522 3696 
5294 2721 2729 2924 3590 
5295 2430 435 2541 2298 
5296 2133 2130 2132 3188 
5297 2470 2646 2704 3286 
5298 3224 3251 3542 3543 
5299 2195 3449 2196 3743 
5300 2523 2681 2520 3705 
5301 2864 3414 3534 3594 
5302 2475 2555 2511 3781 
5303 2144 2142 2145 3451 
5304 2612 2602 2617 3527 
5305 2466 2474 2458 3488 
5306 3326 3465 3464 3663 
5307 2207 2200 2425 373 
5308 2162 3765 3764 3766 
5309 3060 3245 3244 3538 
5310 2225 3272 2419 3456 
5311 2129 2123 2130 3304 
5312 3169 3337 2994 3387 
5313 2964 3661 3389 3664 
5314 3130 3201 3127 3618 
5315 3150 3546 3376 3651 
5316 2177 2179 2169 3697 
5317 25 3328 3667 3751 
5318 3383 3574 3046 3640 
5319 2640 2444 2634 3301 
5320 2508 2528 2513 3201 
5321 2276 2278 3350 3510 
5322 2420 3279 2658 3423 
5323 2285 2282 2284 3491 
5324 2163 2159 2158 3327 
5325 2527 2535 2512 3418 
5326 2247 2244 2246 3348 
5327 3350 3737 2308 3772 
5328 3225 3542 3354 3543 
5329 2661 2600 2669 3355 
5330 2271 31 2173 3524 
5331 2924 3508 3218 3701 
5332 2222 2218 2190 3306 
5333 2555 2475 2476 3781 
5334 3313 3479 3478 3531 
5335 2545 2231 2544 409 
5336 2455 2473 2456 3674 
5337 2703 2637 2613 3148 
5338 2718 2484 2717 3440 
5339 2702 3703 2597 3719 
5340 2864 3594 3534 3725 
5341 2699 2697 2698 3349 
5342 2957 3501 3390 3646 
5343 2642 2704 2434 3547 
5344 2558 2636 2522 3217 
5345 2571 2569 2570 3574 
5346 2199 2960 2221 3778 
5347 3478 3479 3313 3525 
5348 2623 2642 2434 3547 
5349 2522 2520 2466 3759 
5350 2127 360 2160 3469 
5351 2423 2558 2557 3763 
5352 2613 2637 2612 3527 
5353 2617 2579 2612 3729 
5354 2259 3662 3660 3663 
5355 2872 3269 3467 3692 
5356 2902 3509 3454 3688 
5357 2588 2589 2640 3378 
5358 2562 2559 2561 3494 
5359 3244 3517 2325 3538 
5360 2259 3348 2260 3663 
5361 2413 3324 3329 3333 
5362 2530 2431 415 2228 
5363 2232 2224 2231 3122 
5364 3191 3330 2163 3332 
5365 2599 2600 2661 3355 
5366 2306 3424 2311 3673 
5367 2150 3662 341 3723 
5368 2734 2711 2616 3365 
5369 2618 2619 2616 3074 
5370 3156 3258 3152 3552 
5371 2528 3201 2904 3535 
5372 2434 2646 343 2166 
5373 3243 3244 3060 3245 
5374 2184 2187 2186 3738 
5375 2128 3191 2163 3332 
5376 2928 3625 3352 3638 
5377 3096 3390 3501 3646 
5378 2137 3185 3039 3580 
5379 360 3470 3469 3471 
5380 2557 2558 2522 3759 
5381 2426 2529 352 2126 
5382 2596 2665 2618 3405 
5383 2680 2679 2716 3482 
5384 342 2147 2638 3664 
5385 2275 2271 2567 3292 
5386 2142 2152 3451 3601 
5387 3011 3720 3721 3722 
5388 2237 2250 2240 3713 
5389 2214 3262 2960 3539 
5390 2149 2135 2139 3357 
5391 2459 2565 2546 3384 
5392 2296 2294 2268 3301 
5393 2152 2166 2147 3286 
5394 2619 2734 2616 3365 
5395 2292 3294 3293 3643 
5396 2195 2198 2196 3449 
5397 2465 2665 3125 3680 
5398 2311 2308 3737 3772 
5399 430 2301 2643 2692 
5400 3156 3152 3551 3552 
5401 2441 2639 2173 3703 
5402 3350 3510 2278 3737 
5403 2188 2189 2187 3629 
5404 2941 3365 3040 3533 
5405 2709 2523 2677 3705 
5406 2717 2484 2648 3193 
5407 2469 2706 2730 3649 
5408 359 3241 3240 3332 
5409 2457 2458 2454 3406 
5410 2372 2322 3123 3498 
5411 2482 2483 2481 2936 
5412 3326 3465 3663 3723 
5413 2423 2652 2630 3304 
5414 393 2320 2203 3157 
5415 2278 3510 2279 3737 
5416 2474 2466 2520 3488 
5417 3500 3654 3072 3718 
5418 2403 2355 2404 3669 
5419 2893 3457 3363 3671 
5420 2685 2714 2464 2920 
5421 2248 2249 3661 3664 
5422 427 2300 2321 3119 
5423 2288 2273 429 3561 
5424 404 2328 2255 2414 
5425 2595 2594 2732 3569 
5426 2122 2434 343 2166 
5427 2199 386 2297 3778 
5428 2453 2455 2456 3674 
5429 2654 2655 3118 3672 
5430 2420 2700 2269 3423 
5431 3281 3629 2922 3743 
5432 2266 2440 406 2624 
5433 2149 2168 3037 3628 
5434 427 2272 2300 3119 
5435 2286 2288 3310 3610 
5436 3237 3243 3242 3244 
5437 2524 2915 2678 3060 
5438 2401 2321 2904 3119 
5439 2844 3690 3416 3700 
5440 2675 2420 2309 3279 
5441 2415 3380 3263 3564 
5442 2879 3656 3282 3741 
5443 2356 3219 3618 3619 
5444 2513 3201 2528 3535 
5445 2218 2176 2216 3696 
5446 2225 3271 3272 3769 
5447 3328 3634 3667 3751 
5448 3416 3690 2948 3700 
5449 2729 2721 2924 3479 
5450 3099 3342 3341 3377 
5451 2480 3080 3030 3084 
5452 406 2223 2266 2624 
5453 2658 2420 2688 3279 
5454 2658 2653 2657 3423 
5455 3359 3504 3667 3775 
5456 2718 2719 2484 3440 
5457 2679 2680 2676 3042 
5458 2507 2508 2513 3201 
5459 2708 2673 3367 3734 
5460 2225 3272 3456 3769 
5461 2722 2724 3318 3590 
5462 3363 3647 3340 3671 
5463 25 3635 2164 3636 
5464 2448 2447 2446 3717 
5465 2691 2689 3023 3652 
5466 2290 3088 2291 3776 
5467 2175 3151 3153 3484 
5468 2525 2915 3314 3315 
5469 2142 2141 2152 3601 
5470 2148 2124 3763 3764 
5471 2186 2183 2184 3738 
5472 2650 2636 2558 3764 
5473 2392 421 2412 2301 
5474 2616 2711 2615 3413 
5475 359 3240 2168 3332 
5476 2941 3365 3533 3534 
5477 2325 2329 3044 3060 
5478 2605 2606 2585 3633 
5479 2463 3367 2673 3415 
5480 26 341 2146 2248 
5481 2238 3271 3387 3714 
5482 2433 2674 2621 3697 
5483 2225 3271 3769 3770 
5484 2401 2321 2418 2904 
5485 2568 2597 2570 3719 
5486 2588 2576 2582 3773 
5487 2601 3166 2689 3744 
5488 2138 2139 2135 3357 
5489 2172 3104 2920 3367 
5490 2254 2243 2244 3754 
5491 2171 2982 2193 3415 
5492 2225 3769 3456 3770 
5493 2199 2297 3267 3778 
5494 2231 2419 2225 3272 
5495 2715 2465 2705 2918 
5496 2577 2579 2617 3729 
5497 3555 3556 3294 3559 
5498 2158 2159 2144 3335 
5499 2310 2301 430 2692 
5500 2214 2951 3262 3265 
5501 2144 2145 2157 3587 
5502 2255 2262 404 2414 
5503 2310 2412 421 2301 
5504 3060 3160 2388 3347 
5505 2213 368 2262 2414 
5506 358 2161 2412 2310 
5507 2425 2207 373 2626 
5508 2202 3344 395 3345 
5509 2290 2299 2287 3116 
5510 2645 369 2213 2204 
5511 2259 2247 3348 3660 
5512 2443 2694 420 2255 
5513 2313 3310 3565 3567 
5514 2675 2631 2420 3279 
5515 2650 2558 2684 3764 
5516 2137 3580 3039 3766 
5517 2262 368 29 2414 
5518 358 2412 28 2310 
5519 368 2213 29 2414 
5520 2161 2412 28 358 
5521 2657 439 2700 3423 
5522 2127 3037 2168 3609 
5523 2274 2312 2295 3374 
5524 2271 2173 31 2639 
5525 2278 2308 3350 3737 
5526 2289 2287 2285 3048 
5527 2731 2707 2730 3448 
5528 2646 342 2147 2638 
5529 2445 405 2249 3389 
5530 2311 2308 2280 3737 
5531 2414 2393 2204 387 
5532 2692 357 2153 2442 
5533 2672 2462 3649 3734 
5534 2729 3092 2723 3479 
5535 2150 3328 3636 3723 
5536 2214 2951 2960 3262 
5537 357 2153 2161 2692 
5538 2544 2231 2419 410 
5539 2239 2234 2237 3713 
5540 2234 2233 2232 3492 
5541 2404 3099 2403 3669 
5542 414 2427 2265 413 
5543 3457 3647 3363 3671 
5544 2645 369 2694 2213 
5545 2605 2674 2606 3633 
5546 2727 2726 2696 3689 
5547 2918 3647 3457 3671 
5548 2232 2225 2235 3271 
5549 2160 3039 2137 3606 
5550 443 444 2622 2267 
5551 3121 3512 3245 3538 
5552 3236 360 3471 3472 
5553 2731 2705 2465 3125 
5554 2279 2278 2277 3510 
5555 2723 3525 3092 3554 
5556 2322 2958 2409 3228 
5557 2602 3527 2637 3657 
5558 2709 2680 2681 3705 
5559 2313 2274 3310 3567 
5560 2723 3479 3092 3525 
5561 2685 2714 2920 3363 
5562 2212 2171 2666 3449 
5563 31 2271 2307 3524 
5564 2691 2689 2601 3166 
5565 2992 3245 3243 3381 
5566 3127 2902 3201 3535 
5567 2448 2446 2470 3717 
5568 2160 360 3239 3471 
5569 2262 420 2694 2255 
5570 2137 3039 2160 3766 
5571 2721 2525 3313 3525 
5572 2525 3313 3314 3347 
5573 2601 2637 3055 3657 
5574 3707 3709 3706 3710 
5575 2280 2278 2279 3737 
5576 2441 2597 2702 3703 
5577 31 2210 2173 3524 
5578 2621 2597 2441 3703 
5579 2150 3328 25 3636 
5580 3313 3316 3314 3347 
5581 3012 3675 3493 3726 
5582 2994 3336 2993 3337 
5583 2893 2355 3130 3669 
5584 2127 3469 3606 3609 
5585 2168 2167 2128 3628 
5586 2160 3289 3039 3470 
5587 2446 2445 2638 3664 
5588 2656 2593 3657 3672 
5589 375 2531 2685 2203 
5590 2252 3667 3504 3775 
5591 2420 2658 2700 3423 
5592 2229 3169 2241 3710 
5593 2269 2309 2420 3279 
5594 2463 2172 2421 3367 
5595 2601 2637 2703 3055 
5596 2414 2204 2213 387 
5597 2165 351 2693 2126 
5598 2299 2273 3561 3610 
5599 2450 2452 2451 3592 
5600 2713 3193 2478 3200 
5601 2994 3169 3336 3337 
5602 2681 2716 2682 3530 
5603 2634 442 2268 441 
5604 2235 3271 2238 3714 
5605 2245 2230 2261 3756 
5606 393 2194 394 3157 
5607 2654 2593 2655 3672 
5608 393 2174 2194 3157 
5609 2429 442 443 2283 
5610 2673 3366 2666 3415 
5611 2721 3313 3479 3525 
5612 2160 3289 3470 3473 
5613 2633 2607 2608 3640 
5614 2286 2288 2274 3310 
5615 2463 2421 2708 3367 
5616 3225 3354 2958 3543 
5617 2902 2904 2939 3298 
5618 2174 375 2685 2203 
5619 2650 2684 2124 3764 
5620 2189 2192 2191 3485 
5621 25 3635 3328 3751 
5622 408 2428 2242 407 
5623 2446 2440 2445 3389 
5624 2568 2702 2597 3719 
5625 2463 2172 3367 3415 
5626 3012 3676 3675 3726 
5627 2507 2513 2941 3201 
5628 2584 2594 2595 3569 
5629 2439 445 2275 444 
5630 2658 2654 2653 3118 
5631 2260 2259 2246 3348 
5632 2289 2293 2291 3319 
5633 2210 3004 2180 3691 
5634 2270 3089 2291 3423 
5635 396 3172 3325 3486 
5636 2313 3374 2274 3567 
5637 2305 3424 3523 3772 
5638 2160 2127 3470 3606 
5639 2623 344 345 2140 
5640 2521 3460 3459 3765 
5641 2285 2286 2282 3491 
5642 2214 2960 2951 3180 
5643 2424 2467 2641 3449 
5644 2200 2370 392 391 
5645 2190 2188 2222 3306 
5646 2233 2234 2236 3492 
5647 2356 2902 2923 3221 
5648 3267 2297 3420 3421 
5649 2151 2317 362 363 
5650 2208 3004 2210 3523 
5651 2307 3523 3524 3772 
5652 2567 445 2271 2275 
5653 2537 2681 2682 3530 
5654 347 2423 2129 3763 
5655 2729 2726 2723 3092 
5656 2197 2176 2222 3522 
5657 2125 349 2162 3765 
5658 361 2325 2329 3044 
5659 2479 2530 414 2265 
5660 30 2213 368 2262 
5661 2276 2277 2278 3510 
5662 399 2372 398 2228 
5663 2614 2620 2618 3626 
5664 27 2161 358 2310 
5665 2699 2698 2682 3349 
5666 2137 3764 3580 3766 
5667 2223 406 407 2624 
5668 2678 3044 3042 3460 
5669 2248 3660 2146 3661 
5670 343 344 2434 2122 
5671 2162 2650 3764 3765 
5672 2126 2329 361 362 
5673 2224 2545 408 409 
5674 2164 3330 3327 3637 
5675 2529 2693 351 2126 
5676 2733 2734 3040 3365 
5677 2646 2147 342 2166 
5678 3317 3382 3071 3716 
5679 2465 2619 2665 3680 
5680 2440 405 2445 3389 
5681 2316 390 391 2207 
5682 2369 389 390 2206 
5683 2275 2276 2271 3292 
5684 393 2203 2174 3157 
5685 2727 2723 3092 3554 
5686 2902 2923 3221 3298 
5687 2252 25 3328 3667 
5688 2401 2979 3119 3466 
5689 2287 2289 2290 3319 
5690 2462 2708 3648 3734 
5691 32 2297 3419 3420 
5692 3340 3342 3341 3363 
5693 342 2638 2701 3664 
5694 341 3662 2259 3663 
5695 2527 2713 2535 3418 
5696 2303 424 2373 423 
5697 2706 2462 3648 3649 
5698 2217 2214 2951 3180 
5699 2904 2939 2933 3744 
5700 2673 2672 3366 3734 
5701 2195 2196 2191 3743 
5702 2199 2208 386 3778 
5703 2311 3424 2305 3772 
5704 2598 2689 3149 3166 
5705 2706 2731 2730 3448 
5706 2650 2521 2636 3765 
5707 2393 388 2204 387 
5708 359 3331 3332 3637 
5709 2727 2723 2726 3092 
5710 2304 2314 424 425 
5711 2653 2655 2663 3118 
5712 2673 2647 2666 3366 
5713 2152 2147 2145 3451 
5714 3374 3567 2313 3673 
5715 2248 405 2249 3664 
5716 2601 3657 3055 3745 
5717 2328 2255 403 404 
5718 366 2327 367 2153 
5719 2524 2485 2482 3347 
5720 405 2248 2701 3664 
5721 2355 2356 3201 3618 
5722 2177 384 2173 3703 
5723 2173 3691 2178 3703 
5724 3648 3649 2462 3734 
5725 2979 3051 2401 3556 
5726 2298 425 426 2381 
5727 2433 382 2169 383 
5728 2318 365 364 2155 
5729 2356 3220 3219 3619 
5730 2137 2136 3185 3580 
5731 2979 3396 2977 3556 
5732 2465 2733 2619 3040 
5733 2346 2355 2354 3201 
5734 2719 2718 2712 3440 
5735 2557 2522 2466 3759 
5736 2215 3343 2218 3696 
5737 2382 400 401 2258 
5738 2217 2960 2214 3180 
5739 2292 2272 427 3119 
5740 2259 2247 2246 3348 
5741 2150 2252 25 3328 
5742 2731 2706 2705 3648 
5743 2521 2125 349 2422 
5744 2288 3045 3310 3610 
5745 417 418 2257 2435 
5746 2983 3135 3089 3293 
5747 431 432 2627 2302 
5748 2469 2672 2462 3649 
5749 2191 2193 2195 3485 
5750 2142 2134 2141 3601 
5751 2319 402 2257 401 
5752 2225 2232 2231 3272 
5753 2602 2656 2593 3657 
5754 2440 2249 405 3389 
5755 342 2146 2147 3664 
5756 2663 3672 2655 3745 
5757 2663 2601 2598 3744 
5758 2441 2173 384 3703 
5759 2193 3104 2172 3415 
5760 2290 2291 3088 3319 
5761 2621 384 383 2177 
5762 371 370 2625 2205 
5763 2601 3055 3744 3745 
5764 419 420 2255 2443 
5765 2261 2246 2245 3756 
5766 347 2684 2423 3763 
5767 2306 2313 3421 3673 
5768 3340 3341 3096 3647 
5769 2601 2663 2656 3745 
5770 2525 2695 3110 3315 
5771 353 354 2629 2156 
5772 2146 2248 3661 3664 
5773 2524 2915 3060 3347 
5774 2401 3119 2904 3466 
5775 2252 3328 3465 3667 
5776 397 2226 398 3123 
5777 2530 414 2265 2228 
5778 3044 3060 3043 3243 
5779 421 2392 422 2301 
5780 2164 3327 3636 3637 
5781 2676 3276 2680 3459 
5782 398 2372 2322 3123 
5783 402 2383 2256 403 
5784 2249 2440 405 2266 
5785 2480 3029 3030 3080 
5786 3340 3647 2918 3671 
5787 433 434 2628 2304 
5788 3004 2210 3524 3691 
5789 2355 3201 3130 3618 
5790 2217 2214 2216 2951 
5791 2150 3636 3327 3723 
5792 399 2315 2253 400 
5793 2313 3567 3421 3673 
5794 3270 3273 3200 3456 
5795 357 356 2153 2442 
5796 2707 2465 2665 3125 
5797 2630 345 346 2123 
5798 370 369 2645 2204 
5799 2427 2479 2265 2971 
5800 2246 2261 2260 3756 
5801 2313 3565 429 3566 
5802 2238 3714 3387 3728 
5803 2305 386 3523 3778 
5804 427 428 2292 3119 
5805 2893 3130 2355 3201 
5806 2320 393 2203 392 
5807 2129 347 346 2423 
5808 2241 3169 2229 3387 
5809 381 380 2661 2170 
5810 2971 3222 3079 3498 
5811 2684 2558 2423 3763 
5812 2172 2920 2421 3367 
5813 2401 2904 3298 3466 
5814 366 2154 365 2386 
5815 2712 2724 2722 3590 
5816 2307 3005 2276 3350 
5817 2481 2936 3080 3084 
5818 363 2385 364 2156 
5819 2691 2690 2689 3652 
5820 423 2324 2302 422 
5821 2323 389 2205 388 
5822 2673 2463 2708 3367 
5823 2297 3424 3777 3778 
5824 2654 2655 2653 3118 
5825 2312 2306 2311 3673 
5826 3130 3533 3414 3534 
5827 2669 381 2185 382 
5828 2523 2709 2681 3705 
5829 2202 3255 3132 3344 
5830 2127 3038 3037 3609 
5831 2917 3414 3130 3533 
5832 439 2269 2700 3423 
5833 2216 2215 2218 3696 
5834 2213 30 2694 2262 
5835 27 2161 2310 2692 
5836 2236 2244 2243 3754 
5837 373 372 2626 2207 
5838 396 2264 2251 3487 
5839 2259 2248 2247 3660 
5840 2708 2421 3100 3367 
5841 2209 2199 2221 3778 
5842 2229 2241 397 3711 
5843 3130 3414 2916 3534 
5844 2202 3151 3255 3345 
5845 2707 2731 2465 3125 
5846 2713 2648 2478 3193 
5847 2427 2971 2265 3682 
5848 2464 2920 2714 3647 
5849 3273 3456 3270 3770 
5850 2371 2320 3157 3363 
5851 342 2701 2146 3664 
5852 2679 2695 2699 3110 
5853 2157 3660 341 3662 
5854 2412 421 28 2310 
5855 2412 28 367 2161 
5856 404 2262 29 2414 
5857 2307 3524 3350 3772 
5858 2237 2240 2239 3713 
5859 2662 2471 2227 3456 
5860 2481 3080 2480 3084 
5861 2214 2215 2951 3265 
5862 2893 2941 3130 3201 
5863 2722 2724 2725 3318 
5864 2239 2264 2230 3361 
5865 2721 2722 2729 3590 
5866 2727 2697 2695 3554 
5867 2229 3387 3386 3728 
5868 415 416 2253 2431 
5869 2478 3192 2472 3683 
5870 3125 3457 3076 3760 
5871 3386 3437 2229 3728 
5872 2263 3504 3360 3505 
5873 2480 3029 2712 3030 
5874 2288 3562 429 3565 
5875 2726 2729 2722 3318 
5876 427 2321 2401 3119 
5877 2920 3157 2174 3363 
5878 2202 3255 3344 3345 
5879 2916 2902 3127 3535 
5880 2297 3424 3421 3777 
5881 2190 2189 2188 3306 
5882 2211 2180 2210 3004 
5883 430 431 2643 2301 
5884 2926 3268 3087 3289 
5885 2409 2936 3160 3599 
5886 2217 2221 2214 2960 
5887 416 417 2258 2635 
5888 2709 2676 2680 3459 
5889 2157 2158 2144 3335 
5890 3116 3403 2273 3561 
5891 2685 2464 2421 2920 
5892 2312 3374 2313 3673 
5893 2409 2936 2361 3160 
5894 432 433 2438 2303 
5895 2291 3422 2269 3423 
5896 2173 2178 2177 3703 
5897 2202 3132 3343 3344 
5898 2958 3079 3080 3086 
5899 3236 360 3469 3471 
5900 3119 3396 2979 3556 
5901 2656 2655 3672 3745 
5902 2195 2193 2171 2982 
5903 434 435 2430 2298 
5904 2241 3387 2238 3770 
5905 2238 3271 2225 3770 
5906 2145 2146 2157 3587 
5907 2211 2210 2208 3004 
5908 2142 2152 2145 3451 
5909 3076 3457 3125 3680 
5910 2482 2721 2525 3313 
5911 2971 3123 2265 3682 
5912 2647 2673 2672 3366 
5913 2721 3030 2480 3590 
5914 2472 2719 3029 3440 
5915 3158 3159 3154 3369 
5916 2414 2213 29 387 
5917 2305 3424 2297 3778 
5918 2917 3130 2975 3670 
5919 2326 3259 3576 3578 
5920 2708 2462 2673 3734 
5921 2168 2139 2167 3628 
5922 2311 2306 2305 3424 
5923 2472 3029 3192 3440 
5924 2467 2424 379 3449 
5925 2168 2127 2149 3037 
5926 2733 2603 2734 3365 
5927 2278 2280 2308 3737 
5928 2158 2150 3327 3723 
5929 2721 3030 2924 3084 
5930 2274 2313 2312 3374 
5931 2149 2139 2168 3628 
5932 379 2424 2198 3449 
5933 2202 3151 3132 3255 
5934 354 355 2436 2155 
5935 2401 2904 2418 3221 
5936 439 440 2675 2309 
5937 2128 2159 2163 3191 
5938 3512 3517 3245 3538 
5939 3153 3551 3152 3552 
5940 2241 2238 2225 3770 
5941 3028 3029 3007 3080 
5942 2273 3404 2292 3560 
5943 2918 2957 3100 3646 
5944 27 430 2692 2310 
5945 369 30 2694 2213 
5946 2264 3487 3361 3653 
5947 3039 3087 3268 3289 
5948 3028 3080 3007 3222 
5949 2220 2211 2209 3642 
5950 347 2124 2684 3763 
5951 2678 2679 2676 3042 
5952 3118 3184 3054 3672 
5953 379 378 2666 2212 
5954 2251 3288 3437 3711 
5955 2307 3005 3350 3524 
5956 2162 2137 2160 3766 
5957 2650 2124 2162 3764 
5958 2127 3606 3038 3609 
5959 2733 2734 2619 3040 
5960 2305 3523 2307 3772 
5961 2715 2464 2714 3647 
5962 2127 3037 3038 3185 
5963 372 371 2437 2206 
5964 2325 3060 3044 3243 
5965 427 2321 2300 426 
5966 2421 377 376 2172 
5967 2231 2225 2419 410 
5968 347 2129 2124 3763 
5969 2904 3135 3134 3466 
5970 355 356 2671 2154 
5971 357 27 2692 2161 
5972 2917 2975 3130 3611 
5973 2918 3076 3457 3760 
5974 438 2432 437 2270 
5975 2612 2637 2602 3527 
5976 2693 3044 2678 3460 
5977 2160 3470 360 3471 
5978 2227 2225 3456 3770 
5979 341 2259 2252 3663 
5980 2250 2229 3437 3728 
5981 3084 2936 3316 3531 
5982 2700 2420 2269 439 
5983 2706 2469 2462 3649 
5984 2484 2478 2648 3193 
5985 2297 3421 3267 3777 
5986 2427 414 2265 2479 
5987 2462 2708 2705 3648 
5988 2521 2422 2676 3459 
5989 2693 2422 350 3460 
5990 2211 2220 2182 3642 
5991 2146 2701 26 3664 
5992 2306 3421 2297 3424 
5993 2215 2216 2214 2951 
5994 341 2146 2248 3660 
5995 2261 2263 3464 3756 
5996 2387 2409 2361 3160 
5997 359 3331 3241 3332 
5998 3093 2371 3363 3602 
5999 420 30 2262 2694 
6000 2371 2404 2320 3363 
6001 2921 3166 3149 3725 
6002 3149 3166 3023 3725 
6003 418 419 2256 2668 
6004 2157 3662 2150 3723 
6005 2248 26 2701 3664 
6006 3130 3669 2975 3670 
6007 2148 3580 2137 3764 
6008 2432 2686 437 2272 
6009 2292 3294 428 3559 
6010 379 2666 2467 2212 
6011 3135 3293 3161 3643 
6012 2325 2388 2329 3060 
6013 3361 3464 2263 3756 
6014 2292 3088 3089 3293 
6015 2421 376 2685 2174 
6016 2639 2271 2567 446 
6017 2679 2915 3110 3482 
6018 2227 2662 411 412 
6019 2189 2191 2187 3629 
6020 2214 2960 2199 3266 
6021 2403 3604 3210 3669 
6022 2263 3464 3360 3504 
6023 2662 2526 2471 3456 
6024 2733 3040 2941 3365 
6025 2481 2971 2480 3080 
6026 2291 2293 2269 3422 
6027 2463 2673 2666 3415 
6028 353 352 2151 2426 
6029 2992 3243 3242 3698 
6030 397 3123 398 3709 
6031 2212 2195 2171 3449 
6032 2164 2150 25 3636 
6033 2656 3672 3657 3745 
6034 2248 2247 3660 3661 
6035 341 2248 2259 3660 
6036 2686 2904 3119 3184 
6037 2992 3243 3071 3381 
6038 341 2157 2146 3660 
6039 3071 3243 2992 3698 
6040 3099 3377 3363 3602 
6041 2656 2602 2637 3657 
6042 2934 3089 2983 3135 
6043 2270 2432 437 2272 
6044 3096 2920 3105 3442 
6045 2686 3119 2272 3184 
6046 3130 3414 2917 3611 
6047 375 374 2531 2203 
6048 2472 2719 2712 3029 
6049 2427 2265 2226 3682 
6050 2173 2441 385 2639 
6051 2145 2147 2146 3587 
6052 2175 3152 3258 3552 
6053 2920 3157 3158 3613 
6054 2160 3239 3044 3473 
6055 2401 3051 2979 3221 
6056 398 3123 2322 3709 
6057 3363 3457 2714 3647 
6058 2413 3329 3410 3645 
6059 2227 2241 2225 3770 
6060 2726 2722 2725 3318 
6061 2263 3361 3360 3464 
6062 2916 3414 3130 3611 
6063 2949 3242 3243 3698 
6064 2936 3316 3313 3347 
6065 385 31 2173 2639 
6066 2915 3347 3314 3382 
6067 31 2271 2639 446 
6068 2208 2209 2211 3642 
6069 2288 2313 3310 3565 
6070 2481 2479 2480 2971 
6071 352 351 2126 2529 
6072 376 2421 2172 2174 
6073 2915 3060 3347 3382 
6074 428 3294 3119 3556 
6075 2371 2320 393 3157 
6076 2604 2507 2513 2941 
6077 2478 3273 2999 3683 
6078 2979 3051 2923 3221 
6079 2127 2149 3037 3185 
6080 3169 3337 2241 3710 
6081 3054 3118 2934 3184 
6082 2198 2195 2212 3449 
6083 3200 3270 2999 3273 
6084 3263 3380 2415 3540 
6085 2261 3361 2263 3756 
6086 361 2160 360 3239 
6087 2462 2705 2706 3648 
6088 2273 2299 3116 3610 
6089 2127 3185 3038 3606 
6090 2221 2199 2214 2960 
6091 2920 3158 3157 3159 
6092 378 2463 2666 3415 
6093 2716 2679 2699 3110 
6094 361 3044 2160 3239 
6095 2480 3030 2712 3590 
6096 3096 2920 3442 3646 
6097 2478 3200 2999 3273 
6098 2917 2893 3670 3768 
6099 2160 2137 2127 3606 
6100 2354 2355 2356 3201 
6101 2662 2419 2526 3456 
6102 2673 2462 2672 3734 
6103 2598 2601 2689 3744 
6104 2137 2162 3764 3766 
6105 3054 3672 3184 3745 
6106 2273 3403 3404 3560 
6107 414 415 2228 2530 
6108 3039 3268 3087 3766 
6109 2158 2157 2150 3723 
6110 2949 3239 2925 3473 
6111 2525 2915 2524 3347 
6112 3682 3683 2427 3684 
6113 2165 2160 361 3044 
6114 2422 2125 350 3460 
6115 3030 3080 3029 3490 
6116 2902 2923 3298 3454 
6117 2705 2918 2957 3100 
6118 2662 2227 411 3456 
6119 2678 2524 2525 2915 
6120 2290 2289 2291 3319 
6121 3237 3239 3238 3242 
6122 3079 3081 2958 3225 
6123 2991 3085 3121 3382 
6124 2192 3484 2193 3485 
6125 2240 3653 2264 3713 
6126 2685 2421 2174 2920 
6127 2472 2484 2719 3440 
6128 2472 3192 2484 3440 
6129 2238 2235 2225 3271 
6130 2723 2695 3525 3554 
6131 2252 3465 3504 3667 
6132 2471 3200 3273 3456 
6133 2124 2129 2148 3763 
6134 2413 3329 3324 3410 
6135 2525 3314 2915 3347 
6136 3051 3220 2923 3221 
6137 3159 3341 3093 3363 
6138 2999 3270 2993 3273 
6139 2528 2686 2598 2904 
6140 2296 2444 440 2675 
6141 2715 2714 3457 3647 
6142 359 3332 2163 3637 
6143 398 2226 2265 3123 
6144 2418 2354 2356 3201 
6145 2322 3497 3543 3544 
6146 2925 3239 2949 3520 
6147 2394 3164 3186 3362 
6148 374 373 2425 2200 
6149 2307 3350 2308 3772 
6150 3023 3652 3149 3725 
6151 2482 2525 2524 3347 
6152 2248 2146 26 3664 
6153 2384 3247 3235 3370 
6154 2288 429 2313 3565 
6155 2902 3454 3298 3688 
6156 3268 2926 3275 3458 
6157 2939 2933 3166 3582 
6158 427 2401 428 3556 
6159 3123 3497 3006 3498 
6160 435 436 2541 2300 
6161 349 348 2162 2650 
6162 3100 3646 2957 3648 
6163 2482 3313 2525 3347 
6164 2427 3682 3273 3683 
6165 3121 3160 3083 3538 
6166 2920 3363 2714 3647 
6167 3458 3459 3087 3765 
6168 3238 3242 3239 3520 
6169 2226 2265 3123 3682 
6170 341 3660 2259 3662 
6171 3028 3029 3080 3490 
6172 361 2325 3044 3239 
6173 2893 3670 3671 3742 
6174 2939 3165 2933 3582 
6175 2939 2921 3166 3535 
6176 2171 378 2666 3415 
6177 2403 3210 3129 3669 
6178 2276 2307 2271 3005 
6179 2241 3337 397 3711 
6180 2306 2313 2297 3421 
6181 2208 3523 386 3778 
6182 3239 3242 2949 3520 
6183 2714 2604 2715 3457 
6184 2695 3315 2525 3525 
6185 3099 3604 3669 3742 
6186 2403 3099 3603 3604 
6187 3314 3382 3085 3541 
6188 2478 2472 2427 3683 
6189 3130 3668 2975 3669 
6190 3126 3130 2975 3611 
6191 2137 3185 2127 3606 
6192 3006 3498 3222 3682 
6193 2163 3330 2164 3637 
6194 2305 2297 386 3778 
6195 2958 3354 3225 3753 
6196 2251 3437 3288 3486 
6197 2915 3315 3110 3526 
6198 2958 3225 3081 3753 
6199 377 2421 2463 2172 
6200 2251 3175 3437 3486 
6201 2925 3239 3238 3471 
6202 436 437 2686 2272 
6203 3175 3486 2251 3487 
6204 2202 3343 2215 3344 
6205 2915 3314 3315 3317 
6206 2991 3085 3382 3541 
6207 2721 2482 2480 3084 
6208 2292 3088 3293 3776 
6209 2394 3211 2955 3428 
6210 2270 2291 2269 3423 
6211 2971 3080 3079 3222 
6212 2656 2663 2655 3745 
6213 2916 3130 3126 3611 
6214 3238 3239 3237 3472 
6215 2384 3677 3014 3678 
6216 2925 3238 3239 3520 
6217 3080 3084 2936 3086 
6218 2465 3457 3040 3680 
6219 2465 3125 3457 3680 
6220 429 3563 3564 3566 
6221 428 2292 3119 3294 
6222 379 2212 2467 3449 
6223 2655 2593 2656 3672 
6224 3154 3368 3156 3369 
6225 2311 2305 2308 3772 
6226 2601 2656 3657 3745 
6227 2171 2193 2172 3415 
6228 2309 2420 2675 439 
6229 386 3523 2210 3524 
6230 2305 2307 2308 3772 
6231 3156 3368 3155 3369 
6232 2292 3089 2270 3135 
6233 2916 3509 2902 3535 
6234 2949 3473 2925 3474 
6235 2225 411 2227 3456 
6236 3149 3166 2921 3535 
6237 3076 3040 3457 3680 
6238 2146 342 26 2701 
6239 2993 2999 3273 3683 
6240 2127 2136 2149 3185 
6241 2471 2526 2478 3200 
6242 2286 2287 2288 3610 
6243 2993 3270 2241 3273 
6244 2199 2209 2208 3778 
6245 2241 2994 2993 3337 
6246 3169 3706 3337 3710 
6247 2168 2128 2163 3332 
6248 2713 2478 2526 3200 
6249 2240 2264 2239 3713 
6250 2307 3523 386 3524 
6251 3006 3426 3123 3682 
6252 3123 3426 2993 3682 
6253 2419 411 2225 3456 
6254 3042 3044 3275 3460 
6255 2261 2263 2260 3464 
6256 3367 3442 3100 3648 
6257 379 2198 2212 3449 
6258 2525 3110 2915 3315 
6259 2361 3160 2388 3538 
6260 2226 2427 413 2265 
6261 2445 2701 2638 3664 
6262 2263 2252 3504 3505 
6263 3099 3363 3342 3742 
6264 2150 341 25 2252 
6265 2941 3533 3457 3768 
6266 2977 3556 3396 3643 
6267 394 3156 3155 3369 
6268 2721 2480 3030 3084 
6269 3403 3560 2273 3561 
6270 2218 2202 3132 3343 
6271 2201 3132 2202 3151 
6272 2939 2933 3165 3297 
6273 2241 2994 3337 3387 
6274 3123 3337 2993 3426 
6275 2226 397 2241 3337 
6276 3268 3458 3087 3765 
6277 3040 3457 2941 3533 
6278 2939 3297 3165 3582 
6279 2394 3164 3022 3186 
6280 2733 2941 2603 3365 
6281 3135 3119 3293 3643 
6282 396 2251 3288 3486 
6283 2125 2165 350 3460 
6284 3126 2975 3130 3668 
6285 2705 3100 2957 3648 
6286 3238 3471 3239 3472 
6287 2991 3121 3381 3382 
6288 2172 2174 2421 2920 
6289 2921 2939 3166 3582 
6290 2864 3365 3149 3534 
6291 2693 350 2165 3460 
6292 410 2544 2231 409 
6293 2420 2309 2269 439 
6294 2715 3457 2918 3647 
6295 2722 2721 2480 3590 
6296 3297 3582 2939 3688 
6297 2958 3228 3354 3753 
6298 2394 2955 3186 3428 
6299 2403 3099 3604 3669 
6300 3293 3294 2292 3404 
6301 2598 2939 2904 3744 
6302 2361 2387 3160 3538 
6303 3243 3245 3060 3381 
6304 2432 2272 2270 3379 
6305 3129 3668 3130 3669 
6306 2482 2936 3313 3347 
6307 2472 3029 2712 3684 
6308 2949 2925 3289 3474 
6309 2175 2192 3151 3484 
6310 405 2248 26 2701 
6311 2299 2273 2288 3561 
6312 2690 2603 2689 3652 
6313 2292 3088 2291 3089 
6314 2677 2521 2676 3459 
6315 2711 3365 2603 3652 
6316 2241 3337 3169 3387 
6317 2996 3497 3426 3709 
6318 427 428 3119 3556 
6319 2394 3163 3022 3164 
6320 3096 3095 3159 3341 
6321 2313 2274 2288 3310 
6322 2191 2192 2193 3485 
6323 2238 3387 2229 3728 
6324 2250 3714 2238 3728 
6325 394 3258 3156 3552 
6326 2601 2656 2637 3657 
6327 2525 2695 2679 3110 
6328 3060 3381 3245 3538 
6329 2904 3135 3119 3184 
6330 2864 3534 3149 3725 
6331 2727 2695 2723 3554 
6332 2465 2918 2715 3457 
6333 2387 3512 3083 3538 
6334 3458 3459 3042 3460 
6335 2148 2137 2124 3764 
6336 2326 3198 3017 3702 
6337 2925 3473 3289 3474 
6338 2164 2163 3327 3330 
6339 3071 3382 3060 3716 
6340 2384 3234 3026 3631 
6341 3160 3085 3316 3382 
6342 3160 3316 3085 3600 
6343 3149 3365 2864 3725 
6344 2693 350 351 2165 
6345 2384 3026 3234 3351 
6346 3060 3160 3347 3382 
6347 2432 2663 2686 3184 
6348 2247 2248 2249 3661 
6349 3082 3084 3316 3531 
6350 2521 2125 2422 3460 
6351 2292 3293 3404 3776 
6352 2226 3273 2427 3682 
6353 2199 386 32 2297 
6354 3340 3363 3341 3647 
6355 2915 3317 3315 3526 
6356 2227 3456 3273 3770 
6357 2513 2941 3201 3535 
6358 3060 3244 2325 3538 
6359 359 2163 2164 3637 
6360 2712 3029 2480 3684 
6361 2893 3533 2941 3768 
6362 2923 3220 2356 3221 
6363 2371 3093 3369 3602 
6364 2391 3675 3676 3726 
6365 2918 3671 3457 3768 
6366 2394 3022 3163 3444 
6367 2137 2136 2127 3185 
6368 2715 2918 2705 3100 
6369 396 2251 3486 3487 
6370 2921 2939 3582 3688 
6371 2604 2513 2733 2941 
6372 2689 3023 3149 3166 
6373 2241 3273 3270 3770 
6374 2464 2708 2421 3100 
6375 359 2168 2163 3332 
6376 2124 2137 2162 3764 
6377 2226 3123 397 3337 
6378 439 2270 2269 3423 
6379 2325 3243 3237 3244 
6380 2925 3239 3471 3473 
6381 3042 3459 2676 3460 
6382 3134 3135 2886 3466 
6383 378 2172 2463 3415 
6384 2685 376 375 2174 
6385 2921 3509 3535 3688 
6386 2171 2172 378 3415 
6387 3317 3381 3071 3382 
6388 2689 2513 2598 3149 
6389 2292 3404 2273 3776 
6390 2875 3028 3079 3080 
6391 2918 3457 3076 3768 
6392 2296 2444 441 440 
6393 2125 350 349 2422 
6394 2902 3535 3509 3688 
6395 3060 3243 2325 3244 
6396 3156 3551 3154 3552 
6397 2291 3088 2292 3776 
6398 3095 3105 3096 3159 
6399 2893 2917 3130 3533 
6400 2230 2263 2261 3361 
6401 3006 3497 3224 3498 
6402 3099 3377 3602 3603 
6403 2684 2124 348 2650 
6404 2403 3441 3210 3604 
6405 2270 2272 3119 3135 
6406 2657 2270 439 3423 
6407 2689 3149 3023 3652 
6408 2287 2299 2288 3610 
6409 2686 2663 2598 3184 
6410 2384 3026 3351 3721 
6411 2721 2723 2525 3525 
6412 2250 2237 2238 3714 
6413 2709 2677 2676 3459 
6414 3127 3201 3130 3535 
6415 3076 3457 3040 3768 
6416 2391 3417 3171 3595 
6417 2271 445 2567 446 
6418 2424 379 2198 380 
6419 2172 2920 3104 3613 
6420 3093 3159 3154 3499 
6421 3154 3159 3095 3499 
6422 2394 3186 3022 3444 
6423 2292 3089 3135 3293 
6424 2125 2162 3087 3765 
6425 2904 2933 3134 3184 
6426 2480 2712 2722 3590 
6427 2173 2441 384 385 
6428 2916 3127 3126 3130 
6429 2292 3293 3119 3643 
6430 3119 3135 2904 3466 
6431 2484 2472 2478 3192 
6432 2903 3298 3296 3454 
6433 2325 3237 3239 3472 
6434 2734 2603 2711 3365 
6435 2675 440 2296 2309 
6436 2165 3044 2693 3460 
6437 2235 2238 2237 3714 
6438 3296 3298 2923 3454 
6439 3119 3556 3294 3643 
6440 395 3344 3265 3434 
6441 3222 2876 3225 3498 
6442 2996 3336 3169 3337 
6443 2663 2598 3184 3744 
6444 2388 3060 2325 3538 
6445 2686 2598 2904 3184 
6446 3224 3225 2876 3498 
6447 2292 3119 3294 3643 
6448 2278 2307 2276 3350 
6449 2996 3336 3337 3426 
6450 3149 3652 3365 3725 
6451 3298 3454 2903 3688 
6452 2251 3175 3487 3653 
6453 2977 3555 3556 3643 
6454 3294 3556 3555 3643 
6455 2401 2904 3221 3298 
6456 2208 2210 386 3523 
6457 2996 3337 3169 3706 
6458 2663 3184 3118 3672 
6459 3043 3427 3474 3698 
6460 2971 3682 2427 3684 
6461 3104 3105 3612 3613 
6462 3130 3617 3126 3668 
6463 3129 3617 3130 3668 
6464 2278 2308 2307 3350 
6465 2991 3381 3317 3382 
6466 2479 2971 2427 3684 
6467 2173 2210 2178 3691 
6468 3158 3612 3105 3613 
6469 3007 3650 3222 3682 
6470 2926 2949 3289 3474 
6471 3026 3246 2384 3631 
6472 2915 3382 3317 3716 
6473 2721 3479 2723 3525 
6474 386 2307 2305 3523 
6475 2903 3297 3298 3688 
6476 2875 3086 3079 3412 
6477 2175 3151 2202 3345 
6478 2921 3535 3534 3725 
6479 2708 3367 3100 3648 
6480 2920 3100 2421 3367 
6481 2391 3675 3013 3676 
6482 2322 3497 3123 3498 
6483 2471 3200 2478 3273 
6484 2273 3116 2290 3776 
6485 3153 3484 3158 3552 
6486 2404 2371 3099 3363 
6487 2924 3084 3030 3701 
6488 2715 3100 2464 3647 
6489 2419 2662 411 3456 
6490 2875 3030 3084 3701 
6491 2993 3337 3336 3426 
6492 3110 3482 2915 3526 
6493 3222 3650 3006 3682 
6494 2387 3160 3083 3599 
6495 3028 3079 3080 3222 
6496 2326 3197 3017 3198 
6497 412 2227 2662 2471 
6498 2678 3042 2676 3460 
6499 428 3294 3556 3559 
6500 2306 2312 2313 3673 
6501 3161 3396 3135 3643 
6502 411 2419 2225 410 
6503 2478 2427 3273 3683 
6504 2210 2180 2178 3691 
6505 2920 3105 3104 3613 
6506 3222 3225 3079 3498 
6507 3509 3535 3534 3594 
6508 2387 3512 3513 3516 
6509 2916 3534 3509 3535 
6510 3325 396 3487 3505 
6511 3063 2915 3482 3526 
6512 2921 3534 3535 3594 
6513 3154 3158 3095 3159 
6514 3079 3086 3081 3412 
6515 3127 3126 3130 3617 
6516 2214 3262 395 3265 
6517 2175 3258 394 3552 
6518 2422 2693 2678 3460 
6519 2920 3096 3341 3647 
6520 396 3486 3325 3487 
6521 2218 2215 2202 3343 
6522 3289 3473 3087 3474 
6523 2306 2297 2305 3424 
6524 2893 3669 3670 3742 
6525 3154 3369 3156 3552 
6526 2711 2603 2690 3652 
6527 3095 3158 3105 3159 
6528 2875 3080 3030 3490 
6529 2427 413 412 3273 
6530 3083 3121 3085 3600 
6531 2933 3184 3744 3745 
6532 2983 3161 3135 3293 
6533 2521 2422 3459 3460 
6534 3459 3460 3087 3765 
6535 2251 3179 3175 3653 
6536 2266 2440 405 406 
6537 2983 3134 2934 3135 
6538 2886 3134 2983 3135 
6539 2124 2162 348 2650 
6540 2251 3175 3179 3437 
6541 2171 2666 378 2212 
6542 2480 2479 2472 3684 
6543 2137 2133 2136 3580 
6544 2678 2525 2679 2915 
6545 2921 3535 3509 3594 
6546 3082 3218 3084 3531 
6547 2915 3314 3317 3382 
6548 2471 3273 2227 3456 
6549 2384 3234 3014 3351 
6550 2194 394 3157 3552 
6551 2920 3096 3159 3341 
6552 2371 3093 3363 3369 
6553 3084 3218 3082 3412 
6554 2875 3218 3084 3412 
6555 3083 3599 3160 3600 
6556 2941 3533 3130 3534 
6557 2150 2157 341 3662 
6558 2715 2918 3100 3647 
6559 342 343 2646 2166 
6560 2413 3057 3015 3409 
6561 2920 3158 3105 3613 
6562 2604 2893 2941 3457 
6563 2202 2201 2190 3132 
6564 2384 3234 3247 3370 
6565 2525 2679 2915 3110 
6566 2174 2920 2172 3613 
6567 2175 3153 3152 3552 
6568 2949 3474 3427 3698 
6569 2391 3176 3171 3675 
6570 3085 3160 3121 3382 
6571 3123 3498 3006 3682 
6572 429 3565 3562 3566 
6573 2190 2218 2202 3132 
6574 2923 3296 2979 3298 
6575 2326 3197 3198 3205 
6576 2270 2272 2292 3119 
6577 2388 3160 3060 3538 
6578 3121 3160 3085 3600 
6579 2326 3259 3257 3576 
6580 2326 3257 3528 3576 
6581 2160 3087 3289 3473 
6582 3341 3363 3099 3377 
6583 3135 3119 3396 3466 
6584 2326 3017 3197 3528 
6585 3083 3160 3121 3600 
6586 2401 3119 2979 3556 
6587 2391 3171 3417 3675 
6588 2252 3465 3464 3504 
6589 2202 2215 395 3344 
6590 2252 3464 3465 3663 
6591 3060 3071 3381 3382 
6592 2971 3498 3123 3682 
6593 3071 3243 3060 3381 
6594 2326 3205 3198 3585 
6595 2413 3057 3177 3334 
6596 2175 394 2194 3552 
6597 3044 3243 3043 3474 
6598 2215 3265 395 3344 
6599 2903 3297 3296 3298 
6600 2164 2163 2158 3327 
6601 2886 3135 3396 3466 
6602 3297 3298 2904 3466 
6603 2270 3119 2292 3135 
6604 2137 2148 2133 3580 
6605 2993 3682 3681 3683 
6606 2933 3054 3184 3745 
6607 2252 2260 3464 3663 
6608 3099 3602 2371 3603 
6609 3093 3368 3369 3602 
6610 3341 3342 3099 3363 
6611 3225 2958 3498 3543 
6612 429 3562 3563 3566 
6613 2926 3427 2949 3474 
6614 2663 3184 3672 3745 
6615 2413 3177 3333 3334 
6616 3337 3706 3709 3710 
6617 2322 3123 3497 3709 
6618 2723 2695 2525 3525 
6619 2933 2939 2904 3297 
6620 3082 3084 2936 3316 
6621 2904 3134 3135 3184 
6622 2603 2941 3149 3365 
6623 2413 3177 3324 3333 
6624 2916 3127 3130 3535 
6625 2480 3029 3080 3684 
6626 3153 3158 3154 3552 
6627 2164 3327 2150 3636 
6628 2464 3100 2920 3647 
6629 3118 3379 2653 3423 
6630 2193 3104 3484 3613 
6631 3100 3367 2920 3442 
6632 427 3119 2401 3556 
6633 412 413 2226 3273 
6634 2251 3179 2250 3437 
6635 2916 3130 3534 3535 
6636 2465 2733 3040 3457 
6637 2875 3028 3080 3490 
6638 3043 3474 3243 3698 
6639 2941 3040 2733 3457 
6640 2160 3087 3039 3289 
6641 2193 2172 3104 3613 
6642 2663 3744 3184 3745 
6643 3157 3159 3158 3369 
6644 2326 3576 3205 3578 
6645 3029 3192 3007 3684 
6646 2413 3177 3057 3409 
6647 2472 2427 3683 3684 
6648 3099 3377 3603 3604 
6649 2941 3149 3365 3534 
6650 2292 2291 2270 3089 
6651 2886 3135 2983 3161 
6652 2464 2421 2920 3100 
6653 2226 3123 2993 3682 
6654 2391 3230 3013 3417 
6655 3105 3158 2920 3159 
6656 2893 3671 3670 3768 
6657 2391 3417 3013 3675 
6658 2893 3457 3671 3768 
6659 2733 2513 2603 2941 
6660 2290 2291 2292 3776 
6661 2238 2241 2229 3387 
6662 3213 3377 3099 3604 
6663 2958 3079 3225 3498 
6664 2292 2273 2290 3776 
6665 2326 3017 3528 3702 
6666 3426 3497 3123 3709 
6667 2160 2165 2125 3044 
6668 2175 2192 2201 3151 
6669 3227 3496 3707 3709 
6670 2472 3683 3192 3684 
6671 2193 2192 2194 3484 
6672 2394 3428 3186 3444 
6673 3135 3161 2886 3396 
6674 2480 2971 2479 3684 
6675 3706 3707 3496 3709 
6676 2915 3317 3526 3716 
6677 3063 3482 2915 3730 
6678 2252 2259 2260 3663 
6679 2653 3118 2663 3379 
6680 2251 3437 2229 3711 
6681 3044 3043 3275 3474 
6682 2924 3218 3084 3701 
6683 3305 3598 3081 3599 
6684 2226 2993 3273 3682 
6685 2875 3084 3218 3701 
6686 2194 2174 2172 3613 
6687 2934 3135 3134 3184 
6688 2290 2273 2299 3116 
6689 2394 3163 3429 3444 
6690 3082 3085 3316 3600 
6691 2325 3044 3239 3243 
6692 3213 3342 3099 3377 
6693 2415 3380 3141 3693 
6694 2478 2427 2471 3273 
6695 2604 2941 2733 3457 
6696 2915 3526 3063 3716 
6697 3153 3154 3551 3552 
6698 2463 378 377 2172 
6699 2915 3060 3382 3716 
6700 2240 3179 2251 3653 
6701 2936 3082 3316 3600 
6702 2464 2715 2705 3100 
6703 2164 2158 2150 3327 
6704 3239 3044 3473 3474 
6705 3039 3087 2160 3766 
6706 2326 3197 3205 3576 
6707 2472 2479 2427 3684 
6708 3234 2384 3247 3631 
6709 438 2657 2432 3379 
6710 3083 3598 3305 3599 
6711 3093 3368 3154 3369 
6712 2472 2712 2480 3684 
6713 2604 2733 2715 3457 
6714 2125 3044 2165 3460 
6715 3015 2413 3409 3411 
6716 3239 3242 3237 3243 
6717 3224 3498 3497 3543 
6718 3099 3363 2371 3602 
6719 2708 3100 2705 3648 
6720 2162 3087 3765 3766 
6721 2226 2993 3123 3337 
6722 2387 3517 3512 3538 
6723 2322 3498 2958 3543 
6724 2252 3464 2263 3504 
6725 2124 348 347 2684 
6726 2413 3324 3177 3410 
6727 2893 2941 3457 3768 
6728 2432 2663 3184 3379 
6729 2893 3130 2917 3670 
6730 2603 3365 3149 3652 
6731 2175 3484 3153 3552 
6732 2422 2676 3459 3460 
6733 3084 3218 2924 3531 
6734 3224 3225 3498 3543 
6735 2729 2723 2721 3479 
6736 2427 2226 413 3273 
6737 2422 2678 2676 3460 
6738 3268 3765 3087 3766 
6739 2993 3006 3681 3682 
6740 2162 2160 3087 3766 
6741 3192 3683 3007 3684 
6742 2227 3273 2241 3770 
6743 2464 2705 2708 3100 
6744 2415 3141 3307 3694 
6745 2413 3177 3409 3410 
6746 2226 2227 412 3273 
6747 3274 3275 3043 3427 
6748 439 2657 438 2270 
6749 2214 395 2215 3265 
6750 3054 3134 2933 3184 
6751 2934 3134 3054 3184 
6752 2653 3379 2657 3423 
6753 3274 3275 3042 3730 
6754 2926 3275 3274 3427 
6755 3130 3201 2941 3535 
6756 3087 2926 3289 3474 
6757 2394 3211 3428 3591 
6758 394 3156 3369 3552 
6759 3043 3275 3274 3730 
6760 2471 412 2227 3273 
6761 2263 2230 2264 3361 
6762 2949 3242 3239 3243 
6763 2513 3149 2941 3535 
6764 3081 3598 3412 3599 
6765 3442 3646 3100 3648 
6766 2936 3160 3316 3347 
6767 2934 3184 3118 3379 
6768 3099 3342 3213 3742 
6769 3119 3135 3396 3643 
6770 3222 3498 2971 3682 
6771 3650 3681 3006 3682 
6772 2326 3528 3257 3702 
6773 3006 2993 3426 3682 
6774 3099 3213 3604 3742 
6775 3227 3497 3496 3709 
6776 2394 3429 3430 3591 
6777 2175 2201 2202 3151 
6778 2250 2238 2229 3728 
6779 2160 3473 3044 3474 
6780 2326 3528 3197 3576 
6781 2920 3159 3157 3363 
6782 3119 3396 3556 3643 
6783 3296 3298 3297 3466 
6784 2252 2260 2263 3464 
6785 2160 3087 3473 3474 
6786 2918 3501 3646 3647 
6787 2893 3669 3130 3670 
6788 3007 3683 3682 3684 
6789 2415 3540 3380 3693 
6790 3296 2979 3298 3466 
6791 2465 2715 2733 3457 
6792 3096 3501 3340 3647 
6793 2918 3340 3501 3647 
6794 2175 2194 2192 3484 
6795 2949 3243 3474 3698 
6796 2936 3316 3160 3600 
6797 438 2270 2657 3379 
6798 2125 2162 2160 3087 
6799 2920 3341 3363 3647 
6800 3496 3497 2996 3709 
6801 2993 3273 3682 3683 
6802 2920 3341 3159 3363 
6803 2160 3044 2125 3087 
6804 2394 3444 3429 3591 
6805 3082 3412 3598 3599 
6806 2971 3007 3080 3222 
6807 3497 3498 2322 3543 
6808 3274 3275 2926 3458 
6809 2387 3083 3160 3538 
6810 2513 2603 2941 3149 
6811 2250 2251 2240 3179 
6812 2893 3130 2941 3533 
6813 2902 3298 2939 3688 
6814 3007 3681 3650 3682 
6815 2902 2939 3535 3688 
6816 2921 3535 2939 3688 
6817 397 3337 3123 3709 
6818 3060 3382 3381 3538 
6819 3007 3222 2971 3682 
6820 2663 2432 2653 3379 
6821 2471 2427 412 3273 
6822 2413 3410 3409 3411 
6823 3484 3612 3158 3613 
6824 3104 3612 3484 3613 
6825 3230 3417 2391 3595 
6826 2251 2250 2229 3437 
6827 2472 3192 3029 3684 
6828 2292 3135 3119 3293 
6829 2936 3160 3599 3600 
6830 3496 2996 3706 3709 
6831 394 3369 3157 3552 
6832 3042 3275 3274 3458 
6833 2371 3363 3157 3369 
6834 2415 3693 3141 3694 
6835 2657 3379 2270 3423 
6836 2603 3149 2689 3652 
6837 3681 3682 3007 3683 
6838 3100 3442 2920 3646 
6839 2941 3534 3130 3535 
6840 3096 3105 2920 3159 
6841 3160 3121 3382 3538 
6842 3063 2915 3716 3730 
6843 3087 3459 3458 3460 
6844 438 2432 2270 3379 
6845 3044 3239 3243 3474 
6846 2264 2251 3487 3653 
6847 3087 3268 2926 3275 
6848 2958 3081 3079 3086 
6849 2979 3221 2923 3298 
6850 3082 3598 3085 3600 
6851 3085 3598 3083 3600 
6852 3096 2920 3646 3647 
6853 2513 2689 2603 3149 
6854 3268 3275 3087 3458 
6855 3096 3646 3501 3647 
6856 2949 3239 3473 3474 
6857 2657 2653 2432 3379 
6858 2480 3080 2971 3684 
6859 2125 3087 3044 3460 
6860 2663 3118 3184 3379 
6861 3093 3154 3159 3369 
6862 2936 3086 3082 3599 
6863 2394 3428 3444 3591 
6864 2936 3084 3082 3086 
6865 2875 3030 3080 3084 
6866 2325 3239 3237 3243 
6867 2921 3149 3535 3725 
6868 3275 3458 3042 3460 
6869 2227 2226 2241 3273 
6870 3060 3160 3382 3538 
6871 2264 2240 2251 3653 
6872 3534 3535 3149 3725 
6873 2193 2194 2172 3613 
6874 2936 3599 3082 3600 
6875 2875 3080 3079 3086 
6876 2904 3297 2939 3298 
6877 3043 3427 3275 3474 
6878 2939 3298 3297 3688 
6879 2160 3044 3087 3474 
6880 3158 3552 3484 3613 
6881 3149 3534 2941 3535 
6882 2193 3484 2194 3613 
6883 2996 3426 3337 3709 
6884 3337 3706 2996 3709 
6885 2875 3084 3086 3412 
6886 3082 3086 3084 3412 
6887 3100 2918 3646 3647 
6888 2926 3275 3427 3474 
6889 3337 3426 3123 3709 
6890 3087 3275 2926 3474 
6891 2949 3243 3239 3474 
6892 2971 3007 3682 3684 
6893 2175 2194 3484 3552 
6894 3087 3458 3275 3460 
6895 3100 3646 2920 3647 
6896 3086 3412 3082 3599 
6897 3081 3412 3086 3599 
6898 3081 3086 2958 3599 
6899 3044 3275 3087 3474 
6900 2875 3084 3080 3086 
6901 3087 3275 3044 3460 
6902 3598 3599 3083 3600 
6903 3082 3599 3598 3600 
6904 2194 3484 3552 3613 
6905 2326 2371 394 3155 
6906 397 2391 396 3173 
6907 2387 2391 2322 3226 
6908 359 2413 2384 3235 
6909 2384 360 359 3235 
6910 396 2413 3329 3333 
6911 396 2391 2413 3334 
6912 396 2413 3333 3334 
6913 2202 395 3258 3345 
6914 360 359 3235 3353 
6915 360 3235 3236 3353 
6916 3015 3235 3241 3370 
6917 3015 3241 3235 3411 
6918 359 2413 3235 3411 
6919 359 3235 3241 3411 
6920 32 2297 429 3419 
6921 32 3419 429 3420 
6922 32 429 2415 3420 
6923 2326 394 395 3434 
6924 394 3258 395 3434 
6925 360 3353 3236 3469 
6926 2384 2325 360 3472 
6927 2263 396 2252 3505 
6928 3229 3230 3013 3515 
6929 2387 3513 3515 3516 
6930 2387 3226 3228 3516 
6931 2387 2325 2384 3517 
6932 2384 3246 3514 3517 
6933 3164 3362 2394 3557 
6934 428 2401 2394 3557 
6935 2401 3164 2394 3557 
6936 429 2273 428 3558 
6937 429 3362 2394 3563 
6938 2415 429 2394 3564 
6939 429 3563 2394 3564 
6940 2326 3155 3259 3578 
6941 2326 2371 3155 3578 
6942 2371 3521 3155 3578 
6943 2326 2403 2371 3578 
6944 3441 3583 2403 3584 
6945 3211 3371 3254 3585 
6946 3211 3254 3584 3585 
6947 2326 2394 2403 3585 
6948 2394 3584 2403 3585 
6949 2403 3584 3583 3585 
6950 3211 2394 3371 3585 
6951 3211 3584 2394 3585 
6952 3163 3429 3051 3593 
6953 2394 3164 2401 3593 
6954 2401 3164 3051 3593 
6955 2394 3163 3164 3593 
6956 3051 3164 3163 3593 
6957 2403 2371 3578 3603 
6958 3353 3469 359 3609 
6959 2127 359 3469 3609 
6960 2403 2394 2356 3619 
6961 2403 2356 2355 3620 
6962 2403 3619 2356 3620 
6963 2356 3619 3618 3620 
6964 25 359 2164 3635 
6965 25 2413 359 3635 
6966 359 2164 3635 3637 
6967 359 3637 3635 3645 
6968 2413 359 3635 3645 
6969 3186 3362 2954 3655 
6970 3362 3563 2954 3655 
6971 2394 3563 3362 3655 
6972 2413 2391 2384 3678 
6973 3261 3540 3262 3695 
6974 2415 395 3262 3695 
6975 3262 3265 3261 3695 
6976 2326 395 2415 3695 
6977 2326 3257 3434 3702 
6978 3433 3434 3256 3702 
6979 3227 3496 3595 3707 
6980 3170 3595 3496 3707 
6981 3170 3173 3595 3707 
6982 397 2391 3173 3707 
6983 3173 3707 3170 3708 
6984 397 3707 3173 3708 
6985 397 2251 2229 3711 
6986 397 3288 3711 3712 
6987 397 3711 3708 3712 
6988 397 3173 396 3712 
6989 397 3708 3173 3712 
6990 397 396 3288 3712 
6991 3057 3678 3677 3726 
6992 2391 2384 3678 3726 
6993 3677 3678 2384 3726 
6994 396 3329 2413 3751 
6995 396 3751 25 3775 
6996 3449 2647 2666 2467 
6997 3143 2660 3137 3108 
6998 3143 3137 2660 2610 
6999 3489 3026 3242 2992 
7000 3489 3242 3026 2927 
7001 3563 2954 2956 3562 
7002 3563 2956 2954 3655 
7003 3631 3024 3181 2927 
7004 3181 3024 3631 3234 
7005 3181 3614 3631 2927 
7006 3631 3614 3181 3234 
7007 3586 2869 3447 2973 
7008 3586 3447 2869 3388 
7009 3446 3112 2995 2867 
7010 3446 2995 3112 3182 
7011 3026 3291 3351 3011 
7012 3351 3291 3026 3025 
7013 3186 3403 2978 2963 
7014 2978 3022 3186 2963 
7015 3186 3022 2978 3362 
7016 3364 2974 3747 3302 
7017 3364 3747 2974 2873 
7018 3228 2322 2387 2409 
7019 3228 2387 2322 3226 
7020 3366 3449 3108 2641 
7021 3108 3449 3366 2982 
7022 3183 3056 3018 2840 
7023 3183 3018 3056 2885 
7024 3052 2512 2565 2968 
7025 3052 2565 2512 2505 
7026 3482 3530 2716 3276 
7027 2716 3530 3482 3110 
7028 3679 3686 3356 3059 
7029 3356 3686 3679 3215 
7030 3356 2972 3679 3059 
7031 3679 2972 3356 3215 
7032 3710 3707 3170 3706 
7033 3710 3170 3707 3708 
7034 3730 3060 3716 3043 
7035 3730 3716 3060 2915 
7036 3256 3345 3434 3344 
7037 3256 3434 3345 3258 
7038 395 3434 3345 3344 
7039 395 3345 3434 3258 
7040 3187 3416 3700 2966 
7041 3700 3416 3187 2948 
7042 3358 2840 3414 3018 
7043 3358 3414 2840 3147 
7044 3277 3428 3480 2888 
7045 3480 3428 3277 2955 
7046 3757 2913 2849 3283 
7047 3393 3022 3373 2888 
7048 3393 3373 3022 2976 
7049 2413 3015 3235 3411 
7050 3252 3389 3216 2447 
7051 3216 3389 3252 2987 
7052 3449 3366 2666 2647 
7053 3449 2666 3366 2982 
7054 397 2322 3709 398 
7055 3709 2322 397 3707 
7056 3713 3616 3070 2239 
7057 3070 3616 3713 2942 
7058 3070 3361 3713 2239 
7059 3713 3361 3070 2942 
7060 3118 2593 3140 2654 
7061 3118 3140 2593 3036 
7062 3518 3477 2873 2952 
7063 3518 2873 3477 2974 
7064 3461 2873 3477 2952 
7065 3461 3477 2873 2974 
7066 3700 3438 3187 2889 
7067 3588 2856 2970 3537 
7068 3588 2970 2856 3388 
7069 3459 2636 3705 2677 
7070 3459 3705 2636 2935 
7071 2492 2367 2491 2338 
7072 2491 2367 2492 2494 
7073 3626 2580 2581 2620 
7074 3626 2581 2580 3142 
7075 3265 395 3695 3262 
7076 3658 3067 3432 2853 
7077 3658 3432 3067 3138 
7078 2251 3288 397 396 
7079 2251 397 3288 3711 
7080 2494 2350 2496 2367 
7081 2496 2350 2494 2501 
7082 3488 3757 2849 3065 
7083 2849 3757 3488 2913 
7084 2849 3481 3488 3065 
7085 3488 3481 2849 2913 
7086 3187 3519 3206 2892 
7087 3206 3519 3187 3027 
7088 3380 2956 3564 3308 
7089 3380 3564 2956 3264 
7090 3563 2956 3564 3264 
7091 3553 2847 2960 2959 
7092 3553 2960 2847 3260 
7093 3481 3058 3217 2849 
7094 3481 3217 3058 2961 
7095 3392 2577 2578 2575 
7096 3392 2578 2577 3016 
7097 3450 3146 3312 2861 
7098 3450 3312 3146 2932 
7099 3576 3257 3094 3259 
7100 3576 3094 3257 3528 
7101 2350 2517 2349 2501 
7102 2350 2349 2517 2351 
7103 2519 2349 2517 2501 
7104 2519 2517 2349 2351 
7105 3569 2973 2907 3463 
7106 3569 2907 2973 3143 
7107 3478 3526 2914 3315 
7108 3478 2914 3526 3779 
7109 3437 3486 3287 3288 
7110 3287 3486 3437 3175 
7111 3319 3776 3010 3088 
7112 3010 3776 3319 3116 
7113 2978 2954 3186 3362 
7114 3186 2954 2978 3403 
7115 3574 2573 2572 2571 
7116 3574 2572 2573 2969 
7117 2373 2687 2644 2390 
7118 2644 2687 2373 2438 
7119 3327 2159 3335 3191 
7120 3327 3335 2159 2158 
7121 3560 3294 3555 2978 
7122 3555 3294 3560 3559 
7123 3560 3404 3294 2978 
7124 3425 3265 3343 2894 
7125 3425 3343 3265 2951 
7126 3720 2852 3011 3351 
7127 3720 3011 2852 3453 
7128 3364 3701 3145 3053 
7129 3145 3701 3364 2967 
7130 3482 3526 3500 3063 
7131 3500 3526 3482 3110 
7132 3500 2868 3482 3063 
7133 3482 2868 3500 3110 
7134 3391 3375 3049 2985 
7135 3391 3049 3375 2862 
7136 2360 2485 2361 2483 
7137 2361 2485 2360 2359 
7138 2485 2330 2548 2359 
7139 2548 2330 2485 2538 
7140 2504 2379 2377 2510 
7141 2504 2377 2379 2342 
7142 3617 3618 3130 3127 
7143 3130 3618 3617 3129 
7144 2539 2317 2385 2331 
7145 2385 2317 2539 2426 
7146 3547 2566 3286 3529 
7147 3547 3286 2566 2704 
7148 2408 2517 2353 2667 
7149 2353 2517 2408 2351 
7150 3605 3777 3424 3061 
7151 3424 3777 3605 2959 
7152 3568 3412 3053 2906 
7153 3568 3053 3412 3218 
7154 2153 2671 2386 2442 
7155 2386 2671 2153 2154 
7156 3718 3779 2905 3034 
7157 2905 3779 3718 3189 
7158 3717 3581 3389 2964 
7159 3717 3389 3581 2987 
7160 2330 2524 2485 2538 
7161 2330 2485 2524 2388 
7162 2534 2670 2386 2442 
7163 2534 2386 2670 2375 
7164 2327 2386 2670 2442 
7165 2327 2670 2386 2375 
7166 3654 3757 3283 3019 
7167 3283 3757 3654 3072 
7168 2330 2539 2317 2538 
7169 2330 2317 2539 2331 
7170 2519 2348 2406 2349 
7171 2519 2406 2348 2547 
7172 3259 3094 3204 3368 
7173 3204 3094 3259 3576 
7174 3204 3098 3259 3368 
7175 3259 3098 3204 3576 
7176 3475 3464 3360 2884 
7177 3475 3360 3464 3323 
7178 2846 3748 3253 3077 
7179 2846 3253 3748 3114 
7180 2912 3253 3748 3077 
7181 2912 3748 3253 3114 
7182 2539 2385 2411 2331 
7183 2411 2385 2539 2629 
7184 2539 2549 2411 2629 
7185 3441 2911 3207 3209 
7186 3441 3207 2911 3206 
7187 3255 3433 3736 2894 
7188 3736 3433 3255 3017 
7189 3586 3774 3388 2980 
7190 3388 3774 3586 3064 
7191 3738 2181 3101 3320 
7192 3738 3101 2181 2184 
7193 2397 2328 2632 2443 
7194 2397 2632 2328 2393 
7195 2645 2632 2328 2443 
7196 2645 2328 2632 2393 
7197 3477 3302 3461 2842 
7198 3477 3461 3302 2974 
7199 2382 2664 2319 2398 
7200 2319 2664 2382 2635 
7201 3060 3716 3243 3071 
7202 3060 3243 3716 3043 
7203 3698 3243 3716 3071 
7204 3698 3716 3243 3043 
7205 2404 2893 2368 2604 
7206 2404 2368 2893 2355 
7207 2507 2368 2893 2604 
7208 2507 2893 2368 2355 
7209 3336 3681 3006 2995 
7210 3006 3681 3336 2993 
7211 3781 3052 2475 3476 
7212 3781 2475 3052 3120 
7213 2505 3052 2475 3120 
7214 2540 2347 2416 2399 
7215 2416 2347 2540 2543 
7216 3627 3278 3115 2900 
7217 3627 3115 3278 3548 
7218 2687 2395 2379 2390 
7219 2687 2379 2395 2542 
7220 2318 2156 364 2385 
7221 364 2156 2318 2155 
7222 2703 3413 2613 2615 
7223 2613 3413 2703 3148 
7224 3477 3461 3112 2842 
7225 3477 3112 3461 2952 
7226 3591 3278 3429 2900 
7227 3591 3429 3278 3444 
7228 3117 3518 3651 2862 
7229 3117 3651 3518 2974 
7230 3376 3651 3518 2862 
7231 3376 3518 3651 2974 
7232 3665 3463 3597 2973 
7233 3665 3597 3463 2889 
7234 2375 2627 2392 2670 
7235 2392 2627 2375 2324 
7236 3695 2894 3265 3261 
7237 2357 2319 2553 2398 
7238 2664 2553 2319 2398 
7239 2664 2319 2553 2435 
7240 2644 2438 2374 2627 
7241 2644 2374 2438 2373 
7242 2324 2374 2438 2627 
7243 2324 2438 2374 2373 
7244 2651 2340 2342 2396 
7245 2342 2340 2651 2550 
7246 3573 3592 3529 3069 
7247 3529 3592 3573 2947 
7248 2627 2392 2302 2324 
7249 2627 2302 2392 2643 
7250 2392 2692 2327 2643 
7251 2327 2692 2392 2412 
7252 3616 3754 2236 3492 
7253 2236 3754 3616 3070 
7254 3700 3731 3445 3690 
7255 3445 3731 3700 3021 
7256 3445 2844 3700 3690 
7257 3700 2844 3445 3021 
7258 3174 3493 3177 3031 
7259 3177 3493 3174 3334 
7260 3687 3670 3632 2975 
7261 3687 3632 3670 2919 
7262 2135 2962 2149 2136 
7263 2135 2149 2962 3357 
7264 3299 3621 3506 3171 
7265 3506 3621 3299 2867 
7266 3472 3246 2325 3237 
7267 3472 2325 3246 2384 
7268 2325 3517 3246 2384 
7269 3700 3733 3187 3438 
7270 3187 3733 3700 2948 
7271 2155 2386 2436 2318 
7272 2436 2386 2155 2154 
7273 3624 3468 3520 3024 
7274 3624 3520 3468 2925 
7275 2668 2257 2383 2256 
7276 2668 2383 2257 2435 
7277 2503 2533 2358 2664 
7278 2398 2358 2533 2664 
7279 2398 2533 2358 2366 
7280 3679 3575 3103 2972 
7281 3679 3103 3575 2870 
7282 3401 2585 2586 2587 
7283 3401 2586 2585 3190 
7284 3666 3636 3723 3327 
7285 3666 3723 3636 3634 
7286 2302 2438 2324 2303 
7287 2324 2438 2302 2627 
7288 2255 2668 2328 2256 
7289 2255 2328 2668 2443 
7290 2383 2328 2668 2256 
7291 3494 2455 3002 2559 
7292 3494 3002 2455 3167 
7293 2425 2203 374 2200 
7294 374 2203 2425 2531 
7295 3589 3627 3232 2855 
7296 3232 3627 3589 3027 
7297 3522 3467 3692 2872 
7298 3522 3692 3467 3003 
7299 3671 3742 3363 2893 
7300 3363 3742 3671 3342 
7301 2355 3620 3129 2403 
7302 3129 3620 2355 3618 
7303 3332 3637 3330 2163 
7304 3330 3637 3332 3331 
7305 3776 3403 2273 3116 
7306 3776 2273 3403 3404 
7307 3622 3384 3615 2985 
7308 3622 3615 3384 2882 
7309 396 3359 3505 3325 
7310 396 3505 3359 3775 
7311 3504 3359 3505 3775 
7312 3287 3486 3712 3288 
7313 396 3712 3486 3288 
7314 3667 3751 3359 3775 
7315 396 3751 3359 3329 
7316 396 3359 3751 3775 
7317 2327 2161 367 2153 
7318 367 2161 2327 2412 
7319 3696 2222 2176 3522 
7320 3696 2176 2222 2218 
7321 3468 3609 3240 3038 
7322 3240 3609 3468 3353 
7323 3240 3607 3468 3038 
7324 3468 3607 3240 3353 
7325 3499 3602 3097 3098 
7326 3499 3097 3602 3377 
7327 3549 3097 3602 3098 
7328 3549 3602 3097 3377 
7329 2604 3363 3457 2714 
7330 3457 3363 2604 2893 
7331 3547 2166 2152 3286 
7332 3547 2152 2166 2122 
7333 3482 2680 3042 3276 
7334 3482 3042 2680 2679 
7335 3361 3360 2264 2263 
7336 3361 2264 3360 3487 
7337 2228 2431 2315 2530 
7338 2228 2315 2431 2253 
7339 3219 3618 3201 2356 
7340 3201 3618 3219 3127 
7341 3201 2902 3219 2356 
7342 3219 2902 3201 3127 
7343 3542 3753 3229 2998 
7344 3229 3753 3542 3354 
7345 2678 3730 3060 2915 
7346 3060 3730 2678 3044 
7347 3566 3421 2297 2313 
7348 2297 429 3566 2313 
7349 3566 429 2297 3419 
7350 3737 2312 2295 2280 
7351 3737 2295 2312 3374 
7352 2300 3119 2904 2321 
7353 429 3566 3420 3419 
7354 3186 2394 3655 2955 
7355 3186 3655 2394 3362 
7356 3044 2126 361 2165 
7357 3044 361 2126 2329 
7358 3743 2187 2191 3629 
7359 3743 2191 2187 2196 
7360 2126 2693 3044 2529 
7361 2126 3044 2693 2165 
7362 2691 3055 3166 2601 
7363 3166 3055 2691 3023 
7364 3319 2287 3116 2290 
7365 3319 3116 2287 3048 
7366 3587 3664 2147 2146 
7367 2147 3664 3587 2964 
7368 3696 2215 2951 2216 
7369 3696 2951 2215 3343 
7370 3554 2699 2697 2695 
7371 3554 2697 2699 3349 
7372 386 3524 31 2307 
7373 31 3524 386 2210 
7374 341 3723 2252 2150 
7375 2252 3723 341 3663 
7376 2902 2904 3535 2939 
7377 3535 2904 2902 3201 
7378 2272 3184 2432 2686 
7379 3730 2678 3482 2915 
7380 3730 3482 2678 3042 
7381 2679 3482 2678 2915 
7382 2679 2678 3482 3042 
7383 2904 3744 3184 2598 
7384 3184 3744 2904 2933 
7385 2403 2371 3099 2404 
7386 2403 3099 2371 3603 
7387 3524 2173 3691 2210 
7388 3524 3691 2173 3005 
7389 3245 3243 3545 2992 
7390 3245 3545 3243 3244 
7391 3242 3545 3243 2992 
7392 3242 3243 3545 3244 
7393 2128 3628 3332 2168 
7394 3332 3628 2128 3191 
7395 2229 3710 3168 3386 
7396 3168 3710 2229 3711 
7397 3168 3437 2229 3386 
7398 2229 3437 3168 3711 
7399 3201 2893 2507 2355 
7400 3201 2507 2893 2941 
7401 3135 3184 2272 3119 
7402 2272 3184 3135 2934 
7403 3603 3441 3604 3212 
7404 3603 3604 3441 2403 
7405 2979 3298 2401 3221 
7406 2979 2401 3298 3466 
7407 3760 2705 2465 2918 
7408 2465 2705 3760 3125 
7409 2465 3457 3760 2918 
7410 3760 3457 2465 3125 
7411 3184 3379 2272 2432 
7412 2272 3379 3184 2934 
7413 3561 3610 3116 3045 
7414 3116 3610 3561 2273 
7415 3765 349 2650 2521 
7416 3765 2650 349 2162 
7417 3556 3051 3164 3163 
7418 3556 3164 3051 2401 
7419 3084 2481 2482 2480 
7420 3084 2482 2481 2936 
7421 3695 3540 3694 3261 
7422 3695 3694 3540 2415 
7423 3693 3694 3540 3261 
7424 3693 3540 3694 2415 
7425 3158 3369 3552 3157 
7426 3552 3369 3158 3154 
7427 3711 2241 3710 2229 
7428 3711 3710 2241 3337 
7429 3713 2264 3361 3653 
7430 3713 3361 2264 2239 
7431 3599 2409 2387 3160 
7432 3173 3595 3171 3170 
7433 3171 3595 3173 2391 
7434 2721 3531 2482 3084 
7435 2721 2482 3531 3313 
7436 2936 2482 3531 3084 
7437 2936 3531 2482 3313 
7438 3531 2721 2924 3084 
7439 3531 2924 2721 3479 
7440 3119 2686 2300 2904 
7441 3119 2300 2686 2272 
7442 2934 2272 2270 3135 
7443 2270 2272 2934 3379 
7444 2270 3089 2934 3135 
7445 3613 3157 3552 2194 
7446 3613 3552 3157 3158 
7447 3316 3382 3347 3160 
7448 3347 3382 3316 3314 
7449 3176 3726 3675 2391 
7450 3675 3726 3176 3493 
7451 3499 3159 3341 3093 
7452 3499 3341 3159 3095 
7453 3498 2876 3006 3222 
7454 3498 3006 2876 3224 
7455 3538 3381 3121 3382 
7456 3538 3121 3381 3245 
7457 3382 3541 3317 2991 
7458 3317 3541 3382 3314 
7459 3363 3369 3159 3157 
7460 3159 3369 3363 3093 
7461 3765 3460 2125 2521 
7462 3765 2125 3460 3087 
7463 3613 3157 2174 2920 
7464 3613 2174 3157 2194 
7465 3080 3684 3007 2971 
7466 3007 3684 3080 3029 
7467 2226 2993 2241 3273 
7468 2241 2993 2226 3337 
7469 2371 394 3157 393 
7470 2391 2322 3707 397 
7471 3156 394 3257 3258 
7472 2326 3259 394 3257 
7473 2326 394 3259 3155 
7474 3156 394 3259 3257 
7475 3156 3259 394 3155 
7476 3172 3176 2391 3334 
7477 3172 396 2391 3173 
7478 2391 396 3172 3334 
7479 3235 3236 3607 3247 
7480 3235 3607 3236 3353 
7481 3468 3607 3236 3247 
7482 3468 3236 3607 3353 
7483 3329 3324 3325 3333 
7484 3325 3324 3329 3359 
7485 3325 396 3329 3333 
7486 3329 396 3325 3359 
7487 2415 32 3266 395 
7488 3266 32 2415 3420 
7489 3266 3262 2415 395 
7490 3257 3434 394 2326 
7491 394 3434 3257 3258 
7492 3472 3238 3246 3237 
7493 3247 3472 3471 3238 
7494 3471 3472 3247 3236 
7495 3471 3468 3247 3238 
7496 3247 3468 3471 3236 
7497 360 2384 3236 3235 
7498 360 3236 2384 3472 
7499 3247 3236 2384 3235 
7500 3247 2384 3236 3472 
7501 2325 360 3239 361 
7502 2325 3239 360 3472 
7503 3360 2263 3487 2264 
7504 3360 3487 2263 3505 
7505 396 3487 2263 2264 
7506 396 2263 3487 3505 
7507 396 2252 3775 25 
7508 396 3775 2252 3505 
7509 3516 3229 3226 3228 
7510 2387 2325 3538 2388 
7511 3538 2325 2387 3517 
7512 3246 3244 2325 3237 
7513 3246 2325 3244 3517 
7514 3544 3709 3707 2322 
7515 3707 3709 3544 3227 
7516 3544 3497 3709 2322 
7517 3709 3497 3544 3227 
7518 2394 428 3362 429 
7519 2394 3362 428 3557 
7520 3558 3362 428 429 
7521 3362 2954 3562 3558 
7522 3562 2954 3362 3563 
7523 3562 429 3362 3558 
7524 3362 429 3562 3563 
7525 2415 429 3263 3420 
7526 2415 3263 429 3564 
7527 3421 3263 3566 3420 
7528 3263 429 3566 3420 
7529 3263 3566 429 3564 
7530 3380 3141 3307 2415 
7531 3307 3141 3380 3308 
7532 2394 2415 3308 3307 
7533 2394 3308 2415 3564 
7534 3380 3308 2415 3307 
7535 3380 2415 3308 3564 
7536 3098 3578 3368 3521 
7537 3098 3368 3578 3259 
7538 3155 3368 3578 3521 
7539 3155 3578 3368 3259 
7540 3584 2394 3208 3211 
7541 3584 3208 2394 3430 
7542 3591 3208 2394 3211 
7543 3591 2394 3208 3430 
7544 2403 2326 3583 3578 
7545 2403 3583 2326 3585 
7546 3205 3583 2326 3578 
7547 3205 2326 3583 3585 
7548 3035 3431 3429 3430 
7549 2394 3429 3431 3430 
7550 2371 3578 3602 3521 
7551 2371 3602 3578 3603 
7552 3098 3602 3578 3521 
7553 3098 3578 3602 3603 
7554 2394 3220 3429 3593 
7555 3429 3220 3035 3593 
7556 2403 2394 3430 3584 
7557 2394 3431 2403 3430 
7558 2394 2403 3431 3619 
7559 3207 2403 3584 3441 
7560 3209 3210 2403 3441 
7561 3207 3209 2403 3441 
7562 25 2413 3751 396 
7563 3751 2413 25 3635 
7564 3322 3645 3634 3635 
7565 2955 2394 3308 3307 
7566 3308 2394 2955 3655 
7567 2384 2413 3370 3235 
7568 2384 3370 2413 3678 
7569 3015 3370 2413 3235 
7570 2986 3198 3585 2326 
7571 2322 2391 3544 3226 
7572 2322 3544 2391 3707 
7573 3227 2391 3544 3707 
7574 3514 2384 3026 3246 
7575 3514 3026 2384 3721 
7576 3515 3721 3000 3513 
7577 3515 3000 3721 3722 
7578 3011 3000 3721 3513 
7579 3011 3721 3000 3722 
7580 3515 3013 3676 2391 
7581 3334 3057 3678 2413 
7582 3678 2391 3334 2413 
7583 3722 3677 2384 3726 
7584 2384 3722 3515 3721 
7585 2384 3515 2387 3721 
7586 2371 3521 3369 3155 
7587 2371 3369 3521 3602 
7588 3368 3369 3521 3155 
7589 3368 3521 3369 3602 
7590 3634 3410 3645 3322 
7591 3634 3645 3410 3329 
7592 3264 3263 3566 3421 
7593 3566 3263 3264 3564 
7594 3742 3604 3210 3213 
7595 3742 3210 3604 3669 
7596 2975 3742 3210 3213 
7597 2975 3210 3742 3669 
7598 3670 3742 2975 3213 
7599 3670 2975 3742 3669 
7600 3324 3323 3329 3359 
7601 3324 3329 3323 3634 
7602 2418 3221 3201 2356 
7603 2418 3201 3221 2904 
7604 2902 3201 3221 2356 
7605 2902 3221 3201 2904 
7606 3709 3708 3707 397 
7607 3709 3707 3708 3710 
7608 3337 3711 3709 397 
7609 3337 3709 3711 3710 
7610 3711 3708 3709 397 
7611 3711 3709 3708 3710 
7612 2513 3149 2528 2598 
7613 2513 2528 3149 3535 
7614 3166 2939 3149 2598 
7615 3166 3149 2939 3535 
7616 2939 2904 2528 2598 
7617 2939 2528 2904 3535 
7618 3149 2939 2528 2598 
7619 3149 2528 2939 3535 
7620 2322 2958 2372 2409 
7621 2322 2372 2958 3498 
7622 2971 2372 2958 2409 
7623 2971 2958 2372 3498 
7624 3363 3742 3669 2893 
7625 3669 3742 3363 3099 
7626 3669 2404 3363 2893 
7627 3363 2404 3669 3099 
7628 3556 3559 3557 428 
7629 3557 3559 3556 3555 
7630 2415 3263 3266 3420 
7631 3584 3211 2899 3254 
7632 3584 2899 3211 3208 
7633 3115 2899 3211 3254 
7634 3115 3211 2899 3208 
7635 3287 3173 3486 3172 
7636 3287 3486 3173 3712 
7637 396 3486 3173 3172 
7638 396 3173 3486 3712 
7639 3251 3230 3227 3595 
7640 2391 3227 3230 3595 
7641 3294 3560 2292 3404 
7642 2292 3560 3294 3559 
7643 2411 2539 2333 2549 
7644 2333 2539 2411 2331 
7645 3052 2475 2456 2505 
7646 3052 2456 2475 3476 
7647 2383 2319 2554 2357 
7648 2383 2554 2319 2435 
7649 2553 2554 2319 2357 
7650 2553 2319 2554 2435 
7651 2533 2358 2659 2503 
7652 2533 2659 2358 2366 
7653 2365 2659 2358 2503 
7654 2365 2358 2659 2366 
7655 2328 2668 2397 2383 
7656 2328 2397 2668 2443 
7657 2554 2397 2668 2383 
7658 2554 2668 2397 2443 
7659 3751 3359 3634 3667 
7660 3751 3634 3359 3329 
7661 3323 3634 3359 3667 
7662 3323 3359 3634 3329 
7663 3559 2292 2273 428 
7664 2273 2292 3559 3560 
7665 2273 3558 3559 428 
7666 3559 3558 2273 3560 
7667 2934 2270 3423 3089 
7668 3423 2270 2934 3379 
7669 3423 3118 2934 3089 
7670 2934 3118 3423 3379 
7671 3238 3242 3246 3237 
7672 3238 3246 3242 3631 
7673 3371 3480 2898 3307 
7674 2898 3480 3371 3211 
7675 396 3334 3325 3172 
7676 396 3325 3334 3333 
7677 3174 3325 3334 3172 
7678 3174 3334 3325 3333 
7679 2394 2356 3593 2401 
7680 3238 3631 2384 3246 
7681 2384 3631 3238 3247 
7682 2384 3472 3238 3246 
7683 3238 3472 2384 3247 
7684 3721 2387 3513 3515 
7685 3564 2956 3655 3308 
7686 3655 2956 3564 3563 
7687 3655 2394 3564 3308 
7688 3564 2394 3655 3563 
7689 3212 3578 3441 3583 
7690 3212 3441 3578 3603 
7691 2403 3441 3578 3583 
7692 2403 3578 3441 3603 
7693 3307 2415 3371 2394 
7694 3593 3221 2356 3220 
7695 3593 2356 3221 2401 
7696 2394 3220 2356 3619 
7697 2394 2356 3220 3593 
7698 2394 3619 3429 3220 
7699 3429 3619 2394 3431 
7700 3619 3035 3429 3220 
7701 3429 3035 3619 3431 
7702 3619 3219 3035 3220 
7703 2403 3129 3209 3620 
7704 2403 3209 3129 3210 
7705 3635 3634 3329 3645 
7706 3329 3634 3635 3751 
7707 3329 2413 3635 3645 
7708 3635 2413 3329 3751 
7709 3625 3370 3057 3015 
7710 3625 3057 3370 3678 
7711 2413 3057 3370 3015 
7712 2413 3370 3057 3678 
7713 2986 2898 3254 3198 
7714 3254 2898 2986 3371 
7715 3254 3585 2986 3198 
7716 2986 3585 3254 3371 
7717 3695 395 3434 2326 
7718 3434 395 3695 3265 
7719 3702 3152 3434 3256 
7720 3702 3434 3152 3257 
7721 3258 3434 3152 3256 
7722 3258 3152 3434 3257 
7723 3514 2384 2387 3721 
7724 2387 2384 3514 3517 
7725 2387 3513 3514 3721 
7726 2391 2384 3515 2387 
7727 3722 3720 3014 3677 
7728 3014 2384 3722 3677 
7729 2384 3722 2391 3515 
7730 2384 2391 3722 3726 
7731 3676 2391 3722 3515 
7732 3676 3722 2391 3726 
7733 3228 3753 3516 3229 
7734 3228 3516 3753 3305 
7735 3000 3516 3753 3229 
7736 3000 3753 3516 3305 
7737 2990 3545 3513 3514 
7738 2990 3513 3545 3512 
7739 3354 3544 3251 3226 
7740 3251 3544 3354 3543 
7741 3015 3409 2930 3411 
7742 2930 3409 3015 3638 
7743 2930 3241 3015 3411 
7744 3015 3241 2930 3638 
7745 3267 3420 32 3266 
7746 32 3420 3267 2297 
7747 32 2199 3267 3266 
7748 3267 2199 32 2297 
7749 3545 3517 3246 3244 
7750 3545 3246 3517 3514 
7751 2409 3599 3228 2958 
7752 2409 3228 3599 2387 
7753 3625 3014 3370 3234 
7754 3625 3370 3014 3678 
7755 2384 3370 3014 3234 
7756 2384 3014 3370 3678 
7757 3540 2415 3266 3262 
7758 3266 2415 3540 3263 
7759 3266 3539 3540 3262 
7760 3540 3539 3266 3263 
7761 3722 3726 3012 3677 
7762 3012 3726 3722 3676 
7763 3012 3720 3722 3677 
7764 3722 3720 3012 3676 
7765 3702 3434 3695 3433 
7766 3702 3695 3434 2326 
7767 3558 3559 2978 3560 
7768 3555 2978 3559 3560 
7769 3555 3559 2978 3557 
7770 2958 3080 2936 3086 
7771 2936 3080 2958 2409 
7772 2936 3599 2958 3086 
7773 2958 3599 2936 2409 
7774 2297 3566 3420 3421 
7775 3420 3566 2297 3419 
7776 2384 3351 3722 3721 
7777 2384 3722 3351 3014 
7778 3720 3722 3351 3721 
7779 3720 3351 3722 3014 
7780 3354 3226 2322 3544 
7781 3354 3543 2322 2958 
7782 2322 3543 3354 3544 
7783 2371 394 3369 3157 
7784 3369 394 2371 3155 
7785 3515 3516 3226 2387 
7786 3226 2391 3515 2387 
7787 3515 2391 3226 3230 
7788 3515 3229 3226 3516 
7789 3515 3226 3229 3230 
7790 2978 3362 3559 3558 
7791 2978 3559 3362 3557 
7792 428 3559 3362 3558 
7793 428 3362 3559 3557 
7794 3619 3128 3207 3431 
7795 3207 2403 3619 3431 
7796 2391 3544 3230 3227 
7797 2391 3230 3544 3226 
7798 3251 3230 3544 3227 
7799 3251 3544 3230 3226 
7800 3678 2391 3176 3334 
7801 3678 3176 2391 3726 
7802 3493 3678 3176 3334 
7803 3493 3176 3678 3726 
7804 3057 3678 3493 3334 
7805 3057 3493 3678 3726 
7806 3263 3266 3267 3539 
7807 3263 3267 3266 3420 
7808 3354 3228 2322 3226 
7809 2322 3228 3354 2958 
7810 3371 3694 2415 3307 
7811 3307 3480 3211 3371 
7812 3211 3480 3307 2955 
7813 3211 2394 3307 3371 
7814 3307 2394 3211 2955 
7815 2403 3430 3207 3584 
7816 3207 3430 2403 3431 
7817 2326 2394 3371 2415 
7818 3371 2394 2326 3585 
7819 3035 3619 3128 3219 
7820 3128 3619 3035 3431 
7821 3514 2387 3512 3513 
7822 3512 2387 3514 3517 
7823 3512 3545 3514 3513 
7824 3514 3545 3512 3517 
7825 3641 3722 3676 3453 
7826 3676 3722 3641 3515 
7827 3676 3013 3641 3453 
7828 3641 3013 3676 3515 
7829 3436 3394 3208 2900 
7830 3208 3430 3436 2900 
7831 2911 3617 3207 3209 
7832 2911 3207 3617 3128 
7833 3685 3287 3172 3176 
7834 3172 3287 3685 3174 
7835 3172 3334 3685 3176 
7836 3685 3334 3172 3174 
7837 3753 3228 3081 2958 
7838 3753 3081 3228 3305 
7839 3599 3081 3228 2958 
7840 3599 3228 3081 3305 
7841 3516 3083 3228 2387 
7842 3516 3228 3083 3305 
7843 3599 3228 3083 2387 
7844 3599 3083 3228 3305 
7845 3584 3430 3394 3208 
7846 3584 3394 3430 3207 
7847 3436 3394 3430 3208 
7848 3436 3430 3394 3207 
7849 2391 3172 3287 3176 
7850 3287 3172 2391 3173 
7851 3287 3171 2391 3176 
7852 2391 3171 3287 3173 
7853 3209 2403 3619 3207 
7854 3209 3619 2403 3620 
7855 3128 3209 3619 3207 
7856 3128 3619 3209 3620 
7857 3617 3209 3128 3207 
7858 3617 3128 3209 3620 
7859 2326 2986 3371 3585 
7860 3433 3198 2326 3702 
7861 2326 3198 3433 2986 
7862 2326 3695 3433 3702 
7863 3433 3695 2326 2986 
7864 3694 2415 2986 3371 
7865 3694 2986 2415 3695 
7866 2326 2986 2415 3371 
7867 2326 2415 2986 3695 
7868 3198 3433 3736 3017 
7869 3736 3433 3198 2986 
7870 3516 3512 3083 2387 
7871 3516 3083 3512 3511 
7872 3359 3360 3505 3325 
7873 3359 3505 3360 3504 
7874 2894 3695 3434 3433 
7875 3434 3695 2894 3265 
7876 2413 3410 3331 3645 
7877 3331 3410 2413 3411 
7878 3331 359 2413 3645 
7879 2413 359 3331 3411 
3 2 4 3103
7880 1016 3805 3800 3849 
7881 2724 3843 3839 3890 
7882 2449 3800 3798 3805 
7883 1033 3822 3792 3825 
7884 1073 3819 943 3845 
7885 2611 3787 3809 3847 
7886 1019 3800 1016 3805 
7887 1074 3790 3785 3857 
7888 2612 3792 3803 3836 
7889 1059 3788 3787 3809 
7890 1059 3809 3787 3847 
7891 2611 3787 3788 3809 
7892 2649 3800 3805 3849 
7893 2449 2649 3800 3805 
7894 3796 3797 914 3800 
7895 1074 3785 1024 3857 
7896 3810 3819 944 3845 
7897 3796 3800 914 3868 
7898 2580 3792 3822 3825 
7899 1019 3798 3800 3805 
7900 3792 3803 1060 3825 
7901 1074 1055 3790 3857 
7902 2581 2580 3792 3822 
7903 2581 3792 3789 3822 
7904 2470 3853 3801 3879 
7905 2611 2574 3787 3847 
7906 2451 3800 3796 3868 
7907 3789 3829 2616 3842 
7908 2566 3853 2470 3879 
7909 1016 1085 3805 3849 
7910 2566 2470 2448 3879 
7911 1055 1074 1024 3857 
7912 2732 3799 3826 3838 
7913 2463 2708 926 3877 
7914 2617 3803 3792 3825 
7915 1033 1034 3792 3822 
7916 2564 3797 3796 3800 
7917 3789 2616 3841 3842 
7918 1013 3797 3796 3815 
7919 916 914 3796 3797 
7920 3796 3797 2456 3815 
7921 2451 2564 3796 3800 
7922 2732 3826 3799 3861 
7923 1029 3787 3786 3857 
7924 2728 3820 3807 3843 
7925 1049 3802 3789 3822 
7926 3798 3801 2470 3830 
7927 3789 3802 2596 3822 
7928 3789 3792 1034 3822 
7929 1029 3786 3790 3857 
7930 1024 3785 3794 3857 
7931 913 914 3800 3868 
7932 1136 3803 3792 3836 
7933 2698 3813 3855 3860 
7934 1170 3841 2734 3842 
7935 2611 3809 2586 3847 
7936 1074 3785 3790 3850 
7937 2612 3792 2617 3803 
7938 1032 3792 1060 3825 
7939 2611 2586 2574 3847 
7940 2616 3789 2614 3829 
7941 2456 3797 2505 3815 
7942 1183 3835 3803 3836 
7943 3798 3800 2449 3879 
7944 2473 3791 3796 3815 
7945 2450 2449 3800 3879 
7946 2453 2451 3796 3868 
7947 1013 916 3796 3797 
7948 2698 3818 3813 3860 
7949 2633 3785 3790 3857 
7950 1073 944 3819 3845 
7951 3808 3818 2520 3837 
7952 915 3796 914 3868 
7953 1019 1016 1085 3805 
7954 2473 3791 2455 3796 
7955 1136 1060 3792 3803 
7956 1175 1049 3789 3822 
7957 2572 3794 3787 3847 
7958 2448 3798 2450 3879 
7959 2450 3798 2449 3879 
7960 2633 3790 3785 3850 
7961 1136 1183 3803 3836 
7962 1013 3797 3815 3870 
7963 1106 3807 3791 3820 
7964 1049 1174 3789 3841 
7965 2815 2420 3793 3888 
7966 2587 3809 3834 3847 
7967 2471 3819 2526 3845 
7968 2587 3834 3814 3847 
7969 2505 2511 3815 3870 
7970 3791 3807 2477 3820 
7971 986 3819 3846 3878 
7972 3811 3828 941 3851 
7973 913 3800 3806 3868 
7974 908 3798 3801 3879 
7975 3809 1040 3834 3847 
7976 984 3795 3815 3884 
7977 2620 3789 2596 3822 
7978 3807 3820 1107 3843 
7979 908 3801 3798 3830 
7980 3814 3834 1040 3847 
7981 1045 3793 3831 3874 
7982 2453 2451 2564 3796 
7983 1037 3799 3802 3822 
7984 1027 1059 3787 3847 
7985 2448 2449 2450 3798 
7986 1026 3787 1029 3857 
7987 2449 3800 2649 3849 
7988 2579 2617 3792 3825 
7989 2815 3793 882 3888 
7990 2580 2579 3792 3825 
7991 2505 3815 3797 3870 
7992 2505 2511 2475 3815 
7993 1055 1029 3790 3857 
7994 1033 3792 1034 3825 
7995 2455 3796 3791 3881 
7996 984 3815 3807 3884 
7997 1175 3789 1033 3822 
7998 919 914 3797 3800 
7999 2681 3837 3818 3859 
8000 937 3808 940 3828 
8001 2584 3802 3799 3822 
8002 2544 3816 2807 3845 
8003 1146 2723 3844 3855 
8004 2728 2477 3807 3820 
8005 2596 3802 3789 3841 
8006 1107 3820 1104 3843 
8007 2747 3828 2684 3848 
8008 2698 2682 3818 3860 
8009 2579 2617 2612 3792 
8010 1037 3802 1049 3822 
8011 3788 3822 1033 3825 
8012 3795 3815 2511 3870 
8013 2473 3796 2456 3815 
8014 1045 3831 1043 3874 
8015 1193 3826 3799 3838 
8016 1129 3835 1183 3836 
8017 2523 3808 3837 3848 
8018 2579 2581 2580 3792 
8019 926 2708 1182 3877 
8020 984 983 3795 3884 
8021 926 3827 2463 3877 
8022 1032 1136 1060 3792 
8023 2584 2596 3802 3822 
8024 2429 2622 2832 3785 
8025 3812 3868 2455 3881 
8026 2728 2725 3820 3843 
8027 915 3868 3812 3881 
8028 2520 3818 3808 3824 
8029 3787 3794 1025 3847 
8030 2803 3816 2545 3821 
8031 1014 3791 3807 3815 
8032 2429 3785 2832 3850 
8033 1033 3789 1034 3822 
8034 3799 3826 1193 3861 
8035 913 915 914 3868 
8036 2557 3808 3828 3851 
8037 1074 3790 1056 3850 
8038 1049 3789 3802 3841 
8039 2572 3833 3794 3847 
8040 1014 3791 1106 3807 
8041 1075 1082 3817 3850 
8042 2446 3798 2470 3830 
8043 1060 3803 3786 3825 
8044 1102 3813 3791 3865 
8045 1013 920 3797 3870 
8046 1015 1106 3791 3820 
8047 1033 1034 1032 3825 
8048 2640 3817 3790 3850 
8049 1191 3792 1176 3829 
8050 984 3807 983 3884 
8051 1075 1056 1082 3850 
8052 1059 3787 3788 3886 
8053 2586 3809 2587 3847 
8054 1055 1026 1029 3857 
8055 2612 3803 2602 3836 
8056 3813 3818 1150 3860 
8057 3791 3813 1015 3820 
8058 3796 2455 3868 3881 
8059 1158 3818 3808 3837 
8060 1127 3823 3793 3874 
8061 2716 2681 3818 3859 
8062 3786 3803 2617 3825 
8063 2512 3816 3810 3875 
8064 1034 1033 1175 3789 
8065 3800 3806 2450 3879 
8066 2572 3787 2574 3847 
8067 2807 3816 2800 3845 
8068 1102 3791 939 3865 
8069 2732 2469 3826 3861 
8070 3826 3827 1139 3877 
8071 916 919 914 3797 
8072 1085 3821 3805 3849 
8073 1013 920 916 3797 
8074 2595 3799 2584 3802 
8075 1034 3792 1032 3825 
8076 2581 3789 3792 3829 
8077 3786 3787 2576 3857 
8078 1145 2695 3855 3860 
8079 2580 3822 3788 3825 
8080 1075 3817 2829 3850 
8081 1015 3791 1102 3813 
8082 1127 3793 1045 3874 
8083 2575 2576 3786 3787 
8084 2575 2611 3787 3788 
8085 3785 2571 3794 3857 
8086 1033 1031 3788 3825 
8087 3786 2576 3790 3857 
8088 2672 3827 3826 3877 
8089 1025 3787 1026 3794 
8090 2569 3785 2571 3794 
8091 1039 3809 1059 3847 
8092 919 3800 3797 3849 
8093 2594 2583 3822 3876 
8094 915 3812 918 3881 
8095 3813 1150 3855 3860 
8096 2477 3791 2476 3807 
8097 1037 3799 1048 3802 
8098 2719 3846 2484 3878 
8099 2608 2640 3790 3850 
8100 2420 3823 3793 3888 
8101 2588 3786 2576 3790 
8102 1029 3786 1041 3790 
8103 1158 3808 3818 3824 
8104 1175 1037 1049 3822 
8105 1014 3807 984 3815 
8106 3785 3794 2569 3883 
8107 2740 3801 907 3830 
8108 2787 3816 2803 3821 
8109 2681 2520 3818 3837 
8110 3794 3858 2569 3883 
8111 1043 3831 3803 3874 
8112 3797 3800 2564 3849 
8113 2618 3789 2616 3841 
8114 2476 3807 3791 3815 
8115 2456 2473 2455 3796 
8116 2594 3822 3799 3876 
8117 3786 3787 1029 3886 
8118 2732 3826 2469 3838 
8119 1014 1106 984 3807 
8120 1127 3823 1046 3840 
8121 1176 3792 3789 3829 
8122 2804 3805 1063 3821 
8123 3793 3817 1072 3831 
8124 2631 3817 3793 3831 
8125 2557 3828 3811 3851 
8126 3786 3790 2588 3831 
8127 1041 3790 3786 3831 
8128 2633 2571 3785 3857 
8129 1074 891 3785 3850 
8130 2596 3789 2618 3841 
8131 3787 1026 3794 3857 
8132 1052 3834 3814 3873 
8133 2575 3787 3786 3886 
8134 1030 1060 3786 3825 
8135 2577 3786 2617 3825 
8136 2572 3787 3794 3857 
8137 1050 3784 3833 3858 
8138 917 3815 3796 3881 
8139 2580 3788 2578 3825 
8140 2575 3788 3787 3886 
8141 2527 3795 3810 3819 
8142 1050 3783 1167 3864 
8143 2459 3800 2449 3849 
8144 1068 3853 3801 3882 
8145 2577 2578 2575 3886 
8146 2642 3853 2563 3885 
8147 3793 3823 882 3888 
8148 2454 2455 3812 3868 
8149 3792 3829 1191 3836 
8150 917 1014 3815 3881 
8151 937 940 941 3828 
8152 1024 3794 3785 3883 
8153 2577 3825 2578 3886 
8154 3802 3861 1181 3862 
8155 1115 3843 3844 3891 
8156 3794 3833 1025 3847 
8157 3820 3843 2726 3844 
8158 2653 3823 1125 3840 
8159 2716 3859 3818 3860 
8160 1082 3817 3790 3831 
8161 1098 3834 3804 3838 
8162 1050 3858 3783 3864 
8163 1015 3813 1102 3820 
8164 1107 3839 3807 3843 
8165 2523 2522 3808 3848 
8166 1003 1190 3782 3885 
8167 2581 2614 3789 3829 
8168 2446 2448 2470 3798 
8169 2674 3784 3833 3863 
8170 1039 1040 3809 3847 
8171 1131 1191 3829 3836 
8172 2633 2608 3790 3850 
8173 2577 2575 3786 3886 
8174 2459 2449 2649 3849 
8175 2596 2595 2584 3802 
8176 3790 3817 2640 3831 
8177 1125 3823 2653 3888 
8178 2560 3813 3791 3820 
8179 2512 3870 3797 3875 
8180 2455 3865 3812 3881 
8181 1045 1042 1043 3831 
8182 917 1013 3796 3815 
8183 1017 3812 915 3868 
8184 2475 2456 2505 3815 
8185 2729 3844 3843 3891 
8186 2713 3819 3810 3845 
8187 3814 3834 2600 3873 
8188 2511 3795 2475 3815 
8189 2512 3810 3870 3875 
8190 2728 3807 2725 3843 
8191 909 3801 1068 3853 
8192 932 3826 3804 3827 
8193 3791 3815 1014 3881 
8194 912 3800 3798 3879 
8195 3782 3853 2642 3885 
8196 1019 3798 912 3800 
8197 885 2802 1069 3816 
8198 2618 2614 2616 3789 
8199 2620 2596 2584 3822 
8200 3808 3828 937 3848 
8201 1136 1129 1183 3836 
8202 2696 3820 2725 3843 
8203 923 3821 1085 3849 
8204 2633 3790 2607 3857 
8205 1139 3826 932 3827 
8206 2461 2642 2563 3885 
8207 1062 2830 901 3887 
8208 1024 3794 1026 3857 
8209 1045 3793 1042 3831 
8210 3839 3846 2719 3878 
8211 2669 3863 3814 3873 
8212 2569 3794 2570 3858 
8213 3807 3839 2724 3843 
8214 1037 1048 1049 3802 
8215 1016 3800 919 3849 
8216 1027 1039 1059 3847 
8217 2572 2573 3787 3857 
8218 1027 3787 1025 3847 
8219 1042 1072 3817 3831 
8220 2636 3848 3837 3867 
8221 2747 2756 3828 3848 
8222 2669 2778 3863 3873 
8223 2589 3817 2631 3831 
8224 2575 2578 3788 3886 
8225 1042 3793 1072 3831 
8226 2589 2631 3793 3831 
8227 2674 3833 2606 3863 
8228 1020 2833 1080 3783 
8229 1181 3802 1048 3861 
8230 1011 3816 3810 3845 
8231 908 910 3798 3879 
8232 1023 3833 3794 3858 
8233 3791 3813 2560 3865 
8234 2451 3806 3800 3868 
8235 2688 3793 2420 3823 
8236 2663 3840 1132 3852 
8237 2649 3805 3821 3849 
8238 3813 3818 2537 3824 
8239 2461 3782 2642 3885 
8240 2523 3837 2677 3867 
8241 2473 2476 3791 3815 
8242 2803 2790 2545 3816 
8243 1069 2802 2787 3816 
8244 1158 3808 938 3837 
8245 2728 2477 2476 3807 
8246 1069 1094 3816 3821 
8247 2537 3818 2520 3824 
8248 2590 3803 2582 3831 
8249 1018 3782 3853 3882 
8250 2728 2725 2696 3820 
8251 2638 3801 2740 3830 
8252 1115 3843 3820 3844 
8253 3803 3835 2602 3836 
8254 2536 3849 3821 3875 
8255 1115 1104 3820 3843 
8256 938 3808 937 3848 
8257 1115 3820 1104 3844 
8258 3795 2511 3810 3870 
8259 2787 1069 3816 3821 
8260 1177 3802 1181 3862 
8261 1098 1044 3834 3838 
8262 3782 3811 2720 3866 
8263 1053 1050 3833 3858 
8264 942 3810 3795 3819 
8265 2583 3788 3822 3876 
8266 2559 3791 2560 3865 
8267 2756 881 3828 3848 
8268 2459 2564 3800 3849 
8269 3786 3803 1035 3831 
8270 1154 882 3793 3823 
8271 3823 3840 2655 3874 
8272 2756 881 2755 3828 
8273 1062 3785 2830 3887 
8274 2600 3834 2599 3873 
8275 1017 3806 3856 3868 
8276 1127 1046 3823 3874 
8277 1041 3786 1035 3831 
8278 2582 3786 2588 3831 
8279 1050 3784 3858 3864 
8280 2560 3791 2477 3820 
8281 2558 2684 3828 3848 
8282 1062 901 3785 3887 
8283 2609 3788 2583 3876 
8284 984 3795 930 3815 
8285 2512 2536 3816 3875 
8286 2582 3803 3786 3831 
8287 915 1017 918 3812 
8288 2448 2450 2566 3879 
8289 3807 3815 2476 3884 
8290 1053 1050 3784 3833 
8291 2655 3840 3835 3874 
8292 2617 3786 2582 3803 
8293 3802 3862 1177 3880 
8294 1040 3814 1052 3834 
8295 1048 3802 3799 3861 
8296 2793 3830 1078 3869 
8297 1193 933 3826 3838 
8298 2696 2726 3820 3843 
8299 2572 2585 3833 3847 
8300 2634 3817 2640 3850 
8301 2419 2544 2807 3845 
8302 1024 3785 1022 3883 
8303 2562 3813 2537 3824 
8304 2535 3810 2512 3816 
8305 2455 3791 3865 3881 
8306 1051 3804 3834 3854 
8307 2523 3837 2636 3848 
8308 933 1193 3826 3861 
8309 1074 1056 891 3850 
8310 1041 1082 3790 3831 
8311 908 3798 934 3830 
8312 2832 2622 2817 3785 
8313 1073 944 1142 3819 
8314 3788 2609 3809 3876 
8315 932 3804 3826 3838 
8316 2557 3811 2460 3851 
8317 3799 3802 2595 3861 
8318 2536 3821 3816 3875 
8319 2761 3784 1061 3864 
8320 2590 3803 3831 3874 
8321 915 3796 3868 3881 
8322 908 3801 909 3879 
8323 891 2812 1062 3785 
8324 1173 3841 1177 3880 
8325 1013 917 1014 3815 
8326 2812 3785 891 3850 
8327 1171 3829 3789 3842 
8328 1051 3834 1052 3873 
8329 2450 3800 2451 3806 
8330 2588 3790 2640 3831 
8331 2429 2633 3785 3850 
8332 2830 1062 2812 3785 
8333 1055 1024 1026 3857 
8334 1033 3788 1036 3822 
8335 1111 1102 939 3865 
8336 1053 3784 1143 3833 
8337 2698 2537 3813 3818 
8338 1051 3804 1098 3834 
8339 1132 3840 1151 3852 
8340 2781 3854 2467 3872 
8341 2786 3784 2433 3863 
8342 2720 3811 2652 3866 
8343 901 2833 1020 3783 
8344 2589 3831 3793 3874 
8345 1171 3789 3841 3842 
8346 2660 3804 3834 3838 
8347 2609 2594 3838 3876 
8348 2730 2595 3802 3861 
8349 2423 3828 2751 3866 
8350 2636 3837 2523 3867 
8351 1018 3853 1068 3882 
8352 2674 3833 3784 3858 
8353 2461 2563 3856 3885 
8354 901 3883 3785 3887 
8355 2790 2807 2544 3816 
8356 2458 3812 3824 3851 
8357 2458 3812 2474 3824 
8358 3804 3826 2468 3827 
8359 913 3800 912 3806 
8360 2523 3808 2520 3837 
8361 3796 3815 3791 3881 
8362 2630 3782 2720 3866 
8363 2669 3814 2600 3873 
8364 2718 2719 3839 3846 
8365 2568 2569 3858 3883 
8366 923 1192 1085 3821 
8367 2557 2466 3808 3851 
8368 2577 3786 3825 3886 
8369 2512 3810 2511 3870 
8370 2707 3861 3802 3862 
8371 2564 2456 3796 3797 
8372 2466 3824 3808 3851 
8373 1017 913 3806 3868 
8374 940 3808 3824 3851 
8375 1044 3809 1040 3834 
8376 2466 2474 3808 3824 
8377 2581 3792 2613 3829 
8378 1111 3813 1102 3865 
8379 1091 932 3804 3827 
8380 1091 1139 932 3827 
8381 2458 3824 2474 3851 
8382 1053 3833 1023 3858 
8383 2556 2724 3807 3839 
8384 2573 2576 3787 3857 
8385 1177 3841 3802 3880 
8386 2450 3853 2566 3879 
8387 1035 3786 1060 3803 
8388 1018 1068 3782 3882 
8389 1021 1167 1050 3783 
8390 3806 3853 2450 3879 
8391 2445 3830 2793 3869 
8392 2505 3797 2512 3870 
8393 1102 1015 939 3791 
8394 1111 3812 3824 3865 
8395 1016 923 1085 3849 
8396 3816 3821 1094 3875 
8397 2790 2800 2807 3816 
8398 2583 3788 2580 3822 
8399 1049 1174 1175 3789 
8400 3834 3854 2599 3873 
8401 2466 2474 3824 3851 
8402 1035 3803 1043 3831 
8403 1167 3783 1080 3864 
8404 2698 3855 2699 3860 
8405 912 3806 3800 3879 
8406 2747 2684 2756 3848 
8407 3814 3833 2585 3847 
8408 2527 3795 2511 3810 
8409 1180 1177 1181 3862 
8410 3809 3834 1044 3838 
8411 1063 3805 1085 3821 
8412 1111 3812 3865 3881 
8413 1152 885 1012 3845 
8414 2607 3790 2576 3857 
8415 1179 3862 3861 3889 
8416 901 1062 3785 3883 
8417 1094 3821 1192 3875 
8418 2624 3805 2447 3869 
8419 932 3826 1058 3838 
8420 3806 3856 2563 3885 
8421 1028 1029 3787 3886 
8422 2615 2616 3829 3842 
8423 2652 3811 2557 3828 
8424 2546 3821 2536 3849 
8425 2594 2609 2583 3876 
8426 2569 3883 2568 3887 
8427 1003 1079 1190 3885 
8428 2561 3812 2455 3865 
8429 1143 1053 1050 3784 
8430 2787 2790 2803 3816 
8431 1111 3824 3813 3865 
8432 985 983 3807 3884 
8433 2561 2474 3812 3824 
8434 2611 3788 2609 3809 
8435 3799 3838 2594 3876 
8436 2423 2751 2630 3866 
8437 984 985 983 3807 
8438 2599 3834 3804 3854 
8439 904 2761 1061 3864 
8440 2589 3793 2592 3874 
8441 2468 3826 2672 3827 
8442 2747 2756 2755 3828 
8443 885 3816 1012 3845 
8444 2660 3804 2599 3834 
8445 912 3798 1019 3879 
8446 1131 1191 1134 3829 
8447 2592 3793 2688 3874 
8448 1103 3820 3813 3855 
8449 2665 3802 2596 3841 
8450 2730 3802 2707 3861 
8451 3811 3828 2652 3866 
8452 2577 2582 2617 3786 
8453 2577 2575 2576 3786 
8454 2575 2573 2576 3787 
8455 1028 1029 1026 3787 
8456 1176 1034 3789 3792 
8457 2623 2720 2630 3782 
8458 1074 1055 1056 3790 
8459 2633 2608 2607 3790 
8460 2575 2578 2611 3788 
8461 1059 1028 3787 3886 
8462 1027 1026 1025 3787 
8463 2573 2574 2572 3787 
8464 3813 3820 2697 3855 
8465 2578 2580 2583 3788 
8466 2716 3818 2682 3860 
8467 1027 1059 1028 3787 
8468 1015 1106 1014 3791 
8469 2611 2574 2575 3787 
8470 1146 1145 2695 3855 
8471 3806 2563 3853 3885 
8472 2733 2619 3841 3880 
8473 885 2800 2802 3816 
8474 3820 3844 2727 3855 
8475 1025 1026 1024 3794 
8476 2462 3826 3861 3877 
8477 930 984 983 3795 
8478 1113 3818 3837 3859 
8479 2608 2634 2640 3850 
8480 2462 3877 3861 3889 
8481 946 3824 3812 3851 
8482 2829 3817 2819 3850 
8483 2569 2633 2571 3785 
8484 1024 1074 1022 3785 
8485 2505 2512 2511 3870 
8486 1035 1041 1029 3786 
8487 2588 2582 2576 3786 
8488 2652 3828 2423 3866 
8489 2594 2584 3799 3822 
8490 1018 909 1068 3853 
8491 2452 3806 2451 3868 
8492 2594 3799 2732 3838 
8493 2578 3825 3788 3886 
8494 2594 2583 2584 3822 
8495 2444 2634 2834 3817 
8496 3803 3835 1046 3874 
8497 2732 2469 2610 3838 
8498 1176 1191 1034 3792 
8499 2561 2474 2458 3812 
8500 2454 2455 2561 3812 
8501 1143 3833 3784 3863 
8502 2607 2588 2576 3790 
8503 1029 1041 1055 3790 
8504 2587 3814 2585 3847 
8505 1038 3833 3814 3847 
8506 932 1098 3804 3838 
8507 2725 3807 2724 3843 
8508 3814 3863 1052 3873 
8509 1180 3862 1179 3889 
8510 945 3851 3812 3856 
8511 923 1192 3821 3875 
8512 2781 2424 2467 3854 
8513 2473 2476 2477 3791 
8514 2623 2630 2736 3782 
8515 2446 3798 3830 3869 
8516 2618 2596 2620 3789 
8517 2468 3826 3804 3838 
8518 2613 3792 2612 3836 
8519 2788 1063 2804 3805 
8520 2609 3838 3809 3876 
8521 946 940 3824 3851 
8522 2447 3798 2446 3869 
8523 2447 3805 3798 3869 
8524 1121 2763 926 3827 
8525 926 2763 2776 3827 
8526 2776 2763 2463 3827 
8527 1011 3810 1012 3845 
8528 2716 2680 2681 3859 
8529 3839 3878 2712 3890 
8530 3788 3809 1059 3876 
8531 1154 3793 1127 3823 
8532 2703 3832 3829 3836 
8533 1083 3804 1051 3854 
8534 2736 3782 2630 3866 
8535 915 916 914 3796 
8536 2440 2624 2447 3869 
8537 2433 3784 2674 3863 
8538 919 1016 914 3800 
8539 2463 2763 2666 3827 
8540 2581 2613 2614 3829 
8541 2428 2624 2805 3805 
8542 1003 3782 3811 3885 
8543 3829 3832 1133 3836 
8544 1033 1032 1031 3825 
8545 2715 3862 2465 3880 
8546 2589 2590 3831 3874 
8547 2559 2455 3791 3865 
8548 2613 3829 3792 3836 
8549 3804 3827 2647 3872 
8550 896 1063 2788 3805 
8551 2555 2475 3795 3815 
8552 2606 3833 3814 3863 
8553 2559 2477 2560 3791 
8554 2429 2633 2622 3785 
8555 891 1062 1074 3785 
8556 890 3782 1068 3882 
8557 2512 3797 2565 3875 
8558 2726 3843 2729 3844 
8559 2527 2511 2512 3810 
8560 1131 3829 1133 3836 
8561 1015 1104 1106 3820 
8562 1003 3811 3782 3866 
8563 907 2740 902 3801 
8564 2461 3811 3782 3885 
8565 1042 3817 1082 3831 
8566 2660 3834 2591 3838 
8567 1157 3890 1100 3891 
8568 934 3830 3798 3869 
8569 1019 1168 3798 3805 
8570 1040 1044 1039 3809 
8571 1033 1031 1036 3788 
8572 1051 1040 1052 3834 
8573 3835 3836 1129 3852 
8574 1011 929 3810 3875 
8575 2544 2545 2790 3816 
8576 2674 2605 3833 3858 
8577 2555 2476 3815 3884 
8578 1046 3803 1183 3835 
8579 2591 2587 3809 3834 
8580 944 1012 3810 3845 
8581 2433 2786 2621 3784 
8582 2649 3805 2428 3821 
8583 3861 3862 2731 3889 
8584 1053 1023 1050 3858 
8585 2615 3842 3829 3871 
8586 2589 2640 3817 3831 
8587 2572 2574 2585 3847 
8588 2708 1182 3877 3889 
8589 1023 1053 3794 3833 
8590 1069 2804 1063 3821 
8591 1038 1025 3833 3847 
8592 1109 3846 3839 3878 
8593 1098 1051 1083 3804 
8594 2557 2558 3828 3848 
8595 1107 985 3807 3839 
8596 2789 3805 2804 3821 
8597 2591 2587 2586 3809 
8598 1049 1173 1174 3841 
8599 1030 1032 1060 3825 
8600 2647 3804 2468 3827 
8601 3861 3877 924 3889 
8602 1146 2695 2723 3855 
8603 2593 2655 3835 3874 
8604 2698 3813 2697 3855 
8605 2569 2571 2570 3794 
8606 2463 3827 2673 3877 
8607 2634 2819 3817 3850 
8608 924 3861 3826 3877 
8609 923 3821 3849 3875 
8610 2713 2526 3819 3845 
8611 2599 3804 2641 3854 
8612 2560 2697 3813 3820 
8613 2537 2681 2520 3818 
8614 1165 1155 3823 3888 
8615 2469 3826 2610 3838 
8616 2660 2641 2599 3804 
8617 2591 3834 3809 3838 
8618 2698 2699 2682 3860 
8619 2649 3821 2546 3849 
8620 1154 1045 1127 3793 
8621 3806 3853 911 3885 
8622 1127 1045 1046 3874 
8623 1136 1183 1060 3803 
8624 2630 2720 2652 3866 
8625 1011 1012 3816 3845 
8626 2790 2787 2802 3816 
8627 2557 2652 2460 3811 
8628 929 3870 3810 3875 
8629 2545 3816 2536 3821 
8630 3812 2561 3824 3865 
8631 2535 2512 2536 3816 
8632 2455 2473 2559 3791 
8633 2586 2587 2585 3847 
8634 2605 3794 3833 3858 
8635 1103 1102 3813 3820 
8636 1193 3799 1047 3838 
8637 1140 3827 926 3877 
8638 2835 882 2815 3793 
8639 2725 2556 2724 3807 
8640 1061 2780 895 3784 
8641 2562 2698 2537 3813 
8642 3798 3805 1168 3869 
8643 923 1094 1192 3875 
8644 3795 930 3815 3870 
8645 3795 3810 942 3870 
8646 2606 2433 2674 3863 
8647 901 1022 1062 3883 
8648 2647 2468 2672 3827 
8649 2474 2520 3808 3824 
8650 2696 2725 2726 3843 
8651 1068 3801 2758 3882 
8652 2615 2616 2614 3829 
8653 1017 3856 3812 3868 
8654 1111 918 3812 3881 
8655 1171 3789 1174 3841 
8656 1053 1025 3794 3833 
8657 1054 3814 1038 3833 
8658 2564 2505 2456 3797 
8659 1143 1054 3833 3863 
8660 3810 3816 1011 3875 
8661 2609 2611 2583 3788 
8662 1192 1063 1085 3821 
8663 2646 2740 2638 3801 
8664 2450 2451 2452 3806 
8665 1047 3838 3799 3876 
8666 2459 2564 2451 3800 
8667 939 3865 3791 3881 
8668 2471 943 3819 3845 
8669 1149 3819 3795 3846 
8670 1126 1127 1046 3840 
8671 2723 3844 2729 3891 
8672 1082 1042 1072 3817 
8673 1173 3802 1177 3841 
8674 1043 3803 1046 3874 
8675 907 3801 908 3830 
8676 919 3849 3797 3875 
8677 2624 2811 3805 3869 
8678 2630 2652 2423 3866 
8679 917 1013 916 3796 
8680 2698 2682 2537 3818 
8681 1058 3826 933 3838 
8682 1075 2814 2829 3817 
8683 2535 3810 3816 3845 
8684 2612 2617 2602 3803 
8685 942 3795 1149 3819 
8686 2605 3794 2572 3833 
8687 912 913 914 3800 
8688 1022 3785 1062 3883 
8689 2568 3883 3783 3887 
8690 2641 3804 2647 3872 
8691 2606 2585 3814 3833 
8692 2639 3783 2702 3864 
8693 2654 3793 2688 3823 
8694 2556 3839 3807 3884 
8695 2475 2511 2555 3795 
8696 934 908 910 3798 
8697 1176 3789 1171 3829 
8698 2688 3793 2654 3874 
8699 945 3811 941 3851 
8700 2610 3826 2468 3838 
8701 3799 3822 1037 3876 
8702 2776 2777 926 2463 
8703 2590 2582 2589 3831 
8704 2568 3858 3783 3883 
8705 3795 983 3846 3884 
8706 901 2830 2813 3887 
8707 1060 1035 1030 3786 
8708 1016 1019 912 3800 
8709 2461 3856 3811 3885 
8710 2557 2522 2558 3848 
8711 904 1050 1167 3864 
8712 926 2776 2463 3827 
8713 2589 2640 2631 3817 
8714 895 3784 2780 3863 
8715 2473 2456 2475 3815 
8716 2555 3815 3795 3884 
8717 2447 2446 2440 3869 
8718 1011 944 1012 3810 
8719 1158 3818 1112 3824 
8720 2720 3782 2461 3811 
8721 2736 2753 2623 3782 
8722 2428 2805 2789 3805 
8723 908 909 910 3879 
8724 911 3853 3806 3879 
8725 2453 3796 2455 3868 
8726 2466 2474 2520 3808 
8727 2702 3783 3858 3864 
8728 1049 3802 1173 3841 
8729 923 1016 919 3849 
8730 1082 1056 1041 3790 
8731 2703 3829 2613 3836 
8732 3788 1036 3822 3876 
8733 1057 3809 1044 3838 
8734 1017 915 913 3868 
8735 2786 2433 2765 3863 
8736 2805 2624 2811 3805 
8737 1048 3799 1193 3861 
8738 1134 3829 1171 3842 
8739 2654 3823 2655 3874 
8740 2608 2640 2588 3790 
8741 2681 2523 2520 3837 
8742 2660 2468 3804 3838 
8743 2661 2600 2599 3873 
8744 1075 906 2814 3817 
8745 945 3811 3851 3856 
8746 1017 3806 921 3856 
8747 932 933 1058 3826 
8748 2663 2653 1125 3840 
8749 2661 2599 3854 3873 
8750 2428 3805 2789 3821 
8751 3802 3841 2665 3880 
8752 1013 3815 930 3870 
8753 1167 1020 1080 3783 
8754 2639 2567 2702 3783 
8755 2591 3809 2609 3838 
8756 1049 1177 1173 3802 
8757 1191 1176 1134 3829 
8758 2535 3816 2544 3845 
8759 2466 2522 2557 3808 
8760 2696 3820 2726 3844 
8761 2450 3806 2563 3853 
8762 901 3783 3883 3887 
8763 2665 2596 2618 3841 
8764 2669 2606 3814 3863 
8765 986 3846 987 3878 
8766 1051 3854 3834 3873 
8767 2718 3846 3839 3884 
8768 2600 3814 2587 3834 
8769 1075 2829 891 3850 
8770 1043 1183 1046 3803 
8771 1061 2761 2780 3784 
8772 2458 2454 3812 3856 
8773 2774 2761 904 3864 
8774 1092 2808 1152 3845 
8775 946 1111 3812 3824 
8776 2654 3793 3823 3874 
8777 1011 922 929 3875 
8778 3785 3883 2569 3887 
8779 1103 1015 1102 3820 
8780 896 3805 2788 3869 
8781 2605 2570 3794 3858 
8782 1050 3858 1023 3883 
8783 3801 3853 909 3879 
8784 1158 1113 3818 3837 
8785 2734 2733 2619 3841 
8786 3809 3838 1057 3876 
8787 1069 1192 1094 3821 
8788 2669 2661 2778 3873 
8789 890 1068 2735 3882 
8790 2446 3830 2445 3869 
8791 1046 3835 1128 3840 
8792 946 3812 945 3851 
8793 2712 2724 3839 3890 
8794 929 942 3810 3870 
8795 1111 3865 939 3881 
8796 901 2813 2833 3783 
8797 2452 2563 3806 3856 
8798 2837 2815 2420 3793 
8799 2653 2432 1125 3888 
8800 2790 2802 2800 3816 
8801 911 909 3853 3879 
8802 919 923 3849 3875 
8803 1133 1131 1134 3829 
8804 2675 3793 2631 3817 
8805 2451 2450 2449 3800 
8806 890 1003 1190 3782 
8807 2819 2834 2634 3817 
8808 913 3806 912 3879 
8809 1125 3823 1165 3840 
8810 2630 2751 2736 3866 
8811 1091 3827 3804 3872 
8812 2731 3861 2707 3862 
8813 2636 2523 2677 3867 
8814 2755 1002 2737 3828 
8815 1080 3783 2816 3864 
8816 1144 1072 3793 3817 
8817 1057 1059 3809 3876 
8818 1052 3814 1054 3863 
8819 932 1058 1098 3838 
8820 2579 2577 2617 3825 
8821 1137 1052 3863 3873 
8822 1037 3822 1036 3876 
8823 2580 2578 2579 3825 
8824 2562 3813 3824 3865 
8825 1110 3878 3839 3890 
8826 1068 902 2758 3801 
8827 985 3807 3839 3884 
8828 2536 2565 3849 3875 
8829 2751 3828 2737 3866 
8830 2450 2563 2566 3853 
8831 1038 3814 1040 3847 
8832 1003 3811 1079 3885 
8833 2730 2595 2707 3802 
8834 1128 1151 3840 3852 
8835 2757 1188 2738 3867 
8836 1168 3805 896 3869 
8837 2835 3793 2837 3817 
8838 2641 3854 3804 3872 
8839 2420 2658 3823 3888 
8840 2565 3797 2564 3849 
8841 2445 2793 2440 3869 
8842 934 3798 1168 3869 
8843 3814 3833 1054 3863 
8844 2521 2757 2738 3867 
8845 1193 1058 933 3838 
8846 2696 2727 3820 3844 
8847 2572 3794 2571 3857 
8848 2423 2747 2751 3828 
8849 944 1073 1012 3845 
8850 921 1017 913 3806 
8851 2561 2474 3824 3865 
8852 2669 2600 2661 3873 
8853 2658 2688 2420 3823 
8854 2697 3820 2727 3855 
8855 1150 1103 3813 3855 
8856 2458 2457 2454 3856 
8857 2653 2657 2432 3888 
8858 885 1069 1094 3816 
8859 2568 2569 2570 3858 
8860 1128 3840 3835 3852 
8861 1114 3818 3813 3824 
8862 2527 3810 2713 3819 
8863 936 938 937 3848 
8864 1021 1050 1023 3883 
8865 2460 3811 2461 3856 
8866 2760 3863 2778 3873 
8867 2610 2594 2732 3838 
8868 1017 945 3812 3856 
8869 3797 3870 920 3875 
8870 1144 3793 2835 3817 
8871 2674 3784 2597 3858 
8872 2527 2648 3795 3819 
8873 3832 1130 3836 3852 
8874 2555 2476 2475 3815 
8875 2716 2681 2682 3818 
8876 2572 2605 2570 3794 
8877 1023 1053 1025 3794 
8878 3811 3856 945 3885 
8879 940 945 941 3851 
8880 2713 3810 2535 3845 
8881 3788 3825 1031 3886 
8882 2452 2457 2563 3856 
8883 941 3828 3811 3866 
8884 2702 3783 2568 3858 
8885 922 920 3870 3875 
8886 2624 2440 2811 3869 
8887 2592 2688 2654 3874 
8888 2731 2730 2707 3861 
8889 2779 3854 1116 3873 
8890 2460 2461 2457 3856 
8891 1182 2708 2464 3889 
8892 2562 3824 2474 3865 
8893 1190 1018 890 3782 
8894 2446 2445 2440 3869 
8895 1114 3813 1111 3824 
8896 1042 1035 1043 3831 
8897 901 2813 3783 3887 
8898 2749 890 3782 3866 
8899 2520 2523 2522 3808 
8900 2733 3841 1170 3880 
8901 3829 3832 2703 3871 
8902 1195 2749 2750 3866 
8903 1105 3844 3820 3855 
8904 2774 904 1080 3864 
8905 1047 3799 1037 3876 
8906 1193 1047 1058 3838 
8907 1018 911 3853 3885 
8908 2460 3851 3811 3856 
8909 2703 2637 3832 3836 
8910 922 3870 929 3875 
8911 2755 881 1002 3828 
8912 1114 1150 3813 3818 
8913 937 3828 881 3848 
8914 1030 3825 3786 3886 
8915 1023 3858 3794 3883 
8916 2835 2815 2837 3793 
8917 2728 2696 2477 3820 
8918 2702 3858 2597 3864 
8919 2474 2537 2520 3824 
8920 2810 896 2788 3869 
8921 1024 1023 3794 3883 
8922 2617 2582 2590 3803 
8923 896 1085 1063 3805 
8924 3837 3848 1076 3867 
8925 1130 1129 3836 3852 
8926 2433 2621 2674 3784 
8927 1061 895 1143 3784 
8928 1167 1080 904 3864 
8929 2816 3783 2639 3864 
8930 1019 1085 1168 3805 
8931 937 938 940 3808 
8932 2429 2608 2633 3850 
8933 2592 2589 2631 3793 
8934 1045 1072 1042 3793 
8935 2641 2467 3854 3872 
8936 2458 3812 3851 3856 
8937 1083 3804 3854 3872 
8938 2830 2812 2817 3785 
8939 2457 2461 2563 3856 
8940 1128 3835 1129 3852 
8941 2546 2649 2428 3821 
8942 1075 891 1056 3850 
8943 1143 3784 895 3863 
8944 911 3806 913 3879 
8945 2732 2730 2469 3861 
8946 1115 1107 1104 3843 
8947 2454 2453 2455 3868 
8948 1045 1043 1046 3874 
8949 911 913 912 3879 
8950 2669 2606 2600 3814 
8951 2473 2475 2476 3815 
8952 1037 1033 1036 3822 
8953 1104 3820 1105 3844 
8954 2800 1152 2808 3845 
8955 2717 3846 2718 3884 
8956 2562 2560 3813 3865 
8957 1053 1038 1025 3833 
8958 2610 2469 2468 3826 
8959 2512 2565 2536 3875 
8960 2684 2747 2423 3828 
8961 2620 2581 2614 3789 
8962 2736 2749 3782 3866 
8963 1109 3846 983 3884 
8964 1098 1058 1044 3838 
8965 2480 3890 1157 3891 
8966 1149 3795 983 3846 
8967 2706 3861 2731 3889 
8968 2593 2654 2655 3874 
8969 2572 2571 2573 3857 
8970 2460 2457 3851 3856 
8971 2724 2722 3843 3890 
8972 1018 911 909 3853 
8973 2621 2597 3784 3864 
8974 1003 3782 890 3866 
8975 1011 1012 885 3816 
8976 2472 3846 3819 3878 
8977 2470 3801 2638 3830 
8978 2505 2565 2512 3797 
8979 2633 2607 2571 3857 
8980 1069 2787 2804 3821 
8981 2586 2585 2574 3847 
8982 1069 1063 1192 3821 
8983 2698 2697 2699 3855 
8984 2767 2778 2661 3873 
8985 2805 2811 2788 3805 
8986 2454 3812 3856 3868 
8987 901 3783 1021 3883 
8988 2564 2456 2453 3796 
8989 1013 984 930 3815 
8990 2567 3783 2818 3887 
8991 1030 1031 1032 3825 
8992 1168 896 1088 3869 
8993 2788 2804 2789 3805 
8994 2561 2562 2474 3865 
8995 1019 3798 910 3879 
8996 2610 2609 2594 3838 
8997 2459 2565 2564 3849 
8998 1020 1021 901 3783 
8999 2458 3851 2457 3856 
9000 2749 1195 890 3866 
9001 1030 1031 3825 3886 
9002 1092 1073 943 3845 
9003 1057 1059 1039 3809 
9004 2641 2647 2467 3872 
9005 2788 3805 2811 3869 
9006 2474 2562 2537 3824 
9007 2780 3784 2786 3863 
9008 2711 3842 2615 3871 
9009 2585 2605 2572 3833 
9010 2611 2609 2586 3809 
9011 1076 3848 936 3867 
9012 1036 3788 1059 3876 
9013 3797 3849 2565 3875 
9014 1165 3823 1125 3888 
9015 1034 1175 1176 3789 
9016 2621 3784 2766 3864 
9017 1043 1035 1060 3803 
9018 2612 2581 2579 3792 
9019 907 902 908 3801 
9020 2589 2592 2590 3874 
9021 3839 3846 1109 3884 
9022 1058 1057 1044 3838 
9023 2602 3835 3803 3874 
9024 944 929 942 3810 
9025 2562 2559 2560 3865 
9026 2740 907 2739 3830 
9027 1029 1030 3786 3886 
9028 1088 896 2810 3869 
9029 2718 3839 2556 3884 
9030 2452 3856 3806 3868 
9031 2634 2429 2832 3850 
9032 930 3795 942 3870 
9033 2829 2814 2819 3817 
9034 916 920 919 3797 
9035 2660 2610 2468 3838 
9036 2758 902 2740 3801 
9037 912 1019 910 3879 
9038 1018 3853 3782 3885 
9039 2711 2734 2616 3842 
9040 2674 2597 2605 3858 
9041 946 1111 918 3812 
9042 2546 2536 2565 3849 
9043 3795 3819 2648 3846 
9044 2642 2461 2720 3782 
9045 1019 1168 934 3798 
9046 2648 3795 3846 3884 
9047 2545 2536 2546 3821 
9048 1091 3804 1083 3872 
9049 2660 2591 2610 3838 
9050 2648 3846 2717 3884 
9051 1053 1143 1054 3833 
9052 2666 3827 2763 3872 
9053 2429 2634 2832 442 
9054 1075 1082 906 3817 
9055 2458 2460 2457 3851 
9056 2597 3858 3784 3864 
9057 926 883 2708 2463 
9058 2444 2834 2837 3817 
9059 2523 2709 2677 3837 
9060 2669 2433 2606 3863 
9061 1058 3838 1047 3876 
9062 1147 3855 1150 3860 
9063 1049 1048 1181 3802 
9064 2646 2759 2740 3801 
9065 2707 3862 3802 3880 
9066 890 1018 1068 3782 
9067 942 983 1149 3795 
9068 1137 1052 1054 3863 
9069 1044 1051 1098 3834 
9070 2444 2640 2634 3817 
9071 2766 2621 2786 3784 
9072 1175 1033 1037 3822 
9073 1105 3820 1103 3855 
9074 2455 2453 2456 3796 
9075 946 945 940 3851 
9076 1068 909 902 3801 
9077 2735 1068 2758 3882 
9078 1080 2833 2816 3783 
9079 2808 1092 2791 3845 
9080 1079 3811 945 3885 
9081 2610 2591 2609 3838 
9082 1133 3832 1130 3836 
9083 2673 3827 2672 3877 
9084 2747 2755 2737 3828 
9085 1024 1022 1023 3883 
9086 2600 2587 2599 3834 
9087 1136 1131 1129 3836 
9088 901 1062 157 2830 
9089 3806 921 3856 3885 
9090 1083 3854 886 3872 
9091 1041 1042 1082 3831 
9092 2789 2803 2545 3821 
9093 2676 3837 2709 3859 
9094 2674 2605 2606 3833 
9095 2812 891 2829 3850 
9096 2663 1125 1119 3840 
9097 1140 1139 3827 3877 
9098 1142 942 1149 3819 
9099 2763 3827 1121 3872 
9100 886 3854 2762 3872 
9101 2448 2447 2449 3798 
9102 2623 2752 2434 3882 
9103 2638 2740 2739 3830 
9104 1018 3782 1190 3885 
9105 2587 2606 2585 3814 
9106 1038 1054 1040 3814 
9107 2615 2711 2616 3842 
9108 886 2762 931 3872 
9109 2830 3785 2817 3887 
9110 2556 3807 2476 3884 
9111 1041 1035 1042 3831 
9112 1176 1174 1171 3789 
9113 2780 2761 2786 3784 
9114 2454 3856 2457 3868 
9115 2589 2588 2640 3831 
9116 2676 2677 3837 3867 
9117 2766 3784 2761 3864 
9118 2837 3793 2675 3817 
9119 2589 2582 2588 3831 
9120 2747 2737 2751 3828 
9121 2637 2613 2612 3836 
9122 2560 2697 2698 3813 
9123 2535 2544 2419 3845 
9124 2557 2460 2466 3851 
9125 2681 2537 2682 3818 
9126 2832 2429 443 2622 
9127 2428 2649 2624 3805 
9128 2523 2636 2522 3848 
9129 1195 1003 890 3866 
9130 1094 1011 3816 3875 
9131 883 926 2777 2463 
9132 2652 2557 2423 3828 
9133 2560 2477 2696 3820 
9134 2720 2461 2652 3811 
9135 1126 1046 1128 3840 
9136 1125 1165 1126 3840 
9137 2815 2700 2420 3888 
9138 2779 2767 3854 3873 
9139 1038 1027 1025 3847 
9140 911 921 3806 3885 
9141 1091 932 1083 3804 
9142 985 3839 1109 3884 
9143 1078 3830 934 3869 
9144 1135 3832 1096 3852 
9145 1134 1176 1171 3829 
9146 1039 1038 1040 3847 
9147 936 937 881 3848 
9148 2641 2467 2424 3854 
9149 945 3856 921 3885 
9150 1044 1040 1051 3834 
9151 2452 2457 3856 3868 
9152 1014 939 3791 3881 
9153 1059 3788 1031 3886 
9154 1035 1029 1030 3786 
9155 2576 2582 2577 3786 
9156 1058 1057 3838 3876 
9157 2584 2580 2620 3822 
9158 2575 2574 2573 3787 
9159 1028 1026 1027 3787 
9160 1048 1037 1047 3799 
9161 1014 984 1013 3815 
9162 1083 1051 886 3854 
9163 985 1109 983 3884 
9164 1155 882 3823 3888 
9165 2583 2611 2578 3788 
9166 2612 2613 2581 3792 
9167 1059 1036 1031 3788 
9168 2622 3785 2569 3887 
9169 2697 2696 2727 3820 
9170 2439 2567 445 2831 
9171 2594 2584 2595 3799 
9172 2469 2462 3826 3861 
9173 2633 2569 2622 3785 
9174 1022 1074 1062 3785 
9175 1020 901 158 2833 
9176 2545 2428 2789 3821 
9177 2462 2672 3826 3877 
9178 147 146 2825 1071 
9179 1017 945 946 3812 
9180 941 1002 3828 3866 
9181 2805 2788 2789 3805 
9182 2466 2458 2474 3851 
9183 2779 2762 1116 3854 
9184 1053 1054 1038 3833 
9185 2637 2602 3835 3836 
9186 2792 1078 2793 3830 
9187 1051 1116 3854 3873 
9188 1015 1014 939 3791 
9189 2623 2642 3782 3882 
9190 163 162 898 2773 
9191 1041 1056 1055 3790 
9192 2556 2718 2724 3839 
9193 2588 2607 2608 3790 
9194 2615 3829 2703 3871 
9195 2728 2556 2725 3807 
9196 161 160 925 2772 
9197 1013 930 920 3870 
9198 155 891 1075 2829 
9199 1128 1129 1130 3852 
9200 902 909 908 3801 
9201 2561 2458 2454 3812 
9202 2560 2696 2697 3820 
9203 2704 3801 3853 3882 
9204 2753 2736 2749 3782 
9205 1154 1155 882 3823 
9206 2584 2583 2580 3822 
9207 2649 2447 2624 3805 
9208 2621 2441 2597 3864 
9209 1112 946 940 3824 
9210 2737 3828 1002 3866 
9211 2445 2792 2793 3830 
9212 915 917 3796 3881 
9213 2452 2454 2457 3868 
9214 2536 2545 2544 3816 
9215 2448 2446 2447 3798 
9216 2759 2758 3801 3882 
9217 370 371 2625 2768 
9218 2753 2623 3782 3882 
9219 2734 1170 2733 3841 
9220 2765 2669 2778 3863 
9221 2614 2618 2620 3789 
9222 2464 2705 2715 3889 
9223 74 884 2806 73 
9224 933 3826 924 3861 
9225 1102 1111 1114 3813 
9226 924 3826 1139 3877 
9227 2696 2726 2727 3844 
9228 930 983 942 3795 
9229 929 930 942 3870 
9230 2766 2786 2761 3784 
9231 2702 2568 2597 3858 
9232 2449 2459 2451 3800 
9233 2606 2605 2585 3833 
9234 1136 1032 1034 3792 
9235 914 1016 912 3800 
9236 2684 2423 2558 3828 
9237 1108 3890 3843 3891 
9238 2602 3803 2590 3874 
9239 944 1011 929 3810 
9240 2577 2579 2578 3825 
9241 1076 1158 938 3837 
9242 2767 2661 3854 3873 
9243 2646 2759 3801 3882 
9244 2477 2559 2473 3791 
9245 941 3811 1003 3866 
9246 2704 2646 3801 3882 
9247 2612 2602 2637 3836 
9248 59 60 888 2742 
9249 2817 3785 2622 3887 
9250 2450 2452 2563 3806 
9251 926 883 1182 2708 
9252 2656 3836 3835 3852 
9253 1078 908 934 3830 
9254 2647 3827 2666 3872 
9255 369 370 2645 2772 
9256 63 64 905 2745 
9257 1069 2804 68 1063 
9258 2734 1095 1170 3842 
9259 1176 1175 1174 3789 
9260 2570 2571 2572 3794 
9261 1024 1023 1025 3794 
9262 2646 2638 2470 3801 
9263 1144 2814 906 3817 
9264 1172 928 3862 3880 
9265 886 1116 2762 3854 
9266 2807 2808 2419 3845 
9267 1115 1104 1105 3844 
9268 917 916 915 3796 
9269 2765 2433 2669 3863 
9270 433 434 2825 2628 
9271 1047 1037 1036 3876 
9272 2568 2702 2567 3783 
9273 1020 1167 1021 3783 
9274 2623 2753 2752 3882 
9275 2833 2813 2818 3783 
9276 419 420 2443 2798 
9277 886 1051 1116 3854 
9278 2462 3861 2706 3889 
9279 2781 2661 2424 3854 
9280 1092 1012 1073 3845 
9281 906 1082 1072 3817 
9282 164 163 1067 2769 
9283 2647 2641 2468 3804 
9284 1173 1171 1174 3841 
9285 2677 2709 2676 3837 
9286 175 1061 904 2761 
9287 910 1019 934 3798 
9288 417 418 2435 2797 
9289 80 79 1086 2798 
9290 1057 1036 1059 3876 
9291 2718 2484 2719 3846 
9292 1097 3832 3829 3871 
9293 1012 1092 1152 3845 
9294 2631 2640 2444 3817 
9295 2813 2818 3783 3887 
9296 1150 1103 1102 3813 
9297 1029 1028 1030 3886 
9298 61 62 897 2744 
9299 1050 1061 1143 3784 
9300 2621 2597 2674 3784 
9301 2688 2631 2420 3793 
9302 357 356 2442 2745 
9303 2704 3853 2642 3882 
9304 2642 3853 3782 3882 
9305 2634 2832 2819 3850 
9306 2594 2595 2732 3799 
9307 2623 2752 344 2434 
9308 894 1156 1125 3888 
9309 2512 2535 2527 3810 
9310 2446 2470 2638 3830 
9311 919 922 923 3875 
9312 444 2622 2439 3887 
9313 1179 1181 1048 3861 
9314 2703 2613 2637 3836 
9315 1119 1132 2663 3840 
9316 2736 2750 2749 3866 
9317 2818 445 2567 2831 
9318 1129 1046 1183 3835 
9319 2444 2675 2631 3817 
9320 2440 2793 2811 3869 
9321 1136 1034 1191 3792 
9322 2623 2434 2642 3882 
9323 2717 2484 2718 3846 
9324 2819 2832 2634 442 
9325 162 161 1065 2768 
9326 1144 906 1072 3817 
9327 2453 2452 2451 3868 
9328 2800 2808 2807 3845 
9329 2707 2595 2596 3802 
9330 2814 2834 2819 3817 
9331 1195 2750 1002 3866 
9332 2707 2596 2665 3802 
9333 1137 3863 2760 3873 
9334 2592 2631 2688 3793 
9335 144 145 1070 2820 
9336 1017 921 945 3856 
9337 2781 2467 2785 3872 
9338 3843 3890 2722 3891 
9339 1119 1151 1132 3840 
9340 1103 1104 1015 3820 
9341 895 1061 174 2780 
9342 76 75 1124 2795 
9343 432 431 2627 2820 
9344 985 984 1106 3807 
9345 2676 2709 2680 3859 
9346 164 165 2770 893 
9347 2646 2470 2704 3801 
9348 1068 2735 51 890 
9349 2621 2766 2441 3864 
9350 78 77 1064 2797 
9351 2691 2703 3832 3871 
9352 30 369 2694 2771 
9353 1152 885 2800 2802 
9354 2562 2560 2698 3813 
9355 1111 939 918 3881 
9356 2707 3802 2665 3880 
9357 1108 3843 1115 3891 
9358 5 80 1161 2794 
9359 160 5 1161 2771 
9360 4 143 1160 2822 
9361 1112 3818 1114 3824 
9362 1045 1154 1072 3793 
9363 27 430 2822 2692 
9364 143 144 1087 2823 
9365 415 416 2431 2795 
9366 1057 1039 1044 3809 
9367 2658 2653 3823 3888 
9368 2639 2441 2784 3864 
9369 64 4 1160 2741 
9370 1094 922 1011 3875 
9371 2599 2641 2424 3854 
9372 2749 2753 3782 3882 
9373 354 353 2629 2743 
9374 2467 2647 2666 3872 
9375 1085 896 1168 3805 
9376 2476 2556 2728 3807 
9377 79 78 903 2799 
9378 2813 901 157 2830 
9379 936 1076 938 3848 
9380 921 913 911 3806 
9381 444 2439 2831 3887 
9382 446 2567 2639 2818 
9383 1179 3861 924 3889 
9384 53 2750 1002 1195 
9385 2780 1061 174 2761 
9386 2565 2505 2564 3797 
9387 2573 2607 2576 3857 
9388 1181 1177 1049 3802 
9389 932 1139 933 3826 
9390 2609 2591 2586 3809 
9391 2649 2546 2459 3849 
9392 2709 2523 2681 3837 
9393 431 430 2643 2823 
9394 443 2817 2832 2622 
9395 416 417 2635 2796 
9396 172 2779 1116 3873 
9397 434 435 2821 2430 
9398 2778 2661 2669 381 
9399 2767 2661 2781 3854 
9400 2460 2652 2461 3811 
9401 1094 1011 885 3816 
9402 941 1079 1003 3811 
9403 2522 2466 2520 3808 
9404 2712 3839 2719 3878 
9405 2535 2713 2527 3810 
9406 1158 1113 1112 3818 
9407 2536 2544 2535 3816 
9408 2439 2569 2568 3887 
9409 2468 2469 2672 3826 
9410 1112 1114 1111 3824 
9411 2427 414 2806 413 
9412 1083 932 1098 3804 
9413 2642 2720 2623 3782 
9414 27 357 2692 2741 
9415 433 432 2438 2824 
9416 1154 882 1072 3793 
9417 2779 172 2760 3873 
9418 1014 917 939 3881 
9419 77 76 892 2796 
9420 1052 1040 1054 3814 
9421 2600 2606 2587 3814 
9422 2810 2788 2811 3869 
9423 2656 3835 3840 3852 
9424 356 355 2671 2746 
9425 2602 2593 3835 3874 
9426 145 146 899 2824 
9427 946 918 1017 3812 
9428 2420 2700 2658 3888 
9429 2559 2561 2455 3865 
9430 935 881 2756 3848 
9431 1194 2676 3837 3867 
9432 60 61 1077 2743 
9433 2774 175 904 2761 
9434 882 2835 1144 3793 
9435 2511 2527 2648 3795 
9436 2555 2556 2476 3884 
9437 1073 986 943 3819 
9438 891 155 2812 2829 
9439 2774 1080 2764 3864 
9440 1183 1043 1060 3803 
9441 372 373 2626 2769 
9442 2723 2727 3844 3855 
9443 922 920 929 3870 
9444 1097 3829 1134 3842 
9445 2634 2608 2429 3850 
9446 167 2783 883 2421 
9447 1080 2816 2764 3864 
9448 1097 3829 3842 3871 
9449 2676 1194 3837 3859 
9450 2441 2702 2597 3864 
9451 355 354 2436 2744 
9452 2779 2767 2762 3854 
9453 1133 3829 1097 3832 
9454 895 2780 1137 3863 
9455 2813 158 901 2833 
9456 420 30 2694 2794 
9457 1079 941 945 3811 
9458 148 147 2821 887 
9459 2423 2557 2558 3828 
9460 1047 1193 1048 3799 
9461 383 2433 2786 2621 
9462 1079 945 921 3885 
9463 1137 895 173 2780 
9464 941 1002 937 3828 
9465 2527 2713 2648 3819 
9466 1083 886 931 3872 
9467 2689 3832 1096 3871 
9468 2738 935 3848 3867 
9469 2424 2661 2599 3854 
9470 441 2444 2634 2834 
9471 2766 2761 2774 3864 
9472 2484 2648 3819 3846 
9473 2602 2617 2590 3803 
9474 935 936 3848 3867 
9475 946 1112 1111 3824 
9476 2814 2837 2834 3817 
9477 1104 1103 1105 3820 
9478 2789 2804 2787 3821 
9479 2614 2613 2615 3829 
9480 172 1116 1137 3873 
9481 2716 2682 2699 3860 
9482 2735 2749 51 890 
9483 2675 2837 2420 3793 
9484 1039 1027 1038 3847 
9485 1048 1193 1179 3861 
9486 1131 1133 1130 3836 
9487 62 63 1186 2746 
9488 934 1168 1088 3869 
9489 2661 2778 2767 381 
9490 1131 1130 1129 3836 
9491 943 2791 1092 3845 
9492 2753 2752 344 2623 
9493 1059 1031 1028 3886 
9494 2789 2787 2803 3821 
9495 2526 2713 2535 3845 
9496 418 419 2668 2799 
9497 2648 2484 2717 3846 
9498 2737 1002 2750 3866 
9499 1054 1143 895 3863 
9500 2469 2706 2462 3861 
9501 2421 2708 883 2463 
9502 1101 1150 3818 3860 
9503 2615 2613 2703 3829 
9504 2704 2434 2646 3882 
9505 2439 2622 2569 3887 
9506 2817 2622 444 3887 
9507 2463 2666 2673 3827 
9508 2650 2756 2684 3848 
9509 372 371 2773 2437 
9510 68 2787 2804 1069 
9511 2656 2637 3836 3852 
9512 2805 2428 407 2624 
9513 2566 2563 2642 3853 
9514 2646 2434 2759 3882 
9515 881 937 1002 3828 
9516 346 2630 2423 2751 
9517 1137 2760 172 3873 
9518 2738 3848 2650 3867 
9519 1140 1121 926 3827 
9520 2831 2817 444 3887 
9521 2662 2471 2526 3845 
9522 986 2472 3819 3878 
9523 915 918 917 3881 
9524 2740 2759 2758 3801 
9525 2641 2660 2468 3804 
9526 2791 943 2809 2471 
9527 2737 53 2750 1002 
9528 885 69 1069 2802 
9529 885 1152 70 2802 
9530 1058 1047 1057 3876 
9531 2816 2639 2764 3864 
9532 2428 2545 2546 3821 
9533 911 1018 921 3885 
9534 894 1125 2432 3888 
9535 2712 2718 2719 3839 
9536 2657 2828 2827 438 
9537 2656 2637 3835 3836 
9538 2833 2818 2816 3783 
9539 2734 2603 1095 3842 
9540 1166 2739 907 3830 
9541 2663 2656 3840 3852 
9542 2780 2786 2765 3863 
9543 1144 2835 2814 3817 
9544 2729 3843 2722 3891 
9545 2751 2737 2736 3866 
9546 2706 2730 2731 3861 
9547 1165 1125 1155 3888 
9548 2655 3823 2653 3840 
9549 1095 3842 2603 3871 
9550 889 2422 350 2754 
9551 2434 2704 2642 3882 
9552 2660 2599 2591 3834 
9553 1132 1135 1096 3852 
9554 1107 985 1106 3807 
9555 938 1158 940 3808 
9556 1125 2663 2432 2653 
9557 2421 883 2777 2463 
9558 3832 3836 2601 3852 
9559 2783 167 376 2421 
9560 2789 2805 2428 407 
9561 1078 907 908 3830 
9562 2814 2835 2837 3817 
9563 928 1173 1177 3880 
9564 2662 2791 2471 3845 
9565 2754 2422 350 2693 
9566 2706 2469 2730 3861 
9567 2762 1116 171 2779 
9568 2800 70 1152 2802 
9569 1133 1134 1097 3829 
9570 2691 2615 2703 3871 
9571 1155 1127 1165 3823 
9572 3839 3843 1108 3890 
9573 2784 2764 2639 3864 
9574 1155 1154 1127 3823 
9575 941 1003 1002 3866 
9576 353 352 2426 2742 
9577 2639 2702 2441 3864 
9578 1101 3818 3859 3860 
9579 2704 2566 2642 3853 
9580 2759 2434 2752 3882 
9581 1097 1096 3832 3871 
9582 928 1177 3862 3880 
9583 2591 2599 2587 3834 
9584 2422 2521 2676 3867 
9585 1113 1101 3818 3859 
9586 2749 2735 2753 3882 
9587 1130 3832 1135 3852 
9588 2708 3877 2462 3889 
9589 2782 931 2762 3872 
9590 2675 2420 2631 3793 
9591 923 922 1094 3875 
9592 2777 2776 377 2463 
9593 1145 3855 1147 3860 
9594 1147 1105 1103 3855 
9595 2605 2597 2570 3858 
9596 1095 1097 3842 3871 
9597 1091 1121 3827 3872 
9598 2672 2469 2462 3826 
9599 441 2634 2819 2834 
9600 933 1179 1193 3861 
9601 2444 2837 2675 3817 
9602 1172 3862 2715 3880 
9603 2737 2755 54 1002 
9604 1137 2780 2760 3863 
9605 889 2422 2754 2693 
9606 2760 2765 2778 3863 
9607 2593 2602 2590 3874 
9608 2700 2657 2658 3888 
9609 2760 1137 173 2780 
9610 886 1116 171 2762 
9611 2750 52 2749 1195 
9612 1072 882 1144 3793 
9613 2464 927 1182 3889 
9614 1097 1095 1096 3871 
9615 2701 2638 2739 3830 
9616 924 3877 1182 3889 
9617 2654 2688 2658 3823 
9618 2630 346 2736 2751 
9619 1129 1128 1046 3835 
9620 1002 2755 54 881 
9621 1078 934 1088 3869 
9622 2701 2792 2445 3830 
9623 2650 3848 2636 3867 
9624 1151 1126 1128 3840 
9625 2691 3832 2689 3871 
9626 1051 1052 1116 3873 
9627 2715 1178 927 3889 
9628 2565 2459 2546 3849 
9629 2777 167 883 2421 
9630 2699 3855 2695 3860 
9631 901 1021 1022 3883 
9632 933 1139 924 3826 
9633 2778 2767 2760 3873 
9634 69 2787 1069 2802 
9635 350 57 889 2754 
9636 2759 2735 2758 3882 
9637 2813 2830 2817 3887 
9638 2792 1166 1078 3830 
9639 1150 1102 1114 3813 
9640 927 2464 2715 3889 
9641 2673 2647 2672 3827 
9642 352 351 2529 2748 
9643 1185 1132 1096 3852 
9644 1195 52 2749 890 
9645 1128 1132 1151 3852 
9646 2419 2808 2662 3845 
9647 2705 2464 2708 3889 
9648 1132 1185 2663 3852 
9649 2484 3819 2472 3846 
9650 2573 2571 2607 3857 
9651 2648 2555 2511 3795 
9652 1150 1147 1103 3855 
9653 414 2806 74 988 
9654 2458 2466 2460 3851 
9655 2813 2831 2818 3887 
9656 75 74 900 2801 
9657 2756 2738 935 3848 
9658 911 910 909 3879 
9659 2471 2478 2526 3819 
9660 1114 1112 1113 3818 
9661 2562 2561 2559 3865 
9662 2762 2767 2781 3854 
9663 2676 1099 1194 3859 
9664 1095 2689 1096 3871 
9665 2603 3842 2711 3871 
9666 1097 1134 1171 3842 
9667 1110 1109 3839 3878 
9668 2733 2465 2619 3880 
9669 2808 2791 2662 3845 
9670 2453 2454 2452 3868 
9671 1091 1140 1139 3827 
9672 2636 2558 2522 3848 
9673 943 2471 2791 3845 
9674 4 2741 2822 1160 
9675 2822 2741 27 2692 
9676 2771 5 1161 2794 
9677 1052 1137 1116 3873 
9678 1091 1083 931 3872 
9679 2712 2722 2724 3890 
9680 1099 3859 2679 3860 
9681 2445 2446 2638 3830 
9682 376 2685 2783 2421 
9683 2597 2568 2570 3858 
9684 2747 347 2423 2751 
9685 2619 2665 3841 3880 
9686 2827 1156 151 2828 
9687 2690 2711 2615 3871 
9688 374 373 2770 2425 
9689 1146 3844 1105 3855 
9690 935 936 881 3848 
9691 1166 2792 2739 3830 
9692 1179 933 924 3861 
9693 2694 30 2771 2794 
9694 2441 2766 2784 3864 
9695 2676 889 2422 3867 
9696 2726 2722 2729 3843 
9697 2717 2718 2556 3884 
9698 1030 1028 1031 3886 
9699 2654 2593 2592 3874 
9700 2758 50 902 1068 
9701 2739 2792 2701 3830 
9702 2737 2750 2736 3866 
9703 2735 2752 2753 3882 
9704 414 415 2530 2801 
9705 2757 349 2521 2738 
9706 895 1137 1054 3863 
9707 2666 2763 2785 3872 
9708 928 1177 1180 3862 
9709 2786 2765 2433 383 
9710 2756 2650 2738 3848 
9711 2601 3836 2637 3852 
9712 2829 2819 2812 3850 
9713 2806 414 2479 988 
9714 376 167 2777 2421 
9715 911 912 910 3879 
9716 2558 2650 2684 3848 
9717 1135 1130 1133 3832 
9718 2759 2646 343 2434 
9719 2752 2759 343 2434 
9720 1180 1178 3862 3889 
9721 2738 2757 56 1188 
9722 1109 1149 983 3846 
9723 2836 437 150 894 
9724 2467 2666 2785 3872 
9725 2601 3832 2637 3836 
9726 2601 2598 2689 3832 
9727 1166 907 1078 3830 
9728 1171 3841 1170 3842 
9729 2619 2618 2616 3841 
9730 2765 2778 2669 382 
9731 1022 1021 1023 3883 
9732 2816 446 2639 2818 
9733 930 929 920 3870 
9734 382 2669 2765 2433 
9735 2781 380 2424 2661 
9736 2782 2763 1121 3872 
9737 2535 2419 2526 3845 
9738 2463 2673 2708 3877 
9739 2721 2480 1157 3891 
9740 2603 2690 2689 3871 
9741 1114 1101 1150 3818 
9742 375 374 2775 2531 
9743 50 2758 2735 1068 
9744 2603 2711 2690 3871 
9745 882 152 2815 3888 
9746 1153 2464 883 2421 
9747 2812 2819 2832 3850 
9748 165 166 2775 981 
9749 1108 3839 1107 3843 
9750 2760 2767 2779 3873 
9751 2665 2618 2619 3841 
9752 2656 3835 2655 3840 
9753 2480 2712 3878 3890 
9754 406 2440 2811 2624 
9755 2462 2673 2672 3877 
9756 1099 2679 1145 3860 
9757 1079 1018 1190 3885 
9758 2525 1145 2679 3860 
9759 2423 2684 347 2747 
9760 2828 894 437 2432 
9761 1095 2603 2689 3871 
9762 1088 66 2810 896 
9763 884 74 2806 988 
9764 58 59 947 2748 
9765 905 2745 64 1160 
9766 2813 2817 2831 3887 
9767 2780 2765 2760 3863 
9768 1158 1076 1113 3837 
9769 436 435 2541 2826 
9770 2745 357 64 1160 
9771 894 1119 1185 2663 
9772 1135 1133 1097 3832 
9773 928 1172 1170 3880 
9774 2724 2718 2712 3839 
9775 2735 2759 2752 3882 
9776 2676 2680 2679 3859 
9777 406 2811 2805 2624 
9778 2436 354 61 2744 
9779 2593 2590 2592 3874 
9780 2441 385 2639 2784 
9781 1153 167 2783 883 
9782 1140 926 1182 3877 
9783 380 2781 2767 2661 
9784 74 2801 414 900 
9785 1195 1002 1003 3866 
9786 1047 1036 1057 3876 
9787 1119 894 1125 2663 
9788 924 1139 1140 3877 
9789 2601 2663 2598 3852 
9790 2658 2657 2653 3888 
9791 2621 2786 383 2766 
9792 2757 2422 350 889 
9793 2701 2445 2638 3830 
9794 935 1076 936 3867 
9795 1091 931 1121 3872 
9796 2602 2656 2637 3835 
9797 2695 2699 2697 3855 
9798 2745 2692 357 1160 
9799 2738 1188 935 3867 
9800 2472 982 2479 3878 
9801 2521 2677 2676 3867 
9802 2700 2815 439 3888 
9803 2427 414 2479 2806 
9804 1078 1088 65 3869 
9805 1178 1172 928 3862 
9806 2825 146 433 1071 
9807 1113 3837 1194 3859 
9808 1080 1020 159 2833 
9809 51 50 2735 1068 
9810 61 2436 2744 897 
9811 2823 143 430 1087 
9812 2766 2774 2784 3864 
9813 1078 65 2793 3869 
9814 2638 2646 342 2740 
9815 430 2643 2823 1087 
9816 2654 2653 2655 3823 
9817 2627 2820 145 432 
9818 2464 927 883 1182 
9819 175 174 1061 2761 
9820 2525 2695 1145 3860 
9821 2657 2432 2828 438 
9822 2793 2810 2811 3869 
9823 1070 2820 145 2627 
9824 1171 1173 1170 3841 
9825 2636 2677 2521 3867 
9826 1162 889 57 2754 
9827 1126 1119 1125 3840 
9828 1130 1132 1128 3852 
9829 439 2657 2700 3888 
9830 939 917 918 3881 
9831 2419 2662 2526 3845 
9832 2593 2655 2656 3835 
9833 2654 2658 2653 3823 
9834 66 2788 2810 896 
9835 2637 2601 2703 3832 
9836 894 437 150 2828 
9837 2723 2695 2727 3855 
9838 2731 3862 2705 3889 
9839 350 57 2757 889 
9840 2421 2777 377 2463 
9841 2663 894 1125 2432 
9842 2820 144 431 1070 
9843 2700 2815 2420 439 
9844 1101 1147 1150 3860 
9845 2754 1162 889 2693 
9846 2441 2621 384 2766 
9847 2442 2692 357 2745 
9848 2663 2601 2656 3852 
9849 412 2791 2809 2471 
9850 2645 2772 160 369 
9851 2699 2695 2679 3860 
9852 1169 2836 150 894 
9853 2836 2686 437 894 
9854 2555 2717 2556 3884 
9855 433 2628 2825 1071 
9856 1180 1179 1178 3889 
9857 1110 3839 1108 3890 
9858 1194 3837 1076 3867 
9859 2689 2598 1096 3832 
9860 882 1155 152 3888 
9861 2679 2678 2676 3859 
9862 2777 926 168 2776 
9863 931 886 170 2762 
9864 174 173 895 2780 
9865 2740 49 907 902 
9866 986 884 943 2471 
9867 2679 3859 2716 3860 
9868 2722 3890 2480 3891 
9869 431 2820 1070 2627 
9870 1107 1108 985 3839 
9871 405 2440 2445 2793 
9872 2480 2482 1157 2481 
9873 2734 2711 2603 3842 
9874 370 2772 161 2645 
9875 2428 408 2789 407 
9876 2725 2724 2722 3843 
9877 1065 371 162 2768 
9878 2465 3862 2707 3880 
9879 149 148 2826 1117 
9880 2695 2697 2727 3855 
9881 2737 54 53 1002 
9882 160 925 2772 2645 
9883 2738 2650 2521 3867 
9884 1178 1182 927 3889 
9885 66 67 2788 896 
9886 2768 1065 371 2625 
9887 2464 1153 2685 2421 
9888 2628 147 434 2825 
9889 442 2634 2819 441 
9890 2481 1189 2532 2483 
9891 2798 419 79 2443 
9892 1178 2715 1172 3862 
9893 2518 2667 1089 2632 
9894 161 2768 370 2625 
9895 1108 1100 3890 3891 
9896 931 2782 1121 3872 
9897 2516 2425 2531 1148 
9898 904 1080 176 2774 
9899 2772 925 161 2645 
9900 2817 443 444 2622 
9901 385 2639 2784 2764 
9902 1157 989 2481 995 
9903 2472 2479 2480 3878 
9904 2424 2467 379 2781 
9905 2478 986 2471 2427 
9906 2602 2593 2656 3835 
9907 1064 77 417 2797 
9908 352 59 888 2742 
9909 2625 370 161 2645 
9910 2422 349 2521 2757 
9911 2635 2664 892 1064 
9912 157 158 901 2813 
9913 2625 161 925 2645 
9914 2666 2647 2673 3827 
9915 2464 927 1153 883 
9916 2725 2722 2726 3843 
9917 986 1073 1142 3819 
9918 989 2479 982 3878 
9919 155 156 891 2812 
9920 1119 1126 1151 3840 
9921 2825 2628 147 1071 
9922 2773 163 372 898 
9923 885 70 69 2802 
9924 156 157 1062 2830 
9925 1121 1140 1091 3827 
9926 1146 2525 2723 2695 
9927 1086 80 2798 420 
9928 445 2439 2831 444 
9929 1147 1146 1105 3855 
9930 415 1124 75 2795 
9931 943 884 2809 2471 
9932 2708 2673 2462 3877 
9933 383 384 2621 2766 
9934 2435 1064 417 2797 
9935 898 163 372 1067 
9936 2809 72 943 2791 
9937 2690 2615 2691 3871 
9938 371 2437 162 2773 
9939 2530 414 2801 900 
9940 2832 2429 442 443 
9941 927 1159 1172 2715 
9942 2438 432 899 2824 
9943 2798 2443 1086 420 
9944 1114 1113 1101 3818 
9945 2500 971 970 2509 
9946 2629 2743 353 1077 
9947 2793 2792 65 1078 
9948 2740 342 2638 2739 
9949 2773 2437 162 898 
9950 921 1018 1079 3885 
9951 146 2438 2824 433 
9952 2734 1170 1095 2733 
9953 956 2488 2490 2491 
9954 1172 2733 1170 3880 
9955 2628 1071 1005 887 
9956 2550 1007 954 957 
9957 2713 2526 2478 3819 
9958 2806 2427 884 988 
9959 2715 2705 2465 3862 
9960 986 987 982 3878 
9961 888 60 353 2742 
9962 1097 1171 1170 3842 
9963 79 2798 2443 1086 
9964 413 2427 73 2806 
9965 2490 2550 954 957 
9966 1124 75 900 415 
9967 2489 952 954 2493 
9968 351 58 947 2748 
9969 2493 952 954 953 
9970 1001 993 2710 897 
9971 2635 2664 1064 2435 
9972 2769 2626 372 1067 
9973 1007 970 2504 953 
9974 2489 952 2493 2499 
9975 2664 1122 892 1064 
9976 2525 1146 1145 2695 
9977 2500 964 2499 953 
9978 986 2472 2478 3819 
9979 2807 2544 410 2790 
9980 146 2438 433 1071 
9981 2743 354 61 1077 
9982 2548 2485 950 2538 
9983 2493 1007 2504 953 
9984 144 2823 2643 1087 
9985 164 893 373 1067 
9986 1180 1178 928 3862 
9987 2493 2504 2500 953 
9988 1146 1147 1145 3855 
9989 2490 955 2488 956 
9990 952 2493 2499 953 
9991 446 445 2567 2818 
9992 2490 2492 956 2491 
9993 970 2500 2504 953 
9994 899 146 2438 2824 
9995 899 2627 2438 1081 
9996 2427 2806 2479 988 
9997 2498 959 967 963 
9998 2731 2707 2465 3862 
9999 887 434 147 2821 
10000 2821 148 887 435 
10001 2494 958 2492 2491 
10002 2529 947 948 2426 
10003 2803 408 2545 409 
10004 1087 2643 144 1070 
10005 2625 925 2632 2645 
10006 899 2627 432 2438 
10007 2774 2764 2784 3864 
10008 372 2437 898 1067 
10009 52 51 2749 890 
10010 892 77 417 1064 
10011 2426 888 949 1077 
10012 2487 2532 992 2483 
10013 2480 1157 989 2481 
10014 356 2745 63 905 
10015 2691 2601 2689 3832 
10016 2426 949 2539 2629 
10017 407 406 2805 2624 
10018 962 959 957 2497 
10019 1005 2628 887 2430 
10020 374 165 893 2770 
10021 417 2635 892 1064 
10022 1124 416 2635 892 
10023 2628 1005 2542 2430 
10024 971 970 964 2500 
10025 2492 957 959 2497 
10026 889 2676 2422 2678 
10027 2497 962 959 963 
10028 2785 2763 2782 3872 
10029 954 2550 2490 2493 
10030 2766 384 2441 2784 
10031 2676 1194 1099 889 
10032 2433 2765 382 383 
10033 1008 965 958 2494 
10034 954 1007 2550 2493 
10035 2692 2822 2741 1160 
10036 1161 2694 2771 2794 
10037 957 2550 1007 962 
10038 2498 2497 959 963 
10039 2768 161 1065 2625 
10040 956 2492 958 2491 
10041 900 75 2801 415 
10042 1138 2547 2626 2519 
10043 2509 2510 974 2504 
10044 2769 164 373 1067 
10045 145 899 2627 432 
10046 162 2437 371 1065 
10047 2492 2495 958 2494 
10048 965 2552 2501 2494 
10049 372 2437 2773 898 
10050 959 2492 2495 958 
10051 959 957 2492 958 
10052 152 153 1144 2835 
10053 416 1124 76 892 
10054 2490 2492 957 956 
10055 948 949 2539 2426 
10056 2509 2500 971 2514 
10057 2506 967 2507 2498 
10058 1135 1097 1096 3832 
10059 2495 1008 959 958 
10060 2532 991 2530 2431 
10061 1185 2598 2663 3852 
10062 2550 2490 2492 957 
10063 2548 952 2489 2499 
10064 2516 2547 2425 1148 
10065 2632 2667 1089 1065 
10066 947 888 948 2426 
10067 925 1065 161 2625 
10068 2708 2462 2705 3889 
10069 974 970 2509 2504 
10070 965 1008 2552 2494 
10071 888 353 60 1077 
10072 2629 2426 949 1077 
10073 962 2497 2543 963 
10074 972 978 2528 2540 
10075 2497 959 2495 2498 
10076 967 2495 959 2498 
10077 958 2495 1008 2494 
10078 372 163 2769 1067 
10079 1084 2525 1099 2678 
10080 354 2743 2629 1077 
10081 2664 2533 1122 998 
10082 58 1162 2754 2693 
10083 951 2499 964 953 
10084 2482 996 1157 995 
10085 2796 416 76 892 
10086 71 1152 1092 2808 
10087 343 344 2752 2434 
10088 2743 60 353 1077 
10089 947 1162 58 2693 
10090 2663 2686 894 2432 
10091 2740 2646 342 2759 
10092 2816 1080 159 2833 
10093 1008 967 2495 959 
10094 1004 2651 2542 1006 
10095 2490 2489 954 2493 
10096 432 145 899 2824 
10097 981 165 893 374 
10098 2519 2517 1010 2501 
10099 1186 2671 356 905 
10100 986 982 2472 3878 
10101 2489 955 2488 2490 
10102 2539 2538 948 2426 
10103 2626 2769 373 1067 
10104 2495 2492 959 2497 
10105 154 155 1075 2829 
10106 2804 67 68 1063 
10107 1122 2503 2664 998 
10108 2686 2836 1169 894 
10109 962 957 2550 2497 
10110 2753 344 345 2623 
10111 2644 2438 2627 1081 
10112 2443 419 79 2668 
10113 1004 2542 1005 1006 
10114 957 2492 2550 2497 
10115 417 2635 1064 2435 
10116 954 2490 957 956 
10117 954 1007 2493 953 
10118 1159 927 2714 2715 
10119 2437 371 1065 2625 
10120 2484 3846 2472 3878 
10121 1089 2518 2632 1066 
10122 948 2538 2529 2426 
10123 976 1093 2518 1066 
10124 2480 2712 2472 3878 
10125 898 2437 162 1065 
10126 2490 954 955 956 
10127 950 2548 2539 2499 
10128 1182 924 1140 3877 
10129 2797 2435 1064 418 
10130 899 1070 145 2627 
10131 986 1142 1149 3819 
10132 2519 1010 1009 2501 
10133 352 947 2748 2529 
10134 2797 1064 78 418 
10135 2742 888 352 2426 
10136 2431 1124 900 415 
10137 2533 2664 2503 998 
10138 2419 2544 410 2807 
10139 949 948 888 2426 
10140 2782 2762 2785 3872 
10141 1001 951 949 2549 
10142 1189 990 2481 2532 
10143 2632 1065 925 2625 
10144 1065 2632 2667 2625 
10145 2723 2726 2729 3844 
10146 2656 2655 2663 3840 
10147 2483 2482 995 2485 
10148 415 2431 1124 2795 
10149 146 899 2438 1071 
10150 996 2524 1084 961 
10151 2499 2493 2500 953 
10152 958 957 2492 956 
10153 888 59 352 947 
10154 1130 1135 1132 3852 
10155 49 2740 2758 902 
10156 416 2796 2635 892 
10157 2548 950 952 2499 
10158 2686 437 436 2836 
10159 2531 166 2775 375 
10160 2481 2482 1157 995 
10161 2739 2740 49 907 
10162 2792 405 2445 2793 
10163 2495 2552 1008 2494 
10164 2508 973 968 2513 
10165 968 2507 2508 2513 
10166 967 2506 2495 2498 
10167 2678 2693 1162 2529 
10168 2643 431 144 1070 
10169 164 893 2770 373 
10170 2628 434 147 887 
10171 2500 970 964 953 
10172 2628 433 2438 1071 
10173 2501 1010 1009 965 
10174 2801 2530 900 415 
10175 1008 967 2506 2495 
10176 2651 1007 2550 962 
10177 951 2539 949 2549 
10178 960 958 2494 2491 
10179 2528 2508 972 2540 
10180 2650 2636 2521 3867 
10181 2486 955 2488 2489 
10182 2686 2541 978 1169 
10183 1006 2542 1005 1090 
10184 2437 898 2667 1065 
10185 964 971 2500 2514 
10186 1156 894 151 2828 
10187 970 2500 2509 2504 
10188 345 346 2736 2630 
10189 2539 950 2499 951 
10190 1010 2501 966 965 
10191 2706 2731 2705 3889 
10192 2543 1006 962 963 
10193 2719 2484 2472 3878 
10194 971 994 2515 2514 
10195 2714 2685 1153 2531 
10196 955 2489 954 2490 
10197 1006 2651 2542 2543 
10198 1186 356 63 905 
10199 964 993 2514 2549 
10200 2550 1007 2504 2493 
10201 2710 993 2534 897 
10202 2518 1089 976 1066 
10203 2442 2745 356 905 
10204 2503 2502 966 975 
10205 1159 2531 981 1148 
10206 972 2543 1006 1090 
10207 2506 967 977 2507 
10208 994 971 993 2514 
10209 1005 974 2510 1004 
10210 2661 2767 380 381 
10211 2524 996 2482 961 
10212 972 973 968 2508 
10213 2518 1093 2554 1066 
10214 1001 964 951 2549 
10215 975 2503 2502 2553 
10216 2823 431 144 2643 
10217 964 2500 2499 2549 
10218 416 2431 1124 2635 
10219 2543 972 2540 1090 
10220 2714 927 1153 2464 
10221 2686 437 894 2432 
10222 2515 2670 994 2627 
10223 2517 1120 1089 2683 
10224 418 1064 78 2668 
10225 2827 439 2815 3888 
10226 2443 1066 903 1086 
10227 1089 1120 898 2683 
10228 1066 2554 2443 903 
10229 1185 1096 2598 3852 
10230 2727 2726 2723 3844 
10231 2636 2650 2558 3848 
10232 950 1123 2485 2548 
10233 1008 2506 2552 2495 
10234 966 969 2503 975 
10235 2498 2543 2497 963 
10236 2815 152 2827 3888 
10237 2499 950 952 951 
10238 2539 950 949 948 
10239 980 1008 967 2506 
10240 995 2482 996 961 
10241 958 960 956 2491 
10242 2488 1164 2551 2491 
10243 2644 2627 2515 1081 
10244 353 888 2742 2426 
10245 2783 166 1153 2685 
10246 385 2441 384 2784 
10247 1153 2685 2714 2464 
10248 68 69 2787 1069 
10249 1124 76 2795 416 
10250 1189 992 2532 2483 
10251 1093 2554 1066 903 
10252 898 1089 2667 1065 
10253 2799 79 419 2668 
10254 2721 2482 1157 2480 
10255 972 978 973 2528 
10256 2437 372 2626 1067 
10257 992 1189 997 2483 
10258 950 2539 2538 948 
10259 2462 2706 2705 3889 
10260 170 1121 931 2782 
10261 1070 2643 431 2627 
10262 2791 411 2662 412 
10263 2721 2723 2729 3891 
10264 2496 965 2501 2494 
10265 894 1185 2686 2663 
10266 1009 2552 2519 2501 
10267 2529 352 947 2426 
10268 993 964 1001 2549 
10269 2542 2510 2651 1004 
10270 347 346 2423 2751 
10271 1179 924 1178 3889 
10272 1164 2488 956 2491 
10273 2501 966 965 2496 
10274 173 172 1137 2760 
10275 967 2507 2498 968 
10276 1066 2632 1089 1065 
10277 2782 931 170 2762 
10278 2603 2734 1095 2733 
10279 1000 2534 993 897 
10280 414 2530 2479 988 
10281 79 2443 2668 903 
10282 2815 2837 2420 439 
10283 1090 2540 2542 2430 
10284 2501 2517 1010 2502 
10285 951 952 2499 953 
10286 2486 2483 997 2485 
10287 2775 981 166 2531 
10288 972 963 2543 2508 
10289 2510 2542 1005 1004 
10290 1110 989 3878 3890 
10291 1169 978 2686 1118 
10292 1071 2628 147 887 
10293 2480 2479 989 3878 
10294 2489 952 955 954 
10295 2793 405 2440 2811 
10296 1066 2632 1065 925 
10297 980 1008 2552 1009 
10298 2430 2821 887 435 
10299 2501 1009 2552 965 
10300 956 955 2488 1164 
10301 1119 1132 1185 2663 
10302 960 958 965 2494 
10303 1164 1163 2488 2551 
10304 2835 882 152 2815 
10305 2821 887 434 2430 
10306 1065 2667 2437 2625 
10307 1113 1194 1101 3859 
10308 2530 2481 990 2532 
10309 971 2515 2644 2509 
10310 963 2498 2543 2508 
10311 417 2796 77 892 
10312 1089 1010 1120 2517 
10313 1007 2504 2651 2550 
10314 1120 2517 2519 2683 
10315 2486 1123 955 2489 
10316 2754 351 58 2693 
10317 353 888 2426 1077 
10318 2431 2532 991 2533 
10319 2701 405 2445 2792 
10320 1166 2739 49 907 
10321 436 2686 2836 1169 
10322 1000 2670 2442 1184 
10323 1186 1000 2671 905 
10324 2539 2548 950 2538 
10325 974 1141 1005 2687 
10326 2685 166 1153 2531 
10327 972 968 963 2508 
10328 2680 2716 2679 3859 
10329 2554 2443 2632 1066 
10330 2693 351 58 2529 
10331 2629 353 2426 1077 
10332 1008 2552 1009 965 
10333 971 964 993 2514 
10334 2692 430 143 1087 
10335 2538 2485 950 961 
10336 1084 2524 2525 2678 
10337 2464 2714 927 2715 
10338 2498 963 968 2508 
10339 1123 952 955 2489 
10340 963 967 2498 968 
10341 2656 2601 2637 3852 
10342 2506 2547 980 2552 
10343 1081 2515 2644 971 
10344 78 2799 2668 903 
10345 2489 2486 1123 2548 
10346 1004 970 2504 1007 
10347 439 440 2837 2675 
10348 57 58 1162 2754 
10349 2543 972 2508 2540 
10350 2795 2431 1124 416 
10351 964 2499 951 2549 
10352 2509 971 2515 2514 
10353 1001 2710 2629 897 
10354 2774 1080 176 2764 
10355 980 1008 2506 2552 
10356 995 997 2483 961 
10357 2643 430 2692 1087 
10358 992 2532 2487 2659 
10359 1172 1159 2604 2715 
10360 2685 2783 166 375 
10361 352 888 947 2426 
10362 1070 994 2670 2627 
10363 2507 967 977 968 
10364 969 2503 2551 2496 
10365 1010 2501 2502 966 
10366 990 2481 989 995 
10367 2796 417 2635 892 
10368 897 2629 1001 1077 
10369 2676 2678 1099 3859 
10370 977 980 967 2506 
10371 961 950 2538 948 
10372 987 1149 1109 3846 
10373 2668 2799 79 903 
10374 2508 972 973 2528 
10375 2500 964 2514 2549 
10376 2524 1084 961 948 
10377 924 1182 1178 3889 
10378 2627 899 1070 1081 
10379 1160 2692 143 1087 
10380 962 2550 2651 2497 
10381 1124 2635 1187 892 
10382 2485 995 2483 961 
10383 969 2503 1122 998 
10384 2496 2551 1164 2491 
10385 2547 980 2552 1009 
10386 1188 2757 56 889 
10387 2485 2483 997 961 
10388 418 2435 1064 2668 
10389 2530 990 900 991 
10390 2442 2534 2670 1000 
10391 2502 2517 1010 976 
10392 2651 1004 1007 962 
10393 2497 2651 962 2543 
10394 2517 1010 1120 2519 
10395 991 2530 990 2532 
10396 2442 356 2671 905 
10397 883 926 168 2777 
10398 969 960 966 2496 
10399 2487 2488 1163 2551 
10400 381 2669 2778 382 
10401 172 171 1116 2779 
10402 165 981 2775 374 
10403 2531 2775 981 374 
10404 951 2499 2539 2549 
10405 2650 349 348 2738 
10406 1093 2553 2554 2435 
10407 439 2827 2657 3888 
10408 1184 994 2670 1070 
10409 2738 56 55 935 
10410 973 2508 2528 2513 
10411 2485 1123 2486 2548 
10412 2799 418 78 2668 
10413 436 149 2826 1117 
10414 2705 2731 2465 3862 
10415 2748 947 351 2529 
10416 2552 2547 1009 2519 
10417 1010 1009 1120 2519 
10418 971 2644 974 2509 
10419 379 378 2785 2666 
10420 961 2538 2524 948 
10421 2808 1092 71 2791 
10422 976 2502 2517 2518 
10423 2494 2496 960 2491 
10424 160 1161 2645 369 
10425 2531 2685 166 375 
10426 973 979 968 2513 
10427 79 2443 903 1086 
10428 973 1096 2689 2598 
10429 2553 2502 975 2518 
10430 2744 2436 62 897 
10431 1172 1178 927 2715 
10432 963 2543 1006 972 
10433 2431 900 2530 415 
10434 2628 434 887 2430 
10435 935 1188 1076 3867 
10436 2532 992 991 998 
10437 379 2666 2785 2467 
10438 947 948 1084 2529 
10439 1194 1076 1188 3867 
10440 1087 2670 2643 1070 
10441 2496 960 965 2494 
10442 2710 2514 993 2549 
10443 2430 1090 2540 2541 
10444 1122 2503 969 975 
10445 2541 435 2430 1117 
10446 1087 1184 2670 1070 
10447 1081 2644 974 971 
10448 170 169 1121 2782 
10449 1071 1005 1141 2687 
10450 960 965 966 2496 
10451 1005 1071 2628 2687 
10452 2496 1164 960 2491 
10453 2691 2689 2690 3871 
10454 2668 1064 78 903 
10455 2525 2679 2695 3860 
10456 59 352 947 2748 
10457 2510 974 1005 2687 
10458 974 970 971 2509 
10459 2483 997 2487 2486 
10460 2442 2671 2534 1000 
10461 1161 2645 369 2694 
10462 1006 962 2651 2543 
10463 2643 2692 2442 1087 
10464 2655 2653 2663 3840 
10465 949 1001 2629 1077 
10466 2507 2498 968 2508 
10467 978 2528 2540 2541 
10468 2442 2671 1000 905 
10469 1123 955 1163 2486 
10470 1096 1095 973 2689 
10471 1093 975 976 2518 
10472 2686 436 2541 1169 
10473 1138 1120 1009 2519 
10474 950 2539 949 951 
10475 1100 1108 1115 3891 
10476 1123 952 2489 2548 
10477 991 1124 900 2431 
10478 2481 2482 995 2483 
10479 2714 2604 1159 2715 
10480 2679 2716 2699 3860 
10481 2436 2710 2534 897 
10482 1164 999 1163 2551 
10483 1010 2502 976 966 
10484 2541 1090 978 1117 
10485 925 160 1161 2645 
10486 2746 2671 1186 355 
10487 1160 2442 2692 1087 
10488 992 2532 2659 998 
10489 355 2436 62 2744 
10490 80 2694 1086 1161 
10491 2517 1089 1010 976 
10492 2659 999 969 2551 
10493 2701 2638 342 2739 
10494 1166 65 2792 1078 
10495 2436 1186 2671 355 
10496 992 2659 999 998 
10497 373 893 2425 1067 
10498 1153 2714 2531 1159 
10499 1160 905 2442 1087 
10500 978 2528 2541 2686 
10501 1004 2504 2651 1007 
10502 2501 2502 966 2496 
10503 2533 2503 2659 998 
10504 2531 981 1153 1159 
10505 990 989 2481 988 
10506 979 2507 968 2513 
10507 989 1100 1157 3890 
10508 2427 884 73 2806 
10509 58 947 2693 2529 
10510 2506 977 2516 2507 
10511 1108 1107 1115 3843 
10512 2632 2518 2554 1066 
10513 1155 1125 1156 3888 
10514 975 1093 2553 2518 
10515 2524 2482 2485 961 
10516 2781 2467 379 2785 
10517 2488 2487 1163 2486 
10518 2485 1123 950 961 
10519 2635 2431 1124 1187 
10520 1081 994 2515 971 
10521 73 2809 2427 413 
10522 2436 62 1186 355 
10523 1163 2488 955 1164 
10524 993 1001 2710 2549 
10525 996 1100 1146 3891 
10526 1108 1109 985 3839 
10527 975 1122 2503 2553 
10528 1089 2667 2517 2683 
10529 2513 1095 979 2733 
10530 889 1099 2676 2678 
10531 2502 976 975 2518 
10532 374 893 981 2425 
10533 2644 2510 974 2509 
10534 1189 995 997 2483 
10535 1120 1138 2626 2519 
10536 2604 977 1159 979 
10537 2488 1163 955 2486 
10538 2484 2478 2472 3819 
10539 905 1184 2442 1087 
10540 2694 80 1086 420 
10541 978 2540 1090 2541 
10542 2604 977 979 2507 
10543 2679 1099 2678 3859 
10544 2703 2601 2691 3832 
10545 2486 997 1123 2485 
10546 989 1157 2480 3890 
10547 2480 3878 989 3890 
10548 995 1189 2481 2483 
10549 990 1189 992 2532 
10550 2540 972 978 1090 
10551 150 149 2836 1169 
10552 409 410 2544 2790 
10553 1100 996 1157 3891 
10554 969 999 1164 2551 
10555 2554 2553 1093 2518 
10556 1186 62 2746 355 
10557 2651 1004 962 1006 
10558 2436 2629 2710 897 
10559 999 2659 969 998 
10560 989 2479 2481 988 
10561 992 991 990 2532 
10562 1152 71 2800 2808 
10563 2425 2547 2626 1138 
10564 997 2487 992 2483 
10565 356 2746 2671 1186 
10566 991 900 2530 2431 
10567 2645 1086 2443 2694 
10568 981 2531 374 2425 
10569 2826 2541 436 1117 
10570 999 2487 1163 2551 
10571 2530 990 988 900 
10572 2670 1000 994 1184 
10573 2694 1086 2443 420 
10574 1093 1122 975 2553 
10575 899 2438 1071 1141 
10576 978 2528 2686 1118 
10577 1122 2664 2503 2553 
10578 2837 2675 2420 439 
10579 1005 2628 2542 2687 
10580 2754 350 351 2693 
10581 2663 1185 2686 2598 
10582 2504 2651 2510 1004 
10583 2750 53 52 1195 
10584 1155 1156 152 3888 
10585 2533 2659 2532 998 
10586 2693 947 1162 2529 
10587 893 374 2770 2425 
10588 1164 956 960 2491 
10589 2482 995 2485 961 
10590 2534 2515 2670 994 
10591 2836 149 436 1169 
10592 2507 979 2604 2513 
10593 2554 2435 2668 903 
10594 2485 2538 2524 961 
10595 1070 2670 2643 2627 
10596 1145 1147 1101 3860 
10597 1163 2487 992 997 
10598 2687 1141 2438 2644 
10599 981 2531 2425 1148 
10600 906 1144 153 2814 
10601 2619 2465 2665 3880 
10602 2533 2532 991 998 
10603 2436 1186 62 897 
10604 996 2721 1157 3891 
10605 2668 2443 2554 903 
10606 2635 2664 2533 1187 
10607 2783 2685 376 375 
10608 369 1161 2771 160 
10609 2822 430 143 2692 
10610 980 2547 1138 1009 
10611 893 981 2425 1148 
10612 996 1146 2721 3891 
10613 1159 2516 2531 1148 
10614 981 1153 166 2531 
10615 1099 996 2525 1084 
10616 986 884 2471 2427 
10617 1001 2710 2549 2629 
10618 935 2738 56 1188 
10619 2435 2554 1093 903 
10620 994 1000 2534 993 
10621 2746 356 63 1186 
10622 2519 2626 1120 2683 
10623 2431 2635 2533 1187 
10624 980 977 2516 2506 
10625 1162 1084 2678 2529 
10626 1000 2534 2670 994 
10627 2435 1093 1064 903 
10628 2686 1118 1185 894 
10629 2485 997 1123 961 
10630 2785 2666 378 2763 
10631 1161 369 2771 2694 
10632 979 973 1095 2513 
10633 2807 411 2419 2808 
10634 1162 1084 1099 2678 
10635 2626 1067 1138 1120 
10636 2692 143 2822 1160 
10637 943 71 1092 2791 
10638 2694 1161 80 2794 
10639 2442 1000 1184 905 
10640 2479 2480 989 2481 
10641 2659 2487 992 999 
10642 2425 2770 893 373 
10643 2503 2659 969 2551 
10644 2484 2648 2478 3819 
10645 357 2741 64 1160 
10646 2604 2516 977 2507 
10647 999 2659 2487 2551 
10648 979 1095 1172 2733 
10649 881 2756 55 935 
10650 1096 973 1185 2598 
10651 973 1118 1185 2598 
10652 2514 993 2534 2710 
10653 2687 974 1141 2644 
10654 1095 1097 1170 3842 
10655 152 1144 882 2835 
10656 2547 1138 1009 2519 
10657 952 1123 950 2548 
10658 1169 149 436 1117 
10659 997 1123 1163 2486 
10660 2521 349 2650 2738 
10661 996 2482 2525 2524 
10662 2516 2531 2714 1159 
10663 2626 373 2425 1067 
10664 2741 357 2692 1160 
10665 2713 2478 2648 3819 
10666 1084 2524 2678 2529 
10667 2541 2826 435 1117 
10668 1118 973 2528 2598 
10669 2826 148 435 1117 
10670 2714 1153 927 1159 
10671 2481 990 1189 995 
10672 991 2431 2533 1187 
10673 980 2516 2547 2506 
10674 420 2694 80 2794 
10675 1113 1076 1194 3837 
10676 1099 889 1162 2678 
10677 2513 979 2604 2733 
10678 989 1108 1100 3890 
10679 947 58 351 2529 
10680 1153 167 166 2783 
10681 1145 2679 1099 2525 
10682 1163 992 2487 999 
10683 2755 2756 55 881 
10684 2524 2525 996 1084 
10685 2465 2707 2665 3880 
10686 2533 1187 1122 998 
10687 1148 2425 893 1138 
10688 2712 2719 2472 3878 
10689 2687 2510 974 2644 
10690 158 159 1020 2833 
10691 2701 342 26 2739 
10692 1187 2533 991 998 
10693 2503 969 2659 998 
10694 1169 436 2541 1117 
10695 977 979 2507 968 
10696 2513 2603 1095 2733 
10697 1156 2827 152 3888 
10698 2644 974 1141 1081 
10699 2502 976 966 975 
10700 2668 2435 1064 903 
10701 2809 412 2471 2427 
10702 1169 2541 978 1117 
10703 1163 2487 997 2486 
10704 1084 1162 947 2529 
10705 2427 2472 982 2479 
10706 2528 2686 1118 2598 
10707 2525 2679 1099 2678 
10708 1172 1095 1170 2733 
10709 176 175 904 2774 
10710 2516 977 980 1148 
10711 2471 884 2809 2427 
10712 977 2516 2604 1159 
10713 979 1159 2604 1172 
10714 1005 2542 2510 2687 
10715 2714 2604 2516 1159 
10716 943 884 72 2809 
10717 986 982 884 2427 
10718 2664 2533 1187 1122 
10719 376 2777 377 2421 
10720 2662 2419 411 2808 
10721 1148 980 2547 1138 
10722 2809 884 73 2427 
10723 2513 2528 973 2598 
10724 2701 26 405 2792 
10725 2729 2722 2721 3891 
10726 1148 2547 2425 1138 
10727 2432 437 2828 438 
10728 1185 1118 2686 2598 
10729 378 377 2776 2463 
10730 2689 2603 1095 2513 
10731 2722 2480 2721 3891 
10732 2528 978 973 1118 
10733 2431 991 1124 1187 
10734 1108 1110 1109 3839 
10735 72 71 943 2791 
10736 1159 977 2516 1148 
10737 348 2684 2650 2756 
10738 171 170 886 2762 
10739 2721 1146 996 2723 
10740 2684 348 2747 2756 
10741 2814 1144 153 2835 
10742 2479 989 982 988 
10743 973 2689 2513 2598 
10744 906 153 154 2814 
10745 2686 1169 1118 894 
10746 989 982 1110 3878 
10747 2733 1172 2604 2715 
10748 2547 2516 980 1148 
10749 2422 350 349 2757 
10750 2756 2738 55 935 
10751 2689 1095 973 2513 
10752 2782 169 1121 2763 
10753 2480 2722 2712 3890 
10754 1194 1099 1101 3859 
10755 2482 1157 996 2721 
10756 2827 439 2657 438 
10757 1172 2604 979 2733 
10758 2771 30 5 2794 
10759 27 4 2741 2822 
10760 2739 26 2701 2792 
10761 987 1110 982 3878 
10762 50 49 2758 902 
10763 2757 57 56 889 
10764 2444 441 440 2834 
10765 1110 1108 989 3890 
10766 380 2424 379 2781 
10767 2639 31 2816 2764 
10768 883 168 167 2777 
10769 2811 405 2440 406 
10770 2738 348 2650 2756 
10771 2792 1 65 1166 
10772 150 151 894 2828 
10773 2646 343 342 2759 
10774 71 70 1152 2800 
10775 2525 996 1146 2723 
10776 2808 411 2662 2791 
10777 446 2639 31 2816 
10778 65 66 2810 1088 
10779 2525 2482 996 2721 
10780 412 2662 2791 2471 
10781 2739 49 1 1166 
10782 1099 996 1145 2525 
10783 2639 385 31 2764 
10784 2816 31 10 2764 
10785 169 168 926 2776 
10786 996 2525 2721 2723 
10787 55 54 2755 881 
10788 1156 151 152 2827 
10789 1146 1145 996 2525 
10790 1 26 2739 2792 
10791 2684 348 347 2747 
10792 2792 2739 1 1166 
10793 2816 10 1080 2764 
10794 410 411 2419 2807 
10795 2809 412 2427 413 
10796 884 73 72 2809 
10797 1080 159 10 2816 
10798 10 176 1080 2764 
10799 3859 2709 2681 3837 
10800 3859 2681 2709 2680 
10801 3879 2470 3798 3801 
10802 3879 3798 2470 2448 
10803 3840 3874 1046 3835 
10804 1046 3874 3840 3823 
10805 3805 2449 2447 3798 
10806 3805 2447 2449 2649 
10807 3822 2581 2620 3789 
10808 3822 2620 2581 2580 
10809 3828 940 3851 3808 
10810 3828 3851 940 941 
10811 3850 1082 3790 1056 
10812 3850 3790 1082 3817 
10813 3840 1165 1127 3823 
10814 3840 1127 1165 1126 
10815 3820 1107 1106 3807 
10816 3820 1106 1107 1104 
10817 3848 2557 3808 3828 
10818 3848 3808 2557 2522 
10819 1115 3891 1105 1100 
10820 1115 1105 3891 3844 
10821 1146 1105 3891 1100 
10822 1146 3891 1105 3844 
10823 3845 885 2800 1152 
10824 3845 2800 885 3816 
10825 3867 2757 2422 2521 
10826 3853 2470 2704 2566 
10827 3853 2704 2470 3801 
10828 3785 2832 2812 2817 
10829 3785 2812 2832 3850 
10830 3819 944 942 3810 
10831 3819 942 944 1142 
10832 3836 1191 1136 1131 
10833 3836 1136 1191 3792 
10834 1061 3864 1050 904 
10835 1050 3864 1061 3784 
10836 2788 1063 67 2804 
10837 67 1063 2788 896 
10838 3861 2595 2732 2730 
10839 3861 2732 2595 3799 
10840 3841 2734 2616 2619 
10841 3841 2616 2734 3842 
10842 3883 1050 3783 1021 
10843 3883 3783 1050 3858 
10844 2812 1062 156 891 
10845 2812 156 1062 2830 
10846 938 3837 3848 1076 
10847 3848 3837 938 3808 
10848 3824 1158 940 1112 
10849 3824 940 1158 3808 
10850 1075 2814 154 2829 
10851 154 2814 1075 906 
10852 3875 920 919 922 
10853 3875 919 920 3797 
10854 2545 2790 409 2544 
10855 409 2790 2545 2803 
10856 3862 1179 1181 1180 
10857 3862 1181 1179 3861 
10858 3887 2567 2568 2439 
10859 3887 2568 2567 3783 
10860 3882 2749 890 3782 
10861 3882 890 2749 2735 
10862 2831 2567 3887 2439 
10863 2831 3887 2567 2818 
10864 3884 2648 2555 2717 
10865 3884 2555 2648 3795 
10866 2789 2545 408 2428 
10867 408 2545 2789 2803 
10868 926 2763 169 2776 
10869 169 2763 926 1121 
10870 2463 2763 378 2666 
10871 378 2763 2463 2776 
10872 889 3867 1194 1188 
10873 1194 3867 889 2676 
10874 2639 2818 3783 2816 
10875 3783 2818 2639 2567 
10876 3872 2781 2762 2785 
10877 3872 2762 2781 3854 
10878 883 2708 2464 1182 
10879 2464 2708 883 2421 
10880 2623 2736 345 2753 
10881 2623 345 2736 2630 
10882 3889 2715 3862 2705 
10883 3889 3862 2715 1178 
10884 3880 1173 1170 928 
10885 3880 1170 1173 3841 
10886 2828 2657 3888 2432 
10887 3888 2657 2828 2827 
10888 2828 1156 3888 2827 
10889 3867 889 2757 1188 
10890 3867 2757 889 2422 
10891 3888 894 2828 2432 
10892 3888 2828 894 1156 
10893 2837 2444 440 2834 
10894 2837 440 2444 2675 
10895 3878 1109 987 1110 
10896 3878 987 1109 3846 
10897 3832 2598 3852 2601 
10898 3832 3852 2598 1096 
10899 3846 986 1149 3819 
10900 3846 1149 986 987 
10901 3860 1099 1101 1145 
10902 3860 1101 1099 3859 
10903 2715 3880 2733 1172 
10904 2733 3880 2715 2465 
10905 2471 986 3819 943 
10906 3819 986 2471 2478 
10907 3869 65 2810 1088 
10908 3869 2810 65 2793 
10909 2472 986 2427 982 
10910 2472 2427 986 2478 
10911 3891 2723 1146 2721 
10912 3891 1146 2723 3844 
10913 2421 1153 2783 883 
10914 2421 2783 1153 2685 
10915 900 414 988 2530 
10916 900 988 414 74 
10917 2514 994 2534 993 
10918 2514 2534 994 2515 
10919 2430 1005 1090 887 
10920 2430 1090 1005 2542 
10921 2503 966 2496 969 
10922 2503 2496 966 2502 
10923 897 1077 2436 2629 
10924 897 2436 1077 61 
10925 354 2436 1077 2629 
10926 354 1077 2436 61 
10927 1081 2438 1141 2644 
10928 1081 1141 2438 899 
10929 889 2693 2678 2422 
10930 2678 2693 889 1162 
10931 2481 988 2530 990 
10932 2530 988 2481 2479 
10933 974 2504 1004 970 
10934 1004 2504 974 2510 
10935 1067 1120 2683 898 
10936 2683 1120 1067 2626 
10937 2683 2437 1067 898 
10938 1067 2437 2683 2626 
10939 1090 2543 2542 2540 
10940 1090 2542 2543 1006 
10941 2518 1089 2517 976 
10942 2518 2517 1089 2667 
10943 2524 948 2529 1084 
10944 2529 948 2524 2538 
10945 949 2549 2629 1001 
10946 2629 2549 949 2539 
10947 2627 994 1081 1070 
10948 2627 1081 994 2515 
10949 2534 2436 1000 2671 
10950 2534 1000 2436 897 
10951 1186 1000 2436 2671 
10952 1186 2436 1000 897 
10953 2664 1064 1093 1122 
10954 1093 1064 2664 2435 
10955 1093 2553 2664 1122 
10956 2664 2553 1093 2435 
10957 898 2667 2683 2437 
10958 2683 2667 898 1089 
10959 1086 2645 2632 925 
10960 2632 2645 1086 2443 
10961 2632 1066 1086 925 
10962 1086 1066 2632 2443 
10963 2664 892 1187 2635 
10964 1187 892 2664 1122 
10965 2670 1087 2442 1184 
10966 2442 1087 2670 2643 
10967 2687 1071 2438 1141 
10968 2687 2438 1071 2628 
10969 887 435 1117 2430 
10970 1117 435 887 148 
10971 1164 2496 969 2551 
10972 969 2496 1164 960 
10973 2430 1117 1090 2541 
10974 1090 1117 2430 887 
10975 2425 1067 1138 2626 
10976 1138 1067 2425 893 
10977 2442 1160 2745 905 
10978 2745 1160 2442 2692 
10979 1161 2645 1086 925 
10980 1086 2645 1161 2694 
10981 988 2427 982 2479 
10982 988 982 2427 884 
3 3 4 5476
10983 556 854 3967 3999 
10984 1142 4027 3945 4152 
10985 1106 4008 3923 4039 
10986 3925 4029 186 4120 
10987 494 4010 714 4124 
10988 3940 4183 730 4217 
10989 3931 4026 1102 4039 
10990 731 3944 3943 4208 
10991 3909 4012 3995 4013 
10992 1035 3992 3924 4042 
10993 3965 3999 800 4297 
10994 1106 3923 1015 4039 
10995 3907 3925 3893 4120 
10996 1035 3924 1060 4042 
10997 1094 4006 4161 4239 
10998 1180 4251 4016 4293 
10999 820 4014 4018 4139 
11000 494 714 508 4124 
11001 754 3993 4163 4197 
11002 714 494 572 4010 
11003 3926 4161 4006 4239 
11004 3893 3925 3907 4020 
11005 3904 4028 3968 4178 
11006 3904 4178 3968 4247 
11007 3908 4056 3988 4144 
11008 849 4025 869 4078 
11009 3912 3978 3896 4063 
11010 1035 3924 3992 4045 
11011 3893 3907 4120 4127 
11012 3941 3894 4118 4219 
11013 679 4072 3964 4278 
11014 505 519 520 3912 
11015 871 4025 841 4172 
11016 1013 4008 1014 4024 
11017 754 3993 4038 4163 
11018 3936 4104 3981 4173 
11019 3936 3981 4126 4173 
11020 1014 4024 4008 4039 
11021 719 854 831 3967 
11022 3977 4002 3949 4224 
11023 3928 4118 3894 4219 
11024 3903 3916 3967 4220 
11025 4101 4228 4100 4229 
11026 3988 4056 4027 4144 
11027 3977 4001 3949 4002 
11028 849 4025 3916 4123 
11029 4040 4135 3933 4298 
11030 4019 4129 645 4200 
11031 534 4019 3937 4166 
11032 504 505 503 4246 
11033 1106 1014 4008 4039 
11034 3915 4107 3954 4173 
11035 474 4003 477 4043 
11036 3981 4030 3936 4126 
11037 3915 4030 3981 4126 
11038 504 4119 505 4246 
11039 4008 4064 3923 4068 
11040 492 3984 1069 4006 
11041 1200 3972 1121 4154 
11042 3936 4126 4104 4173 
11043 504 503 4006 4246 
11044 3894 3928 4049 4294 
11045 3912 4010 519 4124 
11046 3978 3896 4063 4085 
11047 3954 4107 3892 4173 
11048 1260 1247 805 4138 
11049 3894 3928 4025 4118 
11050 178 11 3922 4245 
11051 3993 3995 3979 4140 
11052 3895 3995 3993 4140 
11053 4004 4059 3902 4094 
11054 3912 4010 772 4037 
11055 1072 3973 3966 4045 
11056 3907 3893 4020 4127 
11057 1246 1258 3957 4014 
11058 519 3912 505 4119 
11059 504 4006 4119 4246 
11060 534 829 3937 4019 
11061 4027 4056 3896 4144 
11062 3932 630 4070 4199 
11063 178 3922 11 4093 
11064 3949 4002 4001 4224 
11065 3902 3986 3962 4094 
11066 3894 4025 3941 4118 
11067 3941 4044 3894 4219 
11068 3999 4240 800 4297 
11069 520 3912 519 4124 
11070 548 549 185 3925 
11071 3992 4042 1030 4062 
11072 534 3937 829 4166 
11073 3896 3912 4056 4246 
11074 1094 4006 3984 4161 
11075 474 3919 4003 4043 
11076 1247 3974 805 4138 
11077 3916 4050 3967 4220 
11078 4250 4257 3933 4298 
11079 3986 3902 4059 4094 
11080 4008 4064 1106 4233 
11081 741 4063 3978 4124 
11082 716 4010 3955 4223 
11083 1106 1015 1014 4039 
11084 3931 4039 1102 4168 
11085 852 3967 854 3999 
11086 841 4025 3941 4172 
11087 1102 4026 1111 4039 
11088 3916 4049 3928 4294 
11089 3895 4073 3995 4140 
11090 3995 4073 3979 4140 
11091 3993 3995 3895 4012 
11092 741 3978 4063 4085 
11093 3912 3896 4056 4063 
11094 716 509 3955 4010 
11095 3904 4052 4178 4247 
11096 849 3916 4025 4078 
11097 3974 3905 4037 4223 
11098 693 820 4014 4018 
11099 3902 4094 3962 4095 
11100 1199 3969 4113 4162 
11101 3980 4063 550 4212 
11102 3978 3896 4031 4134 
11103 480 4116 3932 4210 
11104 474 477 4003 4160 
11105 829 4038 3937 4163 
11106 3893 4057 3991 4066 
11107 3995 4012 3909 4260 
11108 519 4010 3912 4119 
11109 4056 4144 3908 4149 
11110 3915 3901 3981 4030 
11111 3954 4076 3915 4173 
11112 716 3955 509 4255 
11113 3920 4001 4002 4224 
11114 1029 3992 1030 4062 
11115 3992 188 4062 4079 
11116 4010 4037 3905 4223 
11117 778 3977 3949 4224 
11118 4066 4221 4137 4241 
11119 3920 3949 4001 4224 
11120 3892 4076 3954 4173 
11121 778 4002 3977 4224 
11122 505 3912 520 4134 
11123 3978 3896 3989 4031 
11124 554 816 802 4019 
11125 179 4051 3957 4264 
11126 3893 4120 3930 4127 
11127 625 3912 772 4037 
11128 3905 4037 4010 4119 
11129 1106 4064 4008 4191 
11130 3978 4063 3912 4124 
11131 853 3928 843 4025 
11132 4064 4068 4008 4191 
11133 3909 4012 4013 4036 
11134 917 4024 4039 4069 
11135 3894 3928 3948 4049 
11136 3928 4025 853 4123 
11137 1253 554 802 4019 
11138 829 755 4038 4163 
11139 841 3941 4025 4118 
11140 3923 4095 3902 4233 
11141 3988 4008 1013 4024 
11142 3915 3981 3901 4131 
11143 4066 3990 4268 4276 
11144 820 4018 692 4139 
11145 4029 4080 186 4120 
11146 562 746 1258 4014 
11147 3902 4095 3962 4233 
11148 3992 4049 188 4079 
11149 710 3949 3977 4070 
11150 3912 4010 4037 4119 
11151 1143 3921 4081 4147 
11152 492 503 3984 4006 
11153 192 3954 4151 4286 
11154 3991 4137 4066 4221 
11155 1199 4162 4113 4235 
11156 922 1094 4161 4239 
11157 3902 3923 4064 4068 
11158 693 4014 3922 4018 
11159 192 4151 3954 4256 
11160 3894 3941 4025 4172 
11161 549 185 3925 4232 
11162 4096 4107 3915 4131 
11163 1143 4081 4044 4147 
11164 3913 4129 4019 4200 
11165 1015 1102 4039 4168 
11166 191 4107 4096 4131 
11167 1167 3941 4081 4206 
11168 912 3996 3950 4125 
11169 1035 1043 3924 4045 
11170 867 4185 3965 4258 
11171 3894 3968 3927 4074 
11172 178 4133 11 4245 
11173 178 3922 4133 4245 
11174 3953 4151 3954 4286 
11175 3991 4146 4137 4171 
11176 578 4074 4021 4294 
11177 3933 3900 4135 4187 
11178 3894 4025 3956 4172 
11179 746 3957 1258 4014 
11180 681 4205 3990 4241 
11181 1259 1254 179 3957 
11182 1219 721 1196 3935 
11183 625 3912 4063 4124 
11184 505 4134 503 4246 
11185 1069 492 502 3984 
11186 801 3951 720 3967 
11187 772 4010 3912 4124 
11188 3948 4062 188 4079 
11189 3894 3927 4186 4296 
11190 3933 3900 4032 4135 
11191 631 4087 3932 4139 
11192 3988 4056 3908 4149 
11193 841 4025 871 4118 
11194 3893 4066 4137 4241 
11195 3894 4186 4097 4296 
11196 1080 833 1020 3941 
11197 3914 4204 4151 4289 
11198 3948 188 4049 4079 
11199 3905 3974 3955 4223 
11200 3915 3901 4030 4131 
11201 3903 4049 3916 4220 
11202 3975 4030 3901 4131 
11203 937 4135 4040 4298 
11204 474 4003 3919 4160 
11205 4007 3985 4156 4301 
11206 3909 4110 4109 4307 
11207 754 3993 771 4038 
11208 849 861 4025 4123 
11209 1072 4045 3966 4275 
11210 464 4043 4003 4071 
11211 3893 4066 3991 4137 
11212 463 4043 1068 4143 
11213 665 4063 3980 4085 
11214 177 4014 178 4138 
11215 3915 4126 3981 4173 
11216 758 4015 3943 4145 
11217 714 4010 772 4124 
11218 1226 3969 4055 4158 
11219 844 3956 4025 4172 
11220 1253 554 4019 4129 
11221 1196 3935 721 4178 
11222 912 3950 4082 4125 
11223 3984 4006 503 4246 
11224 180 4039 1279 4069 
11225 3938 3991 1097 4057 
11226 3915 4030 3975 4131 
11227 4034 4109 4108 4300 
11228 3947 4135 3900 4187 
11229 4137 4221 3998 4241 
11230 3968 4028 3904 4186 
11231 867 3999 3965 4185 
11232 3923 4008 1106 4233 
11233 917 4039 918 4069 
11234 3928 4025 3916 4294 
11235 3894 4025 3928 4294 
11236 3893 4137 3998 4241 
11237 1199 3969 1213 4113 
11238 190 4022 3975 4096 
11239 645 4163 4019 4200 
11240 3902 4068 4064 4191 
11241 1069 3984 1094 4006 
11242 501 4047 4017 4255 
11243 816 4019 554 4129 
11244 1196 4158 3935 4178 
11245 1254 3957 4129 4264 
11246 556 854 719 3967 
11247 3917 4216 4205 4217 
11248 873 3956 837 4078 
11249 188 4049 3992 4220 
11250 1080 3941 1167 4206 
11251 4034 3952 4109 4300 
11252 1226 3969 1224 4055 
11253 1199 1137 3969 4162 
11254 1248 550 780 4063 
11255 3949 3977 3897 4001 
11256 3907 4029 3925 4120 
11257 1196 721 1214 4178 
11258 3914 3925 4151 4204 
11259 3944 4144 3980 4145 
11260 185 186 3925 4029 
11261 3955 3974 3905 4121 
11262 3927 4035 3894 4074 
11263 3949 4070 630 4199 
11264 3894 4035 3956 4074 
11265 1080 1020 1167 3941 
11266 819 3937 4038 4077 
11267 720 3967 3951 4240 
11268 3897 4040 3952 4051 
11269 922 923 1094 4239 
11270 3904 3969 3939 4162 
11271 3950 3996 912 4227 
11272 3916 4021 648 4050 
11273 3912 505 4119 4134 
11274 4024 1279 4039 4069 
11275 759 4015 4004 4061 
11276 3909 4013 3995 4110 
11277 3981 4104 4101 4229 
11278 3897 3949 3932 4070 
11279 451 3983 902 4043 
11280 3896 3978 3912 4134 
11281 3945 4065 3987 4152 
11282 178 3922 4014 4133 
11283 3952 4051 4040 4182 
11284 3905 3955 4010 4223 
11285 3993 4012 3895 4163 
11286 829 819 3937 4038 
11287 721 4028 1214 4178 
11288 192 3954 4107 4256 
11289 477 4003 464 4043 
11290 679 3964 4181 4297 
11291 3980 4063 3896 4085 
11292 3912 4037 625 4063 
11293 180 4026 4039 4069 
11294 3921 4147 1143 4235 
11295 1248 550 4063 4212 
11296 908 4043 3983 4082 
11297 4104 4228 4101 4229 
11298 3980 4144 4056 4149 
11299 3992 4062 1029 4079 
11300 716 4223 3955 4255 
11301 4066 4180 3991 4221 
11302 3975 4022 190 4169 
11303 932 4030 3972 4058 
11304 3985 3987 987 4156 
11305 3903 3967 3916 4123 
11306 3897 3932 3949 4214 
11307 556 3967 720 3999 
11308 932 3972 4030 4154 
11309 1048 3954 4076 4096 
11310 3981 3971 4104 4229 
11311 4151 4204 3998 4289 
11312 179 4023 3947 4254 
11313 3919 4143 4135 4266 
11314 3923 1015 4039 4168 
11315 3936 4030 3981 4157 
11316 3981 4030 3901 4157 
11317 856 4114 3999 4185 
11318 1266 3982 558 4263 
11319 3958 4104 4126 4173 
11320 3988 4056 3926 4161 
11321 1220 3935 1229 4132 
11322 3928 3894 3948 4219 
11323 631 3932 630 4070 
11324 185 548 3925 4175 
11325 856 3973 4114 4185 
11326 3909 4108 4034 4109 
11327 3896 3926 4056 4161 
11328 1116 1212 1199 3969 
11329 3941 3894 4035 4172 
11330 3939 3969 3904 4306 
11331 3937 4019 829 4163 
11332 3956 4035 3894 4172 
11333 4044 4081 3921 4147 
11334 853 843 3928 4265 
11335 720 3999 3967 4240 
11336 801 720 3951 4240 
11337 3928 843 4025 4118 
11338 714 572 772 4010 
11339 179 4069 4023 4254 
11340 3897 4001 3977 4253 
11341 4030 4058 1098 4305 
11342 1035 1043 1060 3924 
11343 1029 1030 1028 4062 
11344 1173 3918 4046 4153 
11345 3927 3956 4035 4074 
11346 3916 4078 669 4294 
11347 838 3911 4088 4258 
11348 1254 3957 1246 4129 
11349 4057 4137 3991 4146 
11350 186 3925 4120 4286 
11351 823 4053 569 4211 
11352 3947 4023 179 4133 
11353 1143 4081 3921 4235 
11354 1254 179 3957 4264 
11355 3897 4201 4040 4214 
11356 3937 4068 3923 4095 
11357 191 190 3975 4096 
11358 4040 4201 3934 4214 
11359 1028 4042 1031 4062 
11360 1031 4042 4022 4062 
11361 3930 4120 3907 4127 
11362 3908 3988 4027 4144 
11363 669 3916 818 4078 
11364 694 3922 695 4053 
11365 3894 3968 4074 4222 
11366 3900 4135 4133 4245 
11367 648 818 669 3916 
11368 754 4163 4012 4197 
11369 844 3956 873 4078 
11370 3918 4137 4146 4171 
11371 3953 4042 1032 4155 
11372 819 749 3937 4077 
11373 937 4040 3933 4298 
11374 4154 4157 3936 4179 
11375 3900 3947 4133 4135 
11376 667 4100 3959 4228 
11377 191 4022 190 4096 
11378 1013 4008 3988 4207 
11379 1167 3941 1050 4081 
11380 3961 4142 3917 4217 
11381 3940 4142 3961 4217 
11382 4004 4094 3902 4095 
11383 1032 4042 3953 4141 
11384 1035 4045 3992 4122 
11385 11 4093 3922 4245 
11386 520 3912 4124 4134 
11387 3939 4162 3921 4186 
11388 3975 4096 4022 4169 
11389 829 755 819 4038 
11390 669 4074 578 4294 
11391 1280 4042 187 4062 
11392 3940 3917 4142 4217 
11393 3923 4064 4008 4233 
11394 1026 1029 4062 4079 
11395 3912 4159 4056 4246 
11396 4012 4163 3993 4197 
11397 3902 3923 4068 4095 
11398 187 4042 3992 4062 
11399 1280 4022 4042 4062 
11400 918 4039 4026 4069 
11401 861 853 4025 4123 
11402 917 4024 1014 4039 
11403 1137 1052 3969 4162 
11404 3981 4157 4103 4179 
11405 1096 3991 3938 4180 
11406 4028 4186 3968 4269 
11407 849 861 869 4025 
11408 3897 3977 3949 4070 
11409 1013 984 4008 4207 
11410 4051 4129 3957 4264 
11411 189 4022 4062 4169 
11412 3995 4013 4012 4197 
11413 640 4129 3977 4200 
11414 844 4025 3956 4078 
11415 4073 4168 4034 4300 
11416 182 4008 3988 4024 
11417 3898 4138 4053 4237 
11418 3961 4046 3917 4142 
11419 786 4074 587 4078 
11420 939 1102 1111 4039 
11421 764 4017 569 4053 
11422 3944 3943 4065 4145 
11423 4135 4143 1079 4266 
11424 695 694 693 3922 
11425 4083 4099 927 4251 
11426 3913 4019 4163 4200 
11427 1226 4113 3969 4158 
11428 3915 4096 3954 4107 
11429 1142 3945 4027 4282 
11430 1098 3975 4058 4218 
11431 3895 4086 3937 4163 
11432 922 4161 3926 4239 
11433 192 4107 4151 4256 
11434 4023 4227 3950 4266 
11435 534 1249 4019 4166 
11436 3922 4053 694 4211 
11437 3898 3922 4053 4138 
11438 3914 4215 4204 4289 
11439 3993 3895 4038 4163 
11440 831 854 852 3967 
11441 4021 4074 3968 4222 
11442 3909 4034 3952 4109 
11443 710 3977 640 4070 
11444 3984 503 4134 4246 
11445 4008 4024 181 4039 
11446 942 4027 1142 4152 
11447 181 4008 182 4024 
11448 1196 1217 3935 4158 
11449 1219 1196 1217 3935 
11450 470 4032 4087 4160 
11451 1180 3958 4016 4251 
11452 1246 1254 1259 3957 
11453 517 4031 3984 4134 
11454 3971 4098 3958 4099 
11455 693 3922 694 4211 
11456 1035 1030 3992 4042 
11457 3958 3971 4099 4104 
11458 917 1013 1014 4024 
11459 786 3956 4074 4078 
11460 3894 4074 4021 4222 
11461 3967 4114 851 4123 
11462 630 3949 710 4070 
11463 693 4018 3922 4211 
11464 908 909 4043 4082 
11465 4034 4272 4073 4300 
11466 4099 4188 927 4251 
11467 3968 4021 579 4074 
11468 3933 4135 3947 4187 
11469 3898 4093 3922 4138 
11470 640 641 4129 4200 
11471 1262 185 186 3925 
11472 818 4078 3916 4177 
11473 3973 4045 1072 4122 
11474 1048 1037 3954 4096 
11475 474 4043 463 4143 
11476 1213 3969 1226 4113 
11477 3914 3940 3892 4091 
11478 11 3950 4023 4227 
11479 4204 4215 3998 4289 
11480 648 3916 4050 4177 
11481 665 3980 635 4085 
11482 4004 4015 759 4077 
11483 778 3977 4002 4036 
11484 4145 4149 3980 4238 
11485 1220 1217 1229 3935 
11486 475 490 4032 4210 
11487 861 853 843 4025 
11488 843 4118 3928 4265 
11489 631 3932 4070 4139 
11490 4018 4087 692 4139 
11491 475 4210 4032 4298 
11492 548 592 549 3925 
11493 470 4087 4032 4210 
11494 510 3955 4010 4136 
11495 3921 4162 4113 4186 
11496 190 4022 189 4169 
11497 190 3975 3939 4174 
11498 859 851 4114 4123 
11499 3995 4012 3993 4197 
11500 3998 4151 3893 4204 
11501 1209 4035 3927 4148 
11502 1049 1048 3954 4076 
11503 3902 3985 3986 4059 
11504 568 837 3956 4078 
11505 669 587 578 4074 
11506 1135 3938 4057 4285 
11507 185 4029 3925 4232 
11508 3902 4184 4068 4191 
11509 902 3983 908 4043 
11510 3895 4012 3995 4260 
11511 4000 4103 4157 4179 
11512 3924 187 3992 4080 
11513 3913 4163 4012 4200 
11514 4168 4270 4073 4288 
11515 3988 4056 183 4176 
11516 191 4096 3954 4141 
11517 932 1091 3972 4154 
11518 3990 4221 4066 4241 
11519 3898 3974 4138 4237 
11520 778 3949 710 4224 
11521 3928 4041 1074 4079 
11522 3919 4043 474 4143 
11523 1028 1030 4042 4062 
11524 3923 3902 4064 4233 
11525 3974 4037 3905 4309 
11526 3896 3926 4161 4246 
11527 3896 4161 3984 4246 
11528 768 4050 3967 4177 
11529 649 801 720 3967 
11530 3912 4063 4056 4159 
11531 863 3973 856 4185 
11532 4032 4210 3933 4298 
11533 189 4169 4062 4273 
11534 475 3933 4210 4298 
11535 3955 4121 3905 4248 
11536 771 4038 3993 4194 
11537 793 721 3935 4178 
11538 584 4223 716 4255 
11539 3927 4035 1209 4234 
11540 549 4029 185 4232 
11541 3962 3986 3902 4064 
11542 573 1214 721 4028 
11543 3916 4078 849 4177 
11544 632 631 630 4070 
11545 510 3955 509 4010 
11546 819 4077 4038 4193 
11547 1254 4129 4019 4264 
11548 4021 4049 1267 4050 
11549 3935 4055 1229 4132 
11550 1272 191 3970 4107 
11551 4049 4050 3916 4220 
11552 3926 183 4056 4176 
11553 3981 3982 3901 4131 
11554 1072 3966 1154 4275 
11555 932 3972 1083 4058 
11556 510 4010 518 4136 
11557 780 550 665 4063 
11558 1174 4146 3918 4249 
11559 1190 1079 4143 4266 
11560 3957 4129 4051 4253 
11561 3904 4113 3969 4162 
11562 3915 3970 3981 4131 
11563 180 179 4026 4069 
11564 1074 4041 3928 4265 
11565 178 4014 3922 4138 
11566 3895 3995 4034 4260 
11567 3897 3952 4040 4201 
11568 640 4070 3977 4129 
11569 1015 3923 1106 4233 
11570 3919 4135 4023 4266 
11571 184 4024 3996 4227 
11572 3951 4050 801 4213 
11573 1035 1060 1030 4042 
11574 885 1069 502 3984 
11575 3937 4086 4019 4163 
11576 873 837 845 4078 
11577 12 186 1278 4080 
11578 1110 4301 4007 4303 
11579 177 734 4014 4138 
11580 663 3974 559 4037 
11581 4012 4036 3909 4260 
11582 4053 4138 769 4237 
11583 3988 4008 182 4149 
11584 1021 4044 3941 4219 
11585 12 186 4080 4120 
11586 3895 4086 4163 4290 
11587 795 551 579 4021 
11588 4019 4163 4086 4290 
11589 1213 1199 1212 3969 
11590 3981 4103 4101 4179 
11591 3957 4051 179 4133 
11592 805 559 663 3974 
11593 480 3932 4087 4210 
11594 693 734 3922 4014 
11595 3902 3986 3985 4064 
11596 939 1111 4026 4039 
11597 3944 4065 3945 4144 
11598 573 4028 721 4178 
11599 3893 4137 4057 4146 
11600 3931 3952 4051 4290 
11601 631 691 3932 4087 
11602 3912 3896 4134 4246 
11603 816 645 4019 4129 
11604 3930 4155 4120 4287 
11605 3900 4018 4014 4139 
11606 4133 4135 4023 4245 
11607 1174 3918 1171 4153 
11608 3897 3949 4001 4271 
11609 191 4022 4096 4141 
11610 921 4227 4023 4266 
11611 4120 4155 3953 4287 
11612 1128 3963 4089 4115 
11613 3913 4051 3952 4290 
11614 3957 4070 637 4129 
11615 710 3949 778 3977 
11616 3897 3957 3947 4051 
11617 3986 3962 4094 4262 
11618 11 184 3950 4227 
11619 818 3916 648 4177 
11620 1026 4062 3948 4079 
11621 510 509 518 4010 
11622 3932 4070 3949 4199 
11623 4003 4071 4043 4230 
11624 191 4096 3975 4131 
11625 550 3980 665 4063 
11626 11 4023 4069 4227 
11627 756 829 4019 4163 
11628 1113 4109 3952 4300 
11629 190 4106 3975 4174 
11630 3913 4012 4163 4290 
11631 558 1266 796 3982 
11632 631 691 4087 4139 
11633 3974 4121 3955 4248 
11634 3894 4035 3927 4296 
11635 785 495 567 3978 
11636 4070 4129 3957 4253 
11637 851 3967 4123 4177 
11638 502 492 503 3984 
11639 3996 4159 3926 4176 
11640 3954 4151 3953 4249 
11641 505 4119 4134 4246 
11642 3947 3957 3897 4187 
11643 1049 4076 3954 4153 
11644 1167 4081 904 4206 
11645 1026 3948 1024 4079 
11646 1168 3929 1088 4105 
11647 192 3914 1276 4286 
11648 187 3924 3992 4042 
11649 4040 4201 938 4257 
11650 819 749 829 3937 
11651 482 4087 468 4160 
11652 3915 3970 4107 4173 
11653 189 3939 4169 4273 
11654 1280 4022 12 4042 
11655 3989 4031 3945 4130 
11656 1021 3941 4118 4219 
11657 796 3982 1266 4052 
11658 4108 4109 3909 4110 
11659 1048 1037 1049 3954 
11660 3992 4080 187 4117 
11661 912 3950 911 4082 
11662 3896 3945 3989 4031 
11663 4028 4113 1227 4158 
11664 518 4010 4119 4136 
11665 4023 4133 3947 4135 
11666 4049 4079 3992 4220 
11667 3896 4056 3926 4246 
11668 849 4123 3916 4177 
11669 579 3968 4074 4269 
11670 1104 4168 1015 4233 
11671 549 3925 592 4232 
11672 1028 1030 1031 4042 
11673 987 3987 3985 4152 
11674 467 4053 4017 4071 
11675 521 4119 4105 4136 
11676 3924 4080 3992 4117 
11677 1053 1143 4044 4147 
11678 3968 3894 4097 4222 
11679 1227 4113 4028 4304 
11680 941 4040 937 4135 
11681 3897 4070 3957 4253 
11682 1015 4168 3923 4233 
11683 569 4017 467 4053 
11684 1276 3914 192 4107 
11685 3896 3989 3945 4144 
11686 3945 3989 3944 4144 
11687 3896 4056 3980 4144 
11688 3923 4086 3937 4288 
11689 3927 4035 3956 4148 
11690 3923 4008 181 4039 
11691 3897 3957 4051 4253 
11692 805 1260 1252 1247 
11693 191 3954 4096 4107 
11694 4004 4015 3902 4059 
11695 4098 4099 3971 4228 
11696 11 4023 3950 4093 
11697 3939 3975 190 4169 
11698 1213 1224 1226 3969 
11699 3923 3937 4095 4288 
11700 1034 3953 1032 4155 
11701 11 4023 4093 4245 
11702 3983 4043 4071 4230 
11703 1171 4046 3918 4171 
11704 180 4026 3931 4039 
11705 4049 4222 3894 4294 
11706 825 3940 763 4091 
11707 1261 178 4093 4138 
11708 695 4053 3922 4138 
11709 669 4078 4074 4294 
11710 1267 4049 4021 4222 
11711 521 4006 4105 4119 
11712 181 4008 3923 4068 
11713 1050 3941 4044 4081 
11714 1272 4252 3970 4263 
11715 1280 192 12 4022 
11716 3913 4163 4019 4290 
11717 3984 4031 517 4283 
11718 3898 3974 4093 4138 
11719 634 4085 3944 4208 
11720 1034 1032 3953 4141 
11721 3948 3894 4049 4222 
11722 3897 4001 4214 4271 
11723 470 4087 482 4160 
11724 663 3974 4037 4223 
11725 3986 4301 1110 4303 
11726 3942 4149 4145 4238 
11727 3945 4027 4144 4152 
11728 3915 4107 3970 4131 
11729 805 1247 1252 3974 
11730 800 3965 798 3999 
11731 179 11 4023 4069 
11732 190 189 3939 4169 
11733 183 4159 3996 4176 
11734 838 4088 3966 4258 
11735 191 3954 192 4141 
11736 3944 4145 3980 4238 
11737 3952 4109 1113 4201 
11738 3938 4127 4057 4285 
11739 4032 4135 3900 4245 
11740 786 587 669 4078 
11741 1083 932 1091 3972 
11742 3893 3930 4057 4127 
11743 3897 3977 4070 4253 
11744 3971 4099 4104 4228 
11745 3970 3982 3981 4131 
11746 3897 4214 3949 4271 
11747 1276 1272 3914 4107 
11748 3975 4106 3939 4174 
11749 3939 4218 3969 4306 
11750 1174 3918 4153 4249 
11751 989 4301 3946 4302 
11752 3926 4056 3988 4176 
11753 1217 1229 3935 4158 
11754 3914 4091 3892 4252 
11755 940 4040 4135 4281 
11756 1035 1042 4045 4122 
11757 3962 4064 3902 4233 
11758 3895 3937 4086 4288 
11759 4101 4103 3981 4229 
11760 183 3926 4159 4176 
11761 3981 4104 3971 4173 
11762 1263 3951 1278 4213 
11763 3950 4230 4093 4245 
11764 3922 4093 178 4138 
11765 3981 4229 4103 4267 
11766 4175 4204 3914 4215 
11767 693 734 695 3922 
11768 179 3947 4026 4254 
11769 1180 4016 3958 4076 
11770 3937 4068 1257 4086 
11771 3920 4001 3949 4271 
11772 3963 4170 3899 4275 
11773 3895 3937 4038 4163 
11774 1098 1044 3975 4218 
11775 190 191 3975 4131 
11776 3975 4058 4030 4305 
11777 1013 3988 930 4207 
11778 1254 1253 4019 4129 
11779 634 3944 4085 4238 
11780 984 1013 930 4207 
11781 1272 4175 3914 4252 
11782 3937 4077 749 4166 
11783 1171 3918 4146 4171 
11784 11 179 4023 4133 
11785 3892 3940 3914 4256 
11786 1042 1072 4045 4122 
11787 890 463 1068 4143 
11788 3967 3999 852 4114 
11789 3905 4010 3955 4136 
11790 1231 4055 3972 4132 
11791 587 4074 669 4078 
11792 767 769 4138 4237 
11793 465 3983 4043 4071 
11794 184 183 3996 4024 
11795 1229 4055 3935 4158 
11796 1216 4028 1227 4158 
11797 3934 4214 4001 4271 
11798 3950 4093 4023 4245 
11799 3963 3899 4045 4275 
11800 180 1279 179 4069 
11801 474 3919 4143 4160 
11802 1137 4162 1199 4235 
11803 3952 4182 4040 4201 
11804 3922 4230 4003 4245 
11805 746 562 803 4014 
11806 635 3980 581 4085 
11807 3925 3914 4175 4204 
11808 450 463 890 4143 
11809 3925 4029 3907 4232 
11810 908 4082 3983 4284 
11811 1021 1050 3941 4044 
11812 3939 4106 3975 4306 
11813 3928 4079 1074 4219 
11814 3935 4106 3901 4274 
11815 3935 4052 3904 4106 
11816 795 1264 551 4021 
11817 746 803 3957 4014 
11818 1025 3948 4147 4219 
11819 474 477 464 4043 
11820 638 820 692 4139 
11821 782 4204 4175 4215 
11822 4178 4247 794 4269 
11823 4059 4156 3985 4301 
11824 871 4025 843 4118 
11825 3915 3981 3970 4173 
11826 3967 4050 3916 4177 
11827 3894 4044 3948 4219 
11828 3922 4014 734 4138 
11829 851 4123 849 4177 
11830 3896 4085 3989 4144 
11831 1074 4041 1056 4079 
11832 3946 4059 4004 4094 
11833 829 3937 749 4166 
11834 183 4024 3988 4176 
11835 1073 3945 1142 4282 
11836 4021 4222 4049 4294 
11837 3910 3962 4094 4095 
11838 4137 4146 3893 4151 
11839 496 716 509 4255 
11840 3956 4074 3927 4148 
11841 3898 4003 3922 4230 
11842 1050 1167 1021 3941 
11843 4057 4127 3930 4285 
11844 3923 4039 3931 4168 
11845 922 3926 4176 4239 
11846 3930 3893 4057 4287 
11847 470 482 4087 4210 
11848 1021 3941 1020 4118 
11849 3923 4039 181 4086 
11850 3990 4180 4066 4221 
11851 3950 3919 4230 4245 
11852 3899 4170 3966 4275 
11853 3908 4008 3988 4149 
11854 734 695 3922 4138 
11855 3945 4144 4065 4152 
11856 1216 1215 1227 4028 
11857 188 187 3992 4062 
11858 624 772 4010 4037 
11859 3935 3904 4052 4178 
11860 3979 4073 3995 4272 
11861 4092 4110 3909 4307 
11862 3930 1129 4115 4150 
11863 3950 4023 3919 4245 
11864 3925 3893 4120 4286 
11865 940 4040 941 4135 
11866 3939 3904 4174 4306 
11867 716 496 565 4255 
11868 3939 4174 4106 4306 
11869 556 3999 720 4240 
11870 649 3967 768 4050 
11871 1019 934 1168 3929 
11872 3897 4001 3952 4201 
11873 3945 3896 4027 4031 
11874 3963 4045 3899 4164 
11875 632 4070 637 4139 
11876 3902 4068 3937 4095 
11877 1278 4080 3951 4220 
11878 467 4003 4053 4071 
11879 3896 3980 4085 4144 
11880 3895 4095 3937 4288 
11881 689 690 737 4209 
11882 3947 179 4051 4133 
11883 450 474 463 4143 
11884 3909 4001 3952 4253 
11885 179 4026 4069 4254 
11886 4040 4182 1158 4201 
11887 651 3927 4074 4148 
11888 3980 4056 3896 4063 
11889 3900 4087 4032 4160 
11890 1017 4069 4023 4227 
11891 632 630 710 4070 
11892 3947 4051 3957 4133 
11893 1018 4143 4043 4266 
11894 3926 4056 4159 4246 
11895 3923 181 4068 4086 
11896 1056 4079 4041 4122 
11897 1025 4147 4044 4219 
11898 753 4012 754 4163 
11899 800 619 3965 4297 
11900 916 4176 4024 4227 
11901 4016 4251 4098 4293 
11902 635 665 581 3980 
11903 3893 3953 4146 4287 
11904 191 3970 4107 4131 
11905 1024 4079 3948 4219 
11906 3918 4146 4137 4151 
11907 3910 4094 4004 4095 
11908 184 4069 4024 4227 
11909 786 568 3956 4078 
11910 847 4114 4041 4123 
11911 3907 4080 4029 4120 
11912 918 939 4026 4039 
11913 3904 3939 4174 4186 
11914 3947 4135 4040 4281 
11915 741 672 3978 4085 
11916 3899 3965 3999 4185 
11917 553 631 691 3932 
11918 3933 4040 3947 4135 
11919 4003 4230 3919 4245 
11920 1276 3914 4175 4286 
11921 3936 4157 3981 4179 
11922 3937 4019 1257 4166 
11923 3967 3951 4240 4280 
11924 3983 4071 4047 4248 
11925 3925 3893 4151 4204 
11926 4047 4071 4017 4248 
11927 187 12 3924 4042 
11928 1131 3930 4285 4287 
11929 651 3927 4148 4259 
11930 693 820 734 4014 
11931 3903 3916 4049 4123 
11932 3937 3895 4038 4095 
11933 3989 4085 3944 4144 
11934 1068 4043 1018 4143 
11935 1094 923 4006 4239 
11936 1063 513 1069 4006 
11937 3977 3909 4036 4260 
11938 3977 4036 4200 4260 
11939 186 4029 1278 4080 
11940 692 4018 830 4087 
11941 1054 1143 4147 4235 
11942 3922 4014 3900 4018 
11943 896 1088 491 4105 
11944 805 1252 559 3974 
11945 3939 3975 4218 4306 
11946 182 3988 183 4024 
11947 800 3999 556 4240 
11948 844 4025 874 4172 
11949 1019 3929 1168 4125 
11950 3899 4048 4240 4297 
11951 1072 1144 3966 3973 
11952 645 4129 816 4200 
11953 3909 3977 4001 4253 
11954 180 4039 3931 4086 
11955 3931 4039 3923 4086 
11956 3945 4027 3896 4144 
11957 1072 906 3973 4231 
11958 941 4135 937 4298 
11959 1145 4073 3979 4272 
11960 914 4176 916 4227 
11961 649 801 4050 4213 
11962 774 823 569 4211 
11963 907 3983 1166 4284 
11964 853 3928 4123 4265 
11965 3983 4071 3898 4230 
11966 3914 3892 4107 4252 
11967 189 3948 4097 4273 
11968 1248 575 4037 4063 
11969 467 4053 4003 4211 
11970 3895 3993 4038 4140 
11971 3909 4002 3977 4036 
11972 521 504 4006 4119 
11973 3898 3922 4093 4230 
11974 1227 4028 1215 4304 
11975 3921 4097 3939 4186 
11976 191 1265 1272 3970 
11977 3892 3970 4107 4252 
11978 181 182 4008 4149 
11979 1026 1025 1024 3948 
11980 3962 4270 4233 4288 
11981 492 504 503 4006 
11982 803 3957 4014 4139 
11983 637 4070 3957 4139 
11984 1060 4042 3924 4155 
11985 648 4050 768 4177 
11986 3899 3964 4048 4297 
11987 4106 4174 3904 4306 
11988 639 637 4070 4129 
11989 3899 4170 3964 4297 
11990 185 3925 1262 4175 
11991 3964 4048 3907 4164 
11992 492 1069 513 4006 
11993 495 567 3978 4124 
11994 1073 4189 3945 4282 
11995 1082 3973 1072 4122 
11996 3908 4068 4184 4191 
11997 769 4053 695 4138 
11998 1043 1183 1060 3924 
11999 3933 4040 937 4257 
12000 3895 4034 3995 4073 
12001 4044 4147 3948 4219 
12002 3971 4229 3981 4267 
12003 4151 4249 3954 4256 
12004 3905 4006 3926 4246 
12005 1028 1031 4022 4062 
12006 187 3924 12 4080 
12007 12 3953 4042 4141 
12008 181 1257 4068 4086 
12009 866 3966 3973 4185 
12010 1020 3941 833 4118 
12011 1273 4052 1265 4106 
12012 181 4008 4068 4149 
12013 4105 4119 3905 4136 
12014 3922 4093 4230 4245 
12015 3892 4091 3970 4252 
12016 4074 4078 3956 4294 
12017 1058 1098 1044 3975 
12018 3892 3954 4076 4153 
12019 3899 3965 4170 4297 
12020 1048 4096 4076 4305 
12021 1177 4046 4016 4153 
12022 3905 3926 4006 4239 
12023 579 4247 3968 4269 
12024 917 939 918 4039 
12025 3998 4137 3893 4151 
12026 622 558 796 3982 
12027 3901 4054 3981 4157 
12028 468 4087 4018 4160 
12029 180 3931 4026 4264 
12030 4130 4189 3945 4190 
12031 3907 4020 3925 4232 
12032 1041 3992 1029 4079 
12033 3964 3911 4167 4181 
12034 902 908 909 4043 
12035 3985 3943 4059 4184 
12036 4052 4106 1273 4174 
12037 1128 3963 4115 4150 
12038 922 4176 919 4239 
12039 3982 3901 4106 4274 
12040 3975 4096 1057 4305 
12041 3898 4017 4071 4248 
12042 3909 3977 4002 4307 
12043 3907 4120 3930 4164 
12044 3930 4120 3924 4164 
12045 3924 4045 1043 4150 
12046 808 4028 4178 4269 
12047 4019 4129 3913 4264 
12048 183 3996 4024 4176 
12049 3991 4057 3893 4137 
12050 3898 4071 3983 4248 
12051 3953 4120 3893 4286 
12052 1183 1060 3924 4155 
12053 3984 4031 3896 4134 
12054 4043 4143 3919 4266 
12055 3944 4085 3980 4144 
12056 1147 4168 4073 4300 
12057 3966 4045 3899 4275 
12058 823 764 569 4053 
12059 184 3950 3996 4309 
12060 924 3936 4126 4188 
12061 4077 4095 4038 4193 
12062 803 637 3957 4139 
12063 3940 4091 3914 4252 
12064 1135 4090 3938 4285 
12065 3993 4140 3979 4195 
12066 3910 4140 3993 4195 
12067 1110 3986 3985 4301 
12068 984 1106 4008 4191 
12069 3952 4001 3909 4109 
12070 730 4216 3940 4217 
12071 1097 4146 3991 4171 
12072 3910 4094 3962 4262 
12073 3923 4068 3937 4086 
12074 1017 4023 921 4227 
12075 805 3974 767 4138 
12076 4043 4082 909 4266 
12077 184 11 3950 4093 
12078 3911 3964 4170 4181 
12079 624 4037 4010 4223 
12080 4052 4106 3935 4274 
12081 758 3943 4015 4061 
12082 1082 3973 4122 4231 
12083 3985 3986 4059 4301 
12084 3911 4181 3965 4258 
12085 582 4077 3942 4166 
12086 470 4032 490 4210 
12087 1217 1220 1219 3935 
12088 3967 4240 3999 4280 
12089 448 830 4018 4087 
12090 631 4070 632 4139 
12091 3939 4162 3969 4218 
12092 3901 3982 3981 4054 
12093 643 4163 645 4200 
12094 1024 1074 4079 4219 
12095 670 4015 3942 4077 
12096 1252 559 3974 4037 
12097 4070 4139 3932 4187 
12098 3935 3901 4054 4274 
12099 4012 4200 4036 4260 
12100 512 4047 3955 4136 
12101 181 4024 1279 4039 
12102 3965 4170 3964 4181 
12103 3911 4170 3965 4181 
12104 3892 4016 4142 4153 
12105 3995 3909 4034 4260 
12106 746 3957 637 4129 
12107 3930 3907 4164 4295 
12108 3970 4173 3981 4267 
12109 568 837 690 3956 
12110 3988 4027 929 4207 
12111 1278 187 4080 4220 
12112 464 465 4043 4071 
12113 924 4126 3958 4188 
12114 885 1094 1069 3984 
12115 3908 4008 4068 4191 
12116 3894 3941 4035 4296 
12117 4137 4151 3998 4289 
12118 1056 1041 4079 4122 
12119 1183 3924 1043 4150 
12120 1272 3914 4107 4252 
12121 1019 4125 4082 4284 
12122 3948 4044 3894 4097 
12123 3907 4048 3964 4278 
12124 184 3996 3950 4227 
12125 3940 3914 4215 4252 
12126 470 457 482 4210 
12127 3967 4050 3951 4220 
12128 3933 4032 3900 4210 
12129 4119 4159 3912 4246 
12130 808 4178 794 4269 
12131 3966 4088 1154 4275 
12132 182 183 3988 4056 
12133 1272 4107 3970 4252 
12134 920 929 3988 4161 
12135 1110 3985 4007 4301 
12136 3905 4105 4006 4119 
12137 3971 4091 3892 4098 
12138 841 871 843 4118 
12139 3917 3940 4216 4217 
12140 1026 3948 4062 4273 
12141 3924 4045 3899 4117 
12142 3904 3935 4106 4306 
12143 475 490 458 4032 
12144 658 4183 3959 4279 
12145 189 4097 3939 4273 
12146 3930 4127 3907 4295 
12147 3922 4003 3898 4053 
12148 3902 3985 4059 4184 
12149 1056 1041 1055 4079 
12150 186 1276 1262 3925 
12151 913 3950 4227 4266 
12152 929 4027 3988 4161 
12153 3988 4024 1013 4176 
12154 568 845 837 4078 
12155 3933 3900 4187 4210 
12156 3952 4034 3909 4260 
12157 819 760 4077 4193 
12158 1026 1025 3948 4273 
12159 1233 4132 4000 4299 
12160 3919 4135 4032 4245 
12161 4113 4234 1218 4235 
12162 516 3929 4047 4136 
12163 525 4031 3989 4130 
12164 1173 1174 1171 4153 
12165 3964 4278 4048 4297 
12166 4003 4018 3922 4160 
12167 1259 3957 179 4133 
12168 3937 4038 4077 4095 
12169 3910 3962 4196 4262 
12170 3935 3901 4106 4306 
12171 3945 4130 4031 4189 
12172 859 4114 847 4123 
12173 1272 1268 1262 4175 
12174 3957 4139 4070 4187 
12175 651 4074 3927 4269 
12176 3958 4016 4098 4173 
12177 3892 4098 4016 4173 
12178 12 4080 3924 4120 
12179 1167 1020 1021 3941 
12180 3932 3897 4070 4187 
12181 3924 4150 1183 4155 
12182 4037 4159 3905 4309 
12183 576 4252 781 4263 
12184 4091 4098 3971 4183 
12185 3892 3970 4091 4173 
12186 3892 4016 3961 4142 
12187 3971 4091 3970 4173 
12188 3963 4115 3930 4295 
12189 760 4004 4077 4193 
12190 3892 4016 4076 4173 
12191 557 721 1219 3935 
12192 763 3940 825 4215 
12193 1270 1267 4049 4050 
12194 1104 1015 1106 4233 
12195 638 692 4087 4139 
12196 3943 3985 4065 4184 
12197 3975 1057 4096 4169 
12198 3892 4098 4091 4183 
12199 1088 1168 934 3929 
12200 3896 3978 3989 4085 
12201 3892 3914 4107 4256 
12202 188 3992 187 4220 
12203 3909 4001 3977 4307 
12204 3940 3914 4256 4289 
12205 190 1273 1265 4106 
12206 913 3950 912 4227 
12207 3902 4064 4184 4191 
12208 1265 4052 3982 4106 
12209 1147 4073 4272 4300 
12210 3892 4107 3970 4173 
12211 12 3953 4141 4286 
12212 528 4105 3929 4136 
12213 3893 4146 4057 4287 
12214 3982 4054 3901 4274 
12215 3958 4076 4016 4173 
12216 1254 1246 1253 4129 
12217 3951 4048 3899 4080 
12218 1041 3992 4079 4122 
12219 191 1265 3970 4131 
12220 1024 3948 1025 4219 
12221 3924 3899 4080 4117 
12222 179 4026 3947 4051 
12223 3897 3947 4040 4051 
12224 659 467 569 4017 
12225 3906 3963 4115 4167 
12226 3907 3964 4164 4295 
12227 719 3967 831 4177 
12228 465 3983 451 4043 
12229 913 4227 921 4266 
12230 1126 3963 4088 4089 
12231 3966 4045 3973 4185 
12232 3965 4181 3964 4297 
12233 4004 4095 4077 4193 
12234 3956 4025 3894 4294 
12235 3953 4141 3954 4249 
12236 856 852 3999 4114 
12237 4014 4133 3922 4245 
12238 12 4141 192 4286 
12239 4021 3894 4222 4294 
12240 189 4062 3948 4273 
12241 3966 3899 4045 4185 
12242 4089 4115 3963 4167 
12243 191 192 4022 4141 
12244 3937 1257 4068 4166 
12245 1072 3973 1082 4231 
12246 1149 942 1142 4152 
12247 630 3932 631 4199 
12248 3912 4037 4063 4159 
12249 945 4135 4023 4254 
12250 3981 4173 3971 4267 
12251 930 3988 929 4207 
12252 3903 4049 3928 4123 
12253 3928 4049 3916 4123 
12254 3924 4080 3899 4164 
12255 651 3927 4259 4269 
12256 1249 1257 4019 4166 
12257 720 556 719 3967 
12258 189 4022 1280 4062 
12259 3950 3996 4121 4125 
12260 912 913 911 3950 
12261 4032 4087 3900 4210 
12262 1255 4063 4037 4159 
12263 3902 4068 3942 4077 
12264 3902 3937 4068 4077 
12265 4015 4059 3943 4184 
12266 1220 1219 3935 4299 
12267 3902 4077 4004 4095 
12268 4001 4002 3977 4307 
12269 1139 4030 4126 4154 
12270 3905 3926 4159 4246 
12271 3897 3952 4001 4253 
12272 643 4012 4163 4200 
12273 914 3996 4176 4227 
12274 581 4085 3980 4238 
12275 4027 4152 942 4207 
12276 3906 4115 4089 4167 
12277 911 4082 3950 4266 
12278 3953 3893 4151 4286 
12279 592 3925 548 4175 
12280 475 4032 458 4298 
12281 906 836 3973 4231 
12282 1113 4182 3952 4201 
12283 470 482 468 4160 
12284 1055 1074 1056 4079 
12285 1255 4056 4063 4159 
12286 1128 3963 1126 4089 
12287 920 4161 3988 4176 
12288 509 572 494 4010 
12289 832 849 4078 4177 
12290 1257 4019 3937 4086 
12291 1279 4024 184 4069 
12292 3946 4004 4059 4061 
12293 3974 4237 3898 4248 
12294 3920 4002 4001 4307 
12295 592 3925 782 4204 
12296 795 4247 579 4269 
12297 1167 1050 904 4081 
12298 3932 4116 3949 4214 
12299 748 759 4015 4077 
12300 734 177 555 4138 
12301 1037 1049 3954 4249 
12302 4046 4142 4016 4153 
12303 3924 3992 4045 4117 
12304 3922 4018 4003 4211 
12305 3895 4163 4012 4290 
12306 1049 4153 3954 4249 
12307 1107 1106 4064 4233 
12308 3954 4096 1037 4141 
12309 4051 4129 3913 4253 
12310 534 756 829 4019 
12311 1266 3982 1265 4052 
12312 3899 4048 3964 4164 
12313 12 4042 3953 4120 
12314 746 803 637 3957 
12315 3987 4065 3985 4152 
12316 3963 4150 4045 4164 
12317 3942 4077 4068 4166 
12318 691 452 3932 4087 
12319 3983 3898 4082 4230 
12320 3922 4018 3900 4245 
12321 12 3924 4042 4120 
12322 3924 3899 4045 4164 
12323 3951 4080 1278 4213 
12324 3900 4087 4018 4139 
12325 3942 4015 3902 4077 
12326 3904 3969 4113 4158 
12327 3910 4038 3993 4140 
12328 11 4069 184 4227 
12329 939 1015 1102 4039 
12330 1063 1069 1192 4006 
12331 3981 3982 3970 4242 
12332 3921 4234 4113 4235 
12333 449 4257 4250 4298 
12334 1192 1094 923 4006 
12335 3984 4161 3896 4282 
12336 519 518 4010 4119 
12337 566 648 4021 4050 
12338 1192 1063 4006 4105 
12339 3904 3969 4158 4306 
12340 4108 4272 4034 4300 
12341 3928 4049 3903 4079 
12342 3930 4115 3963 4150 
12343 625 772 624 4037 
12344 1261 178 11 4093 
12345 1173 3918 1171 4046 
12346 1267 188 4049 4222 
12347 513 4006 1063 4105 
12348 1037 1175 1049 4249 
12349 4068 4077 3937 4166 
12350 3993 4038 3910 4194 
12351 896 1168 1088 4105 
12352 1037 4096 1036 4141 
12353 672 785 3978 4243 
12354 622 558 3982 4263 
12355 178 1247 177 4138 
12356 1209 4148 3927 4259 
12357 3967 4220 3951 4280 
12358 523 3978 3989 4031 
12359 4055 4158 3969 4306 
12360 1097 4057 3991 4146 
12361 3907 4278 3964 4295 
12362 3913 4129 4051 4264 
12363 3898 3983 4082 4248 
12364 679 4278 3964 4297 
12365 3961 4016 3892 4098 
12366 1263 1270 1278 3951 
12367 911 909 4082 4266 
12368 522 4124 3978 4134 
12369 3993 4194 3910 4195 
12370 3950 4121 4082 4125 
12371 3955 4237 3974 4248 
12372 805 663 767 3974 
12373 3920 4001 4202 4307 
12374 1088 3929 934 4284 
12375 1173 1171 3918 4153 
12376 3905 4159 4119 4246 
12377 1069 1094 1192 4006 
12378 3903 3992 4079 4220 
12379 3903 4041 3928 4079 
12380 3926 4161 922 4176 
12381 643 753 645 4163 
12382 579 4021 578 4074 
12383 1272 1268 4252 4263 
12384 506 4119 521 4136 
12385 1059 1028 4022 4062 
12386 4003 4160 3922 4245 
12387 3943 4059 4015 4061 
12388 1224 3969 1212 4244 
12389 4040 4182 4051 4281 
12390 3905 4121 3974 4309 
12391 653 3956 690 4148 
12392 4127 4236 4115 4285 
12393 3995 4073 4034 4272 
12394 4051 4264 3931 4290 
12395 3893 4146 3953 4151 
12396 1041 1029 1055 4079 
12397 3910 4095 4004 4193 
12398 3964 4278 4072 4295 
12399 912 1016 3996 4125 
12400 849 869 832 4078 
12401 3915 4076 3954 4096 
12402 3986 4064 3962 4261 
12403 1014 1013 984 4008 
12404 653 786 3956 4074 
12405 3935 3904 4158 4306 
12406 1058 3975 1057 4305 
12407 3952 4182 1113 4300 
12408 690 786 568 3956 
12409 185 1277 548 4175 
12410 3911 4089 4088 4167 
12411 852 851 3967 4114 
12412 3906 4115 3963 4295 
12413 3908 4144 4065 4145 
12414 1174 1171 3918 4146 
12415 3951 3899 4048 4240 
12416 3984 4134 3896 4246 
12417 741 635 672 4085 
12418 3902 4015 3942 4184 
12419 908 902 907 3983 
12420 521 4006 513 4105 
12421 3913 4264 4051 4290 
12422 475 4210 3933 4250 
12423 3926 3905 4159 4239 
12424 3924 4150 3930 4164 
12425 901 1021 1020 4118 
12426 3984 3896 4031 4282 
12427 4091 4252 762 4267 
12428 4116 4214 4210 4250 
12429 3903 4220 3967 4280 
12430 740 3949 630 4199 
12431 3955 3905 4136 4248 
12432 3898 4121 3974 4248 
12433 3901 3972 4055 4132 
12434 3935 4132 1220 4299 
12435 1129 4155 3930 4287 
12436 474 4143 473 4160 
12437 4068 4149 3908 4184 
12438 4097 4174 3939 4186 
12439 187 3992 4117 4220 
12440 4016 4076 1181 4153 
12441 480 476 4116 4210 
12442 3904 4113 4028 4158 
12443 1265 1272 3970 4263 
12444 941 940 937 4040 
12445 1059 4062 4022 4169 
12446 1142 4027 944 4282 
12447 874 4025 871 4172 
12448 856 3973 863 4114 
12449 791 534 829 4166 
12450 181 1279 180 4039 
12451 1130 3930 1129 4115 
12452 1150 1102 3931 4300 
12453 852 854 855 3999 
12454 3892 4142 3961 4183 
12455 3919 4003 4043 4230 
12456 1280 12 187 4042 
12457 793 721 557 3935 
12458 3901 3972 4132 4157 
12459 1177 4016 1181 4153 
12460 3916 4025 3928 4123 
12461 3901 4030 3975 4058 
12462 471 4032 4143 4298 
12463 1131 1129 3930 4287 
12464 180 181 4039 4086 
12465 3973 4045 3899 4185 
12466 1105 4270 4168 4288 
12467 521 504 513 4006 
12468 3908 4068 4008 4149 
12469 3942 4149 4068 4184 
12470 189 190 1280 4022 
12471 592 782 3925 4175 
12472 190 1273 4106 4174 
12473 3955 4047 512 4255 
12474 1105 4233 4270 4288 
12475 3913 3952 4260 4290 
12476 852 859 851 4114 
12477 751 4013 4012 4036 
12478 934 1019 4082 4284 
12479 3931 4034 3952 4290 
12480 3935 4055 3901 4306 
12481 929 930 920 3988 
12482 1212 3969 1116 4244 
12483 665 550 581 3980 
12484 912 4082 1019 4125 
12485 3963 4164 3964 4295 
12486 814 592 782 4204 
12487 189 188 3948 4062 
12488 4012 4013 751 4197 
12489 985 4064 1106 4191 
12490 462 4160 4018 4211 
12491 631 632 637 4139 
12492 1082 1072 1042 4122 
12493 1102 1150 3931 4168 
12494 910 912 911 4082 
12495 641 645 816 4200 
12496 915 4024 917 4069 
12497 4062 4169 1059 4273 
12498 1059 1028 1031 4022 
12499 4115 4127 3906 4236 
12500 1031 4022 4042 4141 
12501 1126 4088 3963 4275 
12502 3931 4051 3952 4182 
12503 522 520 4124 4134 
12504 1034 4155 1191 4287 
12505 1280 187 188 4062 
12506 851 860 849 4123 
12507 4024 4176 3996 4227 
12508 3990 4241 4066 4268 
12509 4023 4069 1017 4254 
12510 4040 4051 3947 4281 
12511 3907 4072 4278 4295 
12512 3930 4150 3963 4295 
12513 469 477 474 4160 
12514 3895 4168 4086 4290 
12515 4082 4125 3929 4284 
12516 3908 4027 3988 4207 
12517 835 3965 867 3999 
12518 462 4003 4160 4211 
12519 1270 1267 188 4049 
12520 641 816 4129 4200 
12521 3919 4023 4135 4245 
12522 3963 3964 4167 4295 
12523 725 832 4078 4177 
12524 740 710 630 3949 
12525 916 4024 915 4227 
12526 553 631 3932 4199 
12527 578 566 648 4021 
12528 3972 4030 3901 4058 
12529 3899 4117 3973 4280 
12530 190 3939 189 4174 
12531 4027 3908 4144 4152 
12532 1035 1030 1029 3992 
12533 754 4038 755 4163 
12534 3929 4105 1168 4125 
12535 480 3932 481 4199 
12536 3970 3971 4173 4267 
12537 1131 3930 1130 4285 
12538 1072 1045 4045 4275 
12539 1192 4006 1085 4105 
12540 4020 3893 4204 4241 
12541 3928 4041 3903 4123 
12542 764 659 569 4017 
12543 3892 4076 4016 4153 
12544 643 4012 753 4163 
12545 3980 4149 1255 4212 
12546 3900 4014 3922 4245 
12547 1226 4055 1229 4158 
12548 1105 4073 4168 4270 
12549 3899 3973 4185 4280 
12550 3916 4021 4049 4294 
12551 3934 4201 4040 4257 
12552 1272 1268 4175 4252 
12553 4015 4059 4004 4061 
12554 4020 4066 3893 4241 
12555 1034 3953 4155 4287 
12556 831 3967 851 4177 
12557 3914 4151 4107 4256 
12558 921 4023 945 4135 
12559 3985 4065 3987 4156 
12560 3999 4185 4114 4280 
12561 4114 4185 3973 4280 
12562 622 4242 3982 4274 
12563 3917 4142 4046 4171 
12564 1036 4096 4022 4141 
12565 1190 890 1018 4143 
12566 4026 4051 179 4264 
12567 3948 4049 3928 4079 
12568 3930 3924 4120 4155 
12569 716 572 509 4010 
12570 767 4138 3974 4237 
12571 1265 4106 3982 4131 
12572 1150 3931 4168 4300 
12573 1158 4182 4040 4281 
12574 4048 4080 3951 4213 
12575 624 4010 726 4223 
12576 859 860 851 4123 
12577 3975 4030 3915 4305 
12578 653 4074 3956 4148 
12579 3903 4114 4041 4231 
12580 784 763 825 4215 
12581 3895 4086 4168 4288 
12582 183 3926 4056 4159 
12583 522 495 3978 4124 
12584 3925 4175 782 4204 
12585 3903 3973 4114 4231 
12586 1205 4081 1061 4235 
12587 4016 3958 4098 4251 
12588 911 3950 913 4266 
12589 3978 4031 523 4134 
12590 182 4056 3988 4149 
12591 4016 4046 3961 4142 
12592 192 3954 191 4107 
12593 3892 3961 4098 4183 
12594 3892 4142 3940 4256 
12595 749 4077 582 4166 
12596 3935 4178 4052 4274 
12597 4068 4149 3942 4166 
12598 725 4078 818 4177 
12599 3948 4097 3894 4222 
12600 914 912 3996 4227 
12601 1276 4175 3925 4286 
12602 3996 4159 3905 4239 
12603 501 4017 828 4255 
12604 3973 858 4114 4231 
12605 480 481 3932 4116 
12606 785 567 672 3978 
12607 1265 3970 4131 4263 
12608 3978 4085 672 4243 
12609 1054 4147 4162 4235 
12610 1035 3992 1041 4122 
12611 189 4097 3948 4222 
12612 912 1016 914 3996 
12613 667 3959 4183 4228 
12614 3899 4045 3973 4117 
12615 912 910 1019 4082 
12616 3980 4085 3944 4238 
12617 4047 4136 3929 4248 
12618 1105 4168 4233 4288 
12619 3947 4133 3957 4187 
12620 764 4053 769 4237 
12621 1043 4150 4045 4275 
12622 1240 4035 1209 4148 
12623 3964 4164 3963 4170 
12624 1269 1274 1266 4052 
12625 1190 4143 1018 4266 
12626 3919 4023 3950 4266 
12627 663 767 3974 4237 
12628 584 716 565 4255 
12629 523 3989 3978 4243 
12630 1247 1261 3974 4138 
12631 180 4026 179 4264 
12632 649 766 801 4213 
12633 1037 3954 4141 4249 
12634 1226 1224 1229 4055 
12635 4029 4080 4048 4213 
12636 3955 4136 4047 4248 
12637 855 856 852 3999 
12638 1098 4030 932 4058 
12639 3892 4153 4142 4256 
12640 3916 4049 4021 4050 
12641 1023 1025 4044 4219 
12642 3908 4152 4027 4207 
12643 3919 4160 4003 4245 
12644 691 479 452 4087 
12645 1255 4056 3980 4063 
12646 1232 3972 1221 4244 
12647 3970 4091 3971 4267 
12648 3942 4015 670 4145 
12649 3935 4158 4055 4306 
12650 1050 4044 1143 4081 
12651 3909 4253 3952 4260 
12652 3998 4204 3893 4241 
12653 1024 1074 1055 4079 
12654 624 663 559 4037 
12655 741 3978 567 4124 
12656 1026 1029 1028 4062 
12657 3909 3977 4253 4260 
12658 448 468 482 4087 
12659 3901 4030 3972 4157 
12660 658 4217 4183 4279 
12661 587 579 578 4074 
12662 649 4050 766 4213 
12663 3985 4064 1109 4191 
12664 3949 4116 3932 4199 
12665 1102 3931 1114 4182 
12666 858 863 3973 4114 
12667 4034 4073 3895 4168 
12668 640 639 4070 4129 
12669 4045 4150 3963 4275 
12670 3943 3987 4065 4156 
12671 982 3976 4007 4156 
12672 3940 4256 4142 4289 
12673 1192 1085 1063 4105 
12674 1250 4149 4068 4166 
12675 1278 3951 1270 4220 
12676 1057 1058 1044 3975 
12677 780 575 1248 4063 
12678 3958 3971 4104 4173 
12679 3929 3905 4121 4248 
12680 3909 4036 4013 4092 
12681 3928 4219 1074 4265 
12682 566 4021 1264 4050 
12683 3922 4160 4018 4245 
12684 480 4087 459 4210 
12685 895 1211 1205 4235 
12686 3929 4105 3905 4136 
12687 3947 4040 3933 4187 
12688 3897 4040 3947 4187 
12689 4006 4105 3905 4239 
12690 3905 4119 4010 4136 
12691 663 4037 624 4223 
12692 1247 178 1261 4138 
12693 3902 4059 4015 4184 
12694 1048 1047 4096 4305 
12695 1057 3975 1044 4169 
12696 1068 1018 890 4143 
12697 1205 1061 895 4235 
12698 1228 1218 4113 4234 
12699 1068 463 451 4043 
12700 3929 3905 4105 4125 
12701 3943 4065 3985 4156 
12702 1032 4042 1060 4155 
12703 1129 4150 3930 4155 
12704 3931 180 4086 4264 
12705 187 4117 4080 4220 
12706 3899 4164 3964 4170 
12707 4082 4248 3983 4284 
12708 3903 4122 3973 4231 
12709 189 3948 188 4222 
12710 746 637 639 4129 
12711 3895 4012 4260 4290 
12712 3933 4257 937 4298 
12713 3914 4175 783 4252 
12714 3925 4175 3914 4286 
12715 1173 4046 1177 4153 
12716 1228 4234 4113 4304 
12717 186 4120 12 4286 
12718 3937 4077 3902 4095 
12719 3962 4140 3910 4196 
12720 3916 4123 3967 4177 
12721 1246 3957 1259 4014 
12722 470 490 457 4210 
12723 754 809 771 3993 
12724 553 691 452 3932 
12725 4034 4260 3952 4290 
12726 580 582 3942 4212 
12727 3902 4064 3985 4184 
12728 4081 4206 4035 4234 
12729 3981 4054 3982 4242 
12730 3970 4252 4091 4267 
12731 1192 1085 4006 4239 
12732 3903 4079 4049 4220 
12733 1191 4146 1034 4287 
12734 575 625 4037 4063 
12735 528 3929 516 4136 
12736 4045 4150 3924 4164 
12737 1053 1054 1143 4147 
12738 921 945 4023 4254 
12739 624 772 726 4010 
12740 1276 1262 3925 4175 
12741 4098 4251 4099 4291 
12742 904 1080 1167 4206 
12743 1197 4028 573 4259 
12744 3911 3965 4170 4258 
12745 3892 4091 3971 4173 
12746 184 4093 3950 4309 
12747 3929 4136 3905 4248 
12748 3943 4145 4015 4184 
12749 569 4053 467 4211 
12750 3950 4121 3996 4309 
12751 934 1019 910 4082 
12752 3951 4213 801 4240 
12753 833 3941 841 4118 
12754 4038 4095 3895 4140 
12755 685 4213 4048 4240 
12756 3925 4151 3893 4286 
12757 982 3987 3976 4156 
12758 781 4252 1268 4263 
12759 783 4215 3914 4252 
12760 4105 4125 3905 4239 
12761 874 871 841 4172 
12762 1130 1131 1129 3930 
12763 3957 4070 3897 4187 
12764 4034 4168 3895 4290 
12765 1255 3980 4056 4149 
12766 820 803 4014 4139 
12767 3897 4187 3932 4214 
12768 1128 4089 1151 4115 
12769 3977 4129 4070 4253 
12770 4034 4168 3931 4300 
12771 461 830 570 4018 
12772 1085 4105 4006 4239 
12773 3951 3899 4240 4280 
12774 4135 4254 945 4281 
12775 189 3939 4097 4174 
12776 3894 4097 4044 4296 
12777 3942 4145 670 4238 
12778 901 1020 833 4118 
12779 3902 4015 4004 4077 
12780 640 710 778 3977 
12781 3942 4166 4149 4212 
12782 468 4018 462 4160 
12783 4072 4128 4020 4268 
12784 1273 4052 4174 4247 
12785 3921 4162 4147 4235 
12786 461 448 830 4018 
12787 1208 1218 4234 4235 
12788 864 3966 1144 3973 
12789 3929 4248 4082 4284 
12790 4028 4113 3904 4186 
12791 3910 4196 4094 4262 
12792 858 3973 863 4231 
12793 1199 4113 1218 4235 
12794 1088 515 3929 4284 
12795 3952 4051 3913 4253 
12796 3897 4051 3952 4253 
12797 4018 4160 4003 4211 
12798 4017 4047 3955 4255 
12799 621 4263 4242 4267 
12800 4003 3898 4071 4230 
12801 3892 3971 4098 4173 
12802 3958 4098 3971 4173 
12803 1264 3968 1267 4021 
12804 3943 3985 4059 4156 
12805 692 830 691 4087 
12806 3932 4210 4116 4214 
12807 3900 4018 4087 4160 
12808 1276 192 1272 4107 
12809 3954 4153 3892 4256 
12810 4041 4079 3903 4122 
12811 3931 4086 3923 4168 
12812 914 1016 919 3996 
12813 3930 4115 1130 4285 
12814 783 4175 3914 4215 
12815 1270 4050 4049 4220 
12816 1128 4115 1129 4150 
12817 573 1197 1214 4028 
12818 796 1266 1274 4052 
12819 920 3988 1013 4176 
12820 3909 4092 4013 4110 
12821 3942 4068 3902 4184 
12822 4027 3896 4161 4282 
12823 1034 4146 3953 4287 
12824 1209 4259 3927 4304 
12825 4001 4201 3934 4202 
12826 911 909 910 4082 
12827 829 756 755 4163 
12828 924 3936 1140 4154 
12829 4150 4164 3963 4295 
12830 1224 4055 3969 4244 
12831 3945 4031 4027 4282 
12832 581 634 4085 4238 
12833 1150 4168 1147 4300 
12834 754 4012 752 4197 
12835 3895 4260 4034 4290 
12836 3903 3973 4117 4280 
12837 913 1017 921 4227 
12838 1206 4206 4081 4234 
12839 3903 4114 3967 4123 
12840 831 852 851 3967 
12841 3926 4159 3996 4239 
12842 655 793 3935 4274 
12843 1026 1055 1029 4079 
12844 494 519 518 4010 
12845 3906 4090 4089 4115 
12846 521 506 504 4119 
12847 672 567 741 3978 
12848 800 556 720 4240 
12849 473 4143 4032 4160 
12850 4027 4031 3896 4282 
12851 919 3996 1016 4239 
12852 3958 4188 4104 4251 
12853 4104 4188 4099 4251 
12854 3901 4106 3975 4131 
12855 822 1197 573 4259 
12856 1127 1154 4088 4275 
12857 638 4087 691 4139 
12858 865 4185 867 4258 
12859 3899 3951 4080 4117 
12860 914 3996 919 4176 
12861 1031 4042 1032 4141 
12862 1180 1181 4016 4076 
12863 3943 3944 731 4145 
12864 4020 4241 4204 4268 
12865 3929 4121 3905 4125 
12866 185 1262 1277 4175 
12867 923 922 919 4239 
12868 3927 4234 1209 4304 
12869 4001 3909 4109 4307 
12870 451 902 1068 4043 
12871 1199 1213 1218 4113 
12872 3893 3925 4020 4204 
12873 3899 3963 4164 4170 
12874 4045 4117 3992 4122 
12875 3983 4082 4043 4230 
12876 4086 4168 3931 4290 
12877 1251 1252 1247 3974 
12878 3953 4120 4042 4155 
12879 640 641 639 4129 
12880 1258 177 562 4014 
12881 474 473 469 4160 
12882 1259 4014 3957 4133 
12883 190 4106 1265 4131 
12884 816 645 802 4019 
12885 866 3966 864 3973 
12886 3963 4167 3906 4295 
12887 4076 4096 3915 4305 
12888 3930 4150 3924 4155 
12889 3935 3901 4055 4132 
12890 471 4143 1195 4298 
12891 754 809 3993 4197 
12892 1025 4147 3948 4273 
12893 3931 4051 4026 4264 
12894 566 551 1264 4021 
12895 655 4054 4274 4299 
12896 3943 4065 4145 4184 
12897 3911 3963 4088 4170 
12898 3963 3911 4167 4170 
12899 769 694 695 4053 
12900 3911 4088 3963 4167 
12901 3899 4080 4048 4164 
12902 3894 4021 4074 4294 
12903 1038 4147 3939 4162 
12904 3894 4044 3941 4296 
12905 503 517 3984 4134 
12906 744 573 721 4178 
12907 1267 1273 189 3968 
12908 1014 984 1106 4008 
12909 1158 4182 1113 4201 
12910 4081 4206 3941 4296 
12911 3958 4104 4099 4251 
12912 3988 4008 3908 4207 
12913 1267 4021 3968 4222 
12914 3904 4174 3968 4186 
12915 759 760 4004 4077 
12916 651 4074 653 4148 
12917 1252 3974 1251 4037 
12918 3920 3949 4224 4271 
12919 649 720 768 3967 
12920 519 506 518 4119 
12921 12 4120 3953 4286 
12922 4113 4234 4186 4304 
12923 3939 4169 1039 4218 
12924 944 1073 1142 4282 
12925 581 3980 550 4212 
12926 3921 4186 4113 4234 
12927 918 915 917 4069 
12928 910 934 4082 4284 
12929 3944 4065 4144 4145 
12930 3901 3982 4106 4131 
12931 667 4183 3971 4228 
12932 1223 4055 1231 4132 
12933 4113 4186 4028 4304 
12934 582 4166 3942 4212 
12935 920 922 4161 4176 
12936 3927 4074 3968 4269 
12937 3961 4142 3940 4183 
12938 513 504 492 4006 
12939 3955 4047 4017 4248 
12940 3948 4079 3928 4219 
12941 1023 4044 1021 4219 
12942 848 574 831 4177 
12943 621 3982 622 4242 
12944 3965 3964 4170 4297 
12945 1055 1026 1024 4079 
12946 4115 4236 4090 4285 
12947 4041 4114 3903 4123 
12948 3903 4117 3973 4122 
12949 1192 4006 923 4239 
12950 755 754 771 4038 
12951 3948 4049 188 4222 
12952 1035 1042 1043 4045 
12953 795 579 652 4269 
12954 4017 4053 764 4237 
12955 3972 3901 4055 4058 
12956 1039 3939 1038 4273 
12957 3964 4167 3911 4170 
12958 585 764 769 4237 
12959 1053 4044 1025 4147 
12960 1094 3984 1011 4161 
12961 748 4015 670 4077 
12962 1022 1074 4219 4265 
12963 4099 4251 4083 4291 
12964 3898 4237 4017 4248 
12965 4018 4160 3900 4245 
12966 793 4178 3935 4274 
12967 1212 1224 1213 3969 
12968 510 3955 512 4255 
12969 1255 1248 4037 4063 
12970 4192 4291 4083 4293 
12971 3936 4126 4030 4154 
12972 3932 4139 4087 4187 
12973 4025 3956 4078 4294 
12974 3922 4003 4053 4211 
12975 3892 3940 4142 4183 
12976 795 652 4247 4269 
12977 885 3984 502 4283 
12978 691 638 692 4087 
12979 512 3955 510 4136 
12980 3930 4164 4150 4295 
12981 1013 4024 916 4176 
12982 462 4003 477 4160 
12983 1273 1269 4052 4247 
12984 3910 4140 4195 4196 
12985 3979 4195 4140 4196 
12986 4087 4139 3900 4187 
12987 3972 4055 1221 4244 
12988 1072 1154 1045 4275 
12989 684 4204 782 4215 
12990 1114 3931 1102 4300 
12991 1247 1261 1251 3974 
12992 1270 3951 1263 4213 
12993 448 691 830 4087 
12994 3910 3962 4095 4140 
12995 3998 4205 673 4241 
12996 1027 4062 1059 4273 
12997 914 916 915 4227 
12998 1040 3939 1039 4218 
12999 3907 4048 4080 4164 
13000 480 452 3932 4199 
13001 3998 3917 4216 4221 
13002 3951 4048 4213 4240 
13003 3950 4230 3919 4266 
13004 984 985 1106 4191 
13005 751 4036 4012 4200 
13006 3913 4260 4012 4290 
13007 4043 4230 4082 4266 
13008 190 3975 4106 4131 
13009 689 653 690 4148 
13010 1151 1128 1126 4089 
13011 1044 4169 3975 4218 
13012 1059 4022 1036 4169 
13013 1088 3929 515 4105 
13014 1105 4233 3962 4270 
13015 1102 1114 1111 4182 
13016 1221 3972 1231 4055 
13017 1264 4021 1267 4050 
13018 1155 3966 838 4088 
13019 527 506 521 4136 
13020 1131 4155 1129 4287 
13021 984 4191 4008 4207 
13022 3953 4146 1034 4249 
13023 798 3965 868 3999 
13024 557 3935 1219 4299 
13025 1276 3925 186 4286 
13026 1048 1047 1037 4096 
13027 4072 4127 4020 4128 
13028 866 836 863 3973 
13029 1031 1036 4022 4141 
13030 1002 881 484 4298 
13031 3963 4167 3964 4170 
13032 744 4028 573 4178 
13033 3952 4034 3931 4300 
13034 781 561 1268 4252 
13035 3981 4103 4242 4267 
13036 580 4212 3942 4238 
13037 1072 882 1154 3966 
13038 11 4133 4023 4245 
13039 1265 3982 1266 4263 
13040 479 459 452 4087 
13041 448 4018 468 4087 
13042 819 760 749 4077 
13043 921 4023 1017 4254 
13044 800 619 798 3965 
13045 510 518 527 4136 
13046 3918 4249 4151 4256 
13047 726 4010 716 4223 
13048 754 753 752 4012 
13049 930 1013 920 3988 
13050 464 4003 466 4071 
13051 1097 1171 4146 4171 
13052 3892 4107 3954 4256 
13053 4080 4120 3907 4164 
13054 3923 4168 4086 4288 
13055 566 578 551 4021 
13056 1135 3938 1097 4057 
13057 3999 4240 3899 4280 
13058 1261 4093 3974 4138 
13059 4109 4202 4001 4307 
13060 693 692 820 4018 
13061 800 798 556 3999 
13062 516 4047 512 4136 
13063 1273 4174 3968 4247 
13064 528 511 4105 4136 
13065 648 649 768 4050 
13066 3938 4090 4236 4285 
13067 763 4215 783 4252 
13068 3998 4216 4205 4221 
13069 189 3968 1273 4174 
13070 1208 4234 4081 4235 
13071 4076 4126 1193 4305 
13072 4044 4081 3941 4296 
13073 3969 4058 1051 4244 
13074 906 1144 1072 3973 
13075 1250 4149 4166 4212 
13076 655 4274 3935 4299 
13077 919 4176 3996 4239 
13078 3924 4120 4080 4164 
13079 4032 4135 3919 4143 
13080 829 749 791 4166 
13081 585 769 767 4237 
13082 4035 3941 4206 4296 
13083 3903 4114 3973 4280 
13084 1253 746 554 4129 
13085 847 859 858 4114 
13086 3909 4002 4036 4092 
13087 771 3993 809 4194 
13088 924 4126 3936 4154 
13089 1273 1267 1269 3968 
13090 592 3925 4204 4232 
13091 3935 4054 3901 4132 
13092 4040 4214 3934 4257 
13093 3973 4117 4045 4122 
13094 1038 1039 1040 3939 
13095 1126 3963 1046 4275 
13096 4017 4053 3898 4071 
13097 4205 4216 3917 4221 
13098 1179 924 3958 4188 
13099 866 3973 863 4185 
13100 4003 3898 4053 4071 
13101 1033 1037 1036 4141 
13102 4242 4263 3970 4267 
13103 1040 1038 3939 4162 
13104 4024 4069 915 4227 
13105 940 4135 945 4281 
13106 861 849 860 4123 
13107 3901 4058 3975 4306 
13108 985 1107 1106 4064 
13109 921 945 1079 4135 
13110 3965 3899 4170 4185 
13111 3988 4161 3926 4176 
13112 3930 4115 4127 4295 
13113 832 725 574 4177 
13114 1035 1029 1041 3992 
13115 468 461 462 4018 
13116 3975 4096 3915 4131 
13117 1052 3969 4162 4218 
13118 855 835 867 3999 
13119 869 4025 844 4078 
13120 3931 4168 4034 4290 
13121 1035 1041 1042 4122 
13122 1252 1248 575 4037 
13123 3955 4017 4237 4248 
13124 4200 4253 3977 4260 
13125 1250 1255 4149 4212 
13126 3906 4127 4115 4295 
13127 4044 4097 3948 4147 
13128 3947 3900 4133 4187 
13129 1048 1193 1047 4305 
13130 1088 1078 515 4284 
13131 1048 4076 1193 4305 
13132 462 4018 461 4211 
13133 1132 4115 4090 4285 
13134 1270 4049 188 4220 
13135 4196 4262 3962 4270 
13136 666 3970 4252 4263 
13137 509 494 518 4010 
13138 868 3965 835 3999 
13139 1128 1046 3963 4150 
13140 3932 4187 4087 4210 
13141 4001 4202 3934 4271 
13142 1049 1181 4076 4153 
13143 3918 4142 4046 4153 
13144 908 910 909 4082 
13145 853 4123 4041 4265 
13146 479 691 448 4087 
13147 3932 4116 481 4199 
13148 1267 3968 189 4222 
13149 1059 1027 1028 4062 
13150 3981 4242 3970 4267 
13151 1022 4219 4118 4265 
13152 794 4178 4052 4247 
13153 1053 1143 1050 4044 
13154 1062 840 850 4118 
13155 566 1264 1271 4050 
13156 3913 4253 4200 4260 
13157 4020 4072 3907 4127 
13158 847 4041 853 4123 
13159 4223 4237 3955 4255 
13160 4087 4187 3900 4210 
13161 3947 4254 4135 4281 
13162 3938 4236 4127 4285 
13163 4142 4153 3918 4256 
13164 1269 1266 1265 4052 
13165 1111 918 939 4026 
13166 676 4048 4029 4278 
13167 1251 4037 3974 4309 
13168 3956 3894 4074 4294 
13169 1249 802 534 4019 
13170 1034 1136 1191 4155 
13171 760 759 4004 4193 
13172 3985 4152 4065 4184 
13173 685 801 4213 4240 
13174 189 3968 4174 4222 
13175 622 3982 621 4263 
13176 832 574 848 4177 
13177 1116 3969 1051 4244 
13178 1031 1033 1036 4141 
13179 3957 4133 3900 4187 
13180 854 556 868 3999 
13181 4065 4152 3908 4184 
13182 449 881 4257 4298 
13183 3899 3951 4117 4280 
13184 667 4091 3971 4183 
13185 4000 4132 4054 4299 
13186 908 3983 907 4284 
13187 1023 1025 1053 4044 
13188 4109 4201 4001 4202 
13189 1083 4058 3972 4244 
13190 3985 4184 4064 4191 
13191 1047 1057 4096 4305 
13192 768 3967 719 4177 
13193 1034 4141 3953 4249 
13194 3970 4242 3982 4263 
13195 1273 1269 1265 4052 
13196 1269 3968 1264 4247 
13197 678 4240 4048 4297 
13198 3985 4152 4184 4191 
13199 1076 3934 4201 4202 
13200 3939 4097 3921 4147 
13201 3901 4132 4054 4157 
13202 1267 1264 1269 3968 
13203 3908 4184 4152 4191 
13204 579 4074 651 4269 
13205 3914 4151 3925 4286 
13206 719 831 574 4177 
13207 3982 4131 3970 4263 
13208 840 1062 901 4118 
13209 666 4252 576 4263 
13210 183 3996 4159 4309 
13211 1176 4146 1174 4249 
13212 525 4031 4130 4189 
13213 1011 1094 885 3984 
13214 458 4032 471 4298 
13215 783 4175 561 4252 
13216 1011 4282 3984 4283 
13217 4088 4089 3963 4167 
13218 3961 4046 4016 4293 
13219 1056 4122 4041 4231 
13220 3912 4134 4119 4246 
13221 3905 4119 4006 4246 
13222 1026 4062 1027 4273 
13223 1232 1231 1221 3972 
13224 1136 1034 1032 4155 
13225 3897 4040 4187 4214 
13226 3933 4187 4040 4214 
13227 471 4032 473 4143 
13228 3900 4160 4032 4245 
13229 3985 1110 4007 4156 
13230 4054 4132 4000 4157 
13231 3907 4048 4029 4080 
13232 3918 3953 4151 4249 
13233 1039 4169 3939 4273 
13234 3944 4085 3989 4208 
13235 1111 4026 4182 4281 
13236 467 466 4003 4071 
13237 11 1279 184 4069 
13238 3953 3918 4146 4249 
13239 3953 4146 3918 4151 
13240 3959 4098 4099 4291 
13241 808 744 794 4178 
13242 551 578 579 4021 
13243 1139 4030 933 4126 
13244 1275 185 765 4029 
13245 1132 4089 4090 4115 
13246 917 1014 939 4039 
13247 588 667 544 4100 
13248 3921 4044 4097 4296 
13249 584 4237 4223 4255 
13250 562 177 734 4014 
13251 3903 4041 4122 4231 
13252 756 4019 645 4163 
13253 502 503 517 3984 
13254 3892 4091 3940 4183 
13255 1059 1036 1057 4169 
13256 3939 4147 3921 4162 
13257 1104 1103 1015 4168 
13258 183 184 3996 4309 
13259 710 640 632 4070 
13260 663 3974 4223 4237 
13261 184 1279 183 4024 
13262 4042 4120 3924 4155 
13263 1114 4182 3931 4300 
13264 4020 4128 4127 4268 
13265 1220 1229 1223 4132 
13266 4065 4144 3908 4152 
13267 833 840 901 4118 
13268 3970 666 4252 4267 
13269 1270 4050 3951 4213 
13270 3917 3998 4216 4289 
13271 469 462 477 4160 
13272 1257 1250 4068 4166 
13273 4093 4121 3898 4230 
13274 3974 4093 1261 4309 
13275 3950 4121 4093 4230 
13276 561 4175 1268 4252 
13277 767 769 695 4138 
13278 1158 938 4040 4201 
13279 867 865 3999 4185 
13280 182 1279 181 4024 
13281 860 859 847 4123 
13282 3952 4253 3913 4260 
13283 1203 1224 1212 4244 
13284 929 4027 942 4207 
13285 865 856 3999 4185 
13286 676 678 685 4048 
13287 866 3966 4185 4258 
13288 679 4048 4278 4297 
13289 1251 1255 4037 4159 
13290 850 1062 157 840 
13291 1238 1209 4035 4234 
13292 1180 3958 1179 4076 
13293 918 4069 4026 4254 
13294 848 574 109 831 
13295 4030 4154 3972 4157 
13296 3898 4093 3974 4121 
13297 3959 4099 4098 4228 
13298 1216 1214 1215 4028 
13299 3921 4097 4044 4147 
13300 553 3932 452 4199 
13301 653 786 690 3956 
13302 1197 1215 1214 4028 
13303 896 491 1063 4105 
13304 3933 4210 4214 4250 
13305 1011 3984 885 4283 
13306 4066 4128 4127 4236 
13307 3899 4185 3999 4280 
13308 1191 1176 1034 4146 
13309 1021 1023 1050 4044 
13310 3980 4212 581 4238 
13311 4066 4127 4128 4268 
13312 1250 181 4068 4149 
13313 3898 4053 4017 4237 
13314 1203 1212 1116 4244 
13315 1212 1199 172 1116 
13316 1227 4113 1226 4158 
13317 1263 1278 186 4029 
13318 682 4181 3965 4297 
13319 840 1062 157 901 
13320 1051 3969 1052 4218 
13321 1273 3968 1269 4247 
13322 846 891 834 4041 
13323 631 638 691 4139 
13324 477 466 464 4003 
13325 1026 1027 1025 4273 
13326 4097 4174 3968 4222 
13327 1072 1082 906 4231 
13328 690 3956 875 4209 
13329 4001 4109 3952 4201 
13330 3930 4127 4115 4285 
13331 1021 4118 1022 4219 
13332 515 3929 528 4105 
13333 3958 4099 4098 4251 
13334 3901 3975 4106 4306 
13335 3975 3915 4096 4305 
13336 3971 4228 4104 4229 
13337 462 466 4003 4211 
13338 1215 4028 1197 4304 
13339 4066 4127 3938 4236 
13340 768 720 719 3967 
13341 3919 4032 4160 4245 
13342 517 502 3984 4283 
13343 3939 1040 4162 4218 
13344 1270 1271 4050 4213 
13345 1179 3958 924 4126 
13346 496 510 512 4255 
13347 187 1278 1270 4220 
13348 1063 491 513 4105 
13349 1115 3962 4233 4261 
13350 1209 1236 4259 4304 
13351 3906 4127 4072 4128 
13352 1251 3974 1261 4309 
13353 3935 4274 4054 4299 
13354 3900 4014 3957 4139 
13355 1132 1151 4089 4115 
13356 1229 4055 1223 4132 
13357 846 4041 847 4231 
13358 1253 802 1249 4019 
13359 3917 4137 3998 4289 
13360 625 624 575 4037 
13361 797 4193 4038 4194 
13362 3903 4079 3992 4122 
13363 1254 4019 4086 4264 
13364 4032 4143 3919 4160 
13365 3949 4214 4116 4271 
13366 583 4017 764 4237 
13367 4035 4206 4081 4296 
13368 1136 1032 1060 4155 
13369 3920 4202 4001 4271 
13370 881 937 4257 4298 
13371 734 555 695 4138 
13372 1031 1032 1033 4141 
13373 3907 4127 4072 4295 
13374 653 587 786 4074 
13375 716 726 572 4010 
13376 1126 1127 4088 4275 
13377 1126 1128 1046 3963 
13378 1097 3938 1096 3991 
13379 3999 4114 3967 4280 
13380 3918 3954 4153 4249 
13381 1271 766 4050 4213 
13382 685 4048 678 4240 
13383 4028 4259 1197 4304 
13384 846 847 858 4231 
13385 3918 4153 3954 4256 
13386 832 845 725 4078 
13387 4081 4234 3921 4235 
13388 1088 515 491 4105 
13389 1251 4159 4037 4309 
13390 3917 4216 3940 4289 
13391 467 4003 466 4211 
13392 4093 4121 3950 4309 
13393 846 1075 891 4041 
13394 1051 4058 3969 4218 
13395 4066 4020 4127 4268 
13396 782 4175 783 4215 
13397 528 516 511 4136 
13398 858 856 863 4114 
13399 3910 4095 4038 4140 
13400 1254 4019 1257 4086 
13401 3918 3954 4249 4256 
13402 3957 4014 3900 4133 
13403 1174 4153 1049 4249 
13404 4116 4210 476 4250 
13405 3978 4124 3912 4134 
13406 553 630 631 4199 
13407 780 665 575 4063 
13408 3931 4026 4051 4182 
13409 3986 4094 4301 4302 
13410 3946 4301 4094 4302 
13411 666 762 4252 4267 
13412 678 4048 676 4278 
13413 1011 4161 3984 4282 
13414 573 4028 664 4259 
13415 1168 4105 1085 4125 
13416 3939 4147 1038 4273 
13417 4097 4186 3921 4296 
13418 1049 1181 1048 4076 
13419 1174 1049 1175 4249 
13420 984 983 4191 4207 
13421 4002 4092 3909 4307 
13422 1092 1152 493 4283 
13423 3945 4189 4031 4282 
13424 1227 1228 4113 4304 
13425 189 4174 4097 4222 
13426 1105 1115 3962 4233 
13427 1043 4045 1045 4275 
13428 3898 4121 4082 4230 
13429 3893 4066 4020 4127 
13430 1016 3996 4125 4239 
13431 1095 3991 1096 4180 
13432 3952 3931 4182 4300 
13433 793 557 655 3935 
13434 3917 3998 4137 4221 
13435 1139 4126 924 4154 
13436 756 534 802 4019 
13437 3996 3905 4121 4125 
13438 939 1014 1015 4039 
13439 867 865 855 3999 
13440 1255 183 4056 4159 
13441 520 519 508 4124 
13442 178 4014 1259 4133 
13443 1003 4143 4135 4298 
13444 494 714 84 508 
13445 1079 1190 1018 4266 
13446 505 507 503 4134 
13447 844 873 845 4078 
13448 3996 4121 3905 4309 
13449 774 569 467 4211 
13450 188 189 1280 4062 
13451 3908 4145 4065 4184 
13452 181 1257 1250 4068 
13453 3990 4066 4180 4276 
13454 3990 674 4241 4268 
13455 1026 1028 1027 4062 
13456 622 621 558 4263 
13457 830 692 570 4018 
13458 843 871 861 4025 
13459 464 465 451 4043 
13460 3935 4158 3904 4178 
13461 1180 1181 1177 4016 
13462 1260 555 177 4138 
13463 4026 3947 4051 4281 
13464 1042 1072 1045 4045 
13465 3951 4050 1270 4220 
13466 930 929 942 4207 
13467 3992 3903 4117 4220 
13468 1076 938 4201 4257 
13469 737 690 875 4209 
13470 523 4031 517 4134 
13471 1076 4201 3934 4257 
13472 3996 3905 4159 4309 
13473 1227 1213 1226 4113 
13474 916 1013 917 4024 
13475 1154 3966 1155 4088 
13476 789 592 4204 4232 
13477 3911 4088 3966 4170 
13478 1211 1205 174 895 
13479 1049 1177 1181 4153 
13480 3927 4234 4186 4296 
13481 747 826 4193 4194 
13482 1195 4143 1003 4298 
13483 1085 4125 4105 4239 
13484 863 856 865 4185 
13485 1102 1015 1103 4168 
13486 725 110 832 574 
13487 1135 4057 1133 4285 
13488 727 4020 4072 4278 
13489 110 832 574 848 
13490 1128 1130 1129 4115 
13491 3986 4261 3962 4262 
13492 4029 4232 676 4278 
13493 844 871 874 4025 
13494 1196 721 126 1214 
13495 1034 4146 1176 4249 
13496 3996 3905 4125 4239 
13497 3900 4139 3957 4187 
13498 191 192 1280 4022 
13499 570 4018 693 4211 
13500 719 109 574 831 
13501 796 1274 560 4247 
13502 1263 186 185 4029 
13503 1098 932 1083 4058 
13504 639 637 632 4070 
13505 1133 1131 4285 4287 
13506 726 772 572 4010 
13507 3989 4085 3978 4243 
13508 796 4052 1274 4247 
13509 3918 4142 4137 4171 
13510 667 658 3959 4100 
13511 643 751 4012 4200 
13512 4189 4282 1012 4283 
13513 1205 1061 174 895 
13514 1062 4118 850 4265 
13515 3936 4154 4030 4157 
13516 906 836 1144 3973 
13517 4108 4109 1101 4300 
13518 3961 4016 4098 4293 
13519 1249 534 791 4166 
13520 676 4232 675 4278 
13521 670 4015 758 4145 
13522 3917 3940 4142 4289 
13523 1150 1114 1102 4300 
13524 549 765 185 4029 
13525 572 714 84 494 
13526 845 111 832 725 
13527 3956 4148 4035 4209 
13528 891 1056 1074 4041 
13529 3951 4080 4117 4220 
13530 4082 4121 3898 4248 
13531 4186 4234 3921 4296 
13532 3918 4046 4142 4171 
13533 1278 187 12 4080 
13534 741 567 807 4124 
13535 891 4041 1074 4265 
13536 4082 4121 3950 4230 
13537 4118 4219 3928 4265 
13538 4128 4236 4066 4276 
13539 659 4017 583 4255 
13540 1142 942 944 4027 
13541 3967 4114 3903 4280 
13542 3933 4135 4032 4298 
13543 3966 4088 3911 4258 
13544 1043 1046 4150 4275 
13545 511 521 4105 4136 
13546 1146 3979 4073 4270 
13547 503 507 517 4134 
13548 776 778 710 4224 
13549 4082 4121 3929 4125 
13550 471 1195 1002 4298 
13551 3895 4073 4140 4288 
13552 771 797 4038 4194 
13553 1039 1059 4169 4273 
13554 1103 4073 1147 4168 
13555 3975 4169 3939 4218 
13556 819 4038 797 4193 
13557 1078 907 1166 4284 
13558 3982 4242 621 4263 
13559 3911 4170 3966 4258 
13560 4090 4115 3906 4236 
13561 931 1083 3972 4244 
13562 1265 4131 3982 4263 
13563 1255 4056 182 4149 
13564 1039 1027 1059 4273 
13565 1079 4135 1003 4143 
13566 794 656 4052 4178 
13567 541 4166 582 4212 
13568 3910 4038 4095 4193 
13569 3895 4168 4073 4288 
13570 1270 1263 1271 4213 
13571 3903 3992 4117 4122 
13572 1269 1274 4052 4247 
13573 1258 1246 177 4014 
13574 577 501 828 4255 
13575 938 937 4040 4257 
13576 1179 4076 3958 4126 
13577 3979 4140 4073 4270 
13578 772 807 714 4124 
13579 808 4028 744 4178 
13580 1116 1051 886 4244 
13581 931 1083 1091 3972 
13582 1228 1218 1227 4113 
13583 920 922 929 4161 
13584 3966 4170 3899 4185 
13585 464 463 474 4043 
13586 800 688 619 4297 
13587 3915 4126 4076 4305 
13588 1223 1221 1231 4055 
13589 461 4018 570 4211 
13590 833 841 840 4118 
13591 651 4148 564 4259 
13592 1103 1105 4073 4168 
13593 928 4046 1170 4293 
13594 1109 987 3985 4152 
13595 860 853 861 4123 
13596 3904 4106 4052 4174 
13597 3917 4137 4142 4171 
13598 461 468 448 4018 
13599 4066 4236 3938 4276 
13600 1228 1208 1218 4234 
13601 576 668 781 4252 
13602 3985 1109 4152 4191 
13603 727 4232 4020 4278 
13604 1203 1116 886 4244 
13605 802 645 756 4019 
13606 822 573 664 4259 
13607 4041 4123 3928 4265 
13608 1046 3963 4150 4275 
13609 917 915 916 4024 
13610 505 520 507 4134 
13611 854 868 855 3999 
13612 449 475 458 4298 
13613 920 1013 916 4176 
13614 831 851 848 4177 
13615 855 865 856 3999 
13616 1022 4118 1062 4265 
13617 1076 3934 936 4257 
13618 50 451 1068 463 
13619 538 588 544 4100 
13620 834 846 155 891 
13621 451 463 464 4043 
13622 3958 4126 4076 4173 
13623 3915 4076 4126 4173 
13624 3981 4103 4054 4242 
13625 473 4032 470 4160 
13626 559 575 624 4037 
13627 3913 4200 4012 4260 
13628 932 4030 1139 4154 
13629 1105 4168 1104 4233 
13630 458 473 471 4032 
13631 1209 1210 4148 4259 
13632 722 4054 4000 4103 
13633 789 4204 4020 4232 
13634 3982 4106 4052 4274 
13635 655 3935 557 4299 
13636 501 453 4017 4047 
13637 1251 1255 1252 4037 
13638 3996 4176 3926 4239 
13639 3913 4019 4264 4290 
13640 910 4082 908 4284 
13641 1206 4081 1208 4234 
13642 568 725 845 4078 
13643 480 459 457 4210 
13644 4082 4230 3950 4266 
13645 656 4178 793 4274 
13646 68 1069 1063 513 
13647 1063 896 67 491 
13648 573 744 808 4028 
13649 178 177 1246 4014 
13650 178 1246 1259 4014 
13651 766 566 1271 4050 
13652 3929 4121 4082 4248 
13653 985 1109 4064 4191 
13654 559 1252 575 4037 
13655 853 847 834 4041 
13656 1270 1264 1267 4050 
13657 652 794 4247 4269 
13658 1116 1199 172 1137 
13659 1051 4058 1083 4244 
13660 515 528 491 4105 
13661 911 913 921 4266 
13662 831 719 108 854 
13663 666 3970 4263 4267 
13664 1072 1144 882 3966 
13665 940 941 945 4135 
13666 3941 4172 4035 4206 
13667 658 730 4183 4217 
13668 1052 1051 1116 3969 
13669 944 4027 929 4282 
13670 721 573 126 1214 
13671 680 4072 727 4128 
13672 1113 4182 1112 4300 
13673 3934 4250 935 4257 
13674 1196 1216 1217 4158 
13675 592 548 782 4175 
13676 812 1162 478 537 
13677 1224 1221 4055 4244 
13678 4027 4161 929 4282 
13679 484 471 1002 4298 
13680 72 4130 3976 4190 
13681 1031 1030 1032 4042 
13682 863 3973 836 4231 
13683 652 808 794 4269 
13684 1069 68 492 513 
13685 850 4118 843 4265 
13686 3961 4098 4291 4293 
13687 663 585 767 4237 
13688 513 1063 67 491 
13689 583 4017 4237 4255 
13690 891 846 155 1075 
13691 1018 4043 909 4266 
13692 583 764 585 4237 
13693 621 666 4263 4267 
13694 1126 1046 1127 4275 
13695 791 749 582 4166 
13696 669 818 725 4078 
13697 881 449 484 4298 
13698 820 638 803 4139 
13699 1243 116 1245 898 
13700 521 528 511 4105 
13701 688 800 4240 4297 
13702 1191 4155 1136 4287 
13703 1280 190 191 4022 
13704 504 506 505 4119 
13705 4029 4048 3907 4278 
13706 4031 4282 4189 4283 
13707 4066 4268 4128 4276 
13708 3986 4302 4301 4303 
13709 834 853 4041 4265 
13710 179 1279 11 4069 
13711 520 522 507 4134 
13712 1047 1058 1057 4305 
13713 1260 177 1247 4138 
13714 4026 4051 4182 4281 
13715 761 4004 759 4193 
13716 3940 4215 3914 4289 
13717 3948 4147 4097 4273 
13718 4008 4191 3908 4207 
13719 10 7 842 1207 
13720 1129 1183 4150 4155 
13721 4028 3904 4158 4178 
13722 1036 1047 1057 4096 
13723 4015 4145 3942 4184 
13724 50 451 902 1068 
13725 1113 1101 4109 4300 
13726 4081 4234 4035 4296 
13727 3927 3968 4186 4269 
13728 1032 1030 1060 4042 
13729 1131 1136 1129 4155 
13730 492 69 1069 502 
13731 1111 4182 1112 4281 
13732 1034 1033 1032 4141 
13733 3982 4242 4054 4274 
13734 583 4237 584 4255 
13735 664 4259 4028 4269 
13736 944 942 929 4027 
13737 691 448 830 479 
13738 4086 4264 4019 4290 
13739 1271 1264 1270 4050 
13740 1251 183 1255 4159 
13741 844 869 861 4025 
13742 946 4026 1111 4281 
13743 1233 4000 1222 4299 
13744 494 83 572 509 
13745 111 845 568 725 
13746 1071 146 878 880 
13747 680 679 3964 4181 
13748 4055 4058 3901 4306 
13749 916 914 919 4176 
13750 3906 4127 4128 4236 
13751 1019 1168 1085 4125 
13752 1243 1245 162 898 
13753 1198 904 4081 4206 
13754 937 940 938 4040 
13755 4000 4054 722 4299 
13756 1050 1061 904 4081 
13757 1036 1059 1031 4022 
13758 741 625 665 4063 
13759 832 848 849 4177 
13760 1232 1239 3972 4244 
13761 1245 117 1244 1067 
13762 933 4030 932 4305 
13763 1243 715 116 898 
13764 818 574 725 4177 
13765 715 1245 116 898 
13766 479 448 459 4087 
13767 51 890 450 463 
13768 1254 4086 180 4264 
13769 678 4048 679 4297 
13770 4055 4058 3969 4244 
13771 1110 3985 987 4156 
13772 4135 4143 4032 4298 
13773 729 3997 4205 4217 
13774 915 4069 1017 4227 
13775 835 798 619 3965 
13776 1195 1002 484 471 
13777 3962 4140 4196 4270 
13778 1166 907 460 3983 
13779 1254 1257 180 4086 
13780 3933 4214 4040 4257 
13781 818 648 768 4177 
13782 1098 4058 1051 4218 
13783 4064 4233 3962 4261 
13784 1054 4147 1038 4162 
13785 1253 1249 1254 4019 
13786 753 643 752 4012 
13787 684 3998 4204 4215 
13788 988 900 813 514 
13789 582 749 748 4077 
13790 3900 4133 4014 4245 
13791 1240 4035 4148 4209 
13792 4140 4073 4270 4288 
13793 3944 3976 3943 4208 
13794 1257 181 180 4086 
13795 890 51 1068 463 
13796 117 1245 715 1067 
13797 921 1017 945 4254 
13798 1074 1022 1062 4265 
13799 1202 123 1222 4000 
13800 3975 4058 4218 4306 
13801 1044 1039 4169 4218 
13802 1252 1255 1248 4037 
13803 3895 4140 4095 4288 
13804 670 580 582 3942 
13805 835 619 872 3965 
13806 763 762 4091 4252 
13807 538 1153 981 1159 
13808 592 814 789 4204 
13809 4023 4135 3947 4254 
13810 4052 4178 656 4274 
13811 946 918 4026 4254 
13812 1189 992 609 627 
13813 1068 909 1018 4043 
13814 846 1075 4041 4231 
13815 4057 4285 3930 4287 
13816 796 4052 656 4274 
13817 983 4152 4191 4207 
13818 1056 4041 1075 4231 
13819 1198 1061 1205 4081 
13820 898 715 1245 1067 
13821 988 500 74 813 
13822 813 500 74 514 
13823 3932 4187 4210 4214 
13824 4098 4183 3961 4291 
13825 1217 1226 1229 4158 
13826 1240 1238 1209 4035 
13827 1244 118 1237 893 
13828 125 1219 721 1196 
13829 1056 1082 4122 4231 
13830 693 570 692 4018 
13831 1052 4162 1040 4218 
13832 535 857 839 1169 
13833 1140 926 1121 4154 
13834 756 645 753 4163 
13835 519 505 506 4119 
13836 840 841 843 4118 
13837 1244 118 893 1067 
13838 1198 904 1061 4081 
13839 639 632 640 4070 
13840 3969 4058 4055 4306 
13841 516 512 510 4136 
13842 1275 1263 185 4029 
13843 3997 3917 4205 4217 
13844 3945 3987 986 4152 
13845 577 659 583 4255 
13846 3989 4208 4085 4243 
13847 3974 3955 4223 4237 
13848 1244 163 1245 1067 
13849 933 4126 4030 4305 
13850 813 74 988 514 
13851 497 4130 3989 4208 
13852 735 161 1242 925 
13853 580 3942 670 4238 
13854 1133 1131 1130 4285 
13855 781 668 561 4252 
13856 480 476 481 4116 
13857 1033 4141 1034 4249 
13858 900 536 813 514 
13859 912 1019 1016 4125 
13860 1195 471 450 4143 
13861 1108 3985 3986 4064 
13862 3972 4058 4055 4244 
13863 902 909 1068 4043 
13864 462 447 466 4211 
13865 4183 4279 3961 4291 
13866 847 853 860 4123 
13867 579 587 651 4074 
13868 1251 183 4159 4309 
13869 681 3990 674 4241 
13870 682 3965 619 4297 
13871 584 726 716 4223 
13872 942 4152 1149 4207 
13873 1139 932 933 4030 
13874 827 826 4194 4195 
13875 836 864 1144 3973 
13876 635 581 634 4085 
13877 640 3977 642 4200 
13878 1037 1047 1036 4096 
13879 1256 1249 791 4166 
13880 694 4053 823 4211 
13881 898 1245 163 1067 
13882 666 668 576 4252 
13883 458 484 449 4298 
13884 785 524 495 3978 
13885 688 4240 678 4297 
13886 1133 4285 4057 4287 
13887 891 834 4041 4265 
13888 502 69 1069 885 
13889 4097 4147 3939 4273 
13890 774 467 447 4211 
13891 1016 4125 1085 4239 
13892 878 899 146 1071 
13893 684 814 782 4204 
13894 556 798 868 3999 
13895 622 796 656 4274 
13896 922 920 919 4176 
13897 1091 1121 3972 4154 
13898 764 823 769 4053 
13899 575 665 625 4063 
13900 943 4189 4130 4190 
13901 609 610 1189 627 
13902 3976 3987 982 4190 
13903 845 869 844 4078 
13904 1107 4233 4064 4261 
13905 3974 4121 4093 4309 
13906 554 746 816 4129 
13907 1183 1136 1060 4155 
13908 664 4028 808 4269 
13909 3921 4081 4044 4296 
13910 891 1075 1056 4041 
13911 1190 1079 1003 4143 
13912 573 808 664 4028 
13913 509 83 572 716 
13914 734 820 803 4014 
13915 1237 164 1244 893 
13916 1180 4016 928 4293 
13917 511 527 521 4136 
13918 3934 4214 4116 4250 
13919 1234 4000 4157 4179 
13920 1071 878 100 880 
13921 1012 1092 4189 4283 
13922 1145 1146 3979 4073 
13923 819 771 797 4038 
13924 866 864 836 3973 
13925 769 823 694 4053 
13926 161 1243 571 1242 
13927 3916 4025 4078 4294 
13928 1152 885 502 4283 
13929 654 4103 4229 4267 
13930 893 164 1244 1067 
13931 542 489 45 485 
13932 1174 1176 1171 4146 
13933 183 1279 182 4024 
13934 651 653 564 4148 
13935 794 744 656 4178 
13936 487 1186 46 485 
13937 501 512 4047 4255 
13938 1229 1221 1223 4055 
13939 3933 4210 4187 4214 
13940 584 585 4223 4237 
13941 1220 1235 1219 4299 
13942 879 98 877 736 
13943 702 991 992 998 
13944 3956 4035 4172 4209 
13945 896 1088 66 491 
13946 935 3934 1076 4202 
13947 752 4012 751 4197 
13948 116 715 1243 571 
13949 565 716 82 496 
13950 580 581 4212 4238 
13951 1022 1021 901 4118 
13952 556 108 719 854 
13953 1129 1136 1183 4155 
13954 668 783 561 4252 
13955 522 520 495 4124 
13956 1023 1053 1050 4044 
13957 3917 4142 4137 4289 
13958 792 60 888 483 
13959 4020 4204 3925 4232 
13960 580 541 582 4212 
13961 735 161 571 1242 
13962 1197 127 573 1214 
13963 1017 4069 918 4254 
13964 133 1256 1249 791 
13965 1142 3945 986 4152 
13966 1073 1012 4189 4282 
13967 663 4223 585 4237 
13968 1127 1154 1155 4088 
13969 1112 4182 1158 4281 
13970 3946 4060 757 4061 
13971 3918 4151 4137 4289 
13972 1111 946 918 4026 
13973 524 3978 785 4243 
13974 1100 4262 4196 4270 
13975 651 587 653 4074 
13976 682 872 619 3965 
13977 1024 1025 1023 4219 
13978 835 868 798 3965 
13979 3918 4137 4142 4289 
13980 610 1189 997 609 
13981 1022 901 1062 4118 
13982 4035 4234 3927 4296 
13983 1250 182 181 4149 
13984 473 470 469 4160 
13985 824 533 77 529 
13986 1114 1112 4182 4300 
13987 1220 4132 1233 4299 
13988 839 894 862 4005 
13989 458 471 484 4298 
13990 4054 4132 3935 4299 
13991 79 530 711 531 
13992 771 819 755 4038 
13993 1157 989 995 4011 
13994 877 1087 879 736 
13995 1043 1045 1046 4275 
13996 886 1051 1083 4244 
13997 458 490 473 4032 
13998 882 838 1155 3966 
13999 1243 715 898 1065 
14000 480 481 452 4199 
14001 680 3964 679 4072 
14002 571 1243 115 1242 
14003 4186 4234 3927 4304 
14004 3959 4183 4098 4291 
14005 514 900 536 526 
14006 127 573 822 1197 
14007 450 473 474 4143 
14008 914 913 912 4227 
14009 844 861 871 4025 
14010 931 3972 1239 4244 
14011 541 1256 791 4166 
14012 3976 4060 4007 4156 
14013 881 1002 937 4298 
14014 791 1249 133 534 
14015 680 4072 679 4278 
14016 464 466 465 4071 
14017 45 792 489 542 
14018 3923 4233 4168 4288 
14019 516 528 515 3929 
14020 184 1261 11 4093 
14021 579 651 652 4269 
14022 817 4013 4036 4092 
14023 471 52 1195 450 
14024 735 571 161 925 
14025 490 470 473 4032 
14026 668 763 783 4252 
14027 1216 1227 1226 4158 
14028 1158 1112 1113 4182 
14029 3977 4036 642 4200 
14030 162 1243 898 1065 
14031 777 1162 812 537 
14032 4017 4047 453 4071 
14033 878 99 879 713 
14034 469 468 462 4160 
14035 1192 923 1085 4239 
14036 1197 4259 1236 4304 
14037 1131 1136 4155 4287 
14038 1255 1250 1248 4212 
14039 1224 1221 1229 4055 
14040 765 4029 676 4213 
14041 824 77 533 892 
14042 642 3977 778 4036 
14043 61 489 542 485 
14044 843 850 840 4118 
14045 1215 1197 1236 4304 
14046 819 797 760 4193 
14047 3959 4279 4183 4291 
14048 759 748 760 4077 
14049 858 863 836 4231 
14050 3965 4185 4170 4258 
14051 735 571 115 1242 
14052 78 824 529 531 
14053 685 678 686 4240 
14054 487 62 1186 485 
14055 787 792 888 483 
14056 3991 4171 4137 4221 
14057 3917 4137 4171 4221 
14058 1033 1034 1175 4249 
14059 878 100 899 1071 
14060 1201 689 737 4209 
14061 3927 4186 4028 4269 
14062 853 850 843 4265 
14063 134 550 1248 4212 
14064 447 467 466 4211 
14065 1135 1132 4090 4285 
14066 3943 3976 3987 4156 
14067 570 693 694 4211 
14068 104 540 839 862 
14069 839 806 535 1169 
14070 1202 544 4000 4179 
14071 983 1149 4152 4207 
14072 498 3983 4047 4284 
14073 4113 4162 3921 4235 
14074 3972 1234 4132 4157 
14075 1098 1083 1051 4058 
14076 683 4020 4204 4268 
14077 1024 1022 1074 4219 
14078 489 60 792 483 
14079 1087 144 877 879 
14080 905 1186 47 486 
14081 4030 4126 3915 4305 
14082 46 1186 897 485 
14083 523 3989 525 4031 
14084 794 4052 796 4247 
14085 47 1186 487 486 
14086 476 4210 475 4250 
14087 906 1075 154 4231 
14088 1023 1021 1022 4219 
14089 658 730 3940 4183 
14090 489 792 1077 542 
14091 640 642 641 4200 
14092 929 4161 1011 4282 
14093 672 739 785 4243 
14094 4028 4259 3927 4269 
14095 702 704 991 998 
14096 1003 4135 941 4298 
14097 915 918 1017 4069 
14098 1085 896 1063 4105 
14099 988 989 4007 4060 
14100 560 794 796 4247 
14101 984 983 985 4191 
14102 716 509 82 496 
14103 1090 728 535 1117 
14104 663 584 585 4223 
14105 948 888 815 708 
14106 1038 4147 1025 4273 
14107 897 1186 46 542 
14108 847 846 834 4041 
14109 1103 1105 1147 4073 
14110 851 849 848 4177 
14111 656 796 794 4052 
14112 1189 992 997 609 
14113 1152 502 493 4283 
14114 830 570 36 461 
14115 9 185 548 549 
14116 1090 535 779 1117 
14117 583 585 584 4237 
14118 1179 1193 4076 4126 
14119 3955 4237 4017 4255 
14120 1195 450 890 4143 
14121 570 35 461 4211 
14122 1116 171 1212 1203 
14123 875 690 837 3956 
14124 1103 1104 1105 4168 
14125 529 824 94 531 
14126 1019 1085 1016 4125 
14127 453 659 828 4017 
14128 93 533 824 529 
14129 4028 4186 3927 4304 
14130 651 4259 664 4269 
14131 893 118 671 1067 
14132 1211 1137 1199 4235 
14133 838 882 864 3966 
14134 76 1124 526 533 
14135 134 541 550 4212 
14136 562 734 803 4014 
14137 1237 118 671 893 
14138 4020 4066 4241 4268 
14139 752 643 751 4012 
14140 667 4100 4228 4229 
14141 1193 4126 933 4305 
14142 1050 1143 1061 4081 
14143 649 648 566 4050 
14144 870 880 147 887 
14145 1166 3983 498 4284 
14146 838 3966 866 4258 
14147 4038 4193 3910 4194 
14148 761 747 826 4193 
14149 1152 70 502 885 
14150 839 1169 894 4005 
14151 891 156 834 4265 
14152 805 555 1260 4138 
14153 766 649 566 4050 
14154 601 606 952 605 
14155 900 743 790 536 
14156 3927 4259 4028 4304 
14157 3919 4230 4043 4266 
14158 1007 954 598 701 
14159 3906 4072 4127 4295 
14160 701 1007 970 615 
14161 731 758 3943 4145 
14162 178 1259 11 4133 
14163 491 521 513 4105 
14164 1102 1103 1150 4168 
14165 759 758 4015 4061 
14166 800 720 686 4240 
14167 491 528 521 4105 
14168 601 954 953 701 
14169 749 760 748 4077 
14170 944 929 1011 4282 
14171 1124 92 533 892 
14172 875 3956 873 4172 
14173 489 792 44 483 
14174 534 1249 132 802 
14175 1254 1249 1257 4019 
14176 1064 824 77 529 
14177 3968 4174 4097 4186 
14178 448 37 830 479 
14179 727 789 4020 4232 
14180 983 942 1149 4207 
14181 3933 4250 4214 4257 
14182 643 645 641 4200 
14183 182 1250 1255 4149 
14184 715 1243 571 1065 
14185 711 530 79 1086 
14186 581 550 580 4212 
14187 522 3978 523 4134 
14188 855 868 835 3999 
14189 1120 898 715 1089 
14190 801 685 686 4240 
14191 539 1244 117 1067 
14192 606 952 953 601 
14193 856 859 852 4114 
14194 986 3987 3945 4190 
14195 795 1274 1264 4247 
14196 4170 4185 3966 4258 
14197 878 899 100 713 
14198 542 1186 46 717 
14199 3918 4256 4151 4289 
14200 1121 931 1091 3972 
14201 1054 4162 1137 4235 
14202 1268 561 1277 4175 
14203 786 669 568 4078 
14204 953 606 701 699 
14205 601 598 954 701 
14206 597 598 1007 957 
14207 1040 1054 1038 4162 
14208 1180 1179 1181 4076 
14209 1056 1082 1041 4122 
14210 659 764 583 4017 
14211 1232 1200 1231 3972 
14212 913 915 1017 4227 
14213 100 899 1071 713 
14214 1045 1043 1042 4045 
14215 1162 947 478 537 
14216 615 701 1007 597 
14217 890 1195 52 450 
14218 932 1139 1091 4154 
14219 730 825 658 3940 
14220 570 774 35 4211 
14221 1127 1155 1165 4088 
14222 566 138 1271 1264 
14223 701 970 953 699 
14224 571 1243 161 1065 
14225 173 1199 1211 1137 
14226 541 1256 4166 4212 
14227 715 539 117 1067 
14228 475 457 490 4210 
14229 537 1084 948 815 
14230 702 992 991 743 
14231 1077 61 489 542 
14232 487 1186 63 486 
14233 600 954 598 956 
14234 758 732 3943 4061 
14235 857 535 870 1117 
14236 711 530 95 531 
14237 498 4047 3929 4284 
14238 839 862 540 4005 
14239 4083 4251 1178 4293 
14240 947 888 787 815 
14241 461 36 830 448 
14242 1263 4029 1275 4213 
14243 596 599 957 958 
14244 991 704 702 743 
14245 688 686 678 4240 
14246 779 728 535 1090 
14247 1001 951 617 616 
14248 959 596 595 962 
14249 459 448 482 4087 
14250 1077 60 888 792 
14251 1209 1236 1210 4259 
14252 597 596 957 962 
14253 4116 4214 3934 4271 
14254 933 932 1058 4305 
14255 158 833 901 1020 
14256 1134 4057 1097 4146 
14257 896 1085 1168 4105 
14258 870 101 880 887 
14259 4000 4132 1234 4157 
14260 1088 934 1078 4284 
14261 606 951 952 605 
14262 184 1261 4093 4309 
14263 46 897 542 485 
14264 668 666 762 4252 
14265 1141 804 546 713 
14266 3921 4234 4081 4296 
14267 1210 564 129 4148 
14268 793 744 721 4178 
14269 1012 4282 1011 4283 
14270 954 1007 953 701 
14271 4214 4250 3934 4257 
14272 922 1094 1011 4161 
14273 1256 134 1248 4212 
14274 606 953 964 699 
14275 992 1189 990 627 
14276 3984 4282 4031 4283 
14277 541 791 582 4166 
14278 782 783 684 4215 
14279 951 617 616 606 
14280 900 988 74 514 
14281 1101 4272 4108 4300 
14282 171 1116 886 1203 
14283 8 177 734 562 
14284 1076 936 938 4257 
14285 487 46 1186 717 
14286 698 594 1008 959 
14287 453 828 501 4017 
14288 787 947 472 483 
14289 517 4031 525 4283 
14290 100 1071 880 546 
14291 502 493 70 1152 
14292 3906 4005 4090 4236 
14293 959 698 596 958 
14294 177 8 734 555 
14295 892 824 77 1064 
14296 1065 161 571 925 
14297 959 595 594 963 
14298 4057 4146 1134 4287 
14299 1064 78 824 529 
14300 1040 1051 1052 4218 
14301 47 1186 905 717 
14302 3903 4117 4220 4280 
14303 604 698 965 958 
14304 1109 983 4152 4191 
14305 1180 1178 4251 4293 
14306 879 145 878 713 
14307 866 4185 865 4258 
14308 508 85 495 4124 
14309 790 990 628 627 
14310 3947 4026 4254 4281 
14311 880 1071 147 887 
14312 753 754 755 4163 
14313 118 1244 539 1067 
14314 1256 133 541 791 
14315 952 955 601 602 
14316 516 510 511 4136 
14317 743 900 991 723 
14318 689 129 564 4148 
14319 3962 4095 4140 4288 
14320 864 882 1144 3966 
14321 875 3956 4172 4209 
14322 526 900 536 723 
14323 469 470 468 4160 
14324 508 714 85 4124 
14325 134 1256 541 4212 
14326 536 900 743 723 
14327 1137 1054 1052 4162 
14328 156 850 834 4265 
14329 3918 4142 4256 4289 
14330 1237 1225 165 981 
14331 1222 123 620 4000 
14332 1007 597 957 962 
14333 598 597 596 957 
14334 63 1186 905 486 
14335 3983 453 4047 4071 
14336 1124 900 526 723 
14337 526 1124 92 533 
14338 1065 571 1066 925 
14339 768 719 574 4177 
14340 484 53 1195 471 
14341 1206 1208 1238 4234 
14342 936 3934 935 4257 
14343 825 658 3940 4091 
14344 984 930 983 4207 
14345 787 537 947 815 
14346 514 75 900 526 
14347 1178 4188 3958 4251 
14348 775 4036 4002 4092 
14349 614 595 597 962 
14350 997 995 1189 610 
14351 770 1077 949 708 
14352 895 1137 1211 4235 
14353 846 154 1075 4231 
14354 586 905 47 486 
14355 787 44 792 483 
14356 747 4193 797 4194 
14357 1008 594 612 967 
14358 833 840 158 901 
14359 571 735 712 925 
14360 957 599 598 956 
14361 745 1225 1237 981 
14362 897 1186 62 485 
14363 970 971 699 661 
14364 832 869 845 4078 
14365 702 609 992 627 
14366 514 536 91 526 
14367 765 1275 4029 4213 
14368 691 830 37 479 
14369 495 85 567 4124 
14370 667 4228 3971 4229 
14371 145 879 899 713 
14372 599 600 598 956 
14373 946 1111 1112 4281 
14374 888 792 787 708 
14375 763 668 762 4252 
14376 4026 946 4254 4281 
14377 531 711 79 903 
14378 953 970 964 699 
14379 533 76 1124 892 
14380 895 173 1211 1137 
14381 1224 1203 1221 4244 
14382 542 897 61 485 
14383 1234 1231 3972 4132 
14384 616 770 949 708 
14385 659 453 467 4017 
14386 953 951 952 606 
14387 466 477 462 4003 
14388 1187 723 1124 892 
14389 673 4205 3998 4216 
14390 711 712 735 925 
14391 537 948 947 815 
14392 888 948 949 708 
14393 1249 1253 132 802 
14394 683 4020 789 4204 
14395 613 702 999 998 
14396 891 1062 156 4265 
14397 1114 1113 1112 4300 
14398 1054 1053 1038 4147 
14399 959 596 957 958 
14400 1071 880 546 887 
14401 1265 1268 1272 4263 
14402 685 765 676 4213 
14403 3906 4005 4089 4090 
14404 537 1084 815 696 
14405 900 1124 991 723 
14406 599 596 698 958 
14407 941 1003 1079 4135 
14408 962 595 959 963 
14409 699 615 970 661 
14410 858 859 856 4114 
14411 801 686 720 4240 
14412 882 1155 1154 3966 
14413 1158 4040 940 4281 
14414 967 594 593 963 
14415 1126 1127 1165 4088 
14416 736 879 98 563 
14417 824 533 545 892 
14418 125 1219 557 721 
14419 981 893 745 1148 
14420 928 4016 1177 4046 
14421 957 598 954 956 
14422 610 995 1189 627 
14423 1098 1051 1044 4218 
14424 736 1087 879 563 
14425 546 100 1071 713 
14426 982 3976 988 4007 
14427 951 964 617 606 
14428 793 656 744 4178 
14429 537 947 472 787 
14430 1201 4148 689 4209 
14431 792 1077 60 489 
14432 955 601 602 600 
14433 594 596 595 959 
14434 879 899 713 563 
14435 1251 184 183 4309 
14436 945 4254 946 4281 
14437 626 779 788 978 
14438 743 990 900 790 
14439 676 765 549 4029 
14440 960 603 599 956 
14441 609 992 1163 702 
14442 967 1008 594 959 
14443 614 595 962 1006 
14444 893 745 1237 981 
14445 1001 951 964 617 
14446 628 990 995 627 
14447 571 1066 821 1065 
14448 59 472 947 483 
14449 955 600 703 1164 
14450 940 1158 938 4040 
14451 745 538 981 1159 
14452 1062 850 156 4265 
14453 575 135 780 1248 
14454 1211 1218 1208 4235 
14455 487 1186 47 717 
14456 626 779 978 972 
14457 92 1124 723 892 
14458 72 943 4130 4190 
14459 1156 1155 838 4088 
14460 1000 1184 905 586 
14461 955 954 601 600 
14462 698 1008 965 958 
14463 609 1163 1123 602 
14464 1012 1011 885 4283 
14465 1084 948 947 537 
14466 921 1079 1018 4266 
14467 973 626 788 978 
14468 815 1084 948 696 
14469 3998 4215 4216 4289 
14470 875 4172 842 4209 
14471 714 567 85 4124 
14472 546 880 101 887 
14473 4016 4046 928 4293 
14474 671 893 1067 1138 
14475 785 495 86 567 
14476 4058 3969 4218 4306 
14477 875 842 1207 4209 
14478 1039 1057 1044 4169 
14479 672 4085 636 4243 
14480 636 4085 634 4208 
14481 954 952 955 601 
14482 1204 1230 167 883 
14483 1027 1038 1025 4273 
14484 669 725 568 4078 
14485 4029 3907 4232 4278 
14486 615 1007 1004 597 
14487 980 612 591 967 
14488 878 145 899 713 
14489 1124 900 75 526 
14490 888 947 787 483 
14491 3951 4220 4117 4280 
14492 893 1237 165 981 
14493 1228 1209 4234 4304 
14494 465 460 451 3983 
14495 613 999 703 1164 
14496 1149 1142 986 4152 
14497 949 1001 1077 770 
14498 617 964 700 699 
14499 993 1001 617 770 
14500 597 1004 614 962 
14501 141 1266 558 4263 
14502 533 545 93 824 
14503 1008 709 698 965 
14504 524 522 495 3978 
14505 1153 1159 538 4112 
14506 1187 704 545 1122 
14507 770 949 1001 616 
14508 616 949 950 707 
14509 1208 1206 1205 4081 
14510 712 711 1086 925 
14511 1044 1040 1039 4218 
14512 948 888 947 815 
14513 961 644 1084 4009 
14514 498 1 2 453 
14515 950 616 707 605 
14516 1227 1218 1213 4113 
14517 1176 1191 1134 4146 
14518 549 592 675 4232 
14519 1082 1056 1075 4231 
14520 586 47 905 717 
14521 1264 795 139 1274 
14522 3940 4216 4215 4289 
14523 535 102 857 870 
14524 700 964 971 699 
14525 617 733 993 770 
14526 54 1002 881 484 
14527 875 837 873 3956 
14528 542 897 1186 717 
14529 655 656 793 4274 
14530 612 698 594 1008 
14531 1222 4000 620 4299 
14532 1163 999 703 702 
14533 141 558 576 4263 
14534 3979 4196 4140 4270 
14535 1232 1221 1203 4244 
14536 950 951 616 605 
14537 144 1087 1070 879 
14538 450 471 473 4143 
14539 542 1077 897 770 
14540 1133 1135 1097 4057 
14541 1268 1277 1262 4175 
14542 1073 944 1012 4282 
14543 3908 4191 4152 4207 
14544 888 1077 792 708 
14545 542 792 1077 770 
14546 988 790 990 4060 
14547 879 1070 145 899 
14548 958 604 599 960 
14549 3962 4140 4270 4288 
14550 99 879 713 563 
14551 615 974 970 661 
14552 978 973 626 972 
14553 647 799 976 1066 
14554 634 581 633 4238 
14555 615 1004 660 614 
14556 1104 1106 1107 4233 
14557 1272 192 191 4107 
14558 903 711 79 1086 
14559 1141 804 660 546 
14560 1007 1004 970 615 
14561 604 611 966 965 
14562 989 628 995 4011 
14563 1133 4057 1134 4287 
14564 1195 1003 1002 4298 
14565 1276 186 12 4286 
14566 951 949 950 616 
14567 870 728 101 887 
14568 500 72 497 4130 
14569 603 703 600 1164 
14570 4066 3938 4180 4276 
14571 661 1081 971 738 
14572 755 756 753 4163 
14573 971 1081 994 738 
14574 1077 897 61 542 
14575 694 823 774 4211 
14576 743 992 990 627 
14577 563 736 1184 718 
14578 910 908 934 4284 
14579 787 472 43 483 
14580 1193 1048 1179 4076 
14581 1171 1170 4046 4171 
14582 92 545 533 892 
14583 1081 974 1141 804 
14584 733 542 897 770 
14585 663 624 726 4223 
14586 1164 603 613 969 
14587 604 603 599 960 
14588 1107 1115 4233 4261 
14589 745 1204 1225 981 
14590 154 836 906 4231 
14591 535 728 870 1117 
14592 1266 140 796 1274 
14593 743 702 992 627 
14594 1235 1220 1233 4299 
14595 1175 1176 1174 4249 
14596 731 4145 3944 4238 
14597 497 4208 3989 4243 
14598 1250 1256 1248 4212 
14599 1087 905 1184 586 
14600 899 879 1070 563 
14601 1027 1039 1038 4273 
14602 1191 1134 4146 4287 
14603 594 967 959 963 
14604 499 4189 1092 4283 
14605 3931 4264 4086 4290 
14606 703 609 1163 702 
14607 760 761 759 4193 
14608 1087 1070 879 563 
14609 1169 806 978 1118 
14610 660 1004 1005 614 
14611 821 715 571 1065 
14612 1250 4166 1256 4212 
14613 931 1121 1239 3972 
14614 1093 976 799 1066 
14615 1211 1199 1218 4235 
14616 1008 612 709 1009 
14617 1150 1103 1147 4168 
14618 989 990 995 628 
14619 782 561 783 4175 
14620 1008 980 612 1009 
14621 1210 1240 1209 4148 
14622 866 863 865 4185 
14623 990 1189 995 627 
14624 971 970 974 661 
14625 603 613 703 1164 
14626 90 500 813 514 
14627 658 3940 4091 4183 
14628 888 787 815 708 
14629 722 4000 620 4103 
14630 1066 799 1093 903 
14631 138 566 551 1264 
14632 1084 1162 777 537 
14633 478 947 472 537 
14634 1066 712 799 903 
14635 1066 571 712 925 
14636 615 1004 974 660 
14637 1143 1054 895 4235 
14638 671 118 539 1067 
14639 1120 715 650 1089 
14640 1018 909 911 4266 
14641 943 1073 4189 4190 
14642 3961 4279 4192 4291 
14643 960 599 958 956 
14644 594 698 596 959 
14645 526 92 1124 723 
14646 617 964 993 700 
14647 3986 4262 4094 4302 
14648 947 888 59 483 
14649 596 597 595 962 
14650 1179 3958 1178 4188 
14651 992 999 702 998 
14652 724 612 980 1009 
14653 959 1008 698 958 
14654 709 604 698 965 
14655 974 1081 661 804 
14656 1128 1129 1046 4150 
14657 816 746 639 4129 
14658 1087 1160 905 586 
14659 977 591 590 968 
14660 1012 1092 1073 4189 
14661 806 788 978 1118 
14662 956 603 600 1164 
14663 600 599 603 956 
14664 783 763 784 4215 
14665 602 609 1163 703 
14666 3914 4151 4256 4289 
14667 702 999 703 613 
14668 1122 705 706 975 
14669 607 603 960 969 
14670 1009 650 709 1010 
14671 804 974 1141 660 
14672 1097 1096 1095 3991 
14673 564 4148 1210 4259 
14674 959 957 596 962 
14675 1006 697 595 963 
14676 590 589 977 4075 
14677 596 599 598 957 
14678 1187 545 723 892 
14679 612 980 1008 967 
14680 1111 1114 1112 4182 
14681 698 604 599 958 
14682 682 679 4181 4297 
14683 484 53 1002 1195 
14684 701 598 1007 597 
14685 948 961 707 696 
14686 591 977 980 967 
14687 757 3946 628 4060 
14688 1042 1041 1082 4122 
14689 963 697 593 972 
14690 1108 3986 1110 4303 
14691 472 43 537 787 
14692 1163 1123 997 609 
14693 965 966 604 960 
14694 1268 1266 141 4263 
14695 1066 1089 821 1065 
14696 1248 575 135 1252 
14697 498 516 3929 4047 
14698 803 638 637 4139 
14699 635 636 672 4085 
14700 999 1163 992 702 
14701 667 3959 658 4183 
14702 1000 1184 586 718 
14703 838 864 866 3966 
14704 990 900 991 743 
14705 919 1016 923 4239 
14706 461 35 447 4211 
14707 609 997 610 608 
14708 1205 175 1061 1198 
14709 1270 188 187 4220 
14710 639 641 816 4129 
14711 1138 1067 539 1120 
14712 1122 1187 704 998 
14713 546 1005 1071 887 
14714 700 971 994 738 
14715 590 589 591 977 
14716 747 761 797 4193 
14717 1184 1070 563 718 
14718 736 1087 1184 586 
14719 992 1163 997 609 
14720 535 857 1169 1117 
14721 892 545 824 1064 
14722 1164 960 603 969 
14723 952 601 605 602 
14724 977 589 742 1148 
14725 538 745 589 1159 
14726 190 1265 191 4131 
14727 687 788 1118 4067 
14728 947 1162 1084 537 
14729 1194 1101 4108 4109 
14730 640 778 642 3977 
14731 601 954 598 600 
14732 605 1123 952 602 
14733 58 1162 947 478 
14734 615 970 701 699 
14735 598 954 1007 957 
14736 966 607 604 960 
14737 184 1251 1261 4309 
14738 964 971 993 700 
14739 1139 933 924 4126 
14740 1161 1086 810 925 
14741 948 961 950 707 
14742 990 988 900 790 
14743 1148 893 671 1138 
14744 662 1005 546 887 
14745 870 148 857 1117 
14746 969 607 705 975 
14747 594 595 593 963 
14748 1049 1174 1173 4153 
14749 603 607 613 969 
14750 612 594 591 967 
14751 1081 738 804 713 
14752 176 1198 1207 4206 
14753 1066 571 821 712 
14754 644 961 610 4009 
14755 1183 1043 1046 4150 
14756 821 647 1089 1066 
14757 993 994 1000 733 
14758 992 990 991 743 
14759 1016 1085 923 4239 
14760 729 4205 4216 4217 
14761 673 3998 4215 4216 
14762 1010 611 709 965 
14763 544 122 121 1230 
14764 1269 1264 1274 4247 
14765 971 700 661 738 
14766 975 706 1122 1093 
14767 770 792 1077 708 
14768 1134 1097 1171 4146 
14769 601 953 606 701 
14770 728 546 101 887 
14771 631 637 638 4139 
14772 600 602 955 703 
14773 979 977 590 968 
14774 1204 1230 883 3960 
14775 531 78 1064 903 
14776 889 57 454 478 
14777 1086 1066 712 925 
14778 591 594 593 967 
14779 774 447 35 4211 
14780 119 745 1225 1237 
14781 652 794 795 4247 
14782 705 618 706 975 
14783 642 4036 751 4200 
14784 865 867 872 4258 
14785 1160 1087 736 586 
14786 867 3965 872 4258 
14787 961 1084 644 696 
14788 788 806 687 1118 
14789 742 591 977 980 
14790 908 907 1078 4284 
14791 991 704 723 1187 
14792 1147 4272 1101 4300 
14793 704 702 613 998 
14794 904 1061 175 1198 
14795 538 1159 589 4112 
14796 1005 1141 660 546 
14797 771 747 797 4194 
14798 1171 1097 1170 4171 
14799 733 993 994 700 
14800 1020 159 833 1080 
14801 507 523 517 4134 
14802 789 675 592 4232 
14803 774 569 34 467 
14804 1255 183 182 4056 
14805 821 650 715 1089 
14806 599 957 958 956 
14807 1198 4081 1206 4206 
14808 134 780 1248 550 
14809 953 1007 970 701 
14810 709 1009 1010 965 
14811 1004 614 962 1006 
14812 705 613 969 998 
14813 1194 4201 4109 4202 
14814 1268 561 142 1277 
14815 1158 1076 938 4201 
14816 1175 1034 1176 4249 
14817 1160 736 811 586 
14818 956 600 955 1164 
14819 1077 1001 897 770 
14820 9 185 1277 548 
14821 1227 1215 1228 4304 
14822 727 675 4232 4278 
14823 3961 4291 4192 4293 
14824 589 977 1159 1148 
14825 662 697 1006 1090 
14826 842 3941 1080 4206 
14827 1217 1216 1226 4158 
14828 517 493 502 4283 
14829 695 555 767 4138 
14830 824 552 94 531 
14831 1009 1120 650 1010 
14832 1006 595 962 963 
14833 3936 4102 4104 4188 
14834 961 707 696 608 
14835 1062 891 1074 4265 
14836 952 954 953 601 
14837 940 945 946 4281 
14838 1077 888 949 708 
14839 495 520 508 4124 
14840 1118 894 1169 4005 
14841 839 150 862 894 
14842 1173 928 1177 4046 
14843 154 846 836 4231 
14844 546 728 662 887 
14845 678 676 677 4278 
14846 526 536 91 723 
14847 524 523 3978 4243 
14848 1053 1025 1038 4147 
14849 583 584 565 4255 
14850 1258 131 1253 746 
14851 1097 3991 1095 4171 
14852 994 1000 733 718 
14853 545 92 723 892 
14854 698 612 709 1008 
14855 748 759 758 4015 
14856 561 548 1277 4175 
14857 1059 1057 1039 4169 
14858 552 799 712 903 
14859 1010 650 647 1089 
14860 680 727 683 4128 
14861 1109 3985 1108 4064 
14862 613 999 1164 969 
14863 1132 1128 1151 4115 
14864 590 977 979 4075 
14865 707 961 950 608 
14866 683 674 4128 4268 
14867 1197 822 128 4259 
14868 975 618 706 1093 
14869 781 561 142 1268 
14870 467 4017 453 4071 
14871 697 593 595 963 
14872 552 712 711 903 
14873 611 607 604 966 
14874 963 593 967 968 
14875 779 535 806 978 
14876 602 1163 955 703 
14877 723 1124 991 1187 
14878 988 990 989 4060 
14879 3936 4104 4102 4179 
14880 1275 765 137 4213 
14881 1070 1184 994 718 
14882 681 673 4205 4241 
14883 967 593 591 968 
14884 788 978 1118 4067 
14885 661 615 974 660 
14886 1180 1178 3958 4251 
14887 927 4083 1172 4112 
14888 686 688 800 4240 
14889 651 564 664 4259 
14890 1220 1223 1233 4132 
14891 586 905 1000 717 
14892 938 936 937 4257 
14893 893 671 745 1148 
14894 179 1254 180 4264 
14895 963 1006 697 972 
14896 1166 498 1078 4284 
14897 515 1078 498 4284 
14898 4005 1118 4090 4277 
14899 1198 1205 1206 4081 
14900 964 617 606 699 
14901 606 616 951 605 
14902 4089 4090 4005 4165 
14903 875 1207 7 4209 
14904 884 74 500 73 
14905 705 545 704 1122 
14906 666 576 621 4263 
14907 941 1079 945 4135 
14908 994 733 700 718 
14909 1232 1239 1200 3972 
14910 709 1008 1009 965 
14911 759 4004 757 4061 
14912 1230 544 122 1202 
14913 1108 3985 1110 3986 
14914 892 1122 545 1064 
14915 1052 1054 1040 4162 
14916 919 920 916 4176 
14917 553 629 630 4199 
14918 539 671 1067 1138 
14919 600 955 954 956 
14920 4085 4208 636 4243 
14921 740 629 773 4199 
14922 1265 1266 1268 4263 
14923 1138 539 724 1120 
14924 1132 4089 1119 4090 
14925 958 965 604 960 
14926 946 1017 918 4254 
14927 930 942 983 4207 
14928 1239 1232 1203 4244 
14929 1148 671 742 1138 
14930 779 626 697 972 
14931 3971 4091 667 4267 
14932 3994 4033 4092 4226 
14933 661 974 804 660 
14934 591 589 742 977 
14935 545 723 704 1187 
14936 614 615 1004 597 
14937 964 970 971 699 
14938 614 662 697 1006 
14939 790 988 813 4060 
14940 1123 609 602 608 
14941 727 675 789 4232 
14942 770 1001 617 616 
14943 976 611 1010 966 
14944 980 977 742 1148 
14945 1131 1191 1136 4287 
14946 510 527 511 4136 
14947 813 536 90 514 
14948 602 605 1123 608 
14949 768 574 818 4177 
14950 1005 974 1004 660 
14951 500 3976 72 4130 
14952 654 4242 4103 4267 
14953 696 644 961 610 
14954 742 589 745 1148 
14955 1237 671 745 893 
14956 586 811 1160 486 
14957 738 661 1081 804 
14958 590 968 626 3997 
14959 949 951 1001 616 
14960 611 1010 966 965 
14961 670 4145 731 4238 
14962 1141 1005 1071 546 
14963 3989 4130 3976 4208 
14964 595 614 697 1006 
14965 560 1274 795 4247 
14966 728 1090 887 1117 
14967 647 1010 1089 976 
14968 922 1011 929 4161 
14969 614 1004 1005 1006 
14970 564 653 689 4148 
14971 914 915 913 4227 
14972 614 1005 662 1006 
14973 591 742 612 980 
14974 597 1007 1004 962 
14975 515 498 3929 4284 
14976 976 1089 647 1066 
14977 733 1000 897 717 
14978 8 177 562 1258 
14979 586 1160 905 486 
14980 1088 515 66 491 
14981 95 552 711 531 
14982 102 535 728 870 
14983 1163 955 1123 602 
14984 3986 4262 4302 4303 
14985 1201 7 1207 4209 
14986 931 886 1083 4244 
14987 618 705 607 975 
14988 554 1253 131 746 
14989 991 704 743 723 
14990 190 189 1273 4174 
14991 805 767 555 4138 
14992 618 799 706 1093 
14993 894 862 4005 4165 
14994 11 1259 179 4133 
14995 968 593 626 972 
14996 1197 128 1210 4259 
14997 591 977 967 968 
14998 566 1271 138 766 
14999 1138 724 980 1009 
15000 799 647 712 1066 
15001 972 1006 697 1090 
15002 690 568 112 837 
15003 607 603 604 960 
15004 717 1000 586 718 
15005 972 697 779 1090 
15006 650 724 1120 1009 
15007 964 951 953 606 
15008 905 1186 1000 717 
15009 1166 460 498 3983 
15010 680 679 677 4278 
15011 611 604 709 965 
15012 971 700 699 661 
15013 857 839 103 535 
15014 947 472 58 478 
15015 613 705 704 998 
15016 522 523 507 4134 
15017 697 626 593 972 
15018 976 618 611 966 
15019 3944 3976 3945 4065 
15020 3976 3987 3945 4065 
15021 1049 1173 1177 4153 
15022 3986 4261 4262 4303 
15023 1179 933 1193 4126 
15024 703 1163 955 1164 
15025 139 551 795 1264 
15026 3994 4092 777 4226 
15027 3993 3979 3995 4198 
15028 935 936 1076 3934 
15029 1086 810 530 1161 
15030 650 539 715 1120 
15031 593 590 591 968 
15032 839 806 1169 4005 
15033 1185 4090 1118 4277 
15034 707 815 948 696 
15035 778 4002 775 4036 
15036 736 877 1160 811 
15037 1113 4109 1194 4201 
15038 1080 842 833 3941 
15039 968 963 593 972 
15040 612 724 709 1009 
15041 4075 4217 729 4279 
15042 897 542 733 717 
15043 1122 704 705 998 
15044 650 821 647 1089 
15045 858 836 846 4231 
15046 974 1081 971 661 
15047 1087 877 1160 736 
15048 610 628 995 627 
15049 807 567 714 4124 
15050 552 711 531 903 
15051 609 1123 997 608 
15052 834 850 853 4265 
15053 973 968 626 972 
15054 3944 3943 3976 4065 
15055 993 1001 964 617 
15056 3945 3976 3944 3989 
15057 694 774 570 4211 
15058 3997 4171 3991 4221 
15059 3917 4171 3997 4221 
15060 788 779 806 978 
15061 650 647 611 1010 
15062 544 3960 4100 4101 
15063 811 48 488 486 
15064 530 96 532 810 
15065 532 80 530 1161 
15066 1161 1241 160 1242 
15067 876 1160 143 877 
15068 877 97 876 811 
15069 1241 810 114 1242 
15070 626 968 973 3997 
15071 956 960 603 1164 
15072 1263 1275 1271 4213 
15073 955 952 1123 602 
15074 1010 647 611 976 
15075 64 1160 488 486 
15076 790 813 732 4060 
15077 650 611 709 1010 
15078 1153 1204 167 883 
15079 1210 128 564 4259 
15080 980 742 724 1138 
15081 1000 1186 897 717 
15082 3906 4128 4005 4236 
15083 1108 4261 3986 4303 
15084 555 177 8 1260 
15085 1002 941 937 4298 
15086 1178 4083 927 4251 
15087 986 3987 987 4152 
15088 658 729 4217 4279 
15089 685 801 766 4213 
15090 651 664 652 4269 
15091 811 488 1160 486 
15092 810 532 530 1161 
15093 877 876 1160 811 
15094 810 1241 1161 1242 
15095 662 660 1005 614 
15096 1109 985 983 4191 
15097 1132 1130 1128 4115 
15098 724 1138 1120 1009 
15099 499 1092 493 4283 
15100 705 969 1122 998 
15101 647 821 712 1066 
15102 3994 4092 4033 4110 
15103 1122 706 545 1064 
15104 1108 4064 3986 4261 
15105 724 650 709 1009 
15106 949 616 708 707 
15107 643 642 751 4200 
15108 586 1184 736 718 
15109 812 1162 777 4226 
15110 667 658 4091 4183 
15111 724 612 742 980 
15112 634 731 3944 4238 
15113 754 752 809 4197 
15114 1200 4102 3972 4154 
15115 969 966 607 975 
15116 779 978 1090 1117 
15117 875 873 874 4172 
15118 997 961 610 608 
15119 1228 1236 1209 4304 
15120 897 993 1000 733 
15121 484 881 54 449 
15122 986 1142 1073 3945 
15123 1256 1257 1249 4166 
15124 545 1187 1122 892 
15125 157 156 1062 850 
15126 822 564 128 4259 
15127 890 1003 1195 4143 
15128 1159 977 589 4075 
15129 580 633 581 4238 
15130 1165 1155 1125 4088 
15131 150 839 1169 894 
15132 619 106 835 872 
15133 742 980 1148 1138 
15134 950 1123 952 605 
15135 33 569 659 467 
15136 950 1123 605 608 
15137 480 457 476 4210 
15138 554 132 1253 802 
15139 530 711 810 1086 
15140 895 1054 1137 4235 
15141 684 673 3998 4215 
15142 697 662 779 1090 
15143 1151 1119 1132 4089 
15144 978 779 535 1117 
15145 543 4002 775 4224 
15146 687 1118 806 4005 
15147 155 156 834 891 
15148 1209 1238 1228 4234 
15149 1176 1134 1171 4146 
15150 629 740 630 4199 
15151 1204 883 1153 3960 
15152 462 461 447 4211 
15153 951 950 952 605 
15154 1122 969 705 975 
15155 885 1152 1012 4283 
15156 517 523 525 4031 
15157 655 722 4054 4299 
15158 840 157 158 901 
15159 1092 1012 1152 4283 
15160 537 777 1084 696 
15161 1005 1141 974 660 
15162 1096 3938 1135 4090 
15163 747 771 809 4194 
15164 1095 3997 3991 4180 
15165 634 3944 731 4208 
15166 3991 4180 3997 4221 
15167 3997 4180 3990 4221 
15168 999 1163 703 1164 
15169 969 613 999 998 
15170 935 1076 1188 4202 
15171 3944 3989 3976 4208 
15172 1006 1005 662 1090 
15173 1109 987 1110 3985 
15174 996 4196 3979 4270 
15175 1250 1257 1256 4166 
15176 960 966 607 969 
15177 737 113 875 690 
15178 797 761 760 4193 
15179 1044 1051 1040 4218 
15180 3943 3987 3976 4065 
15181 87 739 657 4243 
15182 546 660 1005 662 
15183 1002 1003 941 4298 
15184 682 540 105 4181 
15185 966 618 607 975 
15186 562 131 1258 746 
15187 979 968 590 3997 
15188 4067 4268 3990 4276 
15189 991 704 1187 998 
15190 4101 3960 4104 4179 
15191 680 682 679 4181 
15192 1125 1155 1156 4088 
15193 890 1190 1003 4143 
15194 790 743 990 627 
15195 525 4130 499 4189 
15196 447 774 34 467 
15197 3976 3989 3945 4130 
15198 799 618 976 1093 
15199 106 619 682 872 
15200 974 970 1004 615 
15201 590 593 626 968 
15202 580 550 541 4212 
15203 845 112 568 837 
15204 983 1149 1109 4152 
15205 636 731 657 4208 
15206 972 779 978 1090 
15207 1277 561 142 548 
15208 120 745 538 1204 
15209 887 870 728 1117 
15210 806 103 839 535 
15211 742 745 671 1148 
15212 1121 1200 1239 3972 
15213 995 4009 1157 4011 
15214 988 4007 3976 4060 
15215 839 540 104 806 
15216 993 971 994 700 
15217 1061 174 175 1205 
15218 671 724 742 1138 
15219 499 4130 943 4189 
15220 740 773 776 4224 
15221 973 1118 978 4067 
15222 558 140 796 1266 
15223 825 763 658 4091 
15224 966 976 618 975 
15225 1234 1223 1231 4132 
15226 1179 1180 1178 3958 
15227 652 664 808 4269 
15228 745 119 671 1237 
15229 70 69 502 885 
15230 148 870 887 1117 
15231 499 497 72 4130 
15232 751 4013 750 4197 
15233 1064 552 531 903 
15234 3990 4205 3997 4221 
15235 3997 4205 3917 4221 
15236 779 662 728 1090 
15237 1228 1238 1208 4234 
15238 588 3959 658 4100 
15239 633 670 731 4238 
15240 120 745 1204 1225 
15241 706 824 545 1064 
15242 622 656 655 4274 
15243 500 497 3976 4130 
15244 994 700 738 718 
15245 620 4000 722 4299 
15246 1211 174 173 895 
15247 1024 1023 1022 4219 
15248 1181 1179 1048 4076 
15249 993 733 617 700 
15250 948 950 949 707 
15251 576 558 621 4263 
15252 806 839 540 4005 
15253 1118 4005 687 4067 
15254 623 4054 4103 4242 
15255 650 724 539 1120 
15256 588 658 3959 4279 
15257 3972 4154 4102 4157 
15258 1165 1125 1126 4088 
15259 559 135 575 1252 
15260 515 498 516 3929 
15261 1178 927 4188 4251 
15262 57 889 1162 478 
15263 832 111 110 725 
15264 1082 1075 906 4231 
15265 705 613 607 969 
15266 1010 1120 650 1089 
15267 690 113 875 837 
15268 782 548 561 4175 
15269 622 623 4242 4274 
15270 478 1162 812 4226 
15271 1139 924 1140 4154 
15272 857 149 839 1169 
15273 795 560 139 1274 
15274 574 109 110 848 
15275 671 539 724 1138 
15276 747 827 826 4194 
15277 500 813 988 3976 
15278 1267 189 188 4222 
15279 663 726 584 4223 
15280 572 84 83 494 
15281 1097 1135 1096 3938 
15282 605 707 950 608 
15283 788 973 978 4067 
15284 540 682 680 4181 
15285 544 4101 4100 4229 
15286 1090 1005 662 887 
15287 975 976 618 1093 
15288 108 109 719 831 
15289 538 544 3960 4100 
15290 995 997 961 610 
15291 1231 1200 1234 3972 
15292 4204 4241 681 4268 
15293 1118 1169 806 4005 
15294 618 611 647 976 
15295 3906 4089 4005 4167 
15296 127 126 573 1214 
15297 1100 3962 4262 4270 
15298 4013 4197 3995 4198 
15299 1234 4000 1233 4132 
15300 748 758 670 4015 
15301 894 4005 1118 4165 
15302 621 4242 654 4267 
15303 921 1018 911 4266 
15304 476 457 475 4210 
15305 618 607 611 966 
15306 1105 1104 1115 4233 
15307 634 633 731 4238 
15308 1210 1236 1197 4259 
15309 1112 1158 940 4281 
15310 717 733 1000 718 
15311 799 618 647 976 
15312 1260 136 805 1252 
15313 732 731 758 3943 
15314 961 1084 996 4009 
15315 498 3983 453 4047 
15316 1100 1108 989 4303 
15317 761 757 759 4004 
15318 766 137 765 4213 
15319 1046 1129 1183 4150 
15320 817 4013 751 4036 
15321 937 936 881 4257 
15322 681 3998 673 4241 
15323 842 7 875 1207 
15324 1173 1171 1170 4046 
15325 1064 1122 706 1093 
15326 1133 1134 1131 4287 
15327 995 610 961 4009 
15328 731 670 758 4145 
15329 1146 4073 1105 4270 
15330 132 133 1249 534 
15331 677 676 675 4278 
15332 493 517 525 4283 
15333 3979 3993 4195 4198 
15334 706 552 1064 1093 
15335 501 496 512 4255 
15336 1162 1084 777 3994 
15337 1127 1045 1154 4275 
15338 1191 1131 1134 4287 
15339 961 997 1123 608 
15340 560 796 140 1274 
15341 1194 1113 1101 4109 
15342 129 1201 1210 4148 
15343 636 635 634 4085 
15344 1078 515 65 1088 
15345 51 50 1068 463 
15346 129 689 1201 4148 
15347 85 86 495 567 
15348 453 3983 465 4071 
15349 940 946 1112 4281 
15350 889 4033 3920 4202 
15351 1093 552 1064 903 
15352 731 3943 3976 4208 
15353 657 731 547 4208 
15354 628 3946 757 4084 
15355 1149 986 987 4152 
15356 153 152 1144 864 
15357 646 3990 681 4205 
15358 3994 4013 817 4092 
15359 775 4092 4002 4226 
15360 1147 4073 1145 4272 
15361 67 68 1063 513 
15362 3945 3976 4130 4190 
15363 1179 1178 924 4188 
15364 936 935 881 4257 
15365 3945 3987 3976 4190 
15366 795 794 560 4247 
15367 1090 662 728 887 
15368 3995 4197 3993 4198 
15369 667 4229 3971 4267 
15370 1162 3994 777 4226 
15371 85 84 714 508 
15372 497 88 89 3976 
15373 628 610 995 4009 
15374 538 1204 1153 3960 
15375 1178 1172 927 4083 
15376 988 3976 813 4060 
15377 170 886 931 4244 
15378 682 619 688 4297 
15379 3961 4217 4192 4279 
15380 705 706 545 1122 
15381 1193 1058 1047 4305 
15382 762 667 4091 4267 
15383 3997 4067 3990 4180 
15384 944 1011 1012 4282 
15385 659 828 33 453 
15386 1058 1193 933 4305 
15387 1126 1119 1151 4089 
15388 685 766 765 4213 
15389 112 111 845 568 
15390 577 583 565 4255 
15391 1084 961 948 696 
15392 610 961 696 608 
15393 1100 1105 3962 4270 
15394 1222 1234 1202 4000 
15395 1159 979 977 4075 
15396 128 129 1210 564 
15397 476 475 449 4250 
15398 889 4202 3920 4203 
15399 467 659 33 453 
15400 501 498 453 4047 
15401 1235 1233 1222 4299 
15402 552 706 799 1093 
15403 1127 1046 1045 4275 
15404 810 735 114 1242 
15405 4102 4157 4154 4179 
15406 1135 1133 1130 4285 
15407 946 945 1017 4254 
15408 1200 1121 4102 4154 
15409 623 4054 4242 4274 
15410 64 905 1160 486 
15411 646 729 3997 4205 
15412 729 4075 3997 4217 
15413 160 1161 1242 925 
15414 681 4204 3998 4241 
15415 1069 68 69 492 
15416 173 172 1199 1137 
15417 877 1160 143 1087 
15418 1100 3962 4261 4262 
15419 721 126 125 1196 
15420 1212 172 171 1116 
15421 170 1203 886 4244 
15422 979 973 968 3997 
15423 3990 4180 4067 4276 
15424 846 154 155 1075 
15425 1157 1100 989 4303 
15426 629 553 39 4199 
15427 628 4009 995 4011 
15428 1177 928 1180 4016 
15429 729 4216 730 4217 
15430 1123 950 961 608 
15431 621 622 623 4242 
15432 1180 928 1178 4293 
15433 1271 137 138 766 
15434 3906 4072 4005 4128 
15435 995 996 1157 4009 
15436 1076 1158 1113 4201 
15437 623 655 4054 4274 
15438 48 811 586 486 
15439 35 36 570 461 
15440 81 577 565 4255 
15441 1115 1100 3962 4261 
15442 4084 4194 826 4195 
15443 934 908 1078 4284 
15444 799 552 1093 903 
15445 1162 4033 3994 4226 
15446 82 83 509 716 
15447 496 81 565 4255 
15448 525 3989 497 4130 
15449 552 824 706 1064 
15450 4099 4100 4228 4292 
15451 4100 3959 4228 4292 
15452 890 52 51 450 
15453 89 88 547 3976 
15454 789 683 727 4020 
15455 636 4208 657 4243 
15456 478 454 889 4226 
15457 664 564 822 4259 
15458 1086 530 80 1161 
15459 684 3998 681 4204 
15460 96 530 711 810 
15461 1076 4201 1194 4202 
15462 1155 152 838 882 
15463 1134 1133 1097 4057 
15464 1000 994 1184 718 
15465 1162 1099 3994 4033 
15466 1179 924 933 4126 
15467 497 3989 523 4243 
15468 985 1109 1108 4064 
15469 97 877 736 811 
15470 628 790 732 4060 
15471 842 4172 3941 4206 
15472 522 524 523 3978 
15473 136 559 805 1252 
15474 112 113 690 837 
15475 927 4099 4083 4292 
15476 1145 4108 1101 4272 
15477 1215 1236 1228 4304 
15478 1202 544 123 4000 
15479 626 973 788 4067 
15480 1162 1099 1084 3994 
15481 1276 12 192 4286 
15482 501 512 498 4047 
15483 544 4100 667 4229 
15484 1240 4148 1201 4209 
15485 107 106 868 798 
15486 1223 1234 1233 4132 
15487 872 866 865 4258 
15488 1172 4192 4083 4293 
15489 1091 1140 1121 4154 
15490 783 784 684 4215 
15491 884 500 988 3976 
15492 784 673 4215 4216 
15493 688 678 679 4297 
15494 1219 1235 124 4299 
15495 842 4172 1207 4209 
15496 805 555 136 1260 
15497 996 995 961 4009 
15498 629 456 773 4199 
15499 86 524 495 785 
15500 687 680 674 4128 
15501 927 4099 3960 4188 
15502 1100 1105 1115 3962 
15503 460 465 453 3983 
15504 680 683 674 4128 
15505 481 456 452 4199 
15506 1105 1146 1147 4073 
15507 835 872 867 3965 
15508 36 37 830 448 
15509 3917 4192 3961 4217 
15510 72 3976 884 4190 
15511 133 134 1256 541 
15512 882 152 838 864 
15513 66 67 896 491 
15514 927 1159 1153 4112 
15515 621 654 666 4267 
15516 775 777 817 4092 
15517 37 38 691 479 
15518 982 3987 986 4190 
15519 1147 1101 1150 4300 
15520 3910 4195 4084 4196 
15521 145 144 1070 879 
15522 1080 176 10 4206 
15523 116 117 1245 715 
15524 147 146 1071 880 
15525 1173 1170 928 4046 
15526 641 642 643 4200 
15527 935 56 55 455 
15528 481 4116 456 4199 
15529 101 100 880 546 
15530 817 4036 775 4092 
15531 646 3997 626 4067 
15532 478 889 1162 4226 
15533 170 1121 1239 931 
15534 646 626 788 4067 
15535 626 3997 973 4067 
15536 4005 4072 3906 4167 
15537 3964 4072 4005 4167 
15538 682 688 679 4297 
15539 538 3960 1153 4112 
15540 682 3965 4181 4308 
15541 3917 4046 3961 4192 
15542 633 580 670 4238 
15543 1233 1234 1222 4000 
15544 1107 1115 1104 4233 
15545 160 161 925 1242 
15546 121 544 1230 3960 
15547 658 763 762 4091 
15548 93 92 545 533 
15549 982 4007 1110 4156 
15550 1 498 460 453 
15551 162 163 898 1245 
15552 128 127 822 1197 
15553 449 55 455 4250 
15554 658 729 730 4217 
15555 61 62 485 897 
15556 1152 493 71 1092 
15557 497 657 4208 4243 
15558 684 784 673 4215 
15559 1097 1095 1170 4171 
15560 4067 4005 4128 4236 
15561 48 47 486 586 
15562 3910 4194 4084 4195 
15563 732 731 3943 3976 
15564 1109 1149 987 4152 
15565 689 130 1201 737 
15566 620 4000 544 4103 
15567 1207 4172 4035 4209 
15568 4128 4268 4067 4276 
15569 4035 4172 1207 4206 
15570 1114 1101 1113 4300 
15571 460 453 498 3983 
15572 115 114 735 1242 
15573 1100 4262 4261 4303 
15574 988 989 982 4007 
15575 926 4102 1121 4154 
15576 3920 4033 4002 4307 
15577 1109 1110 1108 3985 
15578 1169 857 149 1117 
15579 4083 4192 4075 4291 
15580 116 115 571 1243 
15581 3961 4192 4046 4293 
15582 673 729 4205 4216 
15583 65 498 515 1078 
15584 499 943 1092 4189 
15585 943 499 72 4130 
15586 455 4116 476 4250 
15587 838 4088 3911 4165 
15588 169 170 1121 1239 
15589 1275 9 137 765 
15590 1219 124 557 4299 
15591 64 63 905 486 
15592 543 40 41 454 
15593 59 60 483 888 
15594 525 499 493 4283 
15595 3917 4171 4046 4192 
15596 757 628 732 4060 
15597 773 543 776 4224 
15598 1076 1194 1188 4202 
15599 1139 1140 1091 4154 
15600 80 79 530 1086 
15601 732 813 547 3976 
15602 553 452 39 4199 
15603 681 4241 674 4268 
15604 532 810 1241 1161 
15605 1160 876 488 811 
15606 774 34 35 447 
15607 4194 4195 3993 4198 
15608 1210 1201 1240 4148 
15609 54 53 1002 484 
15610 739 672 636 4243 
15611 97 98 736 877 
15612 498 65 1166 1078 
15613 732 813 3976 4060 
15614 161 162 1065 1243 
15615 104 105 540 862 
15616 46 45 485 542 
15617 79 78 531 903 
15618 141 140 558 1266 
15619 1172 4083 4075 4112 
15620 884 3976 982 4190 
15621 619 835 106 798 
15622 3960 4100 4101 4228 
15623 3960 4101 4104 4228 
15624 4102 4154 3936 4179 
15625 53 52 1195 471 
15626 40 39 456 773 
15627 163 164 1067 1244 
15628 544 4103 4101 4229 
15629 99 98 879 563 
15630 46 47 717 487 
15631 168 167 1230 883 
15632 144 143 1087 877 
15633 118 117 539 1244 
15634 78 77 529 1064 
15635 4084 4094 3910 4196 
15636 780 135 134 1248 
15637 100 99 878 713 
15638 3960 4099 4100 4228 
15639 935 455 55 4250 
15640 1235 1222 620 4299 
15641 551 139 138 1264 
15642 1153 883 927 3960 
15643 838 866 872 4258 
15644 544 620 123 4000 
15645 170 931 1239 4244 
15646 1277 142 9 548 
15647 884 74 988 500 
15648 1153 3960 927 4112 
15649 590 626 646 3997 
15650 1096 4180 3938 4277 
15651 826 827 4009 4195 
15652 146 145 899 878 
15653 1107 4064 1108 4261 
15654 739 636 657 4243 
15655 4002 4033 4092 4307 
15656 681 684 673 3998 
15657 60 61 489 1077 
15658 1132 1096 1135 4090 
15659 654 4229 667 4267 
15660 1159 4075 589 4112 
15661 809 4194 3993 4198 
15662 842 841 833 3941 
15663 5 160 1161 1241 
15664 114 6 810 1241 
15665 143 4 1160 876 
15666 3 97 811 876 
15667 6 96 810 532 
15668 48 3 811 488 
15669 5 80 532 1161 
15670 889 57 56 454 
15671 982 884 988 3976 
15672 4 64 1160 488 
15673 1202 1230 544 4102 
15674 1100 4261 1108 4303 
15675 683 4204 681 4268 
15676 538 588 4100 4112 
15677 170 1239 1203 4244 
15678 95 96 530 711 
15679 841 3941 842 4172 
15680 654 4103 544 4229 
15681 44 45 792 489 
15682 164 165 893 1237 
15683 727 677 675 4278 
15684 119 118 671 1237 
15685 989 4007 4301 4303 
15686 42 43 537 472 
15687 589 590 588 4075 
15688 41 454 478 4226 
15689 3960 4101 544 4102 
15690 1080 159 833 842 
15691 4067 4180 3997 4277 
15692 623 4054 722 4103 
15693 757 4060 732 4061 
15694 453 2 498 501 
15695 776 543 775 4224 
15696 75 74 514 900 
15697 4004 4061 3946 4084 
15698 3943 4060 3976 4156 
15699 76 75 526 1124 
15700 94 95 531 552 
15701 644 610 628 4009 
15702 148 147 887 870 
15703 4013 4092 3994 4110 
15704 555 8 136 1260 
15705 759 757 758 4061 
15706 562 131 8 1258 
15707 973 1118 4067 4277 
15708 1095 3991 3997 4171 
15709 1099 1194 4108 4109 
15710 1240 1201 1207 4209 
15711 121 538 544 3960 
15712 1147 1145 1101 4272 
15713 77 76 533 892 
15714 72 73 884 500 
15715 655 557 722 4299 
15716 41 478 812 4226 
15717 623 622 655 4274 
15718 973 979 1095 3997 
15719 681 646 674 3990 
15720 1182 1178 927 4188 
15721 58 57 1162 478 
15722 985 1108 1107 4064 
15723 39 456 629 4199 
15724 523 497 525 3989 
15725 6 532 810 1241 
15726 5 532 1241 1161 
15727 876 4 1160 488 
15728 488 876 3 811 
15729 451 460 49 902 
15730 43 44 787 483 
15731 732 4060 3943 4061 
15732 4005 4067 1118 4277 
15733 538 589 588 4112 
15734 827 644 628 4009 
15735 1159 927 1172 4112 
15736 747 809 827 4194 
15737 758 757 732 4061 
15738 667 588 658 4100 
15739 4075 4083 4291 4292 
15740 646 681 673 4205 
15741 996 1100 4196 4270 
15742 91 92 526 723 
15743 781 142 141 1268 
15744 3990 3997 646 4067 
15745 683 789 681 4204 
15746 3934 4203 4116 4271 
15747 101 102 728 870 
15748 784 730 673 4216 
15749 924 1178 1182 4188 
15750 1146 996 3979 4270 
15751 1119 894 1185 4165 
15752 538 4100 3960 4112 
15753 3995 4013 3994 4110 
15754 4301 4302 989 4303 
15755 1172 928 1170 4293 
15756 762 667 658 4091 
15757 731 3976 547 4208 
15758 3959 588 4279 4292 
15759 1200 1121 169 4102 
15760 636 634 731 4208 
15761 680 4005 4072 4128 
15762 1156 152 838 1155 
15763 943 986 1073 4190 
15764 674 3990 4067 4268 
15765 455 481 476 4116 
15766 907 49 460 902 
15767 3960 4104 4099 4228 
15768 1182 927 3960 4188 
15769 839 149 150 1169 
15770 752 751 750 4197 
15771 646 3997 3990 4205 
15772 833 158 159 1020 
15773 979 3997 590 4075 
15774 89 500 497 3976 
15775 1145 1147 1146 4073 
15776 455 476 449 4250 
15777 943 884 986 4190 
15778 3920 4224 4002 4226 
15779 875 874 842 4172 
15780 642 778 775 4036 
15781 3911 4258 838 4308 
15782 673 730 729 4216 
15783 497 3976 4130 4208 
15784 868 106 835 798 
15785 453 828 2 501 
15786 620 124 1235 4299 
15787 854 556 107 868 
15788 4192 4279 4075 4291 
15789 105 682 4181 4308 
15790 81 501 577 4255 
15791 657 547 3976 4208 
15792 123 124 1222 620 
15793 1166 49 460 907 
15794 1099 3994 4033 4110 
15795 496 501 81 4255 
15796 1188 1194 4033 4202 
15797 989 1110 4007 4303 
15798 1150 1101 1114 4300 
15799 540 687 806 4005 
15800 500 89 90 813 
15801 1207 1238 4035 4206 
15802 62 63 487 1186 
15803 4002 4224 543 4226 
15804 814 681 789 4204 
15805 3946 4094 4084 4302 
15806 862 150 151 894 
15807 94 93 824 529 
15808 684 681 814 4204 
15809 4046 4171 1170 4192 
15810 883 926 1182 4102 
15811 39 773 629 456 
15812 777 3994 817 4092 
15813 543 4224 773 4225 
15814 842 1080 10 4206 
15815 524 497 523 4243 
15816 1076 1113 1194 4201 
15817 90 91 514 536 
15818 1240 1207 4035 4209 
15819 4067 4236 4128 4276 
15820 777 4092 775 4226 
15821 3993 4197 809 4198 
15822 3979 3995 4111 4272 
15823 136 135 559 1252 
15824 165 166 981 1225 
15825 729 588 590 4075 
15826 623 4103 654 4242 
15827 1092 943 1073 4189 
15828 1234 3972 4102 4157 
15829 1121 926 169 4102 
15830 889 1188 4202 4203 
15831 1145 3979 4111 4272 
15832 59 58 947 472 
15833 882 1144 152 864 
15834 1092 499 71 943 
15835 1100 4011 4196 4262 
15836 4005 4167 3911 4181 
15837 3964 4167 4005 4181 
15838 500 884 72 3976 
15839 680 4005 3964 4072 
15840 752 750 809 4197 
15841 674 3990 646 4067 
15842 467 453 466 4071 
15843 876 3 4 488 
15844 532 6 5 1241 
15845 762 666 667 4267 
15846 577 81 828 501 
15847 1234 3972 1200 4102 
15848 1159 1172 979 4075 
15849 642 775 751 4036 
15850 935 3934 4203 4250 
15851 452 456 39 4199 
15852 1156 4088 838 4165 
15853 478 42 41 812 
15854 3910 4193 4084 4194 
15855 3997 4192 3917 4217 
15856 588 729 658 4279 
15857 817 750 4013 4198 
15858 889 1188 4033 4202 
15859 729 646 673 4205 
15860 3964 4005 680 4181 
15861 973 1185 1118 4277 
15862 4075 4192 3997 4217 
15863 1115 1107 1108 4261 
15864 538 121 120 1204 
15865 838 151 1156 4165 
15866 170 171 886 1203 
15867 131 132 1253 554 
15868 124 125 1219 557 
15869 4033 4109 4108 4110 
15870 103 102 857 535 
15871 751 817 750 4013 
15872 104 103 839 806 
15873 4033 4109 4110 4307 
15874 589 4075 588 4112 
15875 590 646 729 3997 
15876 167 166 1204 1153 
15877 1185 894 1118 4165 
15878 883 1182 927 3960 
15879 544 654 623 4103 
15880 4033 4110 4092 4307 
15881 4099 4104 3960 4188 
15882 1207 1206 1238 4206 
15883 525 497 499 4130 
15884 687 674 4067 4128 
15885 757 3946 4061 4084 
15886 1159 1172 4075 4112 
15887 3920 4225 4224 4226 
15888 544 123 122 1202 
15889 1162 889 1099 4033 
15890 3959 4279 4291 4292 
15891 481 455 456 4116 
15892 540 105 4181 4308 
15893 120 119 745 1225 
15894 732 547 731 3976 
15895 682 872 3965 4308 
15896 655 722 623 4054 
15897 889 4203 3920 4226 
15898 588 4075 729 4279 
15899 1201 129 130 689 
15900 4075 4291 4279 4292 
15901 883 3960 1230 4102 
15902 140 139 560 1274 
15903 4192 4217 4075 4279 
15904 493 499 71 1092 
15905 884 982 986 4190 
15906 544 623 722 4103 
15907 1162 889 4033 4226 
15908 498 512 516 4047 
15909 842 1207 4172 4206 
15910 1132 1119 1185 4090 
15911 71 72 943 499 
15912 1207 1238 1240 4035 
15913 1100 1146 1105 4270 
15914 1115 1108 1100 4261 
15915 761 4084 4004 4193 
15916 2 33 828 453 
15917 826 827 628 4009 
15918 56 454 455 4203 
15919 687 4067 4005 4128 
15920 817 751 775 4036 
15921 1145 3979 1146 4111 
15922 176 1207 10 4206 
15923 466 453 465 4071 
15924 3920 4202 4033 4307 
15925 996 3994 1084 4111 
15926 87 497 524 4243 
15927 454 41 543 4226 
15928 497 657 3976 4208 
15929 1234 4157 4102 4179 
15930 729 590 3997 4075 
15931 1099 1084 3994 4111 
15932 654 544 667 4229 
15933 982 987 986 3987 
15934 49 50 451 902 
15935 687 4005 680 4128 
15936 107 108 556 854 
15937 1235 1222 124 620 
15938 149 148 1117 857 
15939 1157 4011 1100 4303 
15940 989 4302 4011 4303 
15941 836 1144 153 906 
15942 4084 4193 826 4194 
15943 620 557 124 4299 
15944 1099 1194 1101 4108 
15945 1230 3960 544 4102 
15946 4075 4112 4083 4292 
15947 722 620 544 4103 
15948 750 4197 4013 4198 
15949 1100 4011 4262 4303 
15950 1099 996 1084 4111 
15951 72 884 943 4190 
15952 838 862 151 4165 
15953 41 812 543 4226 
15954 740 4224 3949 4225 
15955 926 883 168 4102 
15956 1234 168 1230 4102 
15957 732 3976 3943 4060 
15958 973 1096 1185 4277 
15959 3920 4033 889 4226 
15960 540 680 4005 4181 
15961 868 556 107 798 
15962 836 153 154 906 
15963 82 81 565 496 
15964 40 454 543 4225 
15965 540 862 105 4308 
15966 3920 4203 454 4226 
15967 168 883 1230 4102 
15968 826 4009 4084 4195 
15969 674 4067 4128 4268 
15970 4110 4111 3995 4272 
15971 4108 4111 4110 4272 
15972 1234 169 168 4102 
15973 460 498 1 1166 
15974 817 777 644 3994 
15975 927 4083 4112 4292 
15976 169 1234 1200 4102 
15977 3960 4102 1182 4188 
15978 175 176 904 1198 
15979 4202 4203 3934 4271 
15980 3920 4203 4202 4271 
15981 88 87 657 497 
15982 588 3959 4100 4292 
15983 996 4195 4009 4198 
15984 1145 1099 1101 4108 
15985 1239 1121 169 1200 
15986 740 3949 4199 4225 
15987 87 657 497 4243 
15988 872 105 862 4308 
15989 515 66 65 1088 
15990 4224 4225 543 4226 
15991 1126 4089 4088 4165 
15992 169 926 168 4102 
15993 1146 1100 996 4270 
15994 56 889 454 4203 
15995 33 34 569 467 
15996 3943 4059 4060 4156 
15997 3943 4060 4059 4061 
15998 757 4061 4004 4084 
15999 979 3997 4075 4192 
16000 56 455 935 4203 
16001 4004 4084 3910 4193 
16002 3960 4104 4102 4188 
16003 3965 4258 4181 4308 
16004 841 842 874 4172 
16005 827 4195 4194 4198 
16006 1099 4033 4108 4110 
16007 989 1108 1110 4303 
16008 3910 4084 4004 4094 
16009 4004 4084 3946 4094 
16010 674 646 788 4067 
16011 3911 4165 4089 4167 
16012 3911 4181 4258 4308 
16013 105 106 682 4308 
16014 4094 4196 4011 4262 
16015 65 1 498 1166 
16016 540 4005 862 4308 
16017 683 681 674 4268 
16018 1132 1185 1096 4090 
16019 1099 4110 4108 4111 
16020 1201 130 7 737 
16021 40 543 773 4225 
16022 1125 4088 1156 4165 
16023 894 151 862 4165 
16024 3946 4060 4059 4301 
16025 4088 4089 3911 4165 
16026 106 872 682 4308 
16027 761 826 4084 4193 
16028 1172 4075 4083 4192 
16029 4059 4060 3946 4061 
16030 889 1188 1194 4033 
16031 543 775 4002 4226 
16032 883 1182 3960 4102 
16033 4002 4092 4033 4226 
16034 3917 3997 4171 4192 
16035 1095 1170 4171 4192 
16036 1234 1230 1202 4102 
16037 4180 4276 3938 4277 
16038 666 654 667 4267 
16039 842 10 1207 4206 
16040 4102 4104 3960 4179 
16041 1110 982 989 4007 
16042 875 7 113 737 
16043 889 454 4203 4226 
16044 4009 4011 628 4084 
16045 1095 3997 979 4192 
16046 809 827 4194 4198 
16047 812 777 543 4226 
16048 828 81 2 501 
16049 557 620 722 4299 
16050 750 817 644 4198 
16051 543 777 775 4226 
16052 4011 4302 4262 4303 
16053 1194 1099 889 4033 
16054 4033 4202 4109 4307 
16055 935 4203 455 4250 
16056 996 1100 4011 4196 
16057 588 4075 4279 4292 
16058 3920 454 4225 4226 
16059 927 3960 4099 4292 
16060 456 454 40 4225 
16061 864 1144 153 836 
16062 1207 1198 1206 4206 
16063 1099 3994 4110 4111 
16064 1157 989 4011 4303 
16065 623 654 621 4242 
16066 1145 4111 4108 4272 
16067 973 4067 3997 4277 
16068 105 872 106 4308 
16069 4067 4276 4180 4277 
16070 838 151 152 1156 
16071 4101 4102 3960 4179 
16072 460 1 49 1166 
16073 540 4181 4005 4308 
16074 750 809 4197 4198 
16075 4009 4195 827 4198 
16076 1096 3938 4090 4277 
16077 71 70 493 1152 
16078 4099 4228 3959 4292 
16079 881 55 54 449 
16080 740 773 4224 4225 
16081 1099 4108 4033 4109 
16082 817 4013 3994 4198 
16083 1095 979 1172 4192 
16084 757 4004 761 4084 
16085 894 1156 151 4165 
16086 4005 4181 3911 4308 
16087 455 454 456 4225 
16088 3994 4013 3995 4198 
16089 4089 4165 4005 4167 
16090 817 3994 644 4198 
16091 872 862 838 4308 
16092 1194 4109 4033 4202 
16093 553 38 39 452 
16094 3920 4224 4225 4271 
16095 1126 4088 1125 4165 
16096 3949 4225 4224 4271 
16097 4002 4033 3920 4226 
16098 4084 4195 4011 4196 
16099 1126 1119 4089 4165 
16100 788 687 674 4067 
16101 3960 4100 4099 4292 
16102 3959 4291 4099 4292 
16103 4099 4291 4083 4292 
16104 4011 4195 4009 4196 
16105 454 543 4225 4226 
16106 740 4199 773 4225 
16107 56 1188 889 4203 
16108 10 159 1080 842 
16109 86 87 524 785 
16110 4005 4165 862 4308 
16111 996 4011 4009 4196 
16112 4094 4262 4011 4302 
16113 540 680 687 4005 
16114 838 4165 3911 4308 
16115 3911 4005 4165 4167 
16116 3965 872 4258 4308 
16117 56 935 1188 4203 
16118 1095 1172 1170 4192 
16119 1095 4171 3997 4192 
16120 826 628 757 4084 
16121 1145 996 1099 4111 
16122 838 862 4165 4308 
16123 4116 4199 3949 4225 
16124 1157 996 1100 4011 
16125 644 4009 827 4198 
16126 456 40 773 4225 
16127 826 4009 628 4084 
16128 894 1125 1156 4165 
16129 996 3994 4111 4198 
16130 872 838 4258 4308 
16131 979 4075 1172 4192 
16132 1119 1125 894 4165 
16133 3938 4236 4090 4277 
16134 4116 4225 3949 4271 
16135 4203 4225 4116 4271 
16136 456 773 4199 4225 
16137 454 4203 3920 4225 
16138 455 456 4116 4225 
16139 1099 4033 1194 4109 
16140 4011 4094 4084 4196 
16141 1126 1125 1119 4165 
16142 1157 4009 996 4011 
16143 456 4199 4116 4225 
16144 809 750 827 4198 
16145 588 4100 4112 4292 
16146 1145 1099 4108 4111 
16147 3911 4165 4005 4308 
16148 826 757 761 4084 
16149 3920 4225 4203 4271 
16150 455 4203 454 4225 
16151 1096 4090 1185 4277 
16152 927 4112 3960 4292 
16153 3960 4112 4100 4292 
16154 996 1146 3979 4111 
16155 3938 4276 4236 4277 
16156 3995 4110 3994 4111 
16157 4084 4094 4011 4302 
16158 644 827 750 4198 
16159 588 4112 4075 4292 
16160 455 4116 4203 4225 
16161 4011 4084 4009 4195 
16162 4236 4276 4067 4277 
16163 996 1145 1146 4111 
16164 4124 494 519 508 
16165 4124 519 494 4010 
16166 4084 4302 628 3946 
16167 4084 628 4302 4011 
16168 989 628 4302 3946 
16169 989 4302 628 4011 
16170 4124 625 741 4063 
16171 4124 741 625 807 
16172 4269 4178 3968 4028 
16173 4269 3968 4178 4247 
16174 4087 480 452 3932 
16175 4087 452 480 459 
16176 4186 3894 3968 3927 
16177 4186 3968 3894 4097 
16178 4026 1102 4182 3931 
16179 4026 4182 1102 1111 
16180 4233 4095 4288 3923 
16181 4233 4288 4095 3962 
16182 4178 4158 1216 1196 
16183 1216 4158 4178 4028 
16184 1216 1214 4178 1196 
16185 4178 1214 1216 4028 
16186 4124 625 772 807 
16187 4124 772 625 3912 
16188 4167 4072 4295 3964 
16189 4167 4295 4072 3906 
16190 1137 3969 1116 1199 
16191 1116 3969 1137 1052 
16192 4063 4212 1255 1248 
16193 1255 4212 4063 3980 
16194 1258 3957 4129 1246 
16195 4129 3957 1258 746 
16196 4129 1253 1258 1246 
16197 1258 1253 4129 746 
16198 4162 3904 4186 3939 
16199 4162 4186 3904 4113 
16200 4247 3904 4174 3968 
16201 4247 4174 3904 4052 
16202 4027 4056 4161 3896 
16203 4161 4056 4027 3988 
16204 4159 4119 4037 3905 
16205 4159 4037 4119 3912 
16206 4214 4201 4001 3897 
16207 4214 4001 4201 3934 
16208 4294 3916 648 669 
16209 648 3916 4294 4021 
16210 648 578 4294 669 
16211 4294 578 648 4021 
16212 4151 192 3914 4107 
16213 4151 3914 192 4286 
16214 4103 4157 4054 4000 
16215 4054 4157 4103 3981 
16216 4120 4287 3893 3930 
16217 3893 4287 4120 3953 
16218 4066 4057 4127 3893 
16219 4066 4127 4057 3938 
16220 4085 665 741 635 
16221 4085 741 665 4063 
16222 4301 989 4060 4007 
16223 4301 4060 989 3946 
16224 4149 4144 4145 3980 
16225 4149 4145 4144 3908 
16226 1098 4305 3975 1058 
16227 3975 4305 1098 4058 
16228 4161 4246 4006 3984 
16229 4006 4246 4161 3926 
16230 4183 4228 4098 3971 
16231 4098 4228 4183 3959 
16232 4252 3940 763 4215 
16233 4252 763 3940 4091 
16234 4104 4126 4188 3958 
16235 4188 4126 4104 3936 
16236 4297 3999 3899 3965 
16237 4297 3899 3999 4240 
16238 4175 1272 1276 1262 
16239 4175 1276 1272 3914 
16240 4305 1098 932 1058 
16241 4305 932 1098 4030 
16242 801 4050 3967 649 
16243 3967 4050 801 3951 
16244 4141 12 4022 4042 
16245 4141 4022 12 192 
16246 4284 1019 3929 934 
16247 4284 3929 1019 4125 
16248 4172 844 873 874 
16249 4172 873 844 3956 
16250 3991 3938 4066 4057 
16251 4066 3938 3991 4180 
16252 4231 847 4114 4041 
16253 4231 4114 847 858 
16254 4217 4183 3961 3940 
16255 4217 3961 4183 4279 
16256 690 4148 4209 689 
16257 4209 4148 690 3956 
16258 4272 4034 3909 4108 
16259 3909 4034 4272 3995 
16260 3909 4110 4272 4108 
16261 4272 4110 3909 3995 
16262 4135 921 4266 1079 
16263 4135 4266 921 4023 
16264 1264 4247 4021 795 
16265 1264 4021 4247 3968 
16266 579 4021 4247 795 
16267 579 4247 4021 3968 
16268 4255 510 509 496 
16269 4255 509 510 3955 
16270 825 4215 4216 784 
16271 4216 4215 825 3940 
16272 4216 730 825 784 
16273 825 730 4216 3940 
16274 4291 4251 4293 4098 
16275 4291 4293 4251 4083 
16276 4179 4104 3981 3936 
16277 4179 3981 4104 4101 
16278 4060 628 989 3946 
16279 4210 482 459 457 
16280 4210 459 482 4087 
16281 1278 4213 4029 1263 
16282 4029 4213 1278 4080 
16283 4128 727 4268 4072 
16284 4128 4268 727 683 
16285 4020 4268 727 4072 
16286 4020 727 4268 683 
16287 4250 4298 475 449 
16288 475 4298 4250 3933 
16289 676 4213 4048 685 
16290 4048 4213 676 4029 
16291 4274 796 3982 622 
16292 4274 3982 796 4052 
16293 4284 4248 4047 3929 
16294 4284 4047 4248 3983 
16295 4169 1036 4096 4022 
16296 4169 4096 1036 1057 
16297 4184 4149 4145 3942 
16298 4184 4145 4149 3908 
16299 670 4077 582 748 
16300 582 4077 670 3942 
16301 4141 4286 3954 192 
16302 3954 4286 4141 3953 
16303 4136 506 518 527 
16304 4136 518 506 4119 
16305 4090 1119 4165 4089 
16306 4090 4165 1119 1185 
16307 4255 659 828 577 
16308 4255 828 659 4017 
16309 4275 4170 4088 3963 
16310 4275 4088 4170 3966 
16311 4241 4221 4205 3990 
16312 4241 4205 4221 3998 
16313 4235 1205 1208 1211 
16314 4235 1208 1205 4081 
16315 781 4263 141 576 
16316 141 4263 781 1268 
16317 4235 1061 1143 4081 
16318 4235 1143 1061 895 
16319 4301 4094 4059 3946 
16320 4301 4059 4094 3986 
16321 4200 4253 4129 3977 
16322 4129 4253 4200 3913 
16323 710 4224 740 776 
16324 740 4224 710 3949 
16325 4156 4301 4060 4007 
16326 4060 4301 4156 4059 
16327 4238 4149 4212 3942 
16328 4238 4212 4149 3980 
16329 4179 544 4103 4101 
16330 4179 4103 544 4000 
16331 4278 4020 3907 4232 
16332 4278 3907 4020 4072 
16333 765 185 9 549 
16334 765 9 185 1275 
16335 4206 1238 4234 1206 
16336 4206 4234 1238 4035 
16337 4232 676 549 4029 
16338 4232 549 676 675 
16339 4293 1178 1172 928 
16340 4293 1172 1178 4083 
16341 987 4156 982 1110 
16342 982 4156 987 3987 
16343 935 4257 55 881 
16344 935 55 4257 4250 
16345 449 55 4257 881 
16346 449 4257 55 4250 
16347 4249 1033 1037 1175 
16348 4249 1037 1033 4141 
16349 4278 678 679 677 
16350 4278 679 678 4048 
16351 900 813 790 988 
16352 790 813 900 536 
16353 4206 176 904 1080 
16354 4206 904 176 1198 
16355 452 691 38 479 
16356 452 38 691 553 
16357 711 925 810 1086 
16358 810 925 711 735 
16359 902 460 3983 451 
16360 902 3983 460 907 
16361 981 1204 166 1153 
16362 981 166 1204 1225 
16363 708 948 707 815 
16364 708 707 948 949 
16365 4202 935 4203 1188 
16366 4202 4203 935 3934 
16367 4285 1132 1130 1135 
16368 4285 1130 1132 4115 
16369 538 981 1204 745 
16370 1204 981 538 1153 
16371 1169 535 978 806 
16372 978 535 1169 1117 
16373 715 1067 1120 539 
16374 1120 1067 715 898 
16375 1071 713 1141 546 
16376 1141 713 1071 899 
16377 993 770 897 1001 
16378 897 770 993 733 
16379 1159 745 1148 981 
16380 1159 1148 745 589 
16381 4278 680 727 677 
16382 4278 727 680 4072 
16383 478 537 42 812 
16384 42 537 478 472 
16385 1089 715 1065 898 
16386 1089 1065 715 821 
16387 1141 713 1081 804 
16388 1081 713 1141 899 
16389 4090 1118 4165 1185 
16390 4090 4165 1118 4005 
16391 4060 990 628 790 
16392 4060 628 990 989 
16393 531 1064 824 552 
16394 531 824 1064 78 
16395 1086 712 903 711 
16396 1086 903 712 1066 
16397 4190 1073 3945 986 
16398 4190 3945 1073 4189 
16399 925 810 1242 735 
16400 925 1242 810 1161 
16401 4213 137 1271 766 
16402 4213 1271 137 1275 
16403 563 738 1081 713 
16404 1081 899 563 713 
16405 563 899 1081 1070 
16406 775 4224 778 776 
16407 778 4224 775 4002 
16408 644 1084 777 696 
16409 777 1084 644 3994 
16410 4189 525 4283 499 
16411 4189 4283 525 4031 
16412 1087 563 1184 1070 
16413 1184 563 1087 736 
16414 4236 4277 4005 4090 
16415 4005 4277 4236 4067 
16416 4198 3979 996 4195 
16417 4198 996 3979 4111 
16418 87 4243 785 739 
16419 785 4243 87 524 
16420 4179 1202 1234 4000 
16421 4179 1234 1202 4102 
16422 1170 4293 4192 1172 
16423 4192 4293 1170 4046 
16424 3960 121 1204 1230 
16425 3960 1204 121 538 
16426 4209 7 737 1201 
16427 4209 737 7 875 
16428 4154 926 3936 1140 
16429 4154 3936 926 4102 
16430 4188 1182 3936 4102 
16431 3936 926 1182 1140 
16432 3936 1182 926 4102 
16433 3976 89 813 547 
16434 3976 813 89 500 
16435 3997 4277 1096 973 
16436 1096 4277 3997 4180 
16437 1096 1095 3997 973 
16438 3997 1095 1096 4180 
16439 544 4102 4179 1202 
16440 4179 4102 544 4101 
16441 4195 996 4196 3979 
16442 4195 4196 996 4009 
16443 4203 4250 4116 455 
16444 4116 4250 4203 3934 
16445 3976 88 657 497 
16446 3976 657 88 547 
16447 4198 996 644 4009 
16448 4198 644 996 3994 
16449 1084 644 996 4009 
16450 1084 996 644 3994 
16451 4198 4111 3995 3994 
16452 4198 3995 4111 3979 
16453 563 718 994 738 
16454 994 718 563 1070 
16455 994 1081 563 738 
16456 563 1081 994 1070 
16457 1182 3936 924 4188 
16458 1182 924 3936 1140 
3 4 4 66
16459 177 1258 1281 4310 
16460 1260 177 1281 4310 
16461 1281 1258 1253 4310 
16462 1260 1247 177 4310 
16463 1260 1281 1252 4310 
16464 1256 1281 1249 4310 
16465 1256 1248 1281 4310 
16466 1253 1249 1281 4310 
16467 1258 177 1246 4310 
16468 1261 1279 178 4310 
16469 1279 1259 178 4310 
16470 1281 1248 1252 4310 
16471 1261 11 178 1279 
16472 1279 11 178 1259 
16473 1261 1251 1279 4310 
16474 1261 1251 184 1279 
16475 1258 1246 1253 4310 
16476 1281 177 8 1258 
16477 1281 8 177 1260 
16478 177 1247 178 4310 
16479 1252 1247 1260 4310 
16480 1251 183 184 1279 
16481 1256 1281 133 1249 
16482 1254 1259 1279 4310 
16483 132 133 1281 1249 
16484 177 178 1246 4310 
16485 1257 1279 1250 4310 
16486 1255 1279 1251 4310 
16487 1248 1281 134 1256 
16488 1250 181 182 1279 
16489 1253 132 1281 1249 
16490 1250 1257 181 1279 
16491 183 1251 1255 1279 
16492 1255 1250 1279 4310 
16493 1257 1254 1279 4310 
16494 179 1279 1254 1259 
16495 1255 1250 182 1279 
16496 134 135 1281 1248 
16497 1246 1254 1253 4310 
16498 133 134 1281 1256 
16499 1257 180 181 1279 
16500 1279 1257 180 1254 
16501 1253 1281 131 1258 
16502 1261 184 11 1279 
16503 178 1247 1261 4310 
16504 1253 1254 1249 4310 
16505 1279 179 11 1259 
16506 1248 135 1281 1252 
16507 178 1259 1246 4310 
16508 1255 182 183 1279 
16509 1251 1247 1252 4310 
16510 1260 1281 136 1252 
16511 1250 1248 1256 4310 
16512 1279 180 179 1254 
16513 136 8 1281 1260 
16514 1281 8 131 1258 
16515 1246 1259 1254 4310 
16516 131 132 1281 1253 
16517 1251 1261 1247 4310 
16518 1249 1254 1257 4310 
16519 1281 135 136 1252 
16520 1255 1248 1250 4310 
16521 1252 1255 4310 1248 
16522 4310 1255 1252 1251 
16523 1256 1257 4310 1249 
16524 1256 4310 1257 1250 
3 5 4 68
16525 1275 1282 185 4311 
16526 1277 185 1282 4311 
16527 1271 1282 1275 4311 
16528 1282 1274 1266 4311 
16529 185 1277 1262 4311 
16530 1275 185 1263 4311 
16531 1277 1282 1268 4311 
16532 1264 1274 1282 4311 
16533 1275 1263 1271 4311 
16534 1271 1264 1282 4311 
16535 1282 1266 1268 4311 
16536 186 1276 1280 4311 
16537 1278 186 1280 4311 
16538 1269 1266 1274 4311 
16539 1275 9 185 1282 
16540 12 186 1276 1280 
16541 12 186 1280 1278 
16542 1277 185 9 1282 
16543 1276 1272 1280 4311 
16544 1262 1277 1268 4311 
16545 185 1262 186 4311 
16546 185 186 1263 4311 
16547 137 1275 1271 1282 
16548 1280 1276 192 1272 
16549 1280 1273 1267 4311 
16550 1264 1269 1274 4311 
16551 1265 1280 1272 4311 
16552 1265 1280 191 1272 
16553 1280 1265 1273 4311 
16554 189 1280 1273 1267 
16555 1280 192 191 1272 
16556 1278 1280 1270 4311 
16557 1273 1280 190 1265 
16558 1276 186 1262 4311 
16559 1264 139 1282 1274 
16560 1280 1267 1270 4311 
16561 1282 1271 138 1264 
16562 1278 1263 186 4311 
16563 1266 1282 140 1274 
16564 1276 1262 1272 4311 
16565 1267 188 1280 1270 
16566 1278 1280 187 1270 
16567 142 1268 1277 1282 
16568 1282 141 1268 1266 
16569 1271 138 137 1282 
16570 191 190 1280 1265 
16571 1262 1268 1272 4311 
16572 1280 189 188 1267 
16573 1271 1263 1270 4311 
16574 1280 187 12 1278 
16575 9 142 1277 1282 
16576 137 9 1275 1282 
16577 1276 192 12 1280 
16578 1273 1269 1267 4311 
16579 1271 1270 1264 4311 
16580 140 141 1282 1266 
16581 1265 1272 1268 4311 
16582 188 187 1280 1270 
16583 1268 142 141 1282 
16584 1265 1266 1269 4311 
16585 1282 138 139 1264 
16586 1268 1266 1265 4311 
16587 1267 1269 1264 4311 
16588 1267 1264 1270 4311 
16589 1280 190 189 1273 
16590 1270 1263 1278 4311 
16591 1273 1265 1269 4311 
16592 139 140 1282 1274 
3 6 4 3011
16593 801 686 4323 4360 
16594 1485 1600 4323 4360 
16595 1313 1376 4335 4347 
16596 1313 4335 577 4347 
16597 666 4356 4342 4365 
16598 4342 4356 1465 4365 
16599 658 730 1529 4318 
16600 693 4321 820 4380 
16601 4319 4341 1593 4355 
16602 794 4341 4319 4355 
16603 1485 4323 4348 4360 
16604 686 4348 4323 4360 
16605 4326 4343 1548 4374 
16606 749 4343 4326 4374 
16607 1489 4330 1651 4352 
16608 1674 4319 1520 4355 
16609 1347 4320 1713 4332 
16610 1492 4314 4316 4337 
16611 693 4316 4314 4337 
16612 4327 4330 1468 4334 
16613 669 4330 4327 4334 
16614 1468 4334 4330 4379 
16615 1710 4320 548 4332 
16616 4325 4368 754 4369 
16617 1559 1548 4343 4374 
16618 749 760 4343 4374 
16619 622 558 4356 4367 
16620 1529 730 673 4318 
16621 1668 4319 1674 4355 
16622 669 587 4330 4334 
16623 1328 4336 1584 4366 
16624 4324 4336 807 4372 
16625 786 669 587 4330 
16626 4330 4334 587 4379 
16627 1383 4349 4335 4387 
16628 1668 4319 721 4376 
16629 4314 4316 769 4387 
16630 624 4338 4349 4370 
16631 4341 4346 1451 4355 
16632 1468 4330 1585 4379 
16633 695 4314 693 4316 
16634 1494 1492 4314 4316 
16635 1492 4314 4337 4380 
16636 1435 4351 1530 4366 
16637 731 4351 636 4366 
16638 1421 4356 1357 4367 
16639 4319 4341 794 4367 
16640 1702 560 4341 4367 
16641 1642 4330 690 4352 
16642 584 585 4335 4349 
16643 1593 4341 4319 4367 
16644 1668 721 4319 4355 
16645 829 534 4326 4384 
16646 668 4332 4318 4365 
16647 1467 4318 4332 4365 
16648 756 4322 534 4384 
16649 625 4324 807 4372 
16650 767 4314 769 4387 
16651 1607 1593 4341 4355 
16652 794 808 4341 4355 
16653 1713 4320 1698 4332 
16654 1674 4319 1668 4376 
16655 1423 4338 1571 4349 
16656 794 4341 560 4367 
16657 548 4320 782 4332 
16658 1347 1581 4320 4332 
16659 829 756 534 4384 
16660 567 4324 1323 4336 
16661 624 772 4338 4370 
16662 1347 1713 1360 4332 
16663 786 4330 587 4379 
16664 801 4323 649 4354 
16665 1448 4323 1600 4354 
16666 585 4347 4335 4387 
16667 1713 4320 1347 4381 
16668 1386 4334 1468 4379 
16669 1699 4315 1711 4323 
16670 794 4319 808 4355 
16671 1607 4319 1593 4355 
16672 577 659 828 4347 
16673 1376 1627 1458 4347 
16674 1698 4320 1710 4332 
16675 1710 548 561 4332 
16676 4323 4345 649 4354 
16677 1448 4345 4323 4354 
16678 1593 1359 4341 4367 
16679 1484 4323 4315 4389 
16680 622 4356 4328 4367 
16681 1559 4343 4364 4374 
16682 760 4364 4343 4374 
16683 683 1482 4333 4390 
16684 808 4319 744 4355 
16685 1543 4319 1607 4355 
16686 1712 4315 1699 4323 
16687 1520 4319 1543 4355 
16688 744 4319 721 4355 
16689 1553 4368 4325 4369 
16690 1386 1468 1585 4379 
16691 1350 4334 1378 4341 
16692 4327 4334 1468 4385 
16693 548 4320 1710 4381 
16694 1484 4348 4323 4389 
16695 635 4336 4351 4372 
16696 668 4342 4332 4365 
16697 1467 4332 4342 4365 
16698 1701 4334 1350 4341 
16699 1520 4319 1674 4376 
16700 4324 4338 772 4370 
16701 763 668 4318 4365 
16702 1562 4318 1467 4365 
16703 741 807 4336 4372 
16704 1592 4319 1520 4376 
16705 721 4319 793 4376 
16706 1485 1519 1600 4360 
16707 801 720 686 4360 
16708 1467 4318 1562 4332 
16709 763 4318 668 4332 
16710 1484 4315 1475 4389 
16711 635 4351 4339 4372 
16712 1469 1557 4358 4374 
16713 758 670 4358 4374 
16714 558 1709 576 4356 
16715 1347 1360 1581 4332 
16716 561 548 782 4332 
16717 1698 4320 1713 4381 
16718 4316 4337 693 4382 
16719 1705 4342 576 4356 
16720 763 4318 825 4365 
16721 1624 4318 1562 4365 
16722 1686 4331 1349 4339 
16723 1698 1710 4320 4381 
16724 1421 4328 4356 4367 
16725 693 734 820 4321 
16726 1707 4341 795 4373 
16727 577 4335 583 4347 
16728 1376 1382 4335 4347 
16729 4340 4350 1575 4377 
16730 776 4350 4340 4377 
16731 1552 4325 4322 4359 
16732 4322 4325 753 4359 
16733 693 4314 734 4321 
16734 1700 1357 4356 4367 
16735 1696 562 4321 4357 
16736 1567 4345 4375 4385 
16737 1458 4347 1288 4388 
16738 797 4343 4363 4368 
16739 4326 4343 819 4384 
16740 1708 4341 1359 4367 
16741 1451 4346 4341 4395 
16742 769 4314 695 4316 
16743 1311 1323 4324 4336 
16744 1694 1683 4314 4317 
16745 776 1575 4350 4377 
16746 1697 4314 1683 4317 
16747 558 1709 4356 4367 
16748 654 4356 666 4365 
16749 1465 4356 1453 4365 
16750 1451 4346 1463 4355 
16751 829 4326 819 4384 
16752 1695 4321 1361 4357 
16753 794 744 808 4319 
16754 1593 1607 1543 4319 
16755 4334 4341 1701 4373 
16756 652 4341 4355 4395 
16757 4345 4354 1567 4375 
16758 654 1453 4356 4365 
16759 1533 4321 4314 4380 
16760 819 4343 755 4384 
16761 741 625 807 4372 
16762 551 1707 795 4373 
16763 769 767 695 4314 
16764 1384 1383 4335 4387 
16765 1383 4317 1462 4349 
16766 1571 1525 4349 4370 
16767 1711 4315 1564 4323 
16768 1552 4322 1444 4359 
16769 645 4322 753 4359 
16770 648 4375 4345 4385 
16771 1492 1533 4314 4380 
16772 580 4331 4339 4358 
16773 1379 4339 4331 4358 
16774 1712 765 4315 4323 
16775 1350 4334 1701 4373 
16776 829 819 755 4384 
16777 624 4349 726 4370 
16778 1477 1484 1475 4389 
16779 1705 1700 4342 4356 
16780 1493 1492 4316 4337 
16781 580 4331 550 4339 
16782 1379 1349 4331 4339 
16783 1477 4348 1484 4389 
16784 695 693 694 4316 
16785 1494 1493 1492 4316 
16786 4325 4359 1552 4394 
16787 714 1323 567 4324 
16788 1444 4359 4322 4386 
16789 672 4351 4336 4366 
16790 1471 4336 4351 4366 
16791 771 754 4325 4368 
16792 1617 1567 4375 4385 
16793 694 4316 693 4382 
16794 1375 4342 1700 4356 
16795 4325 755 4343 4384 
16796 1321 4336 1328 4366 
16797 555 805 1694 4317 
16798 1604 1354 1697 4317 
16799 1693 4322 1333 4384 
16800 785 4336 1321 4366 
16801 648 4327 818 4375 
16802 752 4359 4325 4394 
16803 4346 4355 4341 4395 
16804 1431 1439 4329 4340 
16805 1431 4344 4340 4393 
16806 1366 1584 1328 4336 
16807 1575 4340 1539 4350 
16808 740 4340 776 4350 
16809 635 741 4336 4372 
16810 648 4327 4375 4385 
16811 4316 4347 769 4387 
16812 1525 1423 1571 4349 
16813 1431 4340 4329 4393 
16814 1479 4390 680 4391 
16815 640 4340 4329 4377 
16816 4329 4340 1439 4377 
16817 635 4339 665 4372 
16818 4324 625 4338 4372 
16819 1693 4326 1590 4331 
16820 624 726 772 4370 
16821 752 753 4325 4359 
16822 1340 1686 1590 4331 
16823 1357 1375 1700 4356 
16824 1464 1579 4339 4396 
16825 4348 4389 1477 4391 
16826 4329 4340 640 4393 
16827 555 1694 4314 4317 
16828 1594 1350 1378 4341 
16829 1656 1674 1520 4355 
16830 652 4341 808 4355 
16831 1607 4341 1451 4355 
16832 4314 767 4317 4387 
16833 1354 4314 1697 4317 
16834 1692 550 4331 4339 
16835 1705 576 1709 4356 
16836 1705 4332 781 4342 
16837 585 769 4347 4387 
16838 579 4341 4334 4373 
16839 652 4355 664 4395 
16840 4343 4363 1596 4364 
16841 797 4363 4343 4364 
16842 1548 4326 1618 4343 
16843 749 819 4326 4343 
16844 1707 1701 4341 4373 
16845 1690 4357 1353 4386 
16846 1693 1685 4322 4384 
16847 1693 4326 1685 4384 
16848 643 4378 4359 4394 
16849 577 828 1313 4347 
16850 1376 1313 1627 4347 
16851 764 4347 823 4388 
16852 1462 1423 4349 4392 
16853 664 4355 4346 4395 
16854 1423 4338 4349 4392 
16855 1617 4375 4327 4385 
16856 791 4326 1692 4331 
16857 785 672 4336 4366 
16858 1584 4336 1471 4366 
16859 776 4340 710 4377 
16860 1509 4340 1575 4377 
16861 1606 1366 4324 4336 
16862 807 4324 567 4336 
16863 803 820 4321 4380 
16864 669 4334 4327 4385 
16865 4329 4359 1440 4386 
16866 1634 1651 4330 4352 
16867 1690 1601 1333 4322 
16868 1559 1548 1618 4343 
16869 749 760 819 4343 
16870 1596 4363 4343 4368 
16871 1693 1333 4326 4384 
16872 795 4341 579 4373 
16873 1686 1693 1590 4331 
16874 1581 4320 4332 4362 
16875 1601 1690 1353 4386 
16876 1537 1499 1517 4313 
16877 1675 4346 1363 4352 
16878 1366 1311 4324 4336 
16879 1652 556 4354 4360 
16880 1353 4357 1545 4386 
16881 753 4322 756 4325 
16882 1606 4336 4324 4372 
16883 4322 4325 1552 4384 
16884 1580 4332 1704 4342 
16885 659 1288 4347 4388 
16886 764 823 569 4388 
16887 1431 4329 1438 4393 
16888 1451 4341 1378 4395 
16889 700 738 718 4313 
16890 1350 1377 4334 4373 
16891 1340 1349 1686 4331 
16892 803 4321 562 4357 
16893 1602 1361 4321 4357 
16894 635 4336 672 4351 
16895 1471 4336 1434 4351 
16896 1615 4359 1444 4386 
16897 1391 4333 1474 4381 
16898 675 4333 592 4381 
16899 4340 4344 1430 4353 
16900 1675 1657 4346 4352 
16901 823 4347 4316 4388 
16902 1429 4350 4340 4353 
16903 4340 4350 630 4353 
16904 782 4332 4320 4362 
16905 4336 1434 4351 4372 
16906 551 795 579 4373 
16907 585 767 769 4387 
16908 1493 4337 4316 4382 
16909 1575 1509 1539 4340 
16910 740 710 776 4340 
16911 1699 1711 1706 4323 
16912 1692 4331 1686 4339 
16913 756 4325 4322 4384 
16914 1430 4340 1431 4344 
16915 755 4325 756 4384 
16916 823 4382 774 4388 
16917 653 4330 786 4379 
16918 1464 4339 4372 4396 
16919 829 755 756 4384 
16920 1615 1601 1353 4386 
16921 1580 1467 4332 4342 
16922 668 781 4332 4342 
16923 1350 1365 1377 4373 
16924 1696 746 562 4357 
16925 803 638 820 4380 
16926 768 4354 4345 4375 
16927 4315 4333 675 4381 
16928 1474 4333 4315 4381 
16929 1518 1648 1373 4375 
16930 771 4343 797 4368 
16931 1436 1438 4357 4393 
16932 669 578 4334 4385 
16933 1705 1709 1700 4356 
16934 1372 1520 1543 4355 
16935 744 721 573 4355 
16936 1690 1682 1695 4357 
16937 1621 1463 4346 4355 
16938 822 4346 664 4355 
16939 1615 1440 4359 4386 
16940 1484 1564 4315 4323 
16941 685 4315 765 4323 
16942 561 781 1705 4332 
16943 1462 4349 4317 4392 
16944 1656 1668 1674 4355 
16945 1365 1377 4373 4385 
16946 561 1705 1710 4332 
16947 4330 653 4352 4379 
16948 1648 1518 4354 4375 
16949 1430 4353 4344 4361 
16950 1423 1462 1358 4392 
16951 752 4325 4369 4394 
16952 1696 4321 1682 4357 
16953 549 675 592 4381 
16954 1348 1391 1474 4381 
16955 793 4319 655 4376 
16956 1454 4319 1592 4376 
16957 652 794 808 4341 
16958 1607 1593 1451 4341 
16959 635 665 741 4372 
16960 1700 4356 1709 4367 
16961 1384 4335 4347 4387 
16962 1701 1350 1594 4341 
16963 1374 4372 4338 4396 
16964 803 4344 4321 4357 
16965 4321 4344 1602 4357 
16966 1348 1474 4315 4381 
16967 549 4315 675 4381 
16968 1481 540 682 4391 
16969 4315 4323 685 4389 
16970 1695 1361 1545 4357 
16971 4325 4343 771 4368 
16972 1688 1683 1694 4392 
16973 758 4358 1557 4374 
16974 714 1308 1323 4324 
16975 1493 1369 4337 4382 
16976 1441 4359 4329 4378 
16977 4329 4359 642 4378 
16978 1441 4329 4377 4378 
16979 4329 642 4377 4378 
16980 580 4339 581 4358 
16981 1379 1380 4339 4358 
16982 823 774 569 4388 
16983 1372 1656 1520 4355 
16984 1683 4317 1694 4392 
16985 670 4331 4358 4374 
16986 1469 4358 4331 4374 
16987 1618 4343 4326 4384 
16988 1436 1431 1438 4393 
16989 584 4349 4335 4383 
16990 1607 1451 1463 4355 
16991 652 808 664 4355 
16992 1615 1440 1444 4359 
16993 803 4321 4344 4380 
16994 1450 4346 1451 4395 
16995 624 4349 4338 4392 
16996 4339 4351 1434 4372 
16997 764 769 823 4316 
16998 1378 4334 4379 4395 
16999 4316 4382 823 4388 
17000 675 4333 4315 4389 
17001 1601 4322 1690 4386 
17002 659 4347 569 4388 
17003 1421 1420 1357 4356 
17004 622 558 621 4356 
17005 714 567 807 4324 
17006 1366 1513 1606 4324 
17007 1695 1682 4321 4357 
17008 648 768 4345 4375 
17009 1436 4344 1431 4393 
17010 1621 4346 1669 4355 
17011 541 791 1692 4331 
17012 1652 4354 1632 4360 
17013 1301 1369 1573 4382 
17014 1374 1691 1579 4396 
17015 1642 1634 4330 4352 
17016 1438 4357 4329 4386 
17017 1615 1444 4322 4386 
17018 710 4340 640 4377 
17019 1439 4340 1509 4377 
17020 1476 4315 4333 4389 
17021 4329 4357 1438 4393 
17022 764 4316 823 4347 
17023 1490 1285 1303 4353 
17024 1476 4389 4333 4390 
17025 1555 4322 1552 4384 
17026 1634 1489 1651 4352 
17027 622 4328 656 4367 
17028 534 802 1685 4322 
17029 584 716 4349 4383 
17030 1462 4317 1358 4392 
17031 656 4328 4319 4367 
17032 1555 1444 1552 4322 
17033 753 645 756 4322 
17034 1454 4328 4319 4376 
17035 4319 4328 655 4376 
17036 1573 4382 4316 4388 
17037 769 4316 764 4347 
17038 1579 1691 4339 4396 
17039 585 4317 767 4387 
17040 719 1652 556 4354 
17041 1530 4351 731 4366 
17042 1570 4325 1553 4368 
17043 1694 4317 805 4392 
17044 822 1672 4346 4355 
17045 585 769 764 4347 
17046 631 4340 4353 4393 
17047 1567 1447 4345 4385 
17048 809 754 4368 4369 
17049 583 4335 585 4347 
17050 1384 4335 1382 4347 
17051 1698 1710 1705 4332 
17052 775 1575 776 4377 
17053 1644 4327 1631 4330 
17054 1606 4324 1424 4372 
17055 1712 765 274 4315 
17056 764 569 4347 4388 
17057 1423 1358 4338 4392 
17058 1377 4334 4373 4385 
17059 1373 1630 1524 4375 
17060 1692 791 1685 4326 
17061 565 577 1314 4335 
17062 584 4335 716 4383 
17063 631 4344 4353 4361 
17064 1364 1314 1376 4335 
17065 1622 4316 1563 4388 
17066 1545 1353 1695 1690 
17067 1581 4332 1582 4362 
17068 4320 4333 1391 4381 
17069 592 4333 4320 4381 
17070 1491 4337 1629 4361 
17071 1451 1378 1450 4395 
17072 1617 1447 1567 4385 
17073 1615 1353 1545 4386 
17074 1378 4341 4334 4395 
17075 1702 795 1707 4341 
17076 653 786 587 4379 
17077 1452 4352 4346 4379 
17078 1706 4323 1565 4345 
17079 1472 673 681 4362 
17080 797 4363 747 4368 
17081 1604 1566 1354 4317 
17082 4319 4328 1455 4367 
17083 669 4327 648 4385 
17084 1573 4316 1622 4388 
17085 1649 1644 1631 4330 
17086 1551 1553 4325 4369 
17087 754 752 4325 4369 
17088 1493 1573 1369 4382 
17089 1311 1366 1328 4336 
17090 1492 1619 1533 4380 
17091 659 569 1288 4388 
17092 1631 4327 568 4330 
17093 1285 4353 1490 4361 
17094 1340 1379 1349 4331 
17095 541 550 580 4331 
17096 767 805 555 4317 
17097 1622 1563 4316 4387 
17098 656 4319 794 4367 
17099 803 4344 638 4380 
17100 1314 1313 1376 4335 
17101 1314 577 1313 4335 
17102 4346 4352 653 4379 
17103 1566 4314 1354 4317 
17104 1668 721 1658 4376 
17105 1353 1690 1545 4357 
17106 1431 1439 1438 4329 
17107 820 638 692 4380 
17108 1682 4357 1690 4386 
17109 1627 1287 1458 4347 
17110 1287 828 659 4347 
17111 1381 4331 4326 4374 
17112 582 4326 4331 4374 
17113 1476 4315 1474 4333 
17114 580 550 581 4339 
17115 1379 1380 1349 4339 
17116 767 555 4314 4317 
17117 785 567 1321 4336 
17118 1321 567 1323 4336 
17119 632 640 4340 4393 
17120 1452 4330 4352 4379 
17121 1570 4343 4325 4368 
17122 1421 1455 4328 4367 
17123 1380 4351 4339 4358 
17124 4339 4351 581 4358 
17125 668 781 561 4332 
17126 1580 1467 1360 4332 
17127 1381 1590 4326 4331 
17128 582 4326 791 4331 
17129 1493 4316 1573 4382 
17130 1690 1695 1545 4357 
17131 791 534 1685 4326 
17132 1369 1301 4337 4382 
17133 716 4335 565 4383 
17134 653 4346 4379 4395 
17135 645 4359 641 4386 
17136 1424 4324 4338 4372 
17137 622 796 558 4367 
17138 541 1692 550 4331 
17139 1548 1381 4326 4374 
17140 582 749 4326 4374 
17141 782 783 4332 4362 
17142 578 669 648 4385 
17143 637 4344 803 4357 
17144 1436 1602 4344 4357 
17145 1562 4318 1582 4332 
17146 763 783 4318 4332 
17147 1430 4344 1437 4361 
17148 1580 1360 1704 4332 
17149 271 4314 1533 4321 
17150 734 4314 272 4321 
17151 1691 1686 1349 4339 
17152 1304 629 4350 4353 
17153 1544 742 745 4312 
17154 1541 742 1544 4312 
17155 1631 725 568 4327 
17156 1690 1333 1693 4322 
17157 1355 1632 4354 4360 
17158 1704 4332 1705 4342 
17159 746 803 562 4357 
17160 1602 1545 1361 4357 
17161 1599 4360 4348 4371 
17162 4348 4360 800 4371 
17163 1494 4316 4314 4387 
17164 676 4315 685 4389 
17165 631 4353 4344 4393 
17166 564 4346 1657 4352 
17167 676 765 685 4315 
17168 1484 1564 1475 4315 
17169 1378 4379 1450 4395 
17170 1526 4333 1482 4390 
17171 727 683 4333 4390 
17172 1615 4322 1601 4386 
17173 1374 4338 1691 4396 
17174 1702 560 795 4341 
17175 1494 1492 1533 4314 
17176 695 734 693 4314 
17177 1438 1615 4357 4386 
17178 1702 4341 1708 4367 
17179 1697 1683 1687 4317 
17180 830 4337 692 4361 
17181 1622 4316 1568 4387 
17182 1490 1303 1352 4353 
17183 1585 4330 1452 4379 
17184 577 583 659 4347 
17185 1376 1458 1382 4347 
17186 1436 4357 4344 4393 
17187 818 648 669 4327 
17188 1559 4343 1596 4364 
17189 760 797 4343 4364 
17190 4322 4359 645 4386 
17191 271 272 4314 4321 
17192 1622 1568 1563 4387 
17193 1284 4337 830 4361 
17194 1571 1371 1525 4370 
17195 1365 4373 4345 4385 
17196 1697 1687 1604 4317 
17197 802 1689 4322 4386 
17198 1593 4319 1455 4367 
17199 719 1635 1652 4354 
17200 1357 1420 1375 4356 
17201 558 576 621 4356 
17202 1618 4326 1548 4384 
17203 1560 1596 4363 4364 
17204 797 761 4363 4364 
17205 1350 1701 1365 4373 
17206 1644 1367 1524 4327 
17207 1529 673 1472 4318 
17208 1371 4370 1326 4383 
17209 1629 4337 1299 4361 
17210 1571 1424 4324 4338 
17211 772 4324 625 4338 
17212 1630 1373 1648 4375 
17213 1604 1687 1358 4317 
17214 716 4370 4349 4383 
17215 1711 1564 1565 4323 
17216 741 625 4372 4396 
17217 1454 1455 4319 4328 
17218 655 4319 656 4328 
17219 1677 564 1657 4352 
17220 1430 1490 4353 4361 
17221 1688 1694 805 4392 
17222 4344 4353 4340 4393 
17223 714 572 1325 4370 
17224 1642 690 1634 4352 
17225 4325 1551 4369 4394 
17226 1442 1552 4359 4394 
17227 1457 658 1529 4318 
17228 1573 1493 1622 4316 
17229 665 4372 4339 4396 
17230 1555 1333 1601 4322 
17231 756 802 534 4322 
17232 1301 1573 1283 4382 
17233 1462 1604 1358 4317 
17234 829 749 819 4326 
17235 766 765 1712 4323 
17236 737 1634 690 4352 
17237 1391 4320 1588 4333 
17238 592 789 4320 4333 
17239 1304 4350 1428 4353 
17240 1582 4332 4318 4362 
17241 1702 1707 1701 4341 
17242 1570 1554 4325 4343 
17243 755 771 4325 4343 
17244 1380 1434 4339 4351 
17245 581 4339 635 4351 
17246 1518 1373 1567 4375 
17247 568 4327 669 4330 
17248 1468 4327 1367 4330 
17249 678 4389 4348 4391 
17250 1554 4325 4343 4384 
17251 1704 1360 1713 4332 
17252 274 765 549 4315 
17253 768 649 4345 4354 
17254 1567 4345 1448 4354 
17255 1311 1323 1308 4324 
17256 1571 4324 1371 4370 
17257 1615 1545 4357 4386 
17258 1468 4334 1386 4385 
17259 1711 1565 1706 4323 
17260 1428 4350 1429 4353 
17261 630 4350 629 4353 
17262 1438 4329 1615 4386 
17263 710 632 640 4340 
17264 1431 1509 1439 4340 
17265 4316 4347 1563 4388 
17266 1429 4340 1430 4353 
17267 630 631 4340 4353 
17268 753 756 755 4325 
17269 1634 1536 1489 4352 
17270 1677 689 564 4352 
17271 1563 4347 4316 4387 
17272 1518 1567 4354 4375 
17273 793 656 655 4319 
17274 1455 1592 1454 4319 
17275 801 649 720 4354 
17276 1448 1600 1519 4354 
17277 1706 1703 4323 4345 
17278 562 272 1696 4321 
17279 1694 1683 272 4314 
17280 4318 4332 783 4362 
17281 4323 4348 685 4389 
17282 1474 1476 1475 4315 
17283 1675 1363 1676 4352 
17284 1688 4338 1687 4392 
17285 1475 4315 1476 4389 
17286 1697 271 1683 4314 
17287 1593 1359 1594 4341 
17288 560 794 795 4341 
17289 638 4361 692 4380 
17290 1331 565 4335 4383 
17291 1494 1568 4316 4387 
17292 4389 4390 1476 4391 
17293 1704 1698 1705 4332 
17294 578 4373 4334 4385 
17295 4338 4372 625 4396 
17296 690 4330 653 4352 
17297 1452 4330 1489 4352 
17298 1615 4329 1440 4386 
17299 1555 1333 4322 4384 
17300 641 4359 4329 4386 
17301 584 565 716 4335 
17302 1363 4346 1452 4352 
17303 564 653 4346 4352 
17304 1703 1712 1699 4323 
17305 1434 4336 1540 4372 
17306 540 680 682 4391 
17307 1685 802 1689 4322 
17308 1381 1340 1590 4331 
17309 541 582 791 4331 
17310 1551 1553 1552 4325 
17311 754 752 753 4325 
17312 1339 1481 1479 4391 
17313 752 643 753 4359 
17314 692 4361 4337 4380 
17315 744 793 721 4319 
17316 1592 1543 1520 4319 
17317 1566 4314 4317 4387 
17318 1539 4340 1429 4350 
17319 740 630 4340 4350 
17320 781 561 1705 1710 
17321 1371 4324 1310 4370 
17322 1378 1350 1377 4334 
17323 631 638 4344 4361 
17324 1347 1581 1391 4320 
17325 592 782 548 4320 
17326 1467 1562 1582 4332 
17327 763 668 783 4332 
17328 1704 1700 1375 4342 
17329 653 4379 587 4395 
17330 1708 1594 1359 4341 
17331 578 648 4373 4385 
17332 1371 1525 4370 4383 
17333 271 1361 1695 4321 
17334 1466 658 1457 4365 
17335 1540 4336 1606 4372 
17336 1287 1288 1458 4347 
17337 1287 659 1288 4347 
17338 1358 4317 1687 4392 
17339 1464 4339 1434 4372 
17340 741 4372 665 4396 
17341 272 1683 271 4314 
17342 4334 4341 579 4395 
17343 1452 1585 1489 4330 
17344 653 690 786 4330 
17345 1567 1373 1617 4375 
17346 273 1699 274 4315 
17347 1595 1421 1357 4367 
17348 631 632 4340 4393 
17349 1693 1692 1685 4326 
17350 1333 1590 1693 4326 
17351 1358 1687 4338 4392 
17352 631 4353 691 4361 
17353 1692 1684 550 4339 
17354 1450 1463 1451 4346 
17355 1553 1608 4368 4369 
17356 1694 272 555 4314 
17357 1699 273 1711 4315 
17358 822 1657 564 4346 
17359 568 669 786 4330 
17360 1585 1468 1367 4330 
17361 587 4379 4334 4395 
17362 1533 271 1354 4314 
17363 734 555 272 4314 
17364 1477 4389 1476 4391 
17365 1674 1668 1658 4376 
17366 675 4315 676 4389 
17367 1697 1354 271 4314 
17368 822 1672 1657 4346 
17369 1712 274 1699 4315 
17370 1698 1704 1713 4332 
17371 548 592 4320 4381 
17372 1391 1347 4320 4381 
17373 1485 4323 1484 4348 
17374 685 4323 686 4348 
17375 1297 570 830 4337 
17376 1321 1311 1328 4336 
17377 1675 1676 1657 4352 
17378 1551 4325 1552 4394 
17379 1448 1565 4323 4345 
17380 766 649 4323 4345 
17381 1682 1689 1696 4357 
17382 1435 1530 1456 4366 
17383 657 731 636 4366 
17384 1333 1628 4326 4384 
17385 1521 722 1422 4328 
17386 657 1456 731 4366 
17387 826 1556 1625 4363 
17388 1596 4343 1570 4368 
17389 4344 4361 638 4380 
17390 562 734 272 4321 
17391 271 1533 1361 4321 
17392 1690 4322 1689 4386 
17393 1691 1692 1686 4339 
17394 1321 1323 1311 4336 
17395 681 1480 1472 4362 
17396 1436 1430 1431 4344 
17397 726 4349 716 4370 
17398 1297 830 1284 4337 
17399 1656 1673 1668 4355 
17400 669 578 587 4334 
17401 1313 828 1287 4347 
17402 1627 1313 1287 4347 
17403 4349 4370 1525 4383 
17404 648 4345 4373 4385 
17405 1546 4363 1596 4368 
17406 1602 4344 4321 4380 
17407 745 742 671 4312 
17408 771 797 747 4368 
17409 714 1325 1308 4370 
17410 592 789 814 4320 
17411 1588 1391 1613 4320 
17412 1331 716 565 4383 
17413 1565 1365 1706 4345 
17414 1566 1494 4314 4387 
17415 1583 1582 4318 4362 
17416 714 1308 4324 4370 
17417 1481 682 4371 4391 
17418 1358 1687 1374 4338 
17419 1634 1651 1642 4330 
17420 1482 683 1473 4390 
17421 557 721 793 4376 
17422 1356 1592 1520 4376 
17423 1651 1367 1649 4330 
17424 789 681 4320 4333 
17425 1588 4320 1480 4333 
17426 1703 1699 1706 4323 
17427 1437 4361 4344 4380 
17428 1669 4346 1672 4355 
17429 643 645 753 4359 
17430 1552 1444 1442 4359 
17431 766 4323 1703 4345 
17432 653 651 4346 4395 
17433 726 584 716 4349 
17434 1571 1424 1606 4324 
17435 772 807 625 4324 
17436 4333 4389 677 4390 
17437 1430 1429 1431 4340 
17438 630 631 632 4340 
17439 1652 1635 1632 4354 
17440 1430 1437 1490 4361 
17441 273 1348 4315 4381 
17442 274 4315 549 4381 
17443 1559 1547 1548 4374 
17444 748 760 749 4374 
17445 785 672 567 4336 
17446 1366 1471 1584 4336 
17447 569 774 1307 4388 
17448 624 663 4349 4392 
17449 1458 1288 1368 4388 
17450 1581 1483 4320 4362 
17451 1349 1579 1691 4339 
17452 1647 725 1631 4327 
17453 741 665 625 4396 
17454 1628 1548 4326 4384 
17455 796 794 560 4367 
17456 801 686 685 4323 
17457 1600 1484 1485 4323 
17458 752 643 4359 4394 
17459 1333 1628 1590 4326 
17460 829 534 791 4326 
17461 585 583 584 4335 
17462 1382 1384 1383 4335 
17463 1471 1540 1434 4336 
17464 672 635 741 4336 
17465 802 4322 645 4386 
17466 550 4339 1684 4396 
17467 1703 4345 1706 4373 
17468 784 4318 783 4362 
17469 1689 4357 1682 4386 
17470 4344 4357 637 4393 
17471 1321 1329 785 4366 
17472 1304 553 629 4353 
17473 639 4329 4357 4386 
17474 1472 4318 673 4362 
17475 1493 1369 1492 4337 
17476 722 4328 1521 4376 
17477 581 4351 634 4358 
17478 1380 1433 4351 4358 
17479 1483 1613 4320 4362 
17480 1418 1481 1633 4371 
17481 1648 4354 1635 4375 
17482 771 809 754 4368 
17483 1295 4353 1285 4361 
17484 1687 1691 1374 4338 
17485 1573 1283 4382 4388 
17486 619 1633 682 4371 
17487 1377 1386 4334 4385 
17488 1689 746 1696 4357 
17489 782 4320 684 4362 
17490 667 658 1466 4365 
17491 1519 1355 4354 4360 
17492 720 4354 556 4360 
17493 1554 4343 1618 4384 
17494 1613 1581 1483 4320 
17495 814 684 782 4320 
17496 1295 691 553 4353 
17497 1691 1684 1692 4339 
17498 802 554 1689 4386 
17499 1515 1371 1326 4383 
17500 1386 1378 4334 4379 
17501 737 690 689 4352 
17502 1536 1488 1489 4352 
17503 1545 1438 1615 4357 
17504 1363 1669 1621 4346 
17505 1619 4321 1533 4380 
17506 4335 4349 1383 4383 
17507 763 762 668 4365 
17508 1562 1467 1561 4365 
17509 1423 1358 1374 4338 
17510 665 635 581 4339 
17511 1464 1380 1434 4339 
17512 1331 565 1314 4335 
17513 1467 4342 1561 4365 
17514 762 4342 668 4365 
17515 1349 1464 1579 4339 
17516 1371 1515 1525 4383 
17517 1356 1520 1674 4376 
17518 1687 1691 4338 4396 
17519 4337 4361 1491 4380 
17520 1675 1669 1363 4346 
17521 1348 1474 1475 4315 
17522 549 676 675 4315 
17523 1329 1321 1328 4366 
17524 1364 1332 4335 4383 
17525 639 4357 4329 4393 
17526 648 818 768 4375 
17527 773 1572 1286 4350 
17528 725 818 4327 4375 
17529 540 1479 680 4391 
17530 1648 1632 1635 4354 
17531 1524 1367 1468 4327 
17532 669 568 725 4327 
17533 751 4369 817 4394 
17534 1571 1513 1371 4324 
17535 684 4320 814 4362 
17536 1674 1678 1356 4376 
17537 1488 1676 1363 4352 
17538 1690 1685 1689 4322 
17539 1645 682 1633 4371 
17540 1369 1299 1629 4337 
17541 1481 1645 1633 4371 
17542 1656 1372 1621 4355 
17543 694 769 695 4316 
17544 1494 1568 1493 4316 
17545 1450 4379 4346 4395 
17546 826 1625 827 4363 
17547 1329 739 785 4366 
17548 1452 4346 1450 4379 
17549 659 764 569 4347 
17550 1683 1687 4317 4392 
17551 1628 1618 1548 4384 
17552 800 4348 686 4360 
17553 1485 4348 1599 4360 
17554 1375 1580 1704 4342 
17555 554 746 1689 4386 
17556 622 656 796 4367 
17557 1371 1310 1326 4370 
17558 4317 4349 663 4392 
17559 1470 1541 1544 4312 
17560 1689 1682 1690 4386 
17561 1454 1421 1455 4328 
17562 655 656 622 4328 
17563 1548 1381 1590 4326 
17564 582 749 791 4326 
17565 1285 1295 1303 4353 
17566 1626 4368 1608 4369 
17567 726 624 663 4349 
17568 1462 1423 1525 4349 
17569 656 794 796 4367 
17570 1352 1304 1428 4353 
17571 1615 1438 1440 4329 
17572 1475 1476 1477 4389 
17573 1656 1621 1669 4355 
17574 1324 1311 1308 4324 
17575 751 817 4378 4394 
17576 1629 1299 1285 4361 
17577 1369 1301 1299 4337 
17578 1489 1367 1651 4330 
17579 746 4357 1689 4386 
17580 643 751 4378 4394 
17581 1565 1600 1448 4323 
17582 649 801 766 4323 
17583 1703 766 1712 4323 
17584 656 744 794 4319 
17585 1593 1543 1455 4319 
17586 1549 750 827 4369 
17587 1363 1621 1463 4346 
17588 822 564 664 4346 
17589 677 4390 4389 4391 
17590 1629 1285 1490 4361 
17591 1364 1332 1314 4335 
17592 1491 1369 1629 4337 
17593 570 692 830 4337 
17594 1339 540 1481 4391 
17595 641 642 4329 4359 
17596 1440 4329 1441 4359 
17597 1375 1465 4342 4356 
17598 576 4342 666 4356 
17599 809 4368 827 4369 
17600 1325 572 83 4370 
17601 641 4329 639 4386 
17602 1693 1685 1690 4322 
17603 1571 1423 1424 4338 
17604 624 772 625 4338 
17605 548 274 549 4381 
17606 273 1347 1348 4381 
17607 1581 1582 1483 4362 
17608 1298 1295 1285 4361 
17609 640 4329 642 4377 
17610 1441 4329 1439 4377 
17611 1676 1677 1657 4352 
17612 1701 1594 1708 4341 
17613 1364 1376 1382 4335 
17614 565 583 577 4335 
17615 1283 1300 4382 4388 
17616 640 639 4329 4393 
17617 574 1650 719 4375 
17618 1658 721 557 4376 
17619 1554 1553 1570 4325 
17620 771 754 755 4325 
17621 631 691 638 4361 
17622 1615 1444 1601 4322 
17623 273 1713 1347 4381 
17624 675 677 4333 4389 
17625 1593 1595 1359 4367 
17626 1657 1669 1675 4346 
17627 4359 4378 1441 4394 
17628 1513 1366 213 1324 
17629 1559 1596 1560 4364 
17630 760 761 797 4364 
17631 1491 4361 1437 4380 
17632 1323 1321 785 567 
17633 1705 781 576 4342 
17634 1702 796 560 4367 
17635 555 695 767 4314 
17636 1566 1494 1354 4314 
17637 1606 1540 1366 4336 
17638 807 567 741 4336 
17639 785 739 672 4366 
17640 1538 1584 1471 4366 
17641 1299 4337 1284 4361 
17642 543 1572 773 4350 
17643 678 4348 688 4391 
17644 1474 1391 1588 4333 
17645 592 675 789 4333 
17646 1647 4327 1644 4375 
17647 725 4327 1647 4375 
17648 1563 1384 1382 4347 
17649 764 583 585 4347 
17650 1447 1448 1567 4345 
17651 648 768 649 4345 
17652 620 1681 1679 4376 
17653 1570 1618 1554 4343 
17654 755 819 771 4343 
17655 1530 731 1456 4366 
17656 637 803 746 4357 
17657 1602 1436 1545 4357 
17658 1462 1566 4317 4387 
17659 274 548 1710 4381 
17660 637 4357 639 4393 
17661 642 4359 643 4378 
17662 767 585 663 4317 
17663 1377 1468 1386 4385 
17664 1331 4335 1314 4383 
17665 1484 1565 1564 4323 
17666 766 685 765 4323 
17667 758 1557 1556 4364 
17668 273 4315 274 4381 
17669 1424 4338 1374 4372 
17670 780 550 1684 4396 
17671 1371 1513 212 1324 
17672 1561 4342 1465 4365 
17673 666 4342 762 4365 
17674 1372 1463 1621 4355 
17675 573 822 664 4355 
17676 1391 1348 1347 4381 
17677 548 549 592 4381 
17678 83 572 716 4370 
17679 816 645 641 4386 
17680 271 1682 272 4321 
17681 1383 4349 1525 4383 
17682 693 4337 570 4382 
17683 1704 1705 1700 4342 
17684 802 645 816 4386 
17685 674 680 1479 4390 
17686 4348 4371 688 4391 
17687 1635 4354 719 4375 
17688 782 684 783 4362 
17689 1709 558 796 4367 
17690 1682 1696 272 4321 
17691 1703 566 766 4345 
17692 639 4357 746 4386 
17693 1457 1529 1624 4318 
17694 825 730 658 4318 
17695 1364 4335 1383 4383 
17696 1384 4347 1563 4387 
17697 543 773 776 4350 
17698 784 730 825 4318 
17699 1583 1624 1529 4318 
17700 575 1688 559 4392 
17701 564 653 651 4346 
17702 1450 1452 1363 4346 
17703 725 574 818 4375 
17704 1297 4337 1301 4382 
17705 1557 4364 758 4374 
17706 1602 4321 1619 4380 
17707 678 685 4348 4389 
17708 582 4331 670 4374 
17709 1469 4331 1381 4374 
17710 672 636 4351 4366 
17711 1471 4351 1435 4366 
17712 1595 1357 1700 4367 
17713 116 117 715 1666 
17714 245 244 1514 1666 
17715 1688 575 1684 4396 
17716 1421 1595 1455 4367 
17717 631 553 691 4353 
17718 1352 1430 1490 4353 
17719 1593 1455 1595 4367 
17720 1672 1669 1657 4346 
17721 1660 689 1677 4352 
17722 1687 1684 1691 4396 
17723 573 1672 822 4355 
17724 1303 1304 1352 4353 
17725 1307 1288 569 4388 
17726 826 757 1556 4363 
17727 782 783 561 4332 
17728 1581 1360 1582 4332 
17729 1467 1580 1375 4342 
17730 576 781 668 4342 
17731 566 4345 1703 4373 
17732 1481 682 1645 4371 
17733 1702 1701 1708 4341 
17734 1583 4318 1472 4362 
17735 271 1695 1682 4321 
17736 1651 1634 1536 1489 
17737 1599 4348 1487 4371 
17738 688 4348 800 4371 
17739 673 4318 784 4362 
17740 579 4334 578 4373 
17741 676 549 765 4315 
17742 1564 1348 1475 4315 
17743 719 556 720 4354 
17744 1355 1518 1519 4354 
17745 1672 573 1673 4355 
17746 1660 1488 1536 4352 
17747 1554 1552 4325 4384 
17748 823 4316 694 4382 
17749 566 649 766 4345 
17750 1565 1448 1365 4345 
17751 1491 1629 1490 4361 
17752 1386 1450 1378 4379 
17753 1372 1543 1607 4355 
17754 808 744 573 4355 
17755 1487 4371 4348 4391 
17756 1539 1509 1429 4340 
17757 740 630 710 4340 
17758 1325 83 1309 4370 
17759 725 1647 574 4375 
17760 1379 4331 1469 4358 
17761 670 4331 580 4358 
17762 114 115 735 1665 
17763 242 243 1665 1534 
17764 1348 18 273 1711 
17765 1310 4324 1308 4370 
17766 737 689 1660 4352 
17767 208 207 1293 1385 
17768 48 47 586 1293 
17769 573 126 1673 721 
17770 1557 1558 4364 4374 
17771 758 4364 759 4374 
17772 651 653 587 4395 
17773 1437 4344 1602 4380 
17774 643 641 645 4359 
17775 1442 1444 1440 4359 
17776 1613 1391 1581 4320 
17777 782 592 814 4320 
17778 1375 1420 1465 4356 
17779 576 666 621 4356 
17780 752 4369 751 4394 
17781 737 1660 1634 4352 
17782 652 579 4341 4395 
17783 1314 4335 1332 4383 
17784 1324 1308 1310 4324 
17785 1339 1479 540 4391 
17786 1487 4348 1477 4391 
17787 1674 1658 1678 4376 
17788 1634 1660 1536 4352 
17789 1499 700 718 4313 
17790 564 689 653 4352 
17791 1488 1363 1452 4352 
17792 1555 1601 1444 4322 
17793 802 756 645 4322 
17794 1480 1588 1613 4320 
17795 681 814 789 4320 
17796 1458 1563 4347 4388 
17797 1462 1384 1566 4387 
17798 1491 1490 1437 4361 
17799 1381 1379 1340 4331 
17800 580 582 541 4331 
17801 1366 1311 213 1324 
17802 237 1373 1518 1648 
17803 238 1524 1373 1630 
17804 1533 1619 1602 4321 
17805 734 803 820 4321 
17806 690 1642 568 4330 
17807 1438 1439 1440 4329 
17808 640 639 641 4329 
17809 115 116 571 1661 
17810 244 243 1370 1661 
17811 1592 1455 1543 4319 
17812 656 793 744 4319 
17813 795 794 652 4341 
17814 1451 1593 1594 4341 
17815 1298 38 1295 691 
17816 574 1650 109 719 
17817 1309 4370 716 4383 
17818 1647 1631 1644 4327 
17819 1301 1297 1299 4337 
17820 1438 1545 1436 4357 
17821 639 637 746 4357 
17822 823 769 694 4316 
17823 1568 1622 1493 4316 
17824 783 668 561 4332 
17825 1467 1582 1360 4332 
17826 1548 1547 1381 4374 
17827 582 748 749 4374 
17828 1283 1307 1300 4388 
17829 46 45 542 1292 
17830 206 205 1292 1341 
17831 1441 4377 1577 4378 
17832 778 4377 642 4378 
17833 580 581 633 4358 
17834 1379 1432 1380 4358 
17835 540 1339 232 1654 
17836 726 663 584 4349 
17837 1525 1383 1462 4349 
17838 1533 1354 1494 4314 
17839 734 695 555 4314 
17840 1492 4337 1491 4380 
17841 1383 1364 1382 4335 
17842 584 583 565 4335 
17843 1701 1703 1706 4373 
17844 1428 1539 1429 4350 
17845 740 629 630 4350 
17846 83 716 1309 4370 
17847 1668 1673 126 721 
17848 1566 1568 1494 4387 
17849 1529 658 729 730 
17850 758 1530 1557 4358 
17851 1556 757 758 4364 
17852 805 4317 663 4392 
17853 1299 1297 1284 4337 
17854 1574 1575 775 4377 
17855 1442 4359 1441 4394 
17856 648 4345 566 4373 
17857 1650 574 1647 4375 
17858 674 1479 1473 4390 
17859 1480 4320 1613 4362 
17860 225 226 1535 1639 
17861 98 97 736 1639 
17862 795 652 579 4341 
17863 1451 1594 1378 4341 
17864 84 1325 714 572 
17865 719 4354 768 4375 
17866 1566 1604 1462 4317 
17867 1642 1631 568 4330 
17868 553 630 629 4353 
17869 1352 1428 1429 4353 
17870 681 814 4320 4362 
17871 800 4360 798 4371 
17872 1597 4360 1599 4371 
17873 1519 1567 1448 4354 
17874 768 720 649 4354 
17875 221 220 1344 1317 
17876 92 93 545 1317 
17877 827 4368 1626 4369 
17878 664 4346 651 4395 
17879 1635 719 1650 4375 
17880 101 100 546 1641 
17881 229 228 1641 1345 
17882 1617 4327 1468 4385 
17883 767 663 805 4317 
17884 1482 681 683 4333 
17885 685 686 678 4348 
17886 1485 1484 1477 4348 
17887 1616 1550 4378 4394 
17888 1436 1602 1437 4344 
17889 637 638 803 4344 
17890 254 1520 1372 1656 
17891 1309 716 1331 4383 
17892 1628 1548 1590 4326 
17893 791 749 829 4326 
17894 658 4318 1457 4365 
17895 1554 1552 1553 4325 
17896 755 754 753 4325 
17897 634 581 635 4351 
17898 1380 1433 1434 4351 
17899 635 672 636 4351 
17900 1471 1434 1435 4351 
17901 1685 1692 133 791 
17902 1295 553 1304 4353 
17903 1284 691 1298 4361 
17904 1310 1371 212 1324 
17905 1562 1583 1582 4318 
17906 784 763 783 4318 
17907 1499 718 1517 4313 
17908 665 4339 550 4396 
17909 1491 1492 1369 4337 
17910 570 693 692 4337 
17911 678 679 4389 4391 
17912 1518 1355 236 1648 
17913 570 4337 1297 4382 
17914 640 641 642 4329 
17915 1440 1439 1441 4329 
17916 1340 1349 262 1686 
17917 1570 1596 1618 4343 
17918 819 797 771 4343 
17919 587 4334 579 4395 
17920 690 653 689 4352 
17921 1488 1452 1489 4352 
17922 1513 1571 1606 4324 
17923 714 807 772 4324 
17924 232 104 540 1654 
17925 1596 1570 1546 4368 
17926 581 550 665 4339 
17927 1380 1464 1349 4339 
17928 14 208 1289 1610 
17929 3 48 811 1289 
17930 96 6 810 1315 
17931 15 224 1609 1315 
17932 97 3 811 1638 
17933 14 225 1610 1638 
17934 6 114 810 1664 
17935 15 242 1664 1609 
17936 1521 1419 620 4376 
17937 575 624 4338 4392 
17938 45 44 792 1291 
17939 205 204 1291 1591 
17940 587 578 579 4334 
17941 1377 1386 1378 4334 
17942 1288 1306 1368 4388 
17943 730 729 1529 673 
17944 1310 1308 1325 4370 
17945 206 207 1516 1294 
17946 47 46 717 1294 
17947 816 641 639 4386 
17948 1285 1490 197 1629 
17949 738 1537 1517 4313 
17950 1597 1632 1355 4360 
17951 1488 1660 1676 4352 
17952 796 1709 1702 560 
17953 668 762 666 4342 
17954 1465 1561 1467 4342 
17955 631 4344 637 4393 
17956 654 1466 1453 4365 
17957 694 693 570 4382 
17958 135 1684 1688 575 
17959 238 1524 1630 1644 
17960 99 98 563 1640 
17961 227 226 1640 1362 
17962 1366 1540 1471 4336 
17963 672 741 567 4336 
17964 1653 4360 1597 4371 
17965 830 691 1284 4361 
17966 632 710 630 4340 
17967 1429 1509 1431 4340 
17968 640 632 639 4393 
17969 714 1323 85 567 
17970 579 578 551 4373 
17971 1447 1365 4345 4385 
17972 827 1626 1549 4369 
17973 781 142 561 1710 
17974 791 133 1685 534 
17975 559 1688 805 4392 
17976 1312 739 1329 4366 
17977 117 118 539 1662 
17978 246 245 1338 1662 
17979 1554 1555 1552 4384 
17980 800 686 720 4360 
17981 1519 1485 1599 4360 
17982 620 722 1521 4376 
17983 772 726 572 4370 
17984 1645 1481 540 682 
17985 1357 269 1700 1375 
17986 228 227 1636 1512 
17987 100 99 713 1636 
17988 1540 1606 1424 4372 
17989 1520 254 1674 1656 
17990 1556 1560 4363 4364 
17991 761 757 4363 4364 
17992 95 96 711 1319 
17993 224 223 1510 1319 
17994 1647 1644 1630 4375 
17995 1515 1383 1525 4383 
17996 1709 796 1702 4367 
17997 1326 4370 1309 4383 
17998 1468 1617 1524 4327 
17999 669 725 818 4327 
18000 802 816 554 4386 
18001 689 1677 130 737 
18002 692 691 830 4361 
18003 1691 1684 4339 4396 
18004 1570 1553 1608 4368 
18005 548 274 9 549 
18006 1347 18 273 1348 
18007 575 1688 135 559 
18008 625 575 4338 4396 
18009 197 1285 1629 1299 
18010 1492 1491 1619 4380 
18011 1583 1483 1582 4362 
18012 1480 4320 681 4333 
18013 1369 1573 195 1301 
18014 1556 4363 757 4364 
18015 44 43 787 1290 
18016 203 204 1586 1290 
18017 118 119 671 1663 
18018 247 246 1470 1663 
18019 1442 1551 1552 4394 
18020 633 581 634 4358 
18021 1380 1432 1433 4358 
18022 766 801 685 4323 
18023 1600 1565 1484 4323 
18024 1373 237 1630 1648 
18025 793 655 557 4376 
18026 1454 1592 1356 4376 
18027 784 673 730 4318 
18028 1583 1529 1472 4318 
18029 1374 1424 1423 4338 
18030 625 575 624 4338 
18031 1464 1424 1374 4372 
18032 1602 1361 1533 4321 
18033 562 803 734 4321 
18034 620 1419 1681 4376 
18035 664 564 651 4346 
18036 1463 1450 1363 4346 
18037 1348 1564 18 1711 
18038 674 1473 683 4390 
18039 139 1707 1702 795 
18040 1352 1429 1430 4353 
18041 630 553 631 4353 
18042 266 1701 1706 1365 
18043 1476 4333 1526 4390 
18044 677 727 4333 4390 
18045 689 129 1677 564 
18046 638 691 692 4361 
18047 1642 1651 1649 4330 
18048 1596 1559 1618 4343 
18049 760 797 819 4343 
18050 1708 1359 1595 4367 
18051 534 132 1685 802 
18052 1658 557 1679 4376 
18053 129 1657 1677 564 
18054 639 746 816 4386 
18055 816 746 554 4386 
18056 1660 1677 689 737 
18057 1583 1562 1624 4318 
18058 784 825 763 4318 
18059 1458 1368 1563 4388 
18060 1363 1675 256 1621 
18061 690 568 786 4330 
18062 1367 1489 1585 4330 
18063 664 651 652 4395 
18064 659 583 764 4347 
18065 1458 1563 1382 4347 
18066 241 1651 1536 1489 
18067 1644 239 1524 1367 
18068 1648 1635 1630 4375 
18069 1364 1383 1515 4383 
18070 1448 1447 1365 4345 
18071 649 566 648 4345 
18072 553 1295 38 691 
18073 1621 1675 256 1669 
18074 1701 1707 1703 4373 
18075 1683 1688 1687 4392 
18076 1704 1700 269 1375 
18077 259 1545 1353 1695 
18078 1533 17 271 1361 
18079 272 8 734 562 
18080 1669 1672 1656 4355 
18081 718 738 1517 4313 
18082 1533 271 17 1354 
18083 8 272 734 555 
18084 568 1631 111 725 
18085 541 133 1692 791 
18086 1656 1672 1673 4355 
18087 1325 1308 84 714 
18088 221 222 1318 1623 
18089 93 94 824 1318 
18090 1655 4360 1653 4371 
18091 1655 556 1652 4360 
18092 1651 240 1649 1367 
18093 1577 1439 1509 4377 
18094 778 710 640 4377 
18095 725 1647 110 574 
18096 1546 1560 1596 4363 
18097 797 761 747 4363 
18098 582 580 670 4331 
18099 1379 1381 1469 4331 
18100 808 573 664 4355 
18101 1372 1607 1463 4355 
18102 1515 1371 211 1326 
18103 684 784 783 4362 
18104 239 1644 1649 1367 
18105 102 101 728 1637 
18106 229 230 1527 1637 
18107 1708 1595 1700 4367 
18108 223 222 1351 1320 
18109 94 95 552 1320 
18110 1655 798 4360 4371 
18111 1635 109 1650 719 
18112 570 36 1297 830 
18113 822 1657 128 564 
18114 1355 1632 236 1648 
18115 688 4371 682 4391 
18116 1418 1633 1653 4371 
18117 1686 1349 262 1691 
18118 631 638 637 4344 
18119 1430 1436 1437 4344 
18120 91 92 723 1316 
18121 220 219 1522 1316 
18122 738 700 1537 4313 
18123 260 1601 1333 1690 
18124 1301 1573 195 1283 
18125 1622 1563 1368 4388 
18126 1647 1650 110 574 
18127 1482 1588 1480 4333 
18128 789 683 681 4333 
18129 1469 1557 1530 4358 
18130 758 670 731 4358 
18131 1372 1621 255 1656 
18132 1689 1685 132 802 
18133 679 4390 677 4391 
18134 726 716 572 4370 
18135 800 688 686 4348 
18136 1487 1599 1485 4348 
18137 1694 136 1688 805 
18138 1703 1707 138 4373 
18139 817 4369 1616 4394 
18140 1626 827 1625 4363 
18141 1456 1329 1538 4366 
18142 1646 1339 232 540 
18143 1555 1628 1333 4384 
18144 1308 1323 85 714 
18145 1572 1286 1305 773 
18146 823 694 774 4382 
18147 719 720 768 4354 
18148 1518 1567 1519 4354 
18149 1658 1668 125 721 
18150 780 134 1684 550 
18151 700 1499 1537 4313 
18152 1479 1482 1473 4390 
18153 683 680 674 4390 
18154 679 682 680 4391 
18155 1519 1599 1355 4360 
18156 720 556 800 4360 
18157 826 1625 1427 827 
18158 679 677 4389 4391 
18159 1707 551 138 4373 
18160 1681 1356 1678 4376 
18161 719 768 574 4375 
18162 1701 266 1350 1365 
18163 1642 1649 1631 4330 
18164 752 751 643 4394 
18165 665 550 780 4396 
18166 681 4320 1480 4362 
18167 1551 1608 1553 4369 
18168 754 809 752 4369 
18169 1464 1434 1540 4372 
18170 1284 37 1298 691 
18171 737 1634 113 690 
18172 747 809 771 4368 
18173 1467 1375 1465 4342 
18174 668 666 576 4342 
18175 1579 1374 263 1691 
18176 1573 1306 1283 4388 
18177 679 680 4390 4391 
18178 1621 1363 1675 1669 
18179 678 688 679 4391 
18180 1556 1531 757 628 
18181 1331 1314 1332 4383 
18182 240 1651 1489 1367 
18183 1456 547 657 731 
18184 817 1616 4378 4394 
18185 1326 1371 211 1310 
18186 1284 1297 36 830 
18187 1526 1482 1479 4390 
18188 727 680 683 4390 
18189 1671 122 121 544 
18190 1343 250 249 1671 
18191 232 104 1646 540 
18192 1530 758 731 4358 
18193 1616 4369 1549 4394 
18194 1656 1621 255 1669 
18195 641 643 642 4359 
18196 1442 1440 1441 4359 
18197 1691 1374 263 1687 
18198 775 1575 1342 776 
18199 1573 1622 1368 4388 
18200 108 719 1652 556 
18201 560 139 1702 795 
18202 1657 128 1672 822 
18203 1476 1474 1526 4333 
18204 675 677 727 4333 
18205 273 1698 1713 4381 
18206 773 740 776 4350 
18207 1539 1572 1575 4350 
18208 1631 1647 111 725 
18209 1487 1481 4371 4391 
18210 196 1629 1369 1299 
18211 1301 196 1369 1299 
18212 827 747 4363 4368 
18213 1326 1310 1309 4370 
18214 575 559 624 4392 
18215 1284 1298 1285 4361 
18216 1574 4377 775 4378 
18217 1698 274 1710 4381 
18218 658 825 4318 4365 
18219 1457 4318 1624 4365 
18220 1487 1485 1477 4348 
18221 686 688 678 4348 
18222 654 666 667 4365 
18223 1466 1465 1453 4365 
18224 1478 1476 4390 4391 
18225 37 1284 830 691 
18226 1692 1684 134 550 
18227 1634 1642 113 690 
18228 1595 268 1700 1357 
18229 1299 1284 1285 4361 
18230 1479 1481 1478 4391 
18231 112 1642 568 690 
18232 86 1323 785 567 
18233 1530 4351 1433 4358 
18234 731 634 4351 4358 
18235 1572 1305 543 773 
18236 1521 4328 1454 4376 
18237 655 4328 722 4376 
18238 719 1635 108 1652 
18239 214 1328 1366 1584 
18240 1626 4363 1546 4368 
18241 642 643 751 4378 
18242 575 780 1684 4396 
18243 1560 1558 1559 4364 
18244 759 761 760 4364 
18245 1573 1368 1306 4388 
18246 1304 629 1286 4350 
18247 1478 1477 1476 4391 
18248 1703 138 566 4373 
18249 1705 142 781 1710 
18250 631 637 632 4393 
18251 1708 268 1700 1595 
18252 1671 1343 544 538 
18253 578 648 566 4373 
18254 1673 1672 127 573 
18255 1684 135 780 575 
18256 1364 1515 1332 4383 
18257 1547 1469 1381 4374 
18258 748 582 670 4374 
18259 670 580 633 4358 
18260 1379 1469 1432 4358 
18261 1437 1602 1619 4380 
18262 1482 1480 681 4333 
18263 557 1658 125 721 
18264 43 42 537 1296 
18265 203 202 1296 1336 
18266 574 768 818 4375 
18267 1447 1377 1365 4385 
18268 559 1688 136 805 
18269 1347 273 18 1713 
18270 654 667 1466 4365 
18271 1628 1554 1618 4384 
18272 559 805 663 4392 
18273 1707 139 551 795 
18274 658 763 825 4365 
18275 1457 1624 1562 4365 
18276 1597 1653 1632 4360 
18277 1343 1671 1337 538 
18278 1428 1304 1286 4350 
18279 1295 1304 1303 4353 
18280 566 138 551 4373 
18281 1323 1321 86 785 
18282 1557 1547 1558 4374 
18283 758 759 748 4374 
18284 1635 1650 1630 4375 
18285 774 35 1300 4382 
18286 1597 1355 1599 4360 
18287 556 798 800 4360 
18288 1696 1689 131 746 
18289 1549 817 750 4369 
18290 1509 1575 1577 4377 
18291 776 710 778 4377 
18292 1557 1558 1556 4364 
18293 759 758 757 4364 
18294 640 642 778 4377 
18295 1577 1441 1439 4377 
18296 1374 1358 263 1687 
18297 1710 274 9 548 
18298 1701 267 1708 1594 
18299 1664 810 6 1315 
18300 15 1664 1315 1609 
18301 1289 811 3 1638 
18302 14 1610 1289 1638 
18303 1443 827 1427 1626 
18304 1632 1655 1652 4360 
18305 1695 1353 259 1690 
18306 796 140 1709 560 
18307 1633 234 1481 1418 
18308 1297 1301 1283 4382 
18309 1687 1604 264 1697 
18310 573 1672 127 822 
18311 1630 1650 1647 4375 
18312 1594 1701 267 1350 
18313 1660 1677 1676 4352 
18314 1536 1660 258 1488 
18315 619 1633 106 682 
18316 1677 1660 130 737 
18317 774 570 35 4382 
18318 1283 1306 1307 4388 
18319 547 1456 1530 731 
18320 1530 1557 1531 758 
18321 1642 1631 112 568 
18322 1658 1681 1678 4376 
18323 729 1472 1529 673 
18324 1617 1468 1447 4385 
18325 1692 134 541 550 
18326 675 676 677 4389 
18327 35 1297 1300 4382 
18328 1713 1704 270 1360 
18329 1690 1333 260 1693 
18330 1466 1387 667 544 
18331 1478 1487 1477 4391 
18332 1441 4378 1550 4394 
18333 1634 241 1651 1536 
18334 681 1473 1482 683 
18335 1479 1478 4390 4391 
18336 1579 262 1349 1691 
18337 1585 1452 1386 4379 
18338 1343 1419 1659 620 
18339 1645 1339 233 1646 
18340 554 131 1689 746 
18341 1326 1332 1515 4383 
18342 1645 1481 1339 540 
18343 1568 1384 1563 4387 
18344 1529 1457 1528 658 
18345 35 570 1297 4382 
18346 1418 1653 1597 4371 
18347 89 217 1346 1330 
18348 272 8 562 1696 
18349 1375 269 1704 1580 
18350 1676 258 1660 1488 
18351 1433 1530 1435 4351 
18352 731 634 636 4351 
18353 1590 261 1333 1693 
18354 1530 1346 1456 547 
18355 540 1479 1486 680 
18356 624 559 663 4392 
18357 742 1541 671 4312 
18358 1626 1608 1549 4369 
18359 809 827 750 4369 
18360 1564 265 1711 1565 
18361 1588 1526 1474 4333 
18362 789 675 727 4333 
18363 1574 1577 4377 4378 
18364 778 775 4377 4378 
18365 272 8 1694 555 
18366 17 271 1361 1695 
18367 543 41 1305 812 
18368 1330 1346 89 547 
18369 1646 1645 1339 540 
18370 678 676 685 4389 
18371 1706 1711 265 1565 
18372 1354 271 17 1697 
18373 1712 766 137 765 
18374 1486 1479 674 680 
18375 140 1702 1709 560 
18376 556 1655 798 4360 
18377 1328 1311 214 1366 
18378 122 1671 1670 544 
18379 1671 1343 250 1670 
18380 651 587 579 4395 
18381 1633 1655 1653 4371 
18382 1432 1469 1530 4358 
18383 731 670 633 4358 
18384 1541 1470 671 4312 
18385 220 92 1344 1317 
18386 1305 41 201 1611 
18387 218 219 1322 1335 
18388 90 91 536 1322 
18389 43 203 1296 1336 
18390 1580 270 1704 1360 
18391 1574 1577 1575 4377 
18392 775 776 778 4377 
18393 1364 1515 210 1332 
18394 1709 1702 1708 4367 
18395 732 547 1530 731 
18396 1565 266 1706 1365 
18397 554 1689 132 802 
18398 82 1331 716 565 
18399 1470 1544 745 4312 
18400 234 1481 1645 1633 
18401 540 1339 1654 1605 
18402 1312 1456 547 657 
18403 1327 89 217 1612 
18404 731 4351 1530 4358 
18405 1633 1645 106 682 
18406 688 682 679 4391 
18407 1626 1427 1625 827 
18408 1421 4328 1422 4356 
18409 1709 1708 1700 4367 
18410 543 1305 1342 1611 
18411 1483 1480 1613 4362 
18412 92 1344 1317 545 
18413 681 1472 646 673 
18414 625 665 575 4396 
18415 1359 1708 267 1594 
18416 1343 1422 654 1453 
18417 41 1305 812 1611 
18418 800 798 619 4371 
18419 1418 1597 1599 4371 
18420 546 100 228 1641 
18421 1470 745 671 4312 
18422 1296 537 43 1336 
18423 103 102 535 1643 
18424 230 231 1334 1643 
18425 1358 1604 264 1687 
18426 1464 1540 1424 4372 
18427 1619 1491 1437 4380 
18428 1326 210 1515 1332 
18429 557 620 1679 4376 
18430 131 562 1696 746 
18431 1713 270 1347 1360 
18432 1346 1530 1531 547 
18433 1468 1377 1447 4385 
18434 1345 546 228 1641 
18435 750 817 751 4369 
18436 632 637 639 4393 
18437 827 4363 1626 4368 
18438 1556 1531 1557 758 
18439 605 1400 1404 1401 
18440 602 1400 605 1401 
18441 1400 602 605 601 
18442 1401 602 1400 1399 
18443 1400 1405 605 1404 
18444 602 601 1400 1399 
18445 601 1397 1400 1399 
18446 601 1400 606 605 
18447 1399 602 601 600 
18448 600 1397 601 1399 
18449 1400 1405 606 605 
18450 1397 600 601 598 
18451 1549 1443 750 817 
18452 603 599 600 1402 
18453 599 598 1397 596 
18454 1666 245 117 715 
18455 600 1399 1402 1398 
18456 1397 1399 600 1398 
18457 1698 273 274 4381 
18458 600 598 1397 599 
18459 596 1398 1397 599 
18460 601 1500 606 1400 
18461 1500 1405 606 1400 
18462 1398 596 1397 1395 
18463 1402 599 600 1398 
18464 599 1397 600 1398 
18465 1396 614 615 1413 
18466 1500 601 606 701 
18467 615 1500 1396 1414 
18468 1500 615 1396 701 
18469 597 1397 598 596 
18470 1396 1413 615 1414 
18471 615 1396 701 597 
18472 1397 1400 1500 601 
18473 614 1396 615 597 
18474 609 1401 1502 602 
18475 1397 598 701 597 
18476 201 1342 1305 1611 
18477 596 1396 1397 1395 
18478 1396 596 1397 597 
18479 1397 598 601 701 
18480 1401 609 1502 1408 
18481 1500 1397 701 1396 
18482 601 1500 1397 701 
18483 600 703 603 1402 
18484 703 600 1399 1402 
18485 1396 1397 701 597 
18486 609 602 1502 703 
18487 1399 1502 703 1402 
18488 602 1401 1502 1399 
18489 600 1399 602 703 
18490 774 694 570 4382 
18491 1402 599 1403 603 
18492 806 540 104 1654 
18493 1654 1339 232 1605 
18494 599 1402 1403 1398 
18495 1399 1502 602 703 
18496 1396 1413 1394 614 
18497 1394 1396 596 1395 
18498 1394 1396 597 596 
18499 1398 599 596 698 
18500 1498 615 1500 699 
18501 681 684 814 4362 
18502 1398 596 1395 698 
18503 1394 1396 614 597 
18504 1309 1310 1325 4370 
18505 615 1498 1500 1414 
18506 615 701 1500 699 
18507 1710 142 561 548 
18508 1413 615 660 614 
18509 1393 1395 596 698 
18510 1459 615 1413 1414 
18511 1549 4369 1551 4394 
18512 244 116 1514 1666 
18513 1403 603 599 604 
18514 597 595 1394 596 
18515 605 1405 616 1404 
18516 1578 535 728 1334 
18517 1405 605 616 606 
18518 606 1405 1500 1498 
18519 595 1394 614 597 
18520 1500 606 1498 699 
18521 596 1393 698 594 
18522 1497 1398 1395 698 
18523 599 1398 1403 698 
18524 1395 596 1394 1393 
18525 606 1500 701 699 
18526 1305 543 812 1611 
18527 1671 249 1343 1337 
18528 544 121 1671 538 
18529 1395 1393 1497 698 
18530 1486 1479 1473 674 
18531 1415 616 1405 1404 
18532 1331 1332 1309 4383 
18533 615 1459 1413 660 
18534 41 201 1611 1302 
18535 604 599 1403 698 
18536 1393 596 595 594 
18537 703 613 603 1402 
18538 596 595 1394 1393 
18539 1595 1708 268 1359 
18540 1497 1403 1398 698 
18541 116 244 1370 1661 
18542 1402 1502 703 1412 
18543 702 1502 609 1501 
18544 617 616 606 1405 
18545 1658 1679 1681 4376 
18546 1502 1408 609 1501 
18547 1531 732 757 628 
18548 1415 617 1405 616 
18549 1502 702 609 703 
18550 1531 547 813 1346 
18551 1481 1339 233 1645 
18552 758 732 1530 731 
18553 1570 1608 1546 4368 
18554 1442 1441 1550 4394 
18555 1666 1514 245 715 
18556 1486 540 680 687 
18557 1420 1421 1422 4356 
18558 617 1415 1405 1416 
18559 1305 1286 40 773 
18560 1501 702 1502 1412 
18561 1531 732 628 1589 
18562 1361 1545 259 1695 
18563 551 578 566 4373 
18564 735 242 114 1665 
18565 1483 1583 1472 4362 
18566 1331 1309 82 716 
18567 1330 88 1312 547 
18568 1312 1346 216 1330 
18569 116 1514 1666 715 
18570 703 1502 702 1412 
18571 1471 1435 1538 4366 
18572 672 739 636 4366 
18573 606 1498 617 1405 
18574 1574 775 1616 4378 
18575 1498 606 617 699 
18576 1368 1458 193 1288 
18577 1479 540 1486 1339 
18578 1450 1386 1452 4379 
18579 546 229 101 1641 
18580 569 1288 33 659 
18581 1646 105 1645 540 
18582 586 208 48 1293 
18583 1460 1414 615 1459 
18584 703 613 1402 1412 
18585 615 661 1460 660 
18586 1327 218 813 1612 
18587 1557 1469 1547 4374 
18588 748 670 758 4374 
18589 1405 617 1416 1498 
18590 1616 817 1549 4369 
18591 627 702 609 1501 
18592 627 628 790 1589 
18593 619 688 800 4371 
18594 1599 1487 1418 4371 
18595 1426 627 1408 1501 
18596 1628 1555 1554 4384 
18597 698 1393 612 594 
18598 627 609 1408 1501 
18599 1611 812 41 1302 
18600 1427 826 1556 1625 
18601 1411 1497 1393 698 
18602 1283 1300 1297 4382 
18603 242 735 1534 1665 
18604 1459 615 1460 660 
18605 680 674 1486 687 
18606 1393 595 1392 594 
18607 722 1422 1343 1521 
18608 612 1411 1393 698 
18609 1392 1394 595 1393 
18610 1453 1343 1466 654 
18611 586 47 207 1293 
18612 613 703 702 1412 
18613 652 651 579 4395 
18614 1433 1435 1434 4351 
18615 636 634 635 4351 
18616 1309 83 82 716 
18617 1352 1490 198 1303 
18618 116 244 1514 1370 
18619 1393 612 594 591 
18620 1498 661 615 699 
18621 1498 1414 615 1460 
18622 661 1498 615 1460 
18623 1521 1419 1343 620 
18624 1480 1472 1445 681 
18625 1406 603 1402 1403 
18626 1393 1411 612 591 
18627 1403 698 1508 604 
18628 1404 608 605 1401 
18629 608 602 605 1401 
18630 1487 1478 1481 4391 
18631 609 602 608 1401 
18632 1401 608 609 1408 
18633 1556 1531 758 757 
18634 698 1403 1508 1497 
18635 1340 262 261 1686 
18636 1528 729 588 590 
18637 1632 1653 1655 4360 
18638 1403 607 603 604 
18639 627 743 702 1501 
18640 605 616 707 1404 
18641 1501 1426 627 1542 
18642 119 120 745 1667 
18643 248 247 1544 1667 
18644 711 96 224 1319 
18645 1589 627 628 1426 
18646 628 1427 1589 1426 
18647 627 743 1501 1542 
18648 616 1506 1404 1415 
18649 95 223 1351 1320 
18650 696 610 1407 1409 
18651 116 1514 715 571 
18652 1420 1453 1465 4356 
18653 621 666 654 4356 
18654 735 115 243 1665 
18655 702 1501 1503 1412 
18656 1495 644 1409 1443 
18657 577 1314 81 565 
18658 1392 591 1389 1390 
18659 1625 1556 1560 4363 
18660 826 761 757 4363 
18661 1574 1575 1342 775 
18662 677 678 679 4389 
18663 674 1587 1445 1473 
18664 1496 1394 1413 614 
18665 1402 613 603 1406 
18666 684 673 784 4362 
18667 1376 1364 209 1314 
18668 1345 229 546 1641 
18669 620 1343 1521 722 
18670 700 1498 617 699 
18671 1508 1497 1411 698 
18672 1285 198 1490 1303 
18673 1370 571 116 1661 
18674 1326 1309 1332 4383 
18675 1293 586 208 1385 
18676 697 662 1496 1578 
18677 1573 1368 194 1306 
18678 566 138 1703 766 
18679 1496 1394 614 595 
18680 1681 1419 1356 4376 
18681 1392 593 590 591 
18682 591 590 1392 1389 
18683 1411 709 698 612 
18684 133 132 1685 534 
18685 1330 1312 1346 547 
18686 1498 617 1416 1499 
18687 593 1392 595 594 
18688 1642 112 113 690 
18689 817 1616 775 4378 
18690 1393 1411 591 1390 
18691 743 1501 1503 702 
18692 766 137 1703 1712 
18693 1338 1514 650 715 
18694 627 1408 610 1426 
18695 1522 723 704 1344 
18696 610 609 1408 627 
18697 1534 735 243 1665 
18698 779 1425 697 626 
18699 711 712 552 1510 
18700 547 88 1312 657 
18701 1456 1346 216 1312 
18702 589 1389 591 1388 
18703 1480 1473 1482 681 
18704 1501 743 1503 1542 
18705 699 700 1498 661 
18706 1345 1459 660 1461 
18707 1503 1522 704 1344 
18708 736 97 225 1639 
18709 1589 813 1335 1612 
18710 661 700 1498 1460 
18711 1293 207 586 1385 
18712 37 38 1298 691 
18713 1337 248 120 1680 
18714 221 93 1317 545 
18715 1341 46 1292 206 
18716 1512 99 227 1636 
18717 1503 613 702 1412 
18718 1416 733 617 770 
18719 1406 1402 613 1412 
18720 1512 228 1345 713 
18721 1456 657 1312 4366 
18722 1312 657 739 4366 
18723 594 1392 1393 591 
18724 827 1443 1427 644 
18725 235 234 1653 1597 
18726 542 205 45 1591 
18727 1531 813 1589 1612 
18728 707 1506 1495 1407 
18729 610 609 608 1408 
18730 571 243 115 1661 
18731 535 1605 1334 1578 
18732 1406 613 1504 1412 
18733 542 1341 1569 733 
18734 1535 226 98 1639 
18735 1344 723 704 545 
18736 1407 1495 696 1409 
18737 696 610 608 1407 
18738 1445 1473 1480 681 
18739 662 1496 1413 614 
18740 1427 628 610 1426 
18741 627 610 628 1426 
18742 614 697 1496 595 
18743 1466 1387 1457 658 
18744 1588 1482 1526 4333 
18745 789 727 683 4333 
18746 1506 616 1404 707 
18747 790 628 732 1589 
18748 571 116 1514 1370 
18749 1524 238 239 1644 
18750 546 804 1603 713 
18751 90 218 813 1327 
18752 1544 589 742 1388 
18753 1384 1568 1566 4387 
18754 1616 1549 1550 4394 
18755 1342 1572 1305 543 
18756 546 228 100 713 
18757 1598 1351 799 1511 
18758 697 662 1578 779 
18759 1516 207 47 1294 
18760 1508 709 604 698 
18761 1578 1496 697 1425 
18762 1327 813 89 1612 
18763 1341 46 542 1292 
18764 563 226 1640 98 
18765 1640 99 227 1362 
18766 1387 589 1389 588 
18767 586 1516 1517 1385 
18768 607 1403 603 1406 
18769 45 792 542 1591 
18770 538 1387 589 1337 
18771 1312 1456 1346 547 
18772 1341 205 542 1591 
18773 1408 1409 610 1426 
18774 45 205 1291 1591 
18775 1388 1389 591 1390 
18776 1403 1508 1410 604 
18777 46 206 1516 1294 
18778 1443 1549 1616 817 
18779 228 546 1345 713 
18780 1504 1503 704 1344 
18781 1662 246 118 539 
18782 117 245 1662 1338 
18783 1403 1410 607 604 
18784 696 707 1495 1407 
18785 707 696 608 1407 
18786 1466 1561 1465 4365 
18787 666 762 667 4365 
18788 268 269 1700 1357 
18789 1472 729 646 673 
18790 736 1517 563 1535 
18791 212 211 1371 1310 
18792 1401 1404 608 1407 
18793 608 1401 1407 1408 
18794 542 45 205 1292 
18795 662 1461 1496 1578 
18796 1392 1393 591 1390 
18797 1407 610 1408 1409 
18798 1389 589 591 590 
18799 787 203 43 1336 
18800 1443 1427 644 1409 
18801 1569 733 1416 770 
18802 1636 228 1512 713 
18803 743 1335 790 536 
18804 536 1522 743 1335 
18805 1319 224 711 1510 
18806 709 1411 698 1508 
18807 613 607 603 1406 
18808 1603 661 804 660 
18809 1387 538 589 588 
18810 750 751 752 4369 
18811 544 1343 1387 538 
18812 569 34 1307 774 
18813 1496 662 697 614 
18814 733 1569 542 770 
18815 607 613 1504 1406 
18816 1427 1531 628 1589 
18817 1344 704 1504 545 
18818 704 1504 545 705 
18819 593 1392 594 591 
18820 576 1705 141 781 
18821 1537 738 1517 1362 
18822 1409 1427 610 1426 
18823 1418 1487 1481 4371 
18824 688 619 682 4371 
18825 1456 1312 1329 4366 
18826 537 787 1614 815 
18827 120 1337 1680 538 
18828 1346 217 89 1612 
18829 1496 1392 1394 595 
18830 779 1587 1425 788 
18831 1589 1335 790 1542 
18832 1427 628 827 644 
18833 610 696 644 1409 
18834 1542 1522 743 1503 
18835 1291 792 45 1591 
18836 1346 813 1531 1612 
18837 1531 1556 1427 628 
18838 1480 1483 1472 4362 
18839 608 605 707 1404 
18840 613 1503 702 704 
18841 1531 813 732 1589 
18842 1499 1498 617 700 
18843 770 617 1415 616 
18844 571 115 243 735 
18845 1530 1433 1432 4358 
18846 731 633 634 4358 
18847 812 202 1302 1611 
18848 1337 121 1671 249 
18849 100 228 1636 713 
18850 117 245 1338 715 
18851 1410 709 1449 611 
18852 1578 662 728 779 
18853 662 728 1527 1578 
18854 205 542 1292 1341 
18855 593 1425 590 626 
18856 1673 127 126 573 
18857 1522 220 92 1344 
18858 681 674 1473 683 
18859 1322 90 218 1335 
18860 779 1425 1578 697 
18861 540 105 1645 682 
18862 1307 1306 1288 4388 
18863 733 1569 1416 1532 
18864 1415 1416 617 770 
18865 1337 1387 1343 538 
18866 92 723 1522 1344 
18867 709 1410 1449 1508 
18868 1473 1445 674 681 
18869 742 589 591 1388 
18870 43 537 787 1336 
18871 203 787 1586 1336 
18872 1516 46 1341 206 
18873 1603 546 660 804 
18874 586 207 47 1516 
18875 717 1532 733 718 
18876 547 1346 89 813 
18877 1532 1569 1341 733 
18878 660 662 1413 614 
18879 575 665 780 4396 
18880 1336 1576 777 1495 
18881 775 1342 1574 1576 
18882 1589 627 1542 790 
18883 91 219 1316 1522 
18884 777 812 1611 1336 
18885 700 1499 1498 1460 
18886 1446 611 1410 1449 
18887 704 702 743 1503 
18888 660 546 1345 662 
18889 662 1345 660 1461 
18890 661 700 1460 1537 
18891 1495 1614 1506 815 
18892 650 1620 647 821 
18893 1534 571 243 735 
18894 776 1342 775 543 
18895 218 813 1612 1335 
18896 1535 736 225 1639 
18897 613 1504 705 607 
18898 806 1587 779 788 
18899 1466 1387 658 667 
18900 1461 662 1527 1578 
18901 1392 1496 697 595 
18902 1591 542 1569 792 
18903 589 1387 1389 1388 
18904 610 1407 1408 608 
18905 542 1591 1569 1341 
18906 1411 591 742 612 
18907 628 1556 826 757 
18908 626 646 1445 590 
18909 1461 1459 660 1413 
18910 777 537 1336 1495 
18911 547 1530 1531 732 
18912 610 1427 644 628 
18913 243 571 1370 1661 
18914 736 586 1517 1385 
18915 1387 588 544 538 
18916 1636 1512 99 713 
18917 1344 92 723 545 
18918 1387 1466 1343 544 
18919 1335 1522 743 1542 
18920 799 706 1598 618 
18921 1415 770 616 708 
18922 1335 743 790 1542 
18923 535 1578 728 779 
18924 1334 1527 728 1578 
18925 724 709 1411 612 
18926 617 1499 733 1416 
18927 613 1503 1504 1412 
18928 604 709 1410 611 
18929 1338 245 1514 715 
18930 717 1341 46 542 
18931 1410 607 1406 1403 
18932 1626 1625 1546 4363 
18933 826 827 747 4363 
18934 1499 733 1532 718 
18935 98 736 1535 1639 
18936 202 42 1296 1336 
18937 681 673 684 4362 
18938 589 1544 742 745 
18939 742 1388 1541 1544 
18940 604 1410 607 611 
18941 1635 108 109 719 
18942 709 1410 1508 604 
18943 735 712 711 1534 
18944 644 1495 1409 696 
18945 1435 1456 1538 4366 
18946 636 739 657 4366 
18947 697 593 1392 595 
18948 733 1499 700 718 
18949 1516 586 1517 717 
18950 200 1572 1286 1305 
18951 1663 118 246 671 
18952 1663 247 119 1470 
18953 1388 589 1387 1337 
18954 1517 717 1532 1516 
18955 101 229 546 1527 
18956 788 1425 779 626 
18957 658 762 763 4365 
18958 1562 1561 1457 4365 
18959 661 738 1603 804 
18960 1404 1506 707 1407 
18961 1521 1454 1356 4376 
18962 655 722 557 4376 
18963 1625 1560 1546 4363 
18964 761 826 747 4363 
18965 1647 110 111 725 
18966 1333 261 260 1693 
18967 1496 1461 662 1413 
18968 1507 770 1415 708 
18969 1443 644 777 1495 
18970 1388 591 742 1390 
18971 626 1425 697 593 
18972 1411 742 724 612 
18973 627 1589 1542 1426 
18974 1535 1517 563 1362 
18975 1517 736 563 718 
18976 1569 1591 792 1507 
18977 1288 1458 193 1287 
18978 1300 1307 34 774 
18979 101 1527 1637 229 
18980 1611 812 202 1336 
18981 627 790 743 1542 
18982 1416 1415 1569 770 
18983 1287 33 1288 659 
18984 1306 194 1573 1283 
18985 1603 1460 661 660 
18986 738 1603 804 713 
18987 542 1341 733 717 
18988 539 1338 650 715 
18989 1514 650 1449 1338 
18990 1425 593 590 1392 
18991 1425 1392 590 1389 
18992 1325 84 83 572 
18993 1317 1344 221 545 
18994 591 1411 742 1390 
18995 1385 1517 736 1535 
18996 1516 586 207 1385 
18997 1311 213 214 1366 
18998 1528 1529 658 729 
18999 547 1531 813 732 
19000 1706 265 266 1565 
19001 1323 86 85 567 
19002 1702 140 139 560 
19003 674 1473 1486 1587 
19004 1460 1603 1459 660 
19005 558 140 1709 796 
19006 792 204 44 1586 
19007 792 770 1507 708 
19008 1504 1417 1505 705 
19009 712 735 571 1534 
19010 626 1445 646 788 
19011 111 112 1631 568 
19012 718 738 563 1517 
19013 1517 738 563 1362 
19014 792 542 1569 770 
19015 728 1527 546 662 
19016 136 1694 555 805 
19017 1688 136 135 559 
19018 231 535 1334 1643 
19019 1427 610 644 1409 
19020 544 667 1466 654 
19021 1510 712 1351 1511 
19022 1351 552 712 1510 
19023 1604 1354 264 1697 
19024 586 717 718 1517 
19025 255 254 1372 1656 
19026 1586 204 44 1290 
19027 588 590 589 1389 
19028 1623 545 824 221 
19029 231 103 535 1643 
19030 1527 546 101 728 
19031 240 239 1649 1367 
19032 718 717 1532 1517 
19033 194 195 1573 1283 
19034 821 650 1620 1514 
19035 1657 129 128 564 
19036 1387 588 667 544 
19037 563 226 98 1535 
19038 647 611 1446 1449 
19039 704 1522 743 723 
19040 571 1534 243 1370 
19041 537 787 1336 1614 
19042 787 1586 1336 1614 
19043 1387 1528 588 1389 
19044 700 661 738 1537 
19045 707 608 1404 1407 
19046 1670 1671 1343 544 
19047 813 536 790 1335 
19048 1522 704 743 1503 
19049 107 106 798 1655 
19050 770 1507 1415 1569 
19051 1315 1664 810 1609 
19052 1289 1610 811 1638 
19053 709 611 650 1449 
19054 662 1527 1345 1461 
19055 1527 1345 546 662 
19056 1425 1496 697 1392 
19057 540 1486 1605 687 
19058 1373 237 238 1630 
19059 607 1504 1417 1406 
19060 1512 1345 1603 713 
19061 95 1351 552 1320 
19062 1527 101 1637 728 
19063 1523 1508 709 1449 
19064 1510 711 712 1534 
19065 1515 211 210 1326 
19066 204 792 1591 1586 
19067 1578 806 535 1605 
19068 256 257 1675 1363 
19069 1603 1459 660 1345 
19070 650 724 1523 539 
19071 1322 536 90 1335 
19072 260 1353 1601 1690 
19073 1345 546 229 1527 
19074 821 650 1514 715 
19075 777 537 1495 696 
19076 742 1388 1390 1541 
19077 813 1589 1335 790 
19078 611 647 650 1449 
19079 1486 540 1605 1339 
19080 1523 709 1508 1411 
19081 806 1605 1578 1587 
19082 1504 704 1503 613 
19083 1651 241 240 1489 
19084 787 792 44 1586 
19085 1569 792 770 1507 
19086 1556 1558 1560 4364 
19087 761 759 757 4364 
19088 813 218 90 1335 
19089 1532 1499 718 1517 
19090 1411 742 1390 1541 
19091 1308 85 84 714 
19092 1668 126 125 721 
19093 724 742 1541 671 
19094 687 1587 674 1486 
19095 593 1425 697 1392 
19096 706 1505 1417 705 
19097 618 706 1417 705 
19098 1342 775 543 1576 
19099 1460 700 1499 1537 
19100 195 196 1369 1301 
19101 733 1532 1416 1499 
19102 1576 1443 777 1495 
19103 1351 223 95 1510 
19104 47 717 1516 1294 
19105 1572 1428 1286 4350 
19106 629 773 1286 4350 
19107 813 790 732 1589 
19108 1512 227 99 1362 
19109 1650 109 110 574 
19110 1499 617 733 700 
19111 1522 536 91 1335 
19112 44 787 1586 1290 
19113 543 1305 40 773 
19114 571 1620 1514 821 
19115 1506 1415 616 708 
19116 705 704 1504 613 
19117 537 1614 1495 815 
19118 1516 717 46 1294 
19119 1522 536 743 723 
19120 1550 1549 1551 4394 
19121 1670 1659 123 544 
19122 1537 1460 661 1603 
19123 1572 1539 1428 4350 
19124 629 740 773 4350 
19125 660 662 1461 1413 
19126 1504 607 1417 705 
19127 711 552 95 1510 
19128 571 1511 1534 1370 
19129 589 1337 745 538 
19130 1616 1443 817 777 
19131 221 93 545 824 
19132 1345 546 1603 713 
19133 1518 236 237 1648 
19134 1343 1659 251 1670 
19135 687 1486 1605 1587 
19136 1445 1425 1587 788 
19137 1523 650 709 724 
19138 742 1411 724 1541 
19139 1529 1528 1472 729 
19140 717 1532 1341 733 
19141 1632 235 1597 1355 
19142 1338 650 1523 539 
19143 650 1523 1449 1338 
19144 715 1514 821 571 
19145 1523 724 1541 671 
19146 1470 1523 1541 671 
19147 1587 779 1425 1578 
19148 1611 1342 543 1576 
19149 732 1530 1531 758 
19150 1316 723 91 1522 
19151 1506 1507 1415 708 
19152 1523 724 709 1411 
19153 1507 1614 787 815 
19154 1297 35 36 570 
19155 792 204 1291 44 
19156 1445 1425 626 590 
19157 736 586 718 1517 
19158 1495 707 815 1506 
19159 717 586 47 1516 
19160 1341 717 46 1516 
19161 248 120 1667 745 
19162 91 219 1522 1335 
19163 646 729 1528 590 
19164 226 563 1640 1362 
19165 1640 563 99 1362 
19166 539 246 118 671 
19167 712 799 1351 1511 
19168 1351 552 799 712 
19169 1319 95 223 1510 
19170 647 1446 1620 1449 
19171 1411 724 1541 1523 
19172 806 1578 535 779 
19173 121 1337 1671 538 
19174 571 1620 821 712 
19175 1586 792 1591 1507 
19176 98 736 563 1535 
19177 1679 1658 124 557 
19178 705 1417 618 607 
19179 1578 806 1587 779 
19180 1532 717 1341 1516 
19181 1417 1598 1505 706 
19182 1417 1598 706 618 
19183 1337 121 249 1680 
19184 246 1662 1338 539 
19185 1338 1662 117 539 
19186 1417 607 1406 1410 
19187 1504 545 1505 1344 
19188 545 1504 1505 705 
19189 1549 1443 827 750 
19190 616 1506 708 707 
19191 618 607 1410 611 
19192 1507 815 1506 1614 
19193 213 212 1513 1324 
19194 650 1523 709 1449 
19195 1586 787 792 1507 
19196 1319 711 95 1510 
19197 204 792 1291 1591 
19198 1598 799 647 1511 
19199 1520 254 253 1674 
19200 1507 787 792 708 
19201 1620 650 647 1449 
19202 724 1523 539 671 
19203 1470 539 1523 671 
19204 40 39 773 1286 
19205 1331 81 1314 565 
19206 707 1495 815 696 
19207 1620 571 1514 1370 
19208 539 117 1338 715 
19209 813 1346 89 1612 
19210 90 536 813 1335 
19211 628 826 1427 827 
19212 1314 81 1313 577 
19213 777 812 543 1611 
19214 553 39 1304 629 
19215 1313 1376 209 1314 
19216 619 106 1633 798 
19217 1425 1445 626 788 
19218 661 738 1537 1603 
19219 644 777 1495 696 
19220 546 1603 660 1345 
19221 202 812 1302 42 
19222 222 94 552 1320 
19223 738 1537 1603 1512 
19224 1306 1368 193 1288 
19225 1481 233 234 1645 
19226 1512 563 99 713 
19227 102 535 1334 728 
19228 1470 1663 246 671 
19229 119 1663 1470 671 
19230 1603 738 1512 713 
19231 590 1445 1425 1389 
19232 1421 1454 1422 4328 
19233 623 655 622 4328 
19234 1296 42 537 1336 
19235 706 545 1505 705 
19236 589 1388 1544 1337 
19237 590 588 1528 1389 
19238 812 42 202 1336 
19239 1712 137 9 765 
19240 1614 537 1495 1336 
19241 1701 266 267 1350 
19242 1564 265 18 1711 
19243 217 218 1327 1612 
19244 1387 1528 1457 658 
19245 1523 1338 539 1470 
19246 1314 1364 209 1332 
19247 102 230 1637 728 
19248 138 137 1703 766 
19249 139 138 1707 551 
19250 234 1633 1653 1418 
19251 1322 91 536 1335 
19252 827 809 747 4368 
19253 1511 571 1620 1370 
19254 1574 1616 775 1576 
19255 43 203 787 1290 
19256 1445 674 646 788 
19257 1288 33 1307 569 
19258 141 140 1709 558 
19259 787 1586 1614 1507 
19260 1654 806 540 1605 
19261 114 242 735 810 
19262 787 1507 815 708 
19263 1449 1620 650 1514 
19264 1676 257 258 1488 
19265 1417 618 607 1410 
19266 1584 215 1328 1538 
19267 1623 545 221 1344 
19268 1535 563 226 1362 
19269 1329 1312 87 739 
19270 135 134 1684 780 
19271 1316 220 92 1522 
19272 1511 1510 712 1534 
19273 92 723 1316 1522 
19274 811 208 48 586 
19275 723 536 91 1522 
19276 242 735 1609 1534 
19277 1629 196 197 1299 
19278 1574 1441 1577 4378 
19279 778 642 775 4378 
19280 1586 787 203 1290 
19281 219 91 1322 1335 
19282 815 1507 1506 708 
19283 810 242 735 1609 
19284 738 1537 1512 1362 
19285 1478 1476 1479 4390 
19286 679 680 677 4390 
19287 738 1512 713 563 
19288 777 1616 775 817 
19289 544 1659 123 620 
19290 1284 36 37 830 
19291 1511 571 1534 712 
19292 563 1512 99 1362 
19293 552 1351 95 1510 
19294 539 1470 246 671 
19295 815 1495 537 696 
19296 1627 1376 209 1313 
19297 81 1313 577 828 
19298 586 811 208 1610 
19299 1419 1659 251 1343 
19300 810 224 711 96 
19301 94 1623 552 824 
19302 590 1445 1528 646 
19303 18 270 1347 1713 
19304 1609 735 711 1534 
19305 103 231 806 1654 
19306 785 1329 87 739 
19307 1337 120 248 745 
19308 647 821 1620 712 
19309 1587 674 1445 788 
19310 1446 1598 647 1511 
19311 758 1531 732 757 
19312 1337 1544 589 745 
19313 1506 815 708 707 
19314 216 215 1456 1312 
19315 88 87 1312 657 
19316 256 255 1621 1669 
19317 735 1609 711 810 
19318 1358 264 263 1687 
19319 200 1342 1572 1305 
19320 1576 777 1611 1336 
19321 1385 586 208 1610 
19322 33 1287 828 659 
19323 1458 1627 193 1287 
19324 134 133 1692 541 
19325 1356 1419 1521 4376 
19326 557 722 620 4376 
19327 230 102 1334 728 
19328 678 677 676 4389 
19329 736 225 97 1610 
19330 1710 9 142 548 
19331 1678 1681 252 1356 
19332 224 810 711 1609 
19333 706 1623 545 824 
19334 812 777 537 1336 
19335 1442 1550 1551 4394 
19336 1680 1337 121 538 
19337 1470 539 246 1338 
19338 1623 222 94 552 
19339 1652 1655 107 556 
19340 1608 1551 1549 4369 
19341 809 750 752 4369 
19342 1470 247 119 745 
19343 1672 128 127 822 
19344 199 1428 1352 1304 
19345 1579 263 262 1691 
19346 1637 230 1527 728 
19347 745 1337 120 538 
19348 729 1528 1472 646 
19349 811 736 97 1610 
19350 646 1445 1472 681 
19351 130 129 1677 689 
19352 1510 1609 711 1534 
19353 1443 644 750 817 
19354 1334 535 102 1643 
19355 1443 1626 1549 827 
19356 231 535 1605 1334 
19357 563 738 1512 1362 
19358 1609 711 224 1510 
19359 231 806 535 103 
19360 1479 1476 1526 4390 
19361 677 680 727 4390 
19362 197 198 1490 1285 
19363 1623 94 1318 824 
19364 42 812 537 1336 
19365 1354 17 264 1697 
19366 562 8 131 1696 
19367 1694 8 136 555 
19368 1623 1318 221 824 
19369 712 647 799 1511 
19370 1321 1329 87 785 
19371 123 124 620 1679 
19372 1572 199 200 1286 
19373 544 1343 1659 620 
19374 571 1620 712 1511 
19375 1655 1633 106 798 
19376 1632 235 1653 1597 
19377 646 674 1445 681 
19378 1329 215 1456 1538 
19379 105 106 1645 682 
19380 1610 736 225 1535 
19381 813 89 90 1327 
19382 1667 1544 248 745 
19383 1318 222 94 1623 
19384 1418 1653 234 1597 
19385 1527 230 1334 728 
19386 1667 119 247 745 
19387 1286 1304 39 629 
19388 1361 259 17 1695 
19389 1318 93 221 824 
19390 1620 1446 647 1511 
19391 1303 199 1352 1304 
19392 247 1470 1544 745 
19393 618 1410 1446 611 
19394 544 1422 654 1343 
19395 647 1598 618 799 
19396 1574 1550 1441 4378 
19397 751 775 642 4378 
19398 810 224 96 1315 
19399 48 208 811 1289 
19400 1610 225 97 1638 
19401 114 242 810 1664 
19402 1443 644 817 777 
19403 824 1623 552 706 
19404 736 811 586 1610 
19405 1670 1343 1659 544 
19406 199 1428 1304 1286 
19407 552 1351 222 1320 
19408 215 1329 1328 1538 
19409 745 119 1470 671 
19410 1587 806 687 788 
19411 1304 1295 39 553 
19412 1654 231 806 1605 
19413 1385 736 586 1610 
19414 1445 590 1528 1389 
19415 1505 545 1623 1344 
19416 1610 811 208 1289 
19417 1315 810 224 1609 
19418 97 811 1610 1638 
19419 1664 242 810 1609 
19420 1705 142 141 781 
19421 1453 1420 1422 4356 
19422 1428 199 1572 1286 
19423 773 1286 39 629 
19424 544 1422 1343 722 
19425 1334 102 230 1643 
19426 812 42 41 1302 
19427 34 35 1300 774 
19428 1680 121 120 538 
19429 249 248 1337 1680 
19430 1587 687 674 788 
19431 777 543 775 1576 
19432 1608 1626 1546 4368 
19433 232 231 1654 1605 
19434 806 104 103 1654 
19435 647 611 618 1446 
19436 712 1620 647 1511 
19437 588 658 1387 667 
19438 1610 1385 736 1535 
19439 543 777 1611 1576 
19440 588 1528 658 729 
19441 1561 1466 1457 4365 
19442 667 762 658 4365 
19443 1528 1445 1472 646 
19444 1410 618 1446 1417 
19445 1616 1443 777 1576 
19446 1623 706 545 1505 
19447 248 1544 1337 745 
19448 1550 1574 1616 4378 
19449 817 775 751 4378 
19450 544 1466 1343 654 
19451 806 231 535 1605 
19452 251 252 1681 1419 
19453 1351 799 706 1598 
19454 620 544 1343 722 
19455 1339 232 233 1646 
19456 1708 267 268 1359 
19457 247 1544 1667 745 
19458 1605 806 687 1587 
19459 687 1605 540 806 
19460 1623 1351 222 552 
19461 1598 647 618 1446 
19462 1611 201 202 1302 
19463 1521 1422 1454 4328 
19464 623 722 655 4328 
19465 1417 1598 618 1446 
19466 269 270 1704 1580 
19467 1627 209 13 1313 
19468 13 193 1627 1287 
19469 1353 260 259 1690 
19470 556 1655 107 798 
19471 826 1427 1556 628 
19472 620 1679 124 557 
19473 132 131 1689 554 
19474 1659 1679 123 620 
19475 1505 1351 1623 706 
19476 1681 1659 251 1419 
19477 1351 1505 1598 706 
19478 1646 104 105 540 
19479 1616 777 775 1576 
19480 552 1623 1351 706 
19481 644 827 1443 750 
19482 1343 251 250 1670 
19483 123 122 1670 544 
19484 799 1351 706 552 
19485 1528 588 658 1387 
19486 739 1312 87 657 
19487 1305 40 41 543 
19488 1356 1681 252 1419 
19489 125 124 1658 557 
19490 1632 236 235 1355 
19491 215 1456 1312 1329 
19492 1346 217 216 1330 
19493 1295 38 39 553 
19494 1289 3 14 1638 
19495 6 15 1664 1315 
19496 1287 1627 13 1313 
19497 1634 1660 16 1536 
19498 1678 252 253 1356 
19499 1331 82 81 565 
19500 210 209 1364 1332 
19501 200 201 1342 1305 
19502 1313 81 2 828 
19503 1287 2 33 828 
19504 89 88 1330 547 
19505 1652 107 108 556 
19506 1660 258 16 1536 
19507 87 86 1321 785 
19508 193 194 1368 1306 
19509 1660 16 7 1634 
19510 1634 16 241 1536 
19511 1307 33 34 569 
19512 1287 13 2 1313 
19513 2 1287 1313 828 
19514 1634 7 1660 737 
19515 1328 214 215 1584 
19516 198 199 1352 1303 
19517 113 7 1634 737 
19518 1660 7 130 737 
19519 4370 4338 1571 4324 
19520 4370 1571 4338 4349 
19521 4360 801 4354 4323 
19522 4360 4354 801 720 
19523 4360 1600 4354 1519 
19524 4360 4354 1600 4323 
19525 4380 693 692 820 
19526 4380 692 693 4337 
19527 4380 4314 693 4321 
19528 4380 693 4314 4337 
19529 4349 4387 585 4335 
19530 585 4387 4349 4317 
19531 4349 585 663 584 
19532 4349 663 585 4317 
19533 4387 4317 1383 4349 
19534 4384 1685 534 4326 
19535 4384 534 1685 4322 
19536 622 4328 621 623 
19537 622 621 4328 4356 
19538 654 621 4328 623 
19539 654 4328 621 4356 
19540 1422 4356 654 1453 
19541 654 4356 1422 4328 
19542 1524 4375 1617 1373 
19543 1617 4375 1524 4327 
19544 4396 1464 1374 4372 
19545 4396 1374 1464 1579 
19546 4330 1644 1367 1649 
19547 4330 1367 1644 4327 
19548 576 1709 141 1705 
19549 576 141 1709 558 
19550 4331 1693 1692 1686 
19551 4331 1692 1693 4326 
19552 1706 4373 1365 1701 
19553 1365 4373 1706 4345 
19554 4361 1295 691 1298 
19555 4361 691 1295 4353 
19556 4338 1688 575 4392 
19557 575 1688 4338 4396 
19558 4387 1462 1383 4317 
19559 4387 1383 1462 1384 
19560 4370 714 772 4324 
19561 4370 772 714 572 
19562 4396 1687 1688 4338 
19563 4396 1688 1687 1684 
19564 4375 1644 1524 4327 
19565 4375 1524 1644 1630 
19566 1355 1648 4354 1632 
19567 4354 1648 1355 1518 
19568 1590 1686 261 1693 
19569 261 1686 1590 1340 
19570 1711 1348 4315 273 
19571 1711 4315 1348 1564 
19572 4388 1300 774 1307 
19573 4388 774 1300 4382 
19574 1371 1324 4324 1513 
19575 4324 1324 1371 1310 
19576 4374 1558 1559 1547 
19577 4374 1559 1558 4364 
19578 4374 759 760 4364 
19579 4374 760 759 748 
19580 722 4328 544 1422 
19581 722 544 4328 623 
19582 654 544 4328 1422 
19583 654 4328 544 623 
19584 721 1673 4355 1668 
19585 721 4355 1673 573 
19586 1366 1324 4324 1311 
19587 4324 1324 1366 1513 
19588 765 274 9 1712 
19589 765 9 274 549 
19590 1356 1674 253 1678 
19591 1356 253 1674 1520 
19592 1676 1363 257 1488 
19593 257 1363 1676 1675 
19594 1328 1538 4366 1584 
19595 4366 1538 1328 1329 
19596 543 1572 776 1342 
19597 543 776 1572 4350 
19598 1575 776 1572 1342 
19599 1575 1572 776 4350 
19600 1681 620 1659 1419 
19601 1659 620 1681 1679 
19602 798 1633 4371 1655 
19603 798 4371 1633 619 
3 7 4 66
19604 1281 272 1694 4397 
19605 1696 272 1281 4397 
19606 1281 1694 1688 4397 
19607 1696 1281 1689 4397 
19608 1683 1694 272 4397 
19609 1688 1694 1683 4397 
19610 1684 1281 1688 4397 
19611 1689 1281 1685 4397 
19612 1682 272 1696 4397 
19613 1685 1281 1692 4397 
19614 1714 1697 271 4397 
19615 1695 1714 271 4397 
19616 1692 1281 1684 4397 
19617 272 271 1683 4397 
19618 1682 1696 1689 4397 
19619 136 1688 1281 1694 
19620 1281 272 8 1694 
19621 1696 272 8 1281 
19622 17 271 1714 1697 
19623 1714 271 17 1695 
19624 1688 1684 135 1281 
19625 1714 261 262 1686 
19626 1693 1686 1714 4397 
19627 272 1682 271 4397 
19628 1686 1691 1714 4397 
19629 1695 1690 1714 4397 
19630 1687 1697 1714 4397 
19631 262 1714 1686 1691 
19632 135 136 1688 1281 
19633 261 1714 1693 1686 
19634 132 133 1685 1281 
19635 1689 132 1685 1281 
19636 1697 1683 271 4397 
19637 1685 133 1692 1281 
19638 1687 264 1714 1697 
19639 1714 1690 1693 4397 
19640 134 135 1684 1281 
19641 1689 1690 1682 4397 
19642 1687 1688 1683 4397 
19643 1691 1687 1714 4397 
19644 1695 259 1714 1690 
19645 263 1714 1691 1687 
19646 1714 260 261 1693 
19647 1692 134 1684 1281 
19648 1714 262 263 1691 
19649 131 1689 1696 1281 
19650 260 1714 1690 1693 
19651 1689 1685 1690 4397 
19652 1687 1684 1688 4397 
19653 1714 263 264 1687 
19654 271 1682 1695 4397 
19655 1714 264 17 1697 
19656 1696 8 131 1281 
19657 8 136 1281 1694 
19658 1690 1695 1682 4397 
19659 133 134 1692 1281 
19660 1697 1687 1683 4397 
19661 1714 17 259 1695 
19662 1689 131 132 1281 
19663 259 260 1714 1690 
19664 1685 1693 1690 4397 
19665 1691 1684 1687 4397 
19666 1692 1693 4397 1686 
19667 1692 4397 1693 1685 
19668 1692 1691 4397 1684 
19669 1692 4397 1691 1686 
3 8 4 66
19670 1711 1715 273 4398 
19671 1713 273 1715 4398 
19672 1706 1715 1711 4398 
19673 1713 1715 1704 4398 
19674 1711 273 1699 4398 
19675 1706 1701 1715 4398 
19676 1711 1699 1706 4398 
19677 1700 1704 1715 4398 
19678 1712 274 1282 4398 
19679 1700 1715 1708 4398 
19680 1282 274 1710 4398 
19681 273 1713 1698 4398 
19682 1707 1282 1702 4398 
19683 1708 1715 1701 4398 
19684 1711 18 273 1715 
19685 274 9 1712 1282 
19686 1713 273 18 1715 
19687 1702 1707 139 1282 
19688 274 9 1282 1710 
19689 274 1699 273 4398 
19690 1698 1713 1704 4398 
19691 1703 1282 1707 4398 
19692 265 1711 1706 1715 
19693 1702 139 140 1282 
19694 1282 1710 1705 4398 
19695 1709 1702 1282 4398 
19696 1712 1282 1703 4398 
19697 269 268 1700 1715 
19698 274 273 1698 4398 
19699 1704 269 1700 1715 
19700 1708 1700 268 1715 
19701 1706 1701 266 1715 
19702 1709 1702 140 1282 
19703 1699 274 1712 4398 
19704 142 1705 1282 1710 
19705 1712 137 1703 1282 
19706 1703 138 1707 1282 
19707 1703 1706 1699 4398 
19708 1701 1708 267 1715 
19709 1709 1282 1705 4398 
19710 270 1704 1713 1715 
19711 138 139 1707 1282 
19712 1698 1704 1705 4398 
19713 1701 267 266 1715 
19714 1706 266 265 1715 
19715 1713 18 270 1715 
19716 1712 9 137 1282 
19717 1711 265 18 1715 
19718 1705 1704 1700 4398 
19719 1705 1709 141 1282 
19720 1282 9 142 1710 
19721 1707 1701 1703 4398 
19722 1701 1706 1703 4398 
19723 1709 140 141 1282 
19724 274 1698 1710 4398 
19725 1701 1707 1702 4398 
19726 141 142 1705 1282 
19727 268 267 1708 1715 
19728 1705 1710 1698 4398 
19729 137 138 1703 1282 
19730 1699 1712 1703 4398 
19731 1704 270 269 1715 
19732 1701 1702 1708 4398 
19733 1700 1709 1705 4398 
19734 1708 1709 4398 1702 
19735 4398 1709 1708 1700 
3 9 4 7287
19736 4490 4875 4409 4879 
19737 4716 4717 4715 5030 
19738 4700 4869 4467 5145 
19739 4589 4752 4525 4762 
19740 4571 4633 4573 4943 
19741 2115 4611 4593 4702 
19742 4630 4676 4633 4716 
19743 2062 4595 4497 4681 
19744 1600 4593 4610 4761 
19745 5040 5079 4728 5169 
19746 1440 4566 4450 4681 
19747 4399 4636 4470 4952 
19748 4409 4490 4521 4534 
19749 4629 4630 4403 4631 
19750 1590 4609 4497 5008 
19751 4421 4574 4532 4578 
19752 4898 4979 4625 4980 
19753 4469 4594 1462 4663 
19754 4497 4681 4595 5091 
19755 22 304 5059 5060 
19756 4497 4595 2062 5091 
19757 4823 4906 4815 5003 
19758 4593 4611 2080 5067 
19759 2099 4714 4457 4891 
19760 2099 4457 4536 4891 
19761 4901 4904 4543 5143 
19762 4539 4728 4519 4922 
19763 1978 4857 4492 4961 
19764 4402 4539 4519 4922 
19765 2103 4533 4524 4780 
19766 4462 4613 335 4861 
19767 4436 4487 4554 4865 
19768 1730 4531 4499 4748 
19769 4543 4933 4901 5143 
19770 4528 4857 1978 4961 
19771 4429 4453 4615 4692 
19772 4432 4480 4478 4522 
19773 4432 4522 4478 5127 
19774 4432 4478 4587 5127 
19775 4452 4659 4689 4726 
19776 4411 4824 4546 4916 
19777 4450 4566 4451 4811 
19778 4487 4554 4495 4866 
19779 4411 4916 4546 5012 
19780 4546 4916 4824 5012 
19781 4409 4609 4490 4879 
19782 334 4462 335 4861 
19783 2093 4525 4752 4762 
19784 4487 4494 4554 4866 
19785 4659 4726 4452 5080 
19786 4546 4824 4411 4972 
19787 4824 4916 4411 4972 
19788 1727 4748 4499 4759 
19789 4521 4534 4490 4535 
19790 1998 4898 4625 4980 
19791 287 5131 5130 5132 
19792 4426 4543 4473 4933 
19793 4574 4578 4421 5159 
19794 4412 4465 4604 4665 
19795 4450 4417 4566 4811 
19796 4399 4470 4689 4956 
19797 4399 4952 4470 4956 
19798 4450 4566 1440 4880 
19799 4399 4689 4951 4956 
19800 4453 4692 4429 5118 
19801 4497 2062 4687 5091 
19802 4659 4888 4726 5080 
19803 4592 4605 1776 4804 
19804 4473 4543 4426 4860 
19805 1993 1520 1978 4492 
19806 4494 4866 4988 5001 
19807 4495 4988 4866 5001 
19808 4399 4689 4659 4726 
19809 4436 4554 4704 4865 
19810 4687 5091 2062 5138 
19811 4447 4875 4490 4879 
19812 4557 4661 4479 5141 
19813 4452 4726 4689 5080 
19814 4522 4837 4668 5164 
19815 4409 4697 4664 5119 
19816 2062 5091 4595 5138 
19817 4412 4665 4604 5081 
19818 4522 4432 4668 4837 
19819 4544 330 4765 4887 
19820 330 4851 4765 4887 
19821 4412 4472 4665 5081 
19822 1739 4640 4496 4983 
19823 4676 4920 4630 5014 
19824 4450 4417 4595 4681 
19825 4409 4664 4445 5119 
19826 4483 4920 4676 5014 
19827 4544 4765 330 5149 
19828 4630 4715 4676 4716 
19829 4405 4452 4595 4811 
19830 4451 4570 4450 5053 
19831 4404 4490 4534 4535 
19832 1456 1530 1435 4960 
19833 2057 4487 2031 4867 
19834 4568 4576 4574 4582 
19835 4417 4450 4595 4811 
19836 2038 4447 2043 4817 
19837 4811 5085 4689 5091 
19838 4409 4521 4490 4895 
19839 2117 4500 1360 4965 
19840 4514 4587 4432 5105 
19841 1360 2117 1347 4500 
19842 4514 4432 4641 5105 
19843 4420 4649 4719 4890 
19844 4505 4728 4539 4922 
19845 2082 4780 4613 4881 
19846 4462 4691 2081 4802 
19847 1847 5075 5070 5076 
19848 1963 4662 4526 4757 
19849 4442 4574 4568 4576 
19850 1520 1978 4492 4961 
19851 1462 4469 1383 4594 
19852 4664 4697 4445 5119 
19853 4414 4608 4517 4689 
19854 4399 4951 4952 4956 
19855 340 1348 4727 5010 
19856 4482 4592 4430 4736 
19857 4640 4982 4496 4983 
19858 4541 4559 4473 4560 
19859 4411 4707 4547 4876 
19860 2062 4595 4681 4973 
19861 4668 4837 4581 5164 
19862 4470 4636 4399 5085 
19863 4405 4689 4452 4811 
19864 4403 4630 4629 5014 
19865 4412 4604 4472 5081 
19866 2005 4616 4530 4813 
19867 4517 5025 4654 5158 
19868 4427 4682 4519 4761 
19869 4447 4740 2038 4778 
19870 4430 4482 4736 5050 
19871 2005 4530 4616 4964 
19872 2043 4447 2038 4778 
19873 1590 4497 2030 5008 
19874 287 1910 288 5132 
19875 4459 4824 4916 5012 
19876 4505 4733 4502 5137 
19877 4425 4460 4690 4709 
19878 4597 4773 4581 5164 
19879 4448 4502 4733 5137 
19880 4426 4901 4543 4933 
19881 330 4601 4851 4887 
19882 4526 4527 4408 4662 
19883 4531 4672 1743 4673 
19884 4522 4773 4597 5164 
19885 4472 4604 4412 4629 
19886 4517 4653 5025 5158 
19887 4409 4445 4659 5119 
19888 4487 4862 2031 4867 
19889 4405 4595 4452 4947 
19890 4411 4876 4547 4938 
19891 4420 4649 4677 4719 
19892 4414 4689 4517 5158 
19893 4417 4450 4566 4681 
19894 4619 4620 4607 5084 
19895 1440 4681 4450 4937 
19896 4411 4546 4876 4938 
19897 4452 4811 4689 5091 
19898 4478 4432 4587 5105 
19899 4443 4709 4690 4936 
19900 4426 4473 4901 4933 
19901 1525 1462 4594 4663 
19902 2039 4778 4532 4815 
19903 4519 4682 4464 4761 
19904 4719 4842 4769 4890 
19905 4459 4546 4410 4551 
19906 4434 4592 4482 4736 
19907 4522 4837 4597 5127 
19908 2095 4752 4589 4762 
19909 340 4727 5005 5010 
19910 1918 4596 4766 4770 
19911 4436 4704 4554 5168 
19912 4445 4635 1570 4833 
19913 288 5132 1910 5133 
19914 4585 4690 4425 4830 
19915 4442 4576 4568 4789 
19916 1529 4461 4738 4775 
19917 1520 4528 1978 4961 
19918 4565 4856 4463 5064 
19919 4443 4586 4709 4936 
19920 4447 4817 2038 4879 
19921 1600 4610 1485 4761 
19922 2039 4815 4532 4821 
19923 4719 4649 4842 4890 
19924 4445 4409 4659 4833 
19925 4450 4451 4566 4570 
19926 4935 4942 4940 5027 
19927 4676 4715 4630 4920 
19928 4445 1570 4664 4833 
19929 4478 4641 4432 5105 
19930 4445 4696 1546 4795 
19931 4452 4740 4888 5080 
19932 2058 4484 4649 4842 
19933 2027 2058 4484 4649 
19934 4436 4554 4487 4885 
19935 2030 4497 2067 5008 
19936 1360 1347 1581 4500 
19937 4476 4684 4680 4772 
19938 4680 4684 4455 4772 
19939 4443 4690 4585 4830 
19940 4497 4609 1590 5129 
19941 2058 4484 4842 4985 
19942 4401 4690 4460 4709 
19943 4445 4664 4409 4833 
19944 4500 4622 4439 4634 
19945 4521 4697 4534 5155 
19946 340 1348 4500 4727 
19947 4399 4726 4659 4888 
19948 4439 4634 4622 4822 
19949 4520 4636 4470 5042 
19950 4494 4988 4767 5001 
19951 4412 4472 4629 4730 
19952 4524 4916 4824 4972 
19953 4497 4609 2067 5008 
19954 4544 4887 4765 5149 
19955 4501 4623 2094 4991 
19956 1440 1444 4566 4681 
19957 4715 4717 4673 4719 
19958 4630 4631 4629 4913 
19959 1727 1730 4499 4748 
19960 4425 4690 4585 4709 
19961 4573 4743 4699 4882 
19962 4426 4617 4556 4691 
19963 4769 4842 4649 4890 
19964 4456 4742 4401 5107 
19965 329 330 4765 5149 
19966 2066 4663 4656 4736 
19967 4856 4965 4463 5064 
19968 5070 5074 4510 5075 
19969 4742 4822 4401 5107 
19970 4453 4593 4427 4610 
19971 4843 4979 4625 5062 
19972 4581 4773 4597 5004 
19973 4421 4532 4574 4989 
19974 4527 4662 4526 4807 
19975 4556 4617 4438 4691 
19976 4420 4677 4715 4719 
19977 4574 4652 4651 4850 
19978 4608 4821 4654 4985 
19979 4443 4585 4690 4709 
19980 4623 4752 4441 4814 
19981 4441 4752 4598 4814 
19982 2082 4613 2073 4881 
19983 4659 4452 4888 5080 
19984 2026 4487 4494 4554 
19985 4455 4678 4680 4803 
19986 4717 4719 4715 5030 
19987 1993 1372 1520 4492 
19988 1776 4605 1781 4804 
19989 4401 4502 4456 5107 
19990 4456 4502 4401 4794 
19991 4458 4407 4688 4784 
19992 4543 4901 4426 4904 
19993 4459 4410 4546 5012 
19994 4467 5096 4800 5145 
19995 4450 4880 1440 4937 
19996 330 4544 331 5167 
19997 1932 4698 4479 5141 
19998 2027 4484 2058 4985 
19999 4429 4615 4488 4692 
20000 2106 4500 2117 4965 
20001 4510 4585 4619 4620 
20002 2043 4447 4778 4817 
20003 1565 2080 4611 5067 
20004 4516 4660 4431 5105 
20005 2043 4778 4516 4817 
20006 1565 4593 2080 5067 
20007 4478 4660 4516 5105 
20008 4478 4431 4660 5105 
20009 4447 4490 4489 4879 
20010 4405 4699 4743 4882 
20011 2089 4752 4623 4814 
20012 1347 340 1348 4500 
20013 1606 1513 1366 4482 
20014 4597 4837 4587 5127 
20015 4478 4480 4432 4641 
20016 4674 4715 4719 5030 
20017 2089 4598 4752 4814 
20018 4552 4979 4843 5062 
20019 4455 4680 4512 4803 
20020 2051 331 330 4544 
20021 4654 5025 4414 5158 
20022 4539 4703 4889 5007 
20023 5068 5074 5069 5122 
20024 4459 4546 4824 5012 
20025 4607 4619 4585 4620 
20026 4605 4704 1781 4804 
20027 4452 4740 4659 4888 
20028 1360 4500 1581 4856 
20029 4560 4841 4705 4903 
20030 4402 5137 4456 5144 
20031 4517 4654 4414 5158 
20032 1546 1570 4445 4795 
20033 4434 4736 4663 4981 
20034 4442 4888 4740 5080 
20035 2099 4536 4457 5052 
20036 4407 4480 4478 4641 
20037 4556 4691 4438 4902 
20038 4407 4478 4480 4977 
20039 4426 4691 4556 4902 
20040 4458 4407 4784 5110 
20041 4472 4628 4604 4629 
20042 4558 4647 4646 4722 
20043 1761 4482 1513 4712 
20044 4902 4904 4901 5143 
20045 1562 4856 4565 5064 
20046 4880 5053 4570 5120 
20047 4473 4541 4560 4933 
20048 4518 4943 4573 5111 
20049 2061 2062 4595 5138 
20050 4412 4531 4544 4672 
20051 2100 2081 4691 4802 
20052 1347 1348 1391 4500 
20053 4429 4692 4488 4874 
20054 4503 4776 4775 4793 
20055 4409 4534 4521 4697 
20056 2100 2081 4758 4854 
20057 4500 4856 1360 4965 
20058 4613 4881 4780 4949 
20059 4532 4815 4578 4821 
20060 2093 4752 2095 4762 
20061 4472 5053 4880 5120 
20062 4447 4489 4490 4756 
20063 1376 4599 4971 4984 
20064 4699 4743 4451 4811 
20065 4427 4464 4682 4761 
20066 4464 5005 4727 5010 
20067 2002 4550 4549 5106 
20068 4948 4987 4496 5170 
20069 1732 4499 1730 4531 
20070 4412 4499 4748 4759 
20071 1562 4965 4856 5064 
20072 2086 4485 4623 4893 
20073 4678 4729 4455 5162 
20074 4478 4522 4480 4741 
20075 4412 4602 4472 4730 
20076 4935 4518 4942 5027 
20077 4521 4535 4490 4735 
20078 1588 4727 4622 5043 
20079 4451 4699 4573 4743 
20080 4940 4942 4935 4946 
20081 4462 4645 4613 4861 
20082 4524 4411 4916 4972 
20083 1546 4445 4664 4696 
20084 1384 4599 4810 4971 
20085 4409 4521 4664 4697 
20086 2099 4457 4714 5044 
20087 1978 1994 4492 4857 
20088 4421 4989 4574 5159 
20089 1978 1994 1993 4492 
20090 4502 4448 4733 4792 
20091 4540 4889 4703 5007 
20092 4409 4740 4687 4879 
20093 4453 4611 4429 4615 
20094 1757 4770 4766 5000 
20095 4404 4534 4490 4875 
20096 1525 1462 1383 4594 
20097 4574 4582 4576 4850 
20098 4737 5015 4498 5020 
20099 4522 4421 4597 5159 
20100 4457 4406 4694 5044 
20101 2100 4758 4617 4854 
20102 1384 4599 4469 4810 
20103 4536 5052 4426 5077 
20104 2067 4609 4497 4879 
20105 4487 4436 4693 4865 
20106 4692 4874 4429 5118 
20107 4403 4631 4630 4633 
20108 2038 2043 2044 4817 
20109 4471 4951 4689 4956 
20110 4412 4672 4544 4730 
20111 2093 2094 4623 4991 
20112 2086 4892 4485 4893 
20113 4455 4729 4678 4803 
20114 4622 4727 1588 4732 
20115 4522 4597 4773 5159 
20116 4527 4408 4662 4834 
20117 4490 4609 4489 4879 
20118 1490 1724 4604 4628 
20119 4498 4883 4463 5015 
20120 2026 4494 4487 4867 
20121 4420 4920 4484 5160 
20122 4456 5137 4507 5144 
20123 4427 4453 4610 5093 
20124 4678 4803 4729 5162 
20125 4442 4574 4576 5108 
20126 4701 4981 4706 5148 
20127 2115 4593 2108 4702 
20128 2089 4752 4598 5009 
20129 4457 5052 4536 5077 
20130 4701 4469 4981 5148 
20131 4505 4732 4502 4733 
20132 4473 4559 4541 5144 
20133 2043 4516 4660 4998 
20134 4677 4719 4649 4842 
20135 4499 4531 4412 4748 
20136 4544 4796 331 5167 
20137 4516 4817 4778 4977 
20138 4443 4586 4585 4709 
20139 2093 4623 4752 4991 
20140 1805 1776 1781 4804 
20141 4940 4946 4935 5027 
20142 4402 4505 4539 4922 
20143 2081 2105 4758 4854 
20144 4595 4681 4417 5091 
20145 4532 4778 4421 4815 
20146 4426 4542 4536 5077 
20147 4453 4429 4603 5118 
20148 1350 4567 1377 4611 
20149 1383 4594 4469 4599 
20150 4460 4709 4425 4923 
20151 1590 1333 2030 4497 
20152 2093 4752 4525 4991 
20153 4480 4641 4538 4642 
20154 4425 4690 4460 5061 
20155 1475 4727 4464 5079 
20156 4649 4890 4420 5100 
20157 2102 4611 2115 4702 
20158 4424 4485 4623 4894 
20159 4406 4705 4559 4886 
20160 4402 4507 5137 5144 
20161 4575 5018 4850 5108 
20162 2051 331 4544 4796 
20163 4689 5085 4659 5091 
20164 4409 4659 4687 4740 
20165 1391 4500 1348 4727 
20166 4499 4640 1738 4907 
20167 5068 5121 5074 5122 
20168 4500 4727 1391 5043 
20169 5075 5121 4847 5122 
20170 4409 4888 4697 5119 
20171 4401 4690 4709 4936 
20172 4523 4982 4640 4983 
20173 4525 4753 4589 4762 
20174 4460 4694 4406 5044 
20175 1968 4809 22 5059 
20176 4544 4672 4531 5100 
20177 4578 4906 4421 5159 
20178 4416 4601 4499 4640 
20179 4499 4601 4413 4640 
20180 4436 4704 4605 4804 
20181 4418 4622 4500 4634 
20182 2063 4815 2039 4821 
20183 2037 4740 2038 5019 
20184 4451 4743 4570 5053 
20185 4428 4453 4615 4702 
20186 4407 4458 4688 4744 
20187 4620 4710 4607 5084 
20188 4590 4591 4551 4827 
20189 4409 4659 4740 4888 
20190 1444 4566 4681 4921 
20191 4418 4622 4634 4822 
20192 4597 4840 4837 5004 
20193 4407 4480 4756 4977 
20194 2037 2038 4740 4778 
20195 4446 4766 4596 4770 
20196 2044 2038 4817 4879 
20197 2048 4663 4736 4981 
20198 1950 4816 4610 4873 
20199 4722 4852 4592 5063 
20200 1738 4640 4499 4836 
20201 4432 4480 4522 4992 
20202 4452 4689 4659 5091 
20203 4405 4452 4608 4947 
20204 4401 4709 4460 4742 
20205 1918 4596 4494 4766 
20206 4402 4505 4507 4539 
20207 4472 4730 5053 5120 
20208 2093 4525 2094 4991 
20209 4490 4724 4564 4735 
20210 2110 4567 1350 4611 
20211 4402 4922 4456 5137 
20212 2080 4593 2115 4611 
20213 4517 4689 4608 5104 
20214 4405 4595 4468 4811 
20215 2082 4613 4780 4861 
20216 4472 4602 4412 4665 
20217 4453 4428 4615 4692 
20218 1828 1829 1397 1399 
20219 4424 4485 4894 5142 
20220 4402 4456 4899 5144 
20221 4452 4687 4659 4740 
20222 4468 4595 4405 4947 
20223 4472 4629 4730 5120 
20224 4517 4653 5022 5025 
20225 4405 4743 4699 4811 
20226 4473 4860 4426 5077 
20227 2099 4714 337 5044 
20228 4689 5104 4517 5158 
20229 2037 4778 4740 5019 
20230 4647 4722 4558 4745 
20231 1590 1333 4497 5129 
20232 4675 4882 4484 4920 
20233 4420 4483 4920 5160 
20234 4412 4629 4604 4748 
20235 4521 4409 4664 4895 
20236 4427 4593 4453 5048 
20237 4531 4836 4446 5000 
20238 4454 5015 4737 5020 
20239 4430 4592 4482 4722 
20240 4421 4578 4532 4815 
20241 1348 1475 4727 5010 
20242 2039 2040 4778 4815 
20243 4650 4831 4467 5162 
20244 4676 4715 4674 4716 
20245 4629 4748 4672 4913 
20246 4409 4490 4609 4895 
20247 1334 1814 1864 1578 
20248 1804 4594 1364 4599 
20249 4605 4731 4435 4760 
20250 4530 4813 4616 4957 
20251 4405 4608 4452 4689 
20252 1833 1834 1836 1394 
20253 4450 4595 4811 5053 
20254 1513 4482 1606 4712 
20255 4609 4664 4409 4895 
20256 1978 1520 2006 4528 
20257 4465 4665 4412 4796 
20258 4576 4850 5018 5108 
20259 4408 4527 4526 4753 
20260 4439 4776 4774 4790 
20261 4556 4750 4617 5099 
20262 328 2057 4596 4765 
20263 4481 5054 4912 5090 
20264 4707 4711 4547 4876 
20265 2082 335 4613 4861 
20266 1384 1382 4599 4971 
20267 287 288 5131 5132 
20268 1400 1397 1829 1399 
20269 4400 4883 4498 5015 
20270 1384 1383 4469 4599 
20271 4701 4706 4416 5148 
20272 4738 4774 4439 4776 
20273 2038 5019 4740 5138 
20274 4472 4730 4602 5053 
20275 2043 4660 2040 4998 
20276 4952 5016 4951 5017 
20277 1782 4731 4605 4760 
20278 4458 4688 1434 4845 
20279 4557 4662 1965 4757 
20280 4406 4886 4559 4899 
20281 4510 4585 4620 4695 
20282 1346 1530 1456 4960 
20283 4422 4831 4650 5162 
20284 340 4727 4500 5005 
20285 4455 4910 4678 5162 
20286 1554 4664 4833 5129 
20287 4490 4534 4409 4875 
20288 1546 4445 1570 4664 
20289 4502 4733 4734 4792 
20290 4527 4626 4525 4997 
20291 1432 4489 4784 4896 
20292 4427 5048 4453 5093 
20293 4674 4715 4676 4920 
20294 1430 1490 4604 4628 
20295 1937 4603 1933 4874 
20296 1796 4704 4495 4865 
20297 4436 4605 4592 4804 
20298 4407 4493 4489 4784 
20299 4603 4698 1933 4874 
20300 4489 4493 4407 4817 
20301 4556 4617 4428 5099 
20302 4450 4602 4472 4937 
20303 1889 4767 4988 5170 
20304 4608 4689 4405 5104 
20305 1992 4616 4813 4857 
20306 4494 4596 2057 4765 
20307 4403 4633 4630 5014 
20308 4544 4601 330 4887 
20309 4431 4658 4491 4998 
20310 4499 4531 1732 4836 
20311 4489 4756 4564 4896 
20312 4461 4927 5139 5140 
20313 4491 4658 4431 4783 
20314 1950 4816 4873 5118 
20315 4435 4495 4704 5168 
20316 4519 4682 4402 4922 
20317 4495 4865 4487 4866 
20318 2026 4487 4554 4885 
20319 1828 1829 1399 1826 
20320 4539 4703 5007 5039 
20321 4456 4794 4401 4797 
20322 4490 4535 4404 4724 
20323 330 331 4601 5167 
20324 4406 4457 4694 4899 
20325 4660 4778 2040 4815 
20326 1978 4528 2004 4857 
20327 4630 4672 4629 5014 
20328 333 4465 332 4665 
20329 4758 4930 4617 5099 
20330 1992 4813 1994 4857 
20331 4689 4956 4699 5104 
20332 4435 5001 4495 5168 
20333 4656 4663 4434 4736 
20334 4458 4739 1471 4746 
20335 1556 4535 4521 4735 
20336 1525 4663 4594 5103 
20337 4470 4699 4689 4956 
20338 4495 4554 4487 4865 
20339 2057 2059 2031 4487 
20340 2110 2101 2077 4855 
20341 4627 4855 4492 4961 
20342 2045 4497 2062 4687 
20343 4427 4519 4682 5007 
20344 4432 4587 4514 4838 
20345 1424 4656 4482 4845 
20346 4554 4638 4706 4851 
20347 4453 4702 4428 5048 
20348 2089 4553 4752 5009 
20349 4410 4467 4650 4779 
20350 4473 4543 4860 4933 
20351 1839 1460 1414 1840 
20352 4536 4555 4542 5088 
20353 4411 4876 4546 4972 
20354 4601 4640 4416 4872 
20355 1400 1500 1405 1851 
20356 4650 4455 4729 5162 
20357 4618 4669 1949 5093 
20358 4778 4817 4447 4977 
20359 4513 4641 4558 4647 
20360 4483 4743 4573 4882 
20361 4405 4468 4743 4811 
20362 4512 4476 4858 4927 
20363 4607 4620 4585 4751 
20364 4422 4808 4786 4870 
20365 4554 4706 4638 5168 
20366 4431 4491 4657 4998 
20367 4533 4780 4881 4949 
20368 4513 4514 4641 4647 
20369 1500 1400 1829 1851 
20370 4517 5022 4654 5025 
20371 4489 4490 4756 4896 
20372 4512 4858 4565 4927 
20373 335 4462 2081 4802 
20374 4564 4724 4537 4735 
20375 4465 4412 4604 4759 
20376 4580 4639 4582 4785 
20377 4492 1994 4813 4857 
20378 4459 4779 4485 4893 
20379 1379 4489 1432 4896 
20380 4400 4498 4737 5015 
20381 4402 4694 4456 4922 
20382 4610 4669 1485 4761 
20383 2031 4487 2059 4862 
20384 4401 4822 4502 5107 
20385 2057 2026 4487 4867 
20386 4406 4457 4802 5044 
20387 4732 4734 4733 5169 
20388 4597 4823 4587 4840 
20389 4591 4551 4827 4829 
20390 2043 4660 4516 4778 
20391 4766 4770 4446 5000 
20392 4549 5049 4938 5106 
20393 4469 4701 4810 5148 
20394 4423 4515 4627 4961 
20395 4438 4854 4569 5113 
20396 1366 4482 1767 4739 
20397 4595 4811 4452 5091 
20398 4402 4456 4694 4899 
20399 4453 4603 4429 4611 
20400 1460 1839 1841 1840 
20401 2089 4598 2090 5009 
20402 4485 4808 4423 4831 
20403 4431 4783 4516 5105 
20404 2081 4462 2119 4854 
20405 4510 4620 4619 5070 
20406 4952 4955 4951 5016 
20407 4484 4517 4882 5024 
20408 4426 4536 4542 5088 
20409 4551 4590 4410 4591 
20410 4831 4870 4467 5142 
20411 1808 1542 1335 1819 
20412 4435 4704 4495 4731 
20413 4542 4555 4536 5048 
20414 4719 4842 4677 5033 
20415 4650 4779 4467 4870 
20416 4473 4860 4541 4933 
20417 4470 4699 4451 4811 
20418 4752 4957 4598 5009 
20419 4514 4641 4432 4723 
20420 4673 4719 4717 4771 
20421 4454 4786 4808 4870 
20422 4479 4698 1585 4798 
20423 4401 4709 4586 4936 
20424 4420 4677 4484 4920 
20425 4683 4684 4477 4772 
20426 4455 4684 4683 4772 
20427 4519 4728 4539 5040 
20428 4410 4779 4650 4870 
20429 4484 4882 4675 5024 
20430 4410 4459 4551 4779 
20431 2069 4596 2057 4867 
20432 4564 4784 4489 4896 
20433 4406 4559 4705 4899 
20434 2045 2067 4497 4879 
20435 4786 4892 4808 5020 
20436 4542 4682 4536 5077 
20437 2038 4740 4687 5138 
20438 4559 4508 4563 4705 
20439 4426 4542 4555 5088 
20440 4467 4410 4650 4781 
20441 2100 2081 2105 4758 
20442 4423 4485 4831 5142 
20443 4432 4514 4723 4838 
20444 4694 4822 4742 5107 
20445 4491 5130 1787 5154 
20446 4435 4706 4554 5168 
20447 4602 4665 4472 4937 
20448 4403 4743 4570 4990 
20449 1401 1400 1880 1826 
20450 4622 4727 4500 5043 
20451 4455 4650 4910 5162 
20452 4608 4821 2039 5019 
20453 4460 4425 4881 4923 
20454 1394 1831 1835 1396 
20455 1432 4784 4564 4896 
20456 4410 4938 5049 5106 
20457 1554 4833 4635 4921 
20458 1414 1835 1850 1396 
20459 4406 4802 4457 5124 
20460 4515 4423 4627 4970 
20461 4423 4808 4485 4970 
20462 4530 4616 4441 4957 
20463 2110 4567 2101 4855 
20464 2005 4713 4530 4964 
20465 2114 4515 1595 4627 
20466 1432 4489 1379 4784 
20467 4431 4657 4491 4819 
20468 4420 4649 4484 4677 
20469 4491 4804 1787 5130 
20470 2081 4691 4462 4854 
20471 4610 4816 4453 4873 
20472 4480 4741 4522 4992 
20473 4544 4730 4672 5100 
20474 2110 2077 1594 4855 
20475 4700 4894 4624 4964 
20476 4426 4860 4542 5077 
20477 4523 4907 4640 5148 
20478 4400 4565 4512 4858 
20479 1565 2080 1365 4611 
20480 4407 4564 4489 4756 
20481 4539 4728 4505 5040 
20482 4413 4851 4494 5001 
20483 4568 4576 4582 4787 
20484 4525 4752 4589 4753 
20485 4482 4592 4434 5063 
20486 4570 4743 4451 4990 
20487 4406 4511 4563 4742 
20488 4597 4421 4906 5159 
20489 4417 5085 4811 5091 
20490 4410 4459 4779 4870 
20491 4473 4541 4860 5144 
20492 4408 4589 4752 4753 
20493 2054 4554 4638 5126 
20494 4457 4536 4682 5077 
20495 4564 4756 4490 4896 
20496 4402 4507 4505 5137 
20497 4441 4616 4530 4964 
20498 4560 4903 4705 4933 
20499 4492 4813 4616 4857 
20500 1471 4739 4458 4845 
20501 1834 1831 1835 1394 
20502 4568 4582 4574 5159 
20503 4599 4810 4971 5148 
20504 4460 4690 4401 4822 
20505 4862 4867 4487 4868 
20506 4446 4836 4766 5000 
20507 4431 4783 4658 4998 
20508 4464 4727 1475 5010 
20509 1993 4492 1991 4915 
20510 1901 4710 4708 4711 
20511 4490 4735 4564 4896 
20512 4464 4891 4714 5005 
20513 4492 4423 4598 4627 
20514 1554 4664 1570 4833 
20515 2005 4530 1989 4813 
20516 4590 4551 4825 4827 
20517 2070 1361 333 4665 
20518 2105 2104 4569 4854 
20519 335 4613 4462 4802 
20520 1371 1760 1778 4594 
20521 4459 4424 4551 4779 
20522 4411 4547 4926 4938 
20523 4558 4646 4430 4722 
20524 2084 4459 4893 4959 
20525 4406 4457 4899 5124 
20526 4581 4597 4837 5004 
20527 1825 1408 1501 1885 
20528 1554 1570 4635 4833 
20529 4479 4698 4798 4871 
20530 4406 4613 4462 4645 
20531 4407 4756 4489 4817 
20532 4521 4735 4490 4895 
20533 2048 4663 2066 4736 
20534 4820 5057 4819 5132 
20535 4554 4706 4435 4872 
20536 4403 5053 4730 5120 
20537 4423 4831 4808 4970 
20538 4450 4472 4880 4937 
20539 4456 4401 4742 4797 
20540 1595 4515 2114 5109 
20541 4423 4627 4492 4961 
20542 4484 4882 4517 5160 
20543 1603 1459 1905 1841 
20544 4559 4899 4456 5144 
20545 4482 4722 4592 5063 
20546 4461 4738 4565 4927 
20547 4819 4863 4693 5130 
20548 4495 5001 4554 5168 
20549 4491 4819 4693 5130 
20550 2054 4638 4554 4851 
20551 4569 4438 4755 4758 
20552 4554 4851 4706 4872 
20553 2105 4569 4758 4854 
20554 4840 4928 4838 5133 
20555 4517 4882 4405 5160 
20556 4426 4473 4900 4901 
20557 2084 4459 4892 4893 
20558 4446 4770 4596 4890 
20559 1922 4978 4932 4980 
20560 4454 4870 4808 4892 
20561 1835 1840 1414 1850 
20562 4660 4778 4741 4977 
20563 4427 4542 4536 5048 
20564 4497 4417 4681 5091 
20565 4608 2042 4821 4985 
20566 1850 1500 1397 1829 
20567 4453 4428 4692 5048 
20568 4520 4566 1551 4635 
20569 4463 4883 4498 4918 
20570 4480 4642 4538 4666 
20571 4553 4957 4752 5009 
20572 1831 1397 1850 1396 
20573 2059 4657 4487 4885 
20574 4789 4875 4568 4989 
20575 1778 1371 4594 4712 
20576 4750 4755 4438 4758 
20577 4611 4615 4453 4702 
20578 4406 4613 4460 5044 
20579 4407 4458 4744 5110 
20580 4529 4467 4831 5162 
20581 4403 4570 4743 5053 
20582 328 4596 4769 5149 
20583 1459 1603 1460 1841 
20584 4426 4556 4617 5088 
20585 4519 4402 4682 5007 
20586 4485 4870 4831 5142 
20587 1729 4499 1738 4907 
20588 2054 4885 4554 5126 
20589 1490 1352 1724 4628 
20590 1400 1401 1399 1826 
20591 1393 1833 1395 1497 
20592 4675 4935 4942 4946 
20593 4558 4641 4514 4647 
20594 4427 4669 4519 5007 
20595 4482 4656 4434 4736 
20596 4403 4990 4570 5089 
20597 4409 4659 4888 5119 
20598 4922 5107 4456 5137 
20599 1727 1730 1732 4499 
20600 2077 2101 4627 4855 
20601 4444 4758 4589 4762 
20602 1588 1391 4727 5043 
20603 4563 4742 4511 4886 
20604 4525 4626 4527 4764 
20605 2100 4617 4691 4854 
20606 1606 4712 4482 5103 
20607 4519 4539 4402 5007 
20608 4399 4952 4951 5017 
20609 1540 1424 1606 4482 
20610 4406 4563 4705 4886 
20611 1542 1426 1589 1820 
20612 1333 4497 1555 4681 
20613 4458 4784 4493 5110 
20614 4650 5096 4466 5162 
20615 1533 1361 1602 4665 
20616 334 2081 335 4462 
20617 4446 4836 4531 4887 
20618 4419 4598 4492 4813 
20619 4527 4713 4626 4997 
20620 1606 4482 1424 5103 
20621 4429 4615 4611 5056 
20622 4427 4555 4542 5048 
20623 4406 4742 4563 4886 
20624 4480 4432 4641 4642 
20625 4520 4636 4635 4795 
20626 4537 4724 4564 5102 
20627 1771 4852 4722 5063 
20628 2051 4796 4544 5092 
20629 1864 1957 1814 1334 
20630 1993 1372 4492 4915 
20631 4424 4459 4551 4893 
20632 4465 4412 4759 5179 
20633 4465 5167 4412 5179 
20634 4738 4776 4439 5043 
20635 2045 4497 4687 4879 
20636 4412 5167 4759 5179 
20637 4414 4517 4608 4654 
20638 4424 4552 4551 5062 
20639 4517 4608 4405 5104 
20640 4404 4568 4789 4875 
20641 1430 4628 4604 5081 
20642 2057 4596 4494 4867 
20643 4575 5017 5016 5018 
20644 4410 4459 4870 5012 
20645 1459 1460 1414 1839 
20646 2057 4494 2026 4867 
20647 4413 4640 4601 4872 
20648 1573 4588 1716 4606 
20649 4424 4551 4829 5062 
20650 4573 4990 4571 5013 
20651 4820 5132 5131 5133 
20652 4605 4704 4435 4731 
20653 1520 1592 4528 4961 
20654 4617 4758 4438 4854 
20655 1590 1628 1333 5129 
20656 4502 4733 4732 4734 
20657 2096 4589 4930 5099 
20658 4706 4981 4701 4993 
20659 1919 4864 4866 4868 
20660 4593 4702 4453 5048 
20661 1403 1398 1830 1497 
20662 2016 4713 4527 4834 
20663 1471 4458 1434 4845 
20664 4597 4587 4837 4840 
20665 1502 1401 1825 1826 
20666 4427 4618 4669 5007 
20667 4546 4410 4590 4938 
20668 4489 4609 4490 4896 
20669 1593 4492 4855 4961 
20670 4606 4907 4523 5148 
20671 1414 1839 1835 1413 
20672 4459 4552 4551 4893 
20673 4424 4551 4552 4893 
20674 2102 4611 4702 5056 
20675 1404 1400 1852 1880 
20676 1880 1400 1829 1826 
20677 4569 4755 4438 5114 
20678 4425 4498 4612 4830 
20679 4434 4638 4736 4981 
20680 4485 4779 4424 4893 
20681 4558 4641 4513 4744 
20682 4545 4546 4410 5012 
20683 1501 1502 1408 1825 
20684 1480 4776 4734 4793 
20685 1394 1833 1831 1395 
20686 4406 4563 4511 5068 
20687 2081 334 2119 4462 
20688 1347 2117 340 4500 
20689 330 4601 4544 5167 
20690 4598 4616 4492 4813 
20691 2085 2094 4501 4623 
20692 1440 1615 4681 4937 
20693 4689 4471 4956 5104 
20694 4442 4875 4789 4989 
20695 4408 4752 4525 4753 
20696 1455 4627 4515 4961 
20697 4522 4568 4421 5159 
20698 4425 4830 4612 5011 
20699 4808 4870 4485 4892 
20700 4513 4647 4558 4744 
20701 1776 4592 1772 4605 
20702 4433 4969 4861 5071 
20703 4487 4657 4862 4863 
20704 4569 4444 4754 4962 
20705 4556 4904 4902 4905 
20706 4423 4485 4814 4970 
20707 1602 4465 4665 5178 
20708 4485 4814 4623 4894 
20709 4460 4742 4709 4923 
20710 4491 4658 4657 4998 
20711 1527 1334 1864 1578 
20712 4439 4634 4690 4918 
20713 1840 1498 1500 1851 
20714 4622 4776 4439 4790 
20715 4444 4569 4754 4755 
20716 1716 4606 4588 4907 
20717 1850 1500 1414 1396 
20718 4442 4726 4888 5080 
20719 4590 4938 4410 5106 
20720 4629 4631 4403 5120 
20721 2086 4623 4485 4814 
20722 1377 4611 4567 4914 
20723 4491 4646 1787 4852 
20724 4438 4617 4556 4750 
20725 1925 4919 4703 5038 
20726 4454 4545 4729 5049 
20727 4423 4528 4515 4961 
20728 4454 4729 4870 5049 
20729 4865 4866 4864 4868 
20730 4424 4623 4485 4893 
20731 1840 1500 1414 1850 
20732 1399 1829 1400 1826 
20733 4513 4641 4514 4723 
20734 1391 1588 1613 5043 
20735 1398 1397 1828 1395 
20736 2110 1594 4567 4855 
20737 4738 4775 4774 4776 
20738 4454 4870 4545 5049 
20739 4662 4807 4527 4834 
20740 4503 4793 4791 5086 
20741 4553 4589 2096 4752 
20742 4412 4748 4604 4759 
20743 1553 1554 1570 4635 
20744 1790 4594 4599 4760 
20745 4574 4849 4652 4850 
20746 4791 4793 4792 5086 
20747 4404 4535 4534 5155 
20748 1365 1350 1377 4611 
20749 1540 4482 1606 4739 
20750 1374 4656 2056 4663 
20751 2063 4578 4815 4821 
20752 1533 333 4465 4701 
20753 1394 1835 1834 1413 
20754 1424 4482 1540 4845 
20755 1736 4588 4759 4907 
20756 1970 4832 4750 4939 
20757 4688 4784 1434 4845 
20758 4411 4545 4546 4938 
20759 4514 4647 4513 4723 
20760 332 4665 4465 4796 
20761 4556 4428 4750 5099 
20762 1828 1397 1850 1831 
20763 1768 1767 1761 4482 
20764 4464 4682 4519 4728 
20765 4902 5112 4905 5115 
20766 4678 4455 4680 4910 
20767 4454 4729 4545 4950 
20768 2046 4658 4516 4998 
20769 4451 4990 4573 5013 
20770 4406 4694 4460 4742 
20771 4570 5053 4403 5120 
20772 4804 5130 4693 5134 
20773 2072 4457 5044 5052 
20774 4608 4654 4517 4985 
20775 1442 1440 1444 4566 
20776 4538 4747 4688 4960 
20777 1825 1401 1408 1862 
20778 4419 4492 4598 4855 
20779 4574 4989 4568 5159 
20780 4566 4721 4451 5042 
20781 1384 4810 1563 4971 
20782 4471 5104 4689 5158 
20783 4444 4589 4753 4762 
20784 4610 1949 4669 5093 
20785 4467 4779 4410 4781 
20786 1413 1394 1835 1396 
20787 4479 4648 1452 5082 
20788 4545 4950 4729 5049 
20789 1831 1828 1397 1395 
20790 4802 4900 4457 5124 
20791 4469 4810 4599 5148 
20792 1401 1502 1399 1826 
20793 4416 4810 4701 5148 
20794 4536 4542 4427 4682 
20795 4495 4435 4731 5001 
20796 4438 4758 4569 4854 
20797 4487 4863 4862 4868 
20798 4714 4891 2074 5005 
20799 4693 4804 4491 5130 
20800 4894 4964 4700 5157 
20801 4412 4531 4499 5167 
20802 2046 4516 2043 4998 
20803 1500 1400 1397 1829 
20804 4487 4866 4865 4868 
20805 1716 4588 1736 4907 
20806 1365 2110 1350 4611 
20807 2107 4463 2106 4965 
20808 1768 4482 1761 5063 
20809 1488 5082 4648 5083 
20810 1392 1836 1834 1394 
20811 1844 1389 1836 4621 
20812 4603 4874 1937 5118 
20813 4808 4892 2112 5020 
20814 2046 4516 4658 5055 
20815 4563 4847 4511 5122 
20816 4453 4873 4816 5118 
20817 1554 4635 1553 4921 
20818 4407 4641 4538 5102 
20819 4438 4755 4750 5114 
20820 4413 4765 4494 4851 
20821 1819 1542 1589 1820 
20822 4467 4781 4650 5096 
20823 2052 333 332 4665 
20824 4427 4610 4593 4761 
20825 4521 4664 1558 4895 
20826 2106 4463 4918 4965 
20827 4516 4778 4660 4977 
20828 4520 4721 4566 5042 
20829 4615 4702 4611 5056 
20830 4598 4627 4423 4970 
20831 4420 4468 5014 5160 
20832 337 4714 4634 5044 
20833 1400 1829 1852 1880 
20834 4622 4439 4776 5043 
20835 340 5005 339 5010 
20836 1593 4855 4627 4961 
20837 4407 4564 4538 4688 
20838 4482 4712 1761 5063 
20839 4439 4690 4634 4822 
20840 4634 4694 4460 4714 
20841 4462 4613 4406 4802 
20842 1849 1405 1498 1851 
20843 4719 5030 4717 5034 
20844 4587 4818 4431 5105 
20845 2005 1990 1989 4530 
20846 4559 4705 4563 4886 
20847 4407 4538 4641 4744 
20848 1533 1602 4465 4665 
20849 2075 4463 4786 4918 
20850 2085 4501 2113 4893 
20851 4460 4694 4634 4822 
20852 4406 4563 4645 4705 
20853 4634 4694 4418 4822 
20854 2006 2004 1978 4528 
20855 4564 4724 4490 5102 
20856 4487 4693 4436 4885 
20857 4987 4988 4767 5170 
20858 1506 1415 1853 1404 
20859 4994 4995 4847 5122 
20860 1593 4492 1607 4855 
20861 4403 4629 4730 5014 
20862 2030 4497 1333 4681 
20863 4418 4694 4634 4714 
20864 4498 4690 4634 4918 
20865 4447 4489 4756 4817 
20866 4468 4405 4743 5160 
20867 4455 4512 4729 4803 
20868 1459 1460 1839 1841 
20869 4591 4551 4829 4869 
20870 4425 4498 4690 5061 
20871 1559 4895 4664 5129 
20872 1436 1438 4880 4937 
20873 1336 1586 1908 1614 
20874 4456 4507 4559 5144 
20875 4603 4429 4874 5118 
20876 4847 5121 4511 5122 
20877 1600 1519 1485 4610 
20878 4450 4570 4566 4880 
20879 4532 4578 4574 4821 
20880 1383 1364 4594 4599 
20881 2085 4623 4501 4893 
20882 4422 4831 4485 4870 
20883 4499 4640 4413 4836 
20884 4701 4981 4469 5065 
20885 1551 4635 4566 4921 
20886 4468 4743 4403 5014 
20887 4540 4703 4919 5007 
20888 4786 4808 2112 5020 
20889 4430 4658 4516 5055 
20890 4411 4546 4545 5012 
20891 1950 1941 4816 5118 
20892 1863 1603 1345 1905 
20893 4456 4694 4742 5107 
20894 4432 4908 4480 4992 
20895 4519 4728 4682 4922 
20896 2052 4665 4602 4973 
20897 1594 2077 4627 4855 
20898 4450 4681 4595 4973 
20899 4664 4895 4609 5129 
20900 4405 4689 4470 4699 
20901 1834 1838 1496 1413 
20902 1415 1852 1853 1404 
20903 4561 4841 4563 4995 
20904 4487 4657 2059 4862 
20905 1585 4479 1452 5082 
20906 4561 4995 4563 5073 
20907 2075 4918 4786 5020 
20908 5130 5132 4863 5134 
20909 4534 4535 4521 5155 
20910 339 5005 4464 5010 
20911 4434 4592 4736 5125 
20912 4566 4417 4681 4921 
20913 4430 4736 4658 5055 
20914 1738 4835 4640 4836 
20915 4683 4938 4549 5049 
20916 4410 4546 4545 4938 
20917 4574 4651 4582 4850 
20918 4479 4871 4648 5002 
20919 1565 4611 1365 5067 
20920 4487 4693 4657 4863 
20921 4466 4650 4781 5096 
20922 4498 4463 4918 5020 
20923 4457 4714 4682 4891 
20924 4476 4680 4512 4772 
20925 4455 4512 4680 4772 
20926 4480 4756 4741 4992 
20927 4756 4817 4407 4977 
20928 1820 1808 1542 1821 
20929 4454 4808 4786 4892 
20930 1593 1607 4492 4961 
20931 1336 1908 1809 1614 
20932 1585 4798 4698 4914 
20933 2048 4736 4638 4981 
20934 4414 5025 4849 5158 
20935 1853 1506 1404 1854 
20936 4561 4645 4563 4705 
20937 1827 1399 1828 1398 
20938 4514 4818 4587 5105 
20939 4457 4682 4536 4891 
20940 1404 1852 1853 1854 
20941 4405 4468 4947 5160 
20942 1814 1903 1864 1578 
20943 1765 1806 287 5130 
20944 1430 1352 1490 4628 
20945 4614 5171 4967 5172 
20946 4479 4661 4871 5002 
20947 4849 5025 4653 5158 
20948 4546 4410 4551 4590 
20949 4741 4756 4404 4992 
20950 1881 1836 1834 1392 
20951 2089 2090 4553 5009 
20952 4404 4568 4875 4989 
20953 4484 4649 4420 4884 
20954 2075 2106 4463 4918 
20955 4436 4704 4693 4865 
20956 2095 4930 4758 5099 
20957 2067 4609 4879 5008 
20958 1970 4750 4749 4939 
20959 1396 1831 1397 1395 
20960 4412 4665 4602 4796 
20961 4551 4591 4410 4779 
20962 1839 1905 1459 1841 
20963 4672 4673 4531 5100 
20964 4485 4779 4459 4870 
20965 4596 4770 4769 4890 
20966 4404 4568 4522 4671 
20967 1444 1442 4566 4921 
20968 4464 4418 4714 4922 
20969 1991 1993 1994 4492 
20970 1594 2077 1359 4627 
20971 4468 4403 4730 5014 
20972 4660 4741 4478 4977 
20973 1971 4526 4832 4939 
20974 4501 2113 4893 5006 
20975 4786 4918 4463 5020 
20976 1416 1405 1498 1849 
20977 4726 4849 4574 4850 
20978 4416 4640 4907 5148 
20979 4613 4780 4433 4949 
20980 2004 4800 4528 5095 
20981 4808 4814 4485 4970 
20982 4526 4753 4754 4832 
20983 4542 4555 4427 4618 
20984 4719 4674 5030 5034 
20985 2039 2035 4608 5019 
20986 4658 4693 4657 4885 
20987 4414 4608 4689 5080 
20988 4427 4702 4593 5048 
20989 2052 4937 4665 4973 
20990 5131 5132 4820 5154 
20991 4596 4446 4769 5149 
20992 4402 4505 4922 5137 
20993 1452 4648 4479 4798 
20994 4425 4460 4881 5061 
20995 2061 4947 4595 4973 
20996 4426 5052 4900 5077 
20997 4676 4716 4674 5028 
20998 1770 4592 1773 4852 
20999 2046 2043 4516 5055 
21000 1500 1414 1498 1840 
21001 337 338 4634 4714 
21002 4459 4424 4779 4893 
21003 4476 4858 4927 5139 
21004 4492 4598 4423 4616 
21005 1397 1828 1399 1398 
21006 4469 4663 1462 5065 
21007 4434 4663 4594 5051 
21008 4594 4663 4469 5051 
21009 2087 2112 4892 5020 
21010 4815 4906 4823 5127 
21011 1397 1850 1829 1828 
21012 4432 4522 4668 4992 
21013 4444 4754 4753 4832 
21014 4519 5007 4703 5039 
21015 4442 4789 4568 4989 
21016 1501 1822 1825 1885 
21017 4425 4612 4498 5061 
21018 4430 4722 4482 5050 
21019 4545 4683 4477 4950 
21020 2100 4691 2081 4854 
21021 1833 1831 1834 1394 
21022 4453 4692 4816 5048 
21023 4407 4688 4538 4744 
21024 4406 4460 4613 4923 
21025 4409 4534 4697 4888 
21026 4414 4654 4608 4821 
21027 4901 4902 4426 4904 
21028 2025 2052 4602 4973 
21029 2073 4533 4612 4916 
21030 2013 1865 1514 2012 
21031 4496 4987 4767 5170 
21032 4578 4652 4574 4821 
21033 1461 1838 1839 1413 
21034 1820 1501 1426 1885 
21035 1839 1414 1459 1413 
21036 4593 4611 4453 4702 
21037 4416 4706 4701 4993 
21038 4503 4774 4776 4790 
21039 2084 4893 2085 4959 
21040 4428 4617 4556 5088 
21041 1606 4482 1366 4739 
21042 4488 4428 4615 5099 
21043 4655 4803 4729 5015 
21044 4601 4416 4706 4872 
21045 4474 4585 4425 4830 
21046 4497 4609 4409 4687 
21047 1736 4759 1729 4907 
21048 1612 1819 1335 4486 
21049 4522 4773 4568 5159 
21050 1424 4482 4656 5103 
21051 1862 1825 1401 1880 
21052 4455 4950 4683 5049 
21053 4767 4988 4987 5001 
21054 4481 5054 5090 5161 
21055 328 4769 4649 5149 
21056 4406 4742 4460 4923 
21057 4457 4900 4899 5124 
21058 4475 4967 4614 5171 
21059 4406 4802 4613 5044 
21060 4595 4947 4468 4973 
21061 4474 4425 4585 4607 
21062 4494 4851 4554 5001 
21063 4705 4903 4473 4933 
21064 337 5044 4634 5061 
21065 1542 1589 1335 1819 
21066 1905 1863 1603 1906 
21067 1554 1618 4664 5129 
21068 4523 4982 4760 5148 
21069 4453 4611 4593 5067 
21070 1496 1881 1834 1392 
21071 4480 4667 4666 4724 
21072 4407 4489 4564 4784 
21073 4439 4500 4634 4918 
21074 4443 4774 4690 4883 
21075 2075 2106 2107 4463 
21076 1384 4469 1462 5065 
21077 4433 4780 4613 4861 
21078 1569 1415 1416 1896 
21079 1384 1563 1382 4971 
21080 4499 1729 4759 4907 
21081 4435 4554 5001 5168 
21082 4488 4692 1951 4874 
21083 4683 4950 4545 5049 
21084 2025 4602 2052 4665 
21085 4524 4533 4411 4708 
21086 1524 4603 1617 4698 
21087 4492 4627 4598 4855 
21088 2027 4649 4484 4884 
21089 1395 1394 1833 1393 
21090 4544 4420 4730 5100 
21091 2092 4589 4553 4615 
21092 1777 4592 4804 4852 
21093 1805 1781 1766 4804 
21094 4432 4668 4908 4992 
21095 1838 1834 1835 1413 
21096 4951 4955 4952 4956 
21097 4519 4669 4427 4761 
21098 4753 4754 4444 4962 
21099 1768 4722 4482 5063 
21100 4411 4533 4524 4916 
21101 1827 1824 1399 1402 
21102 2093 4623 2089 4752 
21103 4405 4689 4699 5104 
21104 1461 1839 1459 1413 
21105 4426 4777 4543 4904 
21106 4672 4730 4629 5014 
21107 4585 4586 4510 4709 
21108 1370 1873 1887 1865 
21109 1990 1989 4530 5002 
21110 4464 4728 4418 4922 
21111 1850 1840 1500 1851 
21112 2102 2115 2108 4702 
21113 4443 4474 4585 4614 
21114 4629 4672 4630 4913 
21115 1515 1760 1371 4594 
21116 4480 4432 4642 4908 
21117 4435 4760 4982 5148 
21118 4803 5015 4655 5064 
21119 1819 1808 1542 1820 
21120 4457 4900 5052 5077 
21121 2083 4524 2103 4533 
21122 1475 4464 5010 5079 
21123 4551 4552 4459 4824 
21124 1742 4606 4523 4971 
21125 1392 1836 1389 4621 
21126 4425 4881 4612 5061 
21127 4443 4690 4830 4883 
21128 4599 4971 4523 5148 
21129 1782 4704 4605 4731 
21130 4436 4693 4658 4885 
21131 1991 4492 4813 4915 
21132 4495 4704 4554 4865 
21133 4542 4426 4555 4777 
21134 1405 1400 1852 1404 
21135 4439 4498 4690 4883 
21136 1502 1399 1824 1402 
21137 1363 1977 4648 4915 
21138 4512 4476 4772 4858 
21139 4400 4512 4772 4858 
21140 4499 4416 4640 4907 
21141 4612 4830 4737 5011 
21142 1950 4610 4816 5093 
21143 1824 1399 1502 1826 
21144 1826 1824 1399 1827 
21145 4523 1740 4640 4907 
21146 4640 4872 4523 5148 
21147 4559 4560 4508 4705 
21148 2075 4463 2107 4786 
21149 4566 4635 4520 5042 
21150 4417 4635 4566 5042 
21151 4726 4850 4574 5108 
21152 4666 4667 4480 4908 
21153 4825 4827 4551 4843 
21154 2084 4916 4459 4959 
21155 4566 4570 4451 4721 
21156 1736 4588 1726 4759 
21157 4468 4420 4884 5160 
21158 4626 4978 4525 4991 
21159 1409 1408 1862 1885 
21160 1595 4515 1455 4627 
21161 4480 4641 4407 5102 
21162 4523 4872 4640 4982 
21163 1542 1335 1522 1808 
21164 4682 4922 4694 5077 
21165 1367 1585 1489 4698 
21166 1925 4703 1418 5038 
21167 4617 4758 2095 4930 
21168 2114 1595 2077 4627 
21169 1414 1839 1840 1835 
21170 1585 1452 4479 4798 
21171 1743 4672 4531 4748 
21172 2100 4802 4691 5052 
21173 1601 1333 1555 4681 
21174 4524 4972 4824 5094 
21175 1971 4526 1975 4832 
21176 1502 1501 1822 1825 
21177 1460 1498 1414 1840 
21178 1559 1558 4664 4895 
21179 2062 2061 4595 4973 
21180 4819 4820 5132 5154 
21181 4703 4519 4919 5007 
21182 4704 4693 4865 5135 
21183 2073 4612 2084 4916 
21184 4421 4741 4660 4778 
21185 1402 1827 1898 1403 
21186 2082 335 2073 4613 
21187 4550 5049 4549 5106 
21188 1603 1905 1906 1841 
21189 4411 4926 4545 4938 
21190 2035 4884 4484 4947 
21191 4512 4565 4400 5015 
21192 4498 4737 4612 4830 
21193 4823 4906 4597 5127 
21194 4594 4663 4434 5103 
21195 4645 4705 4561 5124 
21196 4505 4507 4539 4600 
21197 4740 4875 4409 4888 
21198 4451 4721 4570 5013 
21199 4609 4687 4497 4879 
21200 4872 4982 4523 5148 
21201 4523 4760 4599 5148 
21202 4526 4754 4753 4966 
21203 4824 4972 4825 5094 
21204 1833 1830 1395 1497 
21205 4409 4833 4497 5091 
21206 4729 4786 4655 5015 
21207 4416 4907 4606 5148 
21208 4401 4586 4709 4846 
21209 1856 1409 1862 4584 
21210 1394 1834 1496 1413 
21211 2039 4608 2042 4821 
21212 4528 4800 2004 4857 
21213 4558 4744 4458 5110 
21214 4468 4483 4743 5014 
21215 4464 4427 4682 4891 
21216 4525 4978 4763 4991 
21217 4469 4810 4701 5065 
21218 4516 4431 4660 4998 
21219 4480 4538 4641 5102 
21220 4581 4785 4773 5004 
21221 1432 4688 4564 4784 
21222 4458 4784 4688 4845 
21223 1777 1776 4592 4852 
21224 1989 4813 4530 5002 
21225 2034 4884 4947 5092 
21226 4617 4750 4438 4758 
21227 4435 4982 4731 5001 
21228 1514 1811 1865 2013 
21229 4693 4704 4436 5135 
21230 1954 1864 1807 1527 
21231 4464 4519 4761 5079 
21232 4774 4775 4503 4776 
21233 4569 4762 4444 4962 
21234 1401 1400 1404 1880 
21235 4430 4722 4646 4852 
21236 1363 1621 1977 4915 
21237 1379 4784 4489 4925 
21238 4768 4850 4575 5018 
21239 4421 4568 4989 5159 
21240 2066 2056 4656 4663 
21241 2035 4484 4608 4947 
21242 4523 4606 1740 4907 
21243 4431 4478 4587 5105 
21244 4634 4822 4690 5061 
21245 2069 327 2057 4596 
21246 1829 1850 1500 1851 
21247 1826 1399 1828 1827 
21248 1540 4482 4739 4845 
21249 4428 4816 4692 5048 
21250 4484 4884 4420 5160 
21251 1537 1603 1906 1841 
21252 4750 4758 4617 5099 
21253 4423 4492 4857 4961 
21254 1838 1839 1904 1461 
21255 4537 4564 4538 5102 
21256 4488 4615 4428 4692 
21257 1841 1537 1460 1843 
21258 4467 4591 4779 4781 
21259 4460 4690 4822 5061 
21260 4420 4715 4677 4920 
21261 4431 4516 4783 4998 
21262 4410 4591 4590 5106 
21263 1732 4531 1733 4836 
21264 4479 4661 5002 5083 
21265 4814 4894 4485 5142 
21266 1776 1777 4592 4804 
21267 1961 1863 1345 1807 
21268 4550 4683 4549 5049 
21269 1439 5176 4880 5177 
21270 4479 5002 4648 5083 
21271 1849 1416 1415 1896 
21272 2085 2093 2094 4623 
21273 4529 4466 5096 5162 
21274 2072 4457 2099 5044 
21275 4443 4585 4474 4830 
21276 4645 4561 4903 5124 
21277 4498 4830 4690 4883 
21278 2099 4457 2072 5052 
21279 4546 4551 4825 5136 
21280 4488 4615 4589 5099 
21281 1542 1501 1426 1820 
21282 1421 1455 4515 4968 
21283 1388 1921 1810 4449 
21284 4909 4575 4954 5016 
21285 4538 4513 4641 4744 
21286 4750 4832 4444 4939 
21287 1388 1810 1337 4449 
21288 4406 4511 4923 5068 
21289 1546 1570 1596 4664 
21290 1842 1498 1460 1840 
21291 4465 5147 4588 5178 
21292 4694 4922 4402 5077 
21293 1898 1824 1402 1412 
21294 4406 4511 4742 4923 
21295 2084 4892 2085 4893 
21296 1533 4465 1602 5178 
21297 4649 4769 4446 5149 
21298 1863 1512 1603 1906 
21299 1830 1398 1828 1395 
21300 1854 1407 1404 1880 
21301 1403 1398 1832 1830 
21302 1838 1835 1839 1413 
21303 4435 4760 4731 4812 
21304 4590 4825 4551 5136 
21305 4546 4590 4551 5136 
21306 2098 4498 4918 5020 
21307 4672 4730 4420 5100 
21308 1393 1392 1836 1390 
21309 4413 4494 4767 5001 
21310 1832 1827 1398 1403 
21311 1523 1508 1893 1411 
21312 4563 4841 4508 4995 
21313 4585 4607 4425 4619 
21314 1493 4588 1573 4606 
21315 2115 4567 2110 4611 
21316 1777 1773 1776 4852 
21317 4401 4797 4586 4846 
21318 4575 4849 4726 4850 
21319 4472 4450 4880 5053 
21320 2088 4808 4485 4892 
21321 1869 1872 1598 1873 
21322 1388 1921 4449 4685 
21323 1781 4704 1766 4804 
21324 1880 1825 1401 1826 
21325 4539 4889 4507 5144 
21326 4443 4474 4614 5045 
21327 4427 4682 4542 5007 
21328 1821 1501 1820 1822 
21329 1849 1415 1405 1852 
21330 330 329 4765 4851 
21331 1603 1345 1512 1863 
21332 4407 4564 4688 4784 
21333 1804 1515 1364 4594 
21334 4484 4608 4517 4985 
21335 4517 4653 5021 5022 
21336 4485 4870 4459 4892 
21337 4446 4766 4836 4887 
21338 4421 4778 4660 4815 
21339 1950 4873 1940 5118 
21340 4655 4808 4422 5109 
21341 1982 4549 4550 4686 
21342 4418 4464 4727 4728 
21343 4584 4955 4952 5016 
21344 332 4465 333 4993 
21345 1455 4961 4515 4968 
21346 4484 4677 4675 4920 
21347 4478 4741 4660 5127 
21348 1735 1716 1573 4588 
21349 4554 4704 4495 5168 
21350 4425 4607 4474 5011 
21351 1830 1832 1403 1497 
21352 4423 4814 4485 5142 
21353 1821 1808 1522 1875 
21354 4473 4560 4559 4705 
21355 4570 4986 4880 5120 
21356 2034 4947 2036 5092 
21357 4657 4658 4491 4693 
21358 1991 4492 1994 4813 
21359 4727 4728 4464 5079 
21360 4593 4610 4453 5067 
21361 4467 4870 4779 5142 
21362 4597 4906 4823 5003 
21363 4818 4928 4820 5131 
21364 4424 4700 4624 4799 
21365 1334 1864 1957 1527 
21366 1370 1514 1620 1865 
21367 1416 1569 1896 1848 
21368 4578 4651 4574 4652 
21369 4414 4652 4849 5025 
21370 4546 4551 4459 4824 
21371 4427 4542 4618 5007 
21372 4554 4638 5126 5168 
21373 4515 4422 4808 5109 
21374 4567 2101 4855 5009 
21375 4450 4472 4602 5053 
21376 1898 1402 1406 1412 
21377 4570 4880 4450 5053 
21378 4566 4570 1441 4880 
21379 4463 4655 2107 4786 
21380 2022 4530 2005 4713 
21381 4401 4709 4797 4846 
21382 1393 1877 1833 1497 
21383 4656 4736 4482 5050 
21384 1462 1384 1383 4469 
21385 4525 4753 4527 4997 
21386 4408 4527 4753 4997 
21387 1923 1373 1524 4603 
21388 4496 4640 1739 4835 
21389 4597 4773 4579 5004 
21390 4526 4444 4753 4832 
21391 4422 4655 4729 4786 
21392 4575 4850 4726 5108 
21393 4435 4638 4706 5168 
21394 2027 4484 2035 4884 
21395 4410 4938 4545 5049 
21396 4554 5126 4885 5168 
21397 1398 1827 1402 1403 
21398 4430 4646 4558 4783 
21399 4568 4576 4787 4789 
21400 1747 4606 1716 4907 
21401 4424 4624 4623 5062 
21402 4623 4624 4501 5062 
21403 2092 2089 4553 4752 
21404 1533 4701 4465 5147 
21405 1612 1335 1589 4486 
21406 2088 4485 2086 4892 
21407 4421 4660 4741 5127 
21408 4569 4438 5113 5114 
21409 4414 4574 4652 4821 
21410 1811 1338 1514 1867 
21411 1345 1459 1904 1905 
21412 1475 5010 4761 5079 
21413 1448 1565 1365 5067 
21414 4409 4687 4609 4879 
21415 4420 5014 4483 5160 
21416 4634 4690 4498 5061 
21417 4682 4694 4457 5077 
21418 1807 1863 1345 1905 
21419 4407 4744 4558 5110 
21420 4568 4522 4671 4773 
21421 2100 335 2081 4802 
21422 4566 4635 4417 4921 
21423 4693 4868 4864 5134 
21424 1560 4664 4521 4696 
21425 1935 4874 4692 5118 
21426 4753 4444 4762 4962 
21427 4549 4938 4878 5136 
21428 1939 1373 1923 4603 
21429 1770 1773 1771 4852 
21430 1460 1841 1842 1840 
21431 1747 1716 1736 4907 
21432 2098 4918 4498 5061 
21433 1407 1401 1404 1880 
21434 2095 4589 4758 4762 
21435 4399 4583 4726 4888 
21436 4409 4497 4687 5091 
21437 4417 4497 4681 4921 
21438 1459 1904 1839 1461 
21439 1843 1894 1532 1848 
21440 1772 4605 4592 4958 
21441 4824 4843 4552 5094 
21442 1728 4604 4748 4759 
21443 4576 4574 4850 5108 
21444 4494 4866 4487 4867 
21445 4986 5120 4570 5176 
21446 1363 1977 1985 4648 
21447 4523 4640 1740 4983 
21448 1599 1485 4610 4669 
21449 4459 4485 4892 4893 
21450 4512 5015 4803 5064 
21451 1603 1537 1460 1841 
21452 1736 1726 1729 4759 
21453 1855 1856 1614 1506 
21454 1583 4738 4565 4856 
21455 4463 4856 4883 4918 
21456 1990 2005 2022 4530 
21457 1887 2011 1370 2012 
21458 4435 4812 4731 4982 
21459 4463 4883 4565 5015 
21460 4414 4821 4608 5019 
21461 4549 4938 4590 5106 
21462 1396 1394 1831 1395 
21463 1852 1415 1405 1404 
21464 4438 4691 4617 4854 
21465 4423 4857 4528 4961 
21466 4658 4885 4657 4998 
21467 4682 4402 4922 5077 
21468 4658 5055 4736 5126 
21469 4465 4701 333 4993 
21470 4588 5147 1492 5178 
21471 4689 4811 4470 5085 
21472 1865 1370 1514 2012 
21473 1525 4594 4712 5103 
21474 1836 1837 1393 1390 
21475 2107 4655 4463 4965 
21476 4767 4987 4496 5001 
21477 4639 4576 4850 5018 
21478 4406 4613 4645 4923 
21479 4564 4490 4756 5102 
21480 1441 4570 4566 5177 
21481 4538 4744 4688 4747 
21482 4461 1529 4738 4927 
21483 1601 2030 1333 4681 
21484 1406 1898 1870 1403 
21485 4969 5069 4619 5070 
21486 1951 1936 4488 4874 
21487 1397 1500 1850 1396 
21488 4665 4937 4602 4973 
21489 1863 1815 1512 1906 
21490 4430 4592 4722 4852 
21491 4410 4779 4591 4781 
21492 4705 4841 4561 4903 
21493 4406 4705 4645 5124 
21494 4494 4766 4765 4767 
21495 4486 4667 4666 4908 
21496 1951 4692 4488 4749 
21497 4400 4565 4883 5015 
21498 1426 1408 1409 1885 
21499 1821 1909 1875 1344 
21500 4599 4760 4469 5148 
21501 1834 1496 1392 1394 
21502 4652 4414 4654 5025 
21503 2096 4930 2095 5099 
21504 1401 1407 1862 1880 
21505 4413 4765 4766 4767 
21506 1821 1822 1823 1412 
21507 1933 4603 1923 4698 
21508 4451 4570 4990 5013 
21509 4441 4752 4623 4991 
21510 4431 4587 4478 5127 
21511 4463 4856 4565 4883 
21512 2048 2066 4663 4981 
21513 2086 2085 4892 4893 
21514 1778 4594 1779 4712 
21515 4599 4760 4523 4812 
21516 1409 1407 1856 1862 
21517 4510 4709 4586 4846 
21518 4630 4920 4715 5014 
21519 4403 4743 4468 5053 
21520 4502 4791 4401 4794 
21521 1546 4664 1596 4696 
21522 1401 1407 1408 1862 
21523 4797 4511 4847 5121 
21524 2084 4892 4459 4916 
21525 1818 1748 1516 1749 
21526 4414 4821 5019 5080 
21527 1534 1510 1609 1916 
21528 4404 4568 4671 4789 
21529 2073 4612 4533 4881 
21530 4484 4677 4649 4842 
21531 4405 4470 4689 4811 
21532 4406 4742 4886 4899 
21533 1392 1845 1836 4621 
21534 1817 1916 1534 1887 
21535 4499 4759 4412 5167 
21536 4413 4494 4765 4767 
21537 1879 1589 1426 1820 
21538 1935 1937 4874 5118 
21539 1776 1772 1781 4605 
21540 4499 4416 4907 5179 
21541 1483 4776 4738 5043 
21542 1856 1495 1614 1506 
21543 4420 4468 4730 5014 
21544 1495 1809 1856 1614 
21545 2075 339 2106 4500 
21546 1923 1933 1937 4603 
21547 1767 4482 1768 4739 
21548 4614 4967 4474 5172 
21549 1335 1612 1764 1819 
21550 4418 4464 4714 5005 
21551 4525 4626 4991 4997 
21552 1371 1525 4594 4712 
21553 2076 4763 4762 4962 
21554 1579 4656 1464 4925 
21555 4425 4619 4607 4949 
21556 1583 4565 1562 4856 
21557 4604 4628 4472 5081 
21558 1413 1835 1414 1396 
21559 4880 4986 4570 5176 
21560 1878 1523 1893 1411 
21561 4546 4825 4972 5136 
21562 1570 1554 1618 4664 
21563 1440 4566 1441 4880 
21564 1923 4603 1524 4698 
21565 1607 4855 4492 4915 
21566 4446 4770 4890 5000 
21567 4428 4749 4556 4750 
21568 4403 4468 4730 5053 
21569 2082 334 335 4861 
21570 1441 4880 4570 5177 
21571 4585 4586 4443 5150 
21572 4541 4933 4860 4963 
21573 4901 4903 4900 5117 
21574 1871 1823 1870 1406 
21575 1950 1940 1941 5118 
21576 4519 4539 5039 5040 
21577 4761 5010 4464 5079 
21578 2057 2026 4494 4765 
21579 4624 4700 4424 4894 
21580 4429 4488 4615 5087 
21581 1514 1449 1620 1866 
21582 1873 1370 1620 1865 
21583 2096 2095 4589 5099 
21584 1818 1517 1385 1886 
21585 1370 1534 2011 1887 
21586 1749 1750 1341 1876 
21587 1384 1382 1383 4599 
21588 1894 1532 1517 1843 
21589 1865 1887 1370 2012 
21590 1836 1837 1833 1393 
21591 4540 4860 4777 4963 
21592 4990 5013 4570 5089 
21593 4489 4896 1379 5008 
21594 4537 4538 1530 4960 
21595 2035 4484 2042 4608 
21596 4425 4585 4619 4709 
21597 4456 4922 4694 5107 
21598 4672 4715 4673 5100 
21599 4574 4651 4578 5159 
21600 2111 1595 2114 5109 
21601 4588 4606 1493 5147 
21602 4523 4983 1740 4984 
21603 1935 4692 1938 5118 
21604 4797 4847 4846 5121 
21605 1620 1873 1865 1866 
21606 4456 4886 4742 4899 
21607 4613 4645 4433 4861 
21608 4620 4695 4585 4751 
21609 4435 4760 4812 4982 
21610 4818 5131 4820 5154 
21611 1855 1856 1809 1614 
21612 4521 4696 4664 4697 
21613 4414 5019 4608 5080 
21614 4499 4601 4416 5179 
21615 4526 4753 4527 4966 
21616 1335 1764 1789 1808 
21617 1823 1871 1504 1406 
21618 4620 5070 4510 5072 
21619 4631 4633 4403 4990 
21620 4614 5045 4475 5046 
21621 1539 5161 4481 5176 
21622 4427 4669 4610 4761 
21623 4414 4726 4689 5158 
21624 4705 4903 4561 5124 
21625 2072 2099 337 5044 
21626 4406 4462 4802 5124 
21627 4880 5176 4570 5177 
21628 1782 4605 1780 4760 
21629 4442 4875 4740 4888 
21630 4524 4533 2083 4916 
21631 4517 5021 4653 5158 
21632 4411 4547 4707 4926 
21633 4806 4932 4931 4980 
21634 4464 4728 4519 5079 
21635 2086 4485 2088 4814 
21636 332 2052 4665 4796 
21637 1786 4482 1768 4722 
21638 4419 4855 4798 4915 
21639 4408 4526 4662 4757 
21640 4426 4901 4691 4902 
21641 1459 1904 1905 1839 
21642 4491 4693 4658 5180 
21643 4442 4583 4789 4888 
21644 1501 1408 1426 1885 
21645 4439 4883 4856 4918 
21646 4534 4789 4583 4888 
21647 4773 4785 4579 5004 
21648 4620 4607 4710 4751 
21649 4430 4516 4658 4783 
21650 2086 2089 4623 4814 
21651 1365 2080 2115 4611 
21652 1401 1408 1502 1825 
21653 1808 1335 1764 1819 
21654 4829 4843 4625 5062 
21655 4568 4773 4671 4787 
21656 2092 2096 4553 4589 
21657 1402 1399 1827 1398 
21658 4436 4658 4693 5180 
21659 4693 4863 4487 4868 
21660 4515 4808 2091 5109 
21661 2095 4758 4589 5099 
21662 4530 4419 4813 4957 
21663 4675 4942 4941 4946 
21664 4399 5085 4636 5119 
21665 1582 4856 1562 4965 
21666 4655 4422 4729 4803 
21667 4402 4539 4507 5144 
21668 4819 4820 4431 5057 
21669 2075 4500 4634 5005 
21670 2089 2090 4598 4814 
21671 4405 4699 4470 4811 
21672 2114 4515 2091 5109 
21673 4510 4619 4585 4709 
21674 4565 4738 1529 4927 
21675 4900 4901 4473 5124 
21676 1780 4594 4760 4958 
21677 1823 1503 1821 1412 
21678 4442 4576 4789 5108 
21679 4407 4641 4478 5105 
21680 1930 1951 4488 4749 
21681 1407 1506 1856 1854 
21682 4538 4564 4407 5102 
21683 2059 4487 2026 4885 
21684 4615 4930 4589 5099 
21685 2100 4691 4617 5052 
21686 4501 4763 2109 5006 
21687 1908 1855 1809 1614 
21688 4659 4687 4452 5091 
21689 1846 1901 1900 4877 
21690 1856 1495 1409 4584 
21691 1550 4566 4520 4721 
21692 4464 4714 4682 4922 
21693 1502 1825 1824 1826 
21694 1498 1842 1849 1851 
21695 1818 1894 1517 1886 
21696 4439 4690 4498 4918 
21697 1920 1535 1517 1886 
21698 2098 4634 4918 5061 
21699 1405 1500 1498 1851 
21700 2040 2039 2041 4815 
21701 1838 1881 1834 1496 
21702 4442 4789 4534 4888 
21703 4487 4867 4866 4868 
21704 4589 4615 2096 4930 
21705 1861 1896 1853 1507 
21706 1831 1850 1835 1396 
21707 1786 4482 4722 4739 
21708 1828 1831 1830 1395 
21709 4434 4656 4482 5103 
21710 4519 5039 5038 5079 
21711 4473 5077 4899 5144 
21712 1468 1617 4603 4698 
21713 4406 4923 4645 5068 
21714 4419 4798 4648 4915 
21715 4501 4763 4978 4991 
21716 4474 4967 4614 5045 
21717 1935 1951 4692 4874 
21718 4490 4724 4404 4756 
21719 2075 4500 2106 4918 
21720 1789 1522 1335 1808 
21721 4468 4947 4884 5092 
21722 2028 4656 1579 4925 
21723 1877 1893 1508 1411 
21724 4460 4401 4742 4822 
21725 4569 4962 4754 5116 
21726 4416 4872 4640 5148 
21727 1362 1535 1920 1886 
21728 4744 4746 4688 4747 
21729 4445 4635 4833 5085 
21730 2115 2080 2108 4593 
21731 4500 4622 4418 4727 
21732 1921 1388 1844 4685 
21733 4409 4659 4833 5091 
21734 4441 4616 4598 4957 
21735 2057 328 2026 4765 
21736 1815 1920 1362 1906 
21737 2075 4634 4500 4918 
21738 2092 4553 2096 4752 
21739 4627 4855 2101 5009 
21740 5150 5151 4586 5153 
21741 4418 4502 4622 4822 
21742 4485 4779 4870 5142 
21743 4935 5022 4946 5024 
21744 4484 4675 4677 5024 
21745 2056 1374 2066 4656 
21746 1501 1502 1822 1412 
21747 340 2117 2106 4500 
21748 4573 4633 4571 4990 
21749 4598 4752 4441 4957 
21750 4493 4817 2047 5055 
21751 1379 4925 4489 5008 
21752 4420 4715 4672 5100 
21753 4658 4783 4516 4998 
21754 4433 4923 4619 5074 
21755 4674 4719 4677 5032 
21756 4460 4742 4694 4822 
21757 1912 1913 4708 5084 
21758 1406 1823 1898 1412 
21759 4499 4907 4759 5179 
21760 4674 4716 4715 5030 
21761 4675 4935 4518 4942 
21762 4660 4670 2041 4998 
21763 2079 4655 1375 5109 
21764 4526 4757 4408 5036 
21765 4454 4892 4786 5020 
21766 1987 4648 1977 4915 
21767 1838 1903 1881 1496 
21768 1855 1908 1586 1614 
21769 1488 1363 1985 4648 
21770 4566 4811 4417 5042 
21771 1468 1524 1617 4698 
21772 4536 4682 4427 4891 
21773 4435 5051 4760 5148 
21774 1815 1512 1959 1960 
21775 1861 1569 1896 1507 
21776 4487 4657 4693 4885 
21777 2057 2026 2059 4487 
21778 1786 1768 4482 4739 
21779 4833 4921 1554 5129 
21780 4472 4986 1431 5081 
21781 1803 1764 1612 4486 
21782 1904 1807 1345 1905 
21783 4568 4787 4671 4789 
21784 4664 4696 4445 4697 
21785 1900 4549 4449 4878 
21786 4483 5014 4468 5160 
21787 4484 2042 4608 4985 
21788 1735 1573 1369 4588 
21789 4473 4903 4901 4933 
21790 1879 1819 1589 1820 
21791 4427 4464 4761 4891 
21792 4546 4551 4824 4825 
21793 4412 4629 4672 4730 
21794 4618 4919 4669 5007 
21795 2039 2035 2042 4608 
21796 1431 4472 4880 4986 
21797 4777 4860 4543 4963 
21798 1816 4785 4581 5004 
21799 1778 1760 1779 4594 
21800 4421 4906 4815 5127 
21801 4820 5131 4928 5133 
21802 4660 4815 4670 4823 
21803 4458 4493 4784 4845 
21804 4429 4698 4603 4874 
21805 2075 339 4500 5005 
21806 1877 1878 1893 1411 
21807 2016 4527 4807 4834 
21808 4431 4491 4783 4818 
21809 4900 4903 4901 5124 
21810 4403 4990 4633 5014 
21811 1532 1499 1843 1848 
21812 2079 1375 4655 4965 
21813 4627 4970 4598 5009 
21814 1832 1893 1868 1508 
21815 1727 4499 1729 4759 
21816 4591 4781 4467 5145 
21817 328 4765 4596 5149 
21818 1832 1870 1898 1403 
21819 1586 1908 1721 1336 
21820 4443 5045 4614 5046 
21821 1450 4798 4855 4915 
21822 1824 1822 1502 1412 
21823 1537 1499 1460 1843 
21824 4905 5112 4438 5114 
21825 1539 5054 4481 5161 
21826 4458 4558 4722 4745 
21827 4473 4426 4900 5077 
21828 1516 1385 1748 1818 
21829 4444 4755 4750 4758 
21830 4688 4747 4746 4960 
21831 4532 4574 4414 4821 
21832 4713 4991 4626 4997 
21833 4703 4919 4519 5038 
21834 1915 1818 1385 1886 
21835 4780 4861 4433 4969 
21836 4633 4990 4483 5014 
21837 4447 4817 4756 4977 
21838 4878 4938 4826 5136 
21839 1606 1571 4712 5103 
21840 4408 4834 4527 4997 
21841 1603 1459 1345 1905 
21842 4431 4478 4660 5127 
21843 1410 1406 1870 1403 
21844 4533 4411 4708 5011 
21845 4525 4527 4753 4764 
21846 1974 1936 4757 4939 
21847 4451 4811 4566 5042 
21848 4433 4645 4613 4923 
21849 4634 4714 4460 5044 
21850 4826 4878 4876 4938 
21851 4546 4825 4824 4972 
21852 1854 1862 1407 1880 
21853 4628 4629 4472 5120 
21854 4901 4903 4473 5124 
21855 1532 1499 1517 1843 
21856 4826 4938 4876 5136 
21857 1488 1452 4648 5082 
21858 2102 4702 4615 5056 
21859 1821 1823 1909 1504 
21860 2047 4817 4493 4925 
21861 1963 4526 1971 4939 
21862 4470 4399 4689 5085 
21863 4404 4490 4756 4875 
21864 4412 4544 4531 5167 
21865 4645 4923 4433 5068 
21866 4399 5017 4583 5119 
21867 1842 1416 1498 1849 
21868 4439 4690 4774 4883 
21869 4669 4519 5038 5079 
21870 1523 1893 1508 1867 
21871 1358 1374 2056 4663 
21872 4431 4491 4818 4819 
21873 4626 4713 4527 4931 
21874 1786 4739 4722 4745 
21875 1447 4611 4603 5067 
21876 4674 4677 4945 5032 
21877 1827 1832 1398 1830 
21878 1512 1815 1863 1960 
21879 1750 1751 1591 1812 
21880 1551 4566 1442 4921 
21881 1404 1852 1854 1880 
21882 4458 4722 4558 5050 
21883 4558 4722 4430 5050 
21884 4523 4812 4760 4982 
21885 1558 4521 1560 4664 
21886 1824 1898 1823 1412 
21887 4405 4882 4743 5160 
21888 1336 4801 1495 4944 
21889 4407 4641 4558 4744 
21890 4498 4883 4439 4918 
21891 1391 1581 1347 4500 
21892 4881 4923 4425 4949 
21893 4726 4888 4583 5108 
21894 4402 4899 5077 5144 
21895 1754 4640 1738 4835 
21896 4495 4987 4988 5001 
21897 4462 4406 4645 5124 
21898 4422 4808 4485 4831 
21899 4433 5068 4923 5074 
21900 4400 4737 4498 4830 
21901 1622 1493 1573 4606 
21902 1903 1838 1461 1496 
21903 1540 1606 1366 4739 
21904 1614 1586 1855 1507 
21905 4606 4971 4810 5148 
21906 1537 1603 1512 1906 
21907 4563 5073 4995 5122 
21908 1908 1855 1586 1507 
21909 4612 4737 4498 5020 
21910 4473 4860 5077 5144 
21911 4701 4981 2033 4993 
21912 4483 4743 4882 5160 
21913 4741 4778 4447 4977 
21914 4533 4708 4607 5011 
21915 4426 4900 4691 4901 
21916 2006 4528 1356 5095 
21917 4495 4731 1796 4987 
21918 4603 4611 1447 4914 
21919 1764 1819 1612 4486 
21920 4408 4589 4553 4752 
21921 1936 1930 1951 4488 
21922 4525 4752 4408 4997 
21923 4641 4642 4432 4723 
21924 4565 4856 4738 4883 
21925 4591 4779 4551 4869 
21926 4422 4515 4897 5109 
21927 4586 5151 4504 5153 
21928 4430 4658 4736 5180 
21929 4404 5035 4535 5155 
21930 4442 4888 4726 5108 
21931 4515 4528 4423 4831 
21932 4544 4601 4887 5167 
21933 2106 339 340 4500 
21934 2041 4670 4660 4815 
21935 1617 4603 1447 4914 
21936 4493 4784 4407 5110 
21937 4609 4895 1547 5129 
21938 4582 4651 4574 5159 
21939 4656 4663 1374 5103 
21940 1497 1393 1877 1411 
21941 4428 4930 4615 5099 
21942 4414 4574 4726 4849 
21943 1916 1534 1510 1817 
21944 1365 2115 2110 4611 
21945 4468 4743 4483 5160 
21946 4540 4542 4777 4860 
21947 4511 4742 4709 4797 
21948 4401 4709 4742 4797 
21949 4411 4524 4708 4972 
21950 1935 1937 1933 4874 
21951 1738 4499 1732 4836 
21952 4409 4664 4609 5129 
21953 1595 1421 1455 4515 
21954 4518 4942 4943 5111 
21955 4760 5051 4469 5148 
21956 1544 1388 1810 1337 
21957 4863 4693 5130 5134 
21958 1886 1920 1362 1815 
21959 4660 4670 4431 4823 
21960 4418 4727 4464 5005 
21961 1495 1336 1809 1614 
21962 4557 4871 4429 5141 
21963 4553 4589 4408 5087 
21964 1785 4594 1804 4599 
21965 1334 1605 1814 1578 
21966 4640 4835 4413 4836 
21967 4444 4569 4755 4758 
21968 1548 4609 1547 5129 
21969 1780 4594 1790 4760 
21970 1992 4616 2005 4813 
21971 1405 1416 1415 1849 
21972 4423 4616 4598 4894 
21973 4677 5032 4719 5033 
21974 4451 4470 4811 5042 
21975 1520 1356 2006 4528 
21976 4584 5016 4952 5017 
21977 2074 2108 339 4464 
21978 1817 1534 1511 1887 
21979 1844 1388 1390 4685 
21980 4446 4765 4766 4887 
21981 1501 1820 1822 1885 
21982 4404 4671 4522 4992 
21983 4606 4523 4971 5148 
21984 4620 4510 4695 5072 
21985 1569 1416 1532 1848 
21986 4539 5007 4519 5039 
21987 4589 4758 4444 5099 
21988 1809 1336 1495 4944 
21989 1591 1341 1750 1812 
21990 4629 4912 4631 5120 
21991 2040 4660 2043 4778 
21992 4926 5058 4547 5173 
21993 2025 4602 4665 4796 
21994 1516 1894 1818 1876 
21995 4408 4662 4557 4757 
21996 4514 4646 4558 4647 
21997 4452 4689 4608 5080 
21998 4407 4478 4977 5105 
21999 4582 4773 4580 4785 
22000 4579 4773 4582 4785 
22001 4513 4744 4538 4747 
22002 4488 4757 1936 4939 
22003 2113 2085 2094 4501 
22004 4445 4636 4635 5085 
22005 1599 4610 1597 4669 
22006 4571 4633 4631 4990 
22007 1410 1870 1832 1403 
22008 1383 1364 1515 4594 
22009 1341 1591 1569 1812 
22010 4511 5121 5068 5122 
22011 4404 4522 4568 4741 
22012 4421 4568 4522 4741 
22013 4410 4870 4545 5012 
22014 1605 1814 1957 1334 
22015 4495 4704 1796 4731 
22016 1873 1620 1446 1866 
22017 2047 4489 4817 4925 
22018 1578 1881 1496 1425 
22019 4573 4483 4882 5111 
22020 4426 4555 4777 4904 
22021 1952 1518 1924 4873 
22022 1511 1869 1598 1873 
22023 1355 1952 4610 4873 
22024 1438 1440 4880 4937 
22025 1578 1907 1881 1425 
22026 4614 4967 4475 5045 
22027 1853 1849 1415 1896 
22028 1607 4492 1372 4915 
22029 4479 4648 5082 5083 
22030 4518 4675 4942 5111 
22031 1555 4921 4497 5129 
22032 1535 1610 1385 1915 
22033 4422 4897 4655 5109 
22034 1496 1903 1881 1578 
22035 4400 4830 4498 4883 
22036 2108 4464 4891 5010 
22037 1852 1849 1415 1853 
22038 1335 1819 1589 4486 
22039 2053 4706 4601 4993 
22040 4399 4726 4583 5108 
22041 1809 1721 1908 1336 
22042 1732 1730 1733 4531 
22043 4413 4601 4499 4887 
22044 4441 4530 4713 4964 
22045 4613 4923 4881 4949 
22046 2048 2047 4493 4925 
22047 2059 4670 4657 4998 
22048 1773 4592 1776 4852 
22049 4812 1784 4983 4984 
22050 1864 1954 1957 1527 
22051 4430 4493 4736 5055 
22052 276 1744 4717 4771 
22053 1474 1348 1475 4727 
22054 1841 1906 1537 1843 
22055 2092 2096 2089 4752 
22056 1895 1921 1810 1388 
22057 1881 1496 1425 1392 
22058 4444 4569 4758 4762 
22059 4442 4726 4574 5108 
22060 4945 5032 4677 5033 
22061 4412 4531 4672 4748 
22062 4533 4881 4612 5011 
22063 4533 4425 4881 5011 
22064 4536 4702 2099 4891 
22065 4477 4545 4926 5058 
22066 4399 5017 4726 5108 
22067 1593 1543 1607 4961 
22068 4477 5058 4926 5173 
22069 1832 1508 1403 1497 
22070 4612 4881 4425 5011 
22071 1844 1836 1845 4621 
22072 1624 4565 1583 4738 
22073 4406 4645 4563 5068 
22074 4576 4639 4917 5018 
22075 2074 2108 4464 4891 
22076 337 4634 338 5061 
22077 4430 4736 4592 5125 
22078 4443 5046 4614 5153 
22079 4399 4583 5017 5108 
22080 1408 1825 1862 1885 
22081 4576 4639 4787 4917 
22082 1341 1569 1532 1812 
22083 1450 4648 4798 4915 
22084 1576 1495 1336 4801 
22085 1963 1975 1971 4526 
22086 1790 4594 1780 4958 
22087 4674 4715 4677 4719 
22088 4570 4721 4566 5177 
22089 1406 1402 1898 1403 
22090 4493 4407 4817 5110 
22091 331 4796 4601 5167 
22092 4412 4672 4629 4748 
22093 1860 4653 1859 5025 
22094 1783 4760 4599 4812 
22095 1362 1535 1517 1920 
22096 1540 4739 1471 4845 
22097 2047 4817 4489 4879 
22098 1920 1537 1362 1906 
22099 4626 4713 4624 4991 
22100 1341 1532 1516 1876 
22101 2034 2036 2051 5092 
22102 4565 4858 4400 4883 
22103 4598 4970 2090 5009 
22104 4402 4899 4694 5077 
22105 1338 1811 2013 2014 
22106 1990 4530 2018 5002 
22107 1492 1533 1619 5178 
22108 2084 2086 2085 4892 
22109 2022 1990 4530 4834 
22110 4443 4830 4474 5045 
22111 1875 1789 1522 1794 
22112 4439 4622 4790 4822 
22113 4459 4892 4870 5012 
22114 2108 339 4464 5010 
22115 1407 1856 1495 1409 
22116 4689 4726 4414 5080 
22117 4441 4598 4616 4894 
22118 4497 4833 4409 5129 
22119 1508 1832 1877 1497 
22120 4534 4583 4789 4917 
22121 1546 1608 1570 4795 
22122 1791 1510 1792 1817 
22123 4413 4766 4765 4887 
22124 1920 1517 1537 1843 
22125 1433 1434 4688 4784 
22126 4510 4619 4709 5074 
22127 1594 1359 1593 4627 
22128 4693 4804 5134 5135 
22129 4479 4661 4557 4871 
22130 4657 4693 4491 4819 
22131 1972 4556 4750 4905 
22132 4418 4727 4622 4732 
22133 2083 4533 2073 4916 
22134 4532 5019 4821 5080 
22135 4511 4797 4709 4846 
22136 4481 5120 4986 5176 
22137 4563 4705 4508 4841 
22138 1993 1991 1977 4915 
22139 1393 1837 1877 1411 
22140 4634 5044 4460 5061 
22141 4636 5042 4635 5085 
22142 4773 4785 4581 5164 
22143 2046 2043 2040 4998 
22144 1895 1844 1388 1390 
22145 4496 4835 4767 4872 
22146 4413 4767 4835 4872 
22147 1844 1921 1895 1388 
22148 4409 4609 4497 5129 
22149 4425 4690 4498 4830 
22150 4694 4742 4406 4899 
22151 1467 4965 1562 5064 
22152 4436 4554 4885 5168 
22153 4558 4646 4514 4783 
22154 4607 4708 4411 5011 
22155 4435 4704 4605 5168 
22156 2042 4484 2027 4985 
22157 1832 1893 1508 1877 
22158 4827 4829 4551 4843 
22159 2035 2027 2042 4484 
22160 2062 4497 2030 4681 
22161 4568 4582 4773 4787 
22162 1515 1804 1760 4594 
22163 1779 4712 4594 4958 
22164 4485 4424 4779 5142 
22165 4532 4574 4442 5080 
22166 1720 4631 4912 5090 
22167 1793 1794 1813 1344 
22168 4442 4583 4888 5108 
22169 4532 4442 4574 4989 
22170 4555 4427 4618 5093 
22171 2077 1595 2114 2111 
22172 1381 1379 4896 5008 
22173 4403 4483 4990 5014 
22174 2045 2067 2062 4497 
22175 4815 4823 4660 5127 
22176 1830 1833 1877 1497 
22177 4631 4912 4629 4913 
22178 1815 1362 1512 1906 
22179 4502 4418 4622 4732 
22180 2058 4649 328 4769 
22181 4693 4819 4657 4863 
22182 4529 4897 4831 4968 
22183 4460 4822 4634 5061 
22184 1938 1935 1951 4692 
22185 1894 1920 1517 1886 
22186 1740 4640 1739 4983 
22187 4693 4863 4868 5134 
22188 4543 4860 4933 4963 
22189 2018 4661 4530 4834 
22190 1955 4555 4556 4904 
22191 4416 4706 4872 5148 
22192 1468 4698 4603 4914 
22193 4399 4951 4726 5017 
22194 4534 4789 4442 4875 
22195 4544 4730 4420 5092 
22196 4703 5038 4519 5039 
22197 1864 1903 1904 1461 
22198 1341 1532 1876 1812 
22199 4635 4636 4520 5042 
22200 1945 4555 4618 5093 
22201 1559 1548 1547 5129 
22202 1808 1789 1522 1875 
22203 2022 2021 1990 4834 
22204 4425 4709 4619 4949 
22205 4598 4855 4627 5009 
22206 2025 4665 2052 4796 
22207 1559 1547 4895 5129 
22208 4691 4901 4900 5117 
22209 1827 1832 1898 1403 
22210 1896 1849 1416 1848 
22211 1925 4669 4618 4919 
22212 1506 1856 1495 1407 
22213 4593 4761 4464 4891 
22214 4726 4951 4689 5158 
22215 4556 4749 4428 4924 
22216 1855 1856 1506 1854 
22217 1729 1727 1732 4499 
22218 1402 1824 1502 1412 
22219 4443 4883 4830 5045 
22220 4563 4645 4561 5073 
22221 1555 4681 4497 4921 
22222 2098 4918 2075 5020 
22223 1936 1930 4488 4939 
22224 1520 1592 1356 4528 
22225 1417 1871 1870 1406 
22226 340 4500 339 5005 
22227 1851 1849 1405 1852 
22228 4505 4507 4600 5137 
22229 4448 4600 4507 5137 
22230 5095 5096 4529 5097 
22231 1991 1994 1992 4813 
22232 1623 1793 1813 1344 
22233 1982 1337 1810 4449 
22234 1916 2011 1534 1887 
22235 1535 1385 1517 1886 
22236 4607 4707 4411 4708 
22237 1468 4603 1617 4914 
22238 4430 4493 5055 5110 
22239 1353 2055 1601 4681 
22240 4479 4798 4648 4871 
22241 1417 1504 1871 1406 
22242 1384 4810 4469 5065 
22243 4492 4616 4423 4857 
22244 4719 5032 4674 5034 
22245 1842 1499 1416 1848 
22246 4559 4886 4456 4899 
22247 4474 4607 4585 4751 
22248 4527 4764 4626 4931 
22249 2092 2096 4589 4615 
22250 1915 1385 1535 1886 
22251 4502 4732 4505 5107 
22252 4591 4467 4779 4869 
22253 4740 5019 4452 5138 
22254 2093 2094 4525 4762 
22255 4571 4990 4631 5089 
22256 4631 4990 4403 5089 
22257 1830 1831 1833 1395 
22258 1917 4979 4552 5006 
22259 1376 1785 1364 4599 
22260 4590 4828 4549 5106 
22261 1558 1560 1559 4664 
22262 4750 4755 4444 4832 
22263 4726 5017 4951 5108 
22264 2024 4706 4638 4851 
22265 1622 4606 1563 4810 
22266 1947 4540 4618 4777 
22267 4510 4586 4585 5150 
22268 1427 1426 1409 4768 
22269 1840 1842 1498 1851 
22270 2101 4970 4627 5009 
22271 4502 4448 4792 4794 
22272 314 1911 1883 5033 
22273 4511 5074 5068 5121 
22274 4402 5077 4860 5144 
22275 2076 4762 4569 4962 
22276 4709 4846 4510 5074 
22277 1749 1516 1818 1876 
22278 1877 1833 1837 1393 
22279 2093 2086 2089 4623 
22280 1514 1338 1811 2013 
22281 4419 4855 4598 5009 
22282 4512 4729 4803 5015 
22283 4505 4733 4600 5040 
22284 4481 4986 1539 5176 
22285 4669 4761 4519 5079 
22286 1862 1407 1856 1854 
22287 4468 4420 4730 4884 
22288 4424 4894 4700 5142 
22289 1386 4798 1585 4914 
22290 4419 4648 4871 5002 
22291 4430 4736 4493 5050 
22292 1930 4749 4488 4939 
22293 4574 4726 4442 5080 
22294 4491 4783 4852 5180 
22295 1857 1495 4584 4944 
22296 1790 4599 1785 4760 
22297 4619 4923 4709 5074 
22298 4677 4715 4674 4920 
22299 2079 1375 2111 5109 
22300 4425 4474 4830 5011 
22301 4435 4706 5051 5148 
22302 2094 2113 4501 5006 
22303 1844 1390 1389 4685 
22304 1867 1811 1338 1882 
22305 1362 1958 1886 1959 
22306 22 2007 4806 5060 
22307 4549 4590 4938 5136 
22308 4655 5015 4463 5064 
22309 4407 5105 4977 5110 
22310 2048 4736 4493 5055 
22311 1942 4749 1976 4924 
22312 4628 4986 4472 5081 
22313 2099 2074 4714 4891 
22314 4754 4755 4569 5116 
22315 1993 1977 1372 4915 
22316 1449 1514 1338 1867 
22317 4544 4420 4884 5092 
22318 2080 4593 1565 5010 
22319 1906 1920 1537 1843 
22320 1411 1837 1878 1541 
22321 4900 5117 4903 5124 
22322 2054 2024 4638 4851 
22323 4530 4661 2018 5002 
22324 1586 1861 1908 1507 
22325 1991 4813 1987 4915 
22326 1732 1738 1729 4499 
22327 1942 4692 1976 4749 
22328 2042 2027 2058 4985 
22329 4547 5172 4926 5173 
22330 4808 4831 4515 4970 
22331 1985 1977 1987 4648 
22332 4561 4705 4563 4841 
22333 4434 4663 4656 5103 
22334 1378 4798 4567 4855 
22335 4765 4851 4413 4887 
22336 4658 2050 5055 5126 
22337 4434 4736 4638 5125 
22338 1415 1853 1507 1506 
22339 4430 4852 4783 5180 
22340 4842 4985 4677 5024 
22341 4568 4574 4442 4989 
22342 4511 5068 4563 5122 
22343 1568 1622 4810 5147 
22344 4659 4689 4399 5085 
22345 2043 4817 4516 5055 
22346 2022 4530 4713 4834 
22347 2099 2074 338 4714 
22348 2115 4567 4611 5056 
22349 1873 1446 1869 1866 
22350 4691 4902 4901 5112 
22351 1790 4594 1785 4599 
22352 4724 4992 4667 5035 
22353 4427 4761 4593 4891 
22354 1554 4921 1555 5129 
22355 4404 4992 4724 5035 
22356 1539 4986 4481 5054 
22357 4652 4654 4414 4821 
22358 1869 1870 1868 1410 
22359 1578 1605 1814 4996 
22360 1407 1409 1408 1862 
22361 1955 4556 4555 4924 
22362 1410 1832 1868 1508 
22363 4428 4749 4750 5099 
22364 4545 4938 4926 5058 
22365 1968 304 4754 5059 
22366 4410 4545 4870 5049 
22367 1858 1409 1426 4768 
22368 1426 1409 1858 1885 
22369 4473 4899 4559 5144 
22370 4656 4845 1464 4925 
22371 1844 1837 1836 1390 
22372 4724 4756 4490 5102 
22373 2083 2073 2084 4916 
22374 4901 4691 5112 5117 
22375 1810 1874 1895 1544 
22376 2053 4601 331 4993 
22377 4545 4477 4683 5058 
22378 1430 4604 1490 5081 
22379 1809 1495 1857 4944 
22380 4457 4694 4682 4714 
22381 1749 1341 1516 1876 
22382 1508 1410 1832 1403 
22383 1473 4734 4792 4793 
22384 4483 4420 4920 5014 
22385 4606 4810 1622 5147 
22386 4560 4508 4705 4841 
22387 2059 2049 4657 4885 
22388 4545 4870 4454 5012 
22389 4646 4722 1774 4852 
22390 1771 4722 1768 5063 
22391 4461 4774 4738 4775 
22392 2099 338 337 4714 
22393 1389 1390 1388 4685 
22394 1825 1822 1502 1824 
22395 4442 4789 4583 5108 
22396 4463 4565 4512 5015 
22397 4864 4865 4693 5134 
22398 1823 1821 1503 1504 
22399 4647 4558 4744 4745 
22400 4409 4875 4534 4888 
22401 4675 4920 4676 5111 
22402 4496 4872 4767 5001 
22403 1991 1987 1977 4915 
22404 2083 2103 2082 4533 
22405 4453 4816 4610 5093 
22406 4661 4834 4662 5101 
22407 4414 4574 4532 5080 
22408 4403 4730 4629 5120 
22409 324 2103 2078 4524 
22410 4488 1936 4757 4874 
22411 1457 4512 4476 4680 
22412 4709 4923 4619 4949 
22413 4881 5044 2097 5061 
22414 1721 1746 1908 1586 
22415 4941 4942 4940 4946 
22416 4451 4743 4573 4990 
22417 1894 1516 1532 1876 
22418 1858 4584 1409 4768 
22419 2040 2041 4660 4815 
22420 4450 4973 4595 5053 
22421 4704 4804 4436 5135 
22422 1962 4662 1963 4757 
22423 4412 4544 4796 5092 
22424 4454 4737 4612 5020 
22425 4483 4573 4743 4990 
22426 4419 4648 4798 4871 
22427 2103 2082 4533 4780 
22428 1541 1874 1878 1470 
22429 4457 4899 4900 5077 
22430 4503 5078 4936 5153 
22431 4401 4790 4502 4822 
22432 4401 4794 4791 4797 
22433 4456 4742 4694 4899 
22434 4484 4677 4985 5024 
22435 4430 5055 4516 5110 
22436 4465 332 4796 4993 
22437 4455 4729 4512 4772 
22438 2053 4981 4706 4993 
22439 1564 1348 340 5010 
22440 4462 4645 4903 5124 
22441 1810 1982 2010 1337 
22442 1430 4986 4628 5081 
22443 1507 1853 1855 1506 
22444 4502 5107 4505 5137 
22445 4460 4714 4694 5044 
22446 4424 4829 4551 4869 
22447 4404 4789 4671 5035 
22448 1525 1515 1371 4594 
22449 4502 4790 4622 4822 
22450 1815 1362 1886 1959 
22451 4687 4740 4452 5138 
22452 4738 4856 4439 4883 
22453 4488 4692 4428 4749 
22454 4446 4596 4769 4890 
22455 1388 4449 1337 4685 
22456 4582 4639 4576 4850 
22457 4599 4812 4523 4984 
22458 1493 4606 1622 5147 
22459 1563 4810 4606 4971 
22460 2029 4578 2063 4974 
22461 1449 1868 1446 1866 
22462 1460 1499 1498 1842 
22463 2107 4808 4655 5109 
22464 4655 4786 4463 5015 
22465 2108 4891 4593 5010 
22466 4513 4642 4641 4723 
22467 4413 4767 4872 5001 
22468 1534 1511 1510 1817 
22469 2052 2070 333 4665 
22470 4977 5105 4516 5110 
22471 4900 4462 5117 5124 
22472 4431 4818 4587 4820 
22473 1881 1425 1907 4848 
22474 2059 2041 4670 4998 
22475 4595 4973 4468 5053 
22476 1388 1810 1895 1544 
22477 4609 4895 4490 4896 
22478 4730 4884 4420 5092 
22479 1353 2055 4681 4937 
22480 4483 4403 4743 5014 
22481 4560 4705 4473 4933 
22482 4485 4808 4422 4870 
22483 4403 5089 4570 5120 
22484 4596 4765 4446 5149 
22485 4447 4756 4490 4875 
22486 4445 4833 4659 5085 
22487 4533 4780 4949 5084 
22488 4460 4881 4613 4923 
22489 1818 1385 1748 1915 
22490 4458 4745 4739 4746 
22491 4516 4660 4478 4977 
22492 4409 4833 4664 5129 
22493 4465 5147 4701 5179 
22494 4409 4687 4659 5091 
22495 1476 4728 5079 5169 
22496 1503 1823 1504 1412 
22497 1391 1613 1581 5043 
22498 4587 4818 4514 4928 
22499 1922 4979 4978 4980 
22500 2044 2047 4817 5055 
22501 1527 1864 1904 1461 
22502 4673 5000 4531 5100 
22503 4587 4823 4820 4840 
22504 1950 4610 1952 4873 
22505 2063 4578 2029 4815 
22506 4414 4726 4574 5080 
22507 4464 4761 4593 5010 
22508 4414 4652 4574 4849 
22509 4474 4707 4926 5011 
22510 4465 4701 4993 5179 
22511 1511 1598 1872 1873 
22512 4646 4818 4491 5154 
22513 1785 1790 1804 4594 
22514 1436 4665 1545 4937 
22515 4428 4488 4749 5099 
22516 4480 4666 4538 5102 
22517 4880 4986 4472 5120 
22518 1903 1907 1881 1578 
22519 1391 1581 4500 5043 
22520 1873 1817 1511 1887 
22521 1593 1594 4627 4855 
22522 4624 4799 4898 5062 
22523 2097 4881 336 5044 
22524 4413 4836 4766 4887 
22525 1594 1350 2110 4567 
22526 4626 4898 2023 4980 
22527 1524 1373 1617 4603 
22528 4495 4731 4987 5001 
22529 1794 1875 1813 1344 
22530 4846 5075 4510 5121 
22531 2099 4702 4536 4930 
22532 332 333 4701 4993 
22533 2064 2063 4654 4821 
22534 1496 1461 1903 1578 
22535 4555 4618 4542 4777 
22536 2048 4493 2047 5055 
22537 4522 4597 4421 5127 
22538 4594 4434 4712 5103 
22539 4454 4950 4737 5015 
22540 2014 1882 2008 1470 
22541 1838 1461 1496 1413 
22542 1716 1759 1573 4606 
22543 1560 1596 4664 4696 
22544 1861 1751 1591 1746 
22545 1723 4835 1738 4836 
22546 4567 4798 1378 4914 
22547 2080 1365 2115 2110 
22548 5130 5132 5131 5154 
22549 4479 4698 1927 5082 
22550 4527 4807 4526 4966 
22551 1376 4971 1627 4984 
22552 1497 1877 1508 1411 
22553 4431 4670 4657 5057 
22554 4418 4502 4822 5107 
22555 1446 1869 1598 1511 
22556 1869 1872 1871 1598 
22557 4635 4636 4445 4795 
22558 4667 4724 4480 4992 
22559 4544 4887 4531 5167 
22560 4419 4871 4567 5009 
22561 4464 4682 4728 4922 
22562 4404 4789 4534 4875 
22563 4623 4624 4424 4894 
22564 4483 4633 4573 4990 
22565 4954 5021 4653 5023 
22566 4411 4926 4707 5011 
22567 4442 4534 4875 4888 
22568 1621 1372 1977 4915 
22569 4825 4843 4824 5094 
22570 1862 1858 1409 1885 
22571 4404 4534 4789 5155 
22572 1395 1830 1398 1497 
22573 1541 1895 1874 1544 
22574 1846 5070 4620 5072 
22575 2092 4615 4702 4930 
22576 4404 4724 4535 5035 
22577 2039 2037 4532 4778 
22578 4764 4932 4763 4978 
22579 337 2097 5044 5061 
22580 1527 1904 1345 1461 
22581 4416 4701 5147 5179 
22582 1909 1813 1875 1344 
22583 4655 4786 4422 4808 
22584 4705 4473 4903 5124 
22585 1418 4703 1481 5038 
22586 1624 1529 4565 4738 
22587 4563 4994 4847 5122 
22588 4480 4407 4756 5102 
22589 4404 4741 4568 4989 
22590 4429 4615 5056 5087 
22591 1845 1425 1881 4848 
22592 2101 2090 4970 5009 
22593 2050 4638 4736 5126 
22594 1870 1869 1417 1410 
22595 4501 4893 4623 5062 
22596 4522 4741 4478 5127 
22597 1925 4669 4919 5038 
22598 4534 4917 4789 5155 
22599 1459 1345 1904 1461 
22600 4412 4796 4544 5167 
22601 4467 4869 4591 5145 
22602 4573 4633 4483 5111 
22603 4563 4508 4994 4995 
22604 4951 4471 4955 4956 
22605 2047 4879 4489 5008 
22606 4553 5056 4615 5087 
22607 4517 4484 4985 5024 
22608 4416 4993 4701 5179 
22609 2034 4884 2035 4947 
22610 4646 4783 4430 4852 
22611 2107 4786 4655 4808 
22612 2037 4532 4778 5019 
22613 1848 1894 1532 1876 
22614 4418 4728 4732 4922 
22615 4425 4923 4709 4949 
22616 1868 1869 1446 1866 
22617 4429 5056 4553 5087 
22618 5112 5113 4438 5114 
22619 1857 1495 1856 4584 
22620 1837 1411 1390 1541 
22621 2048 2050 4638 4736 
22622 4408 4757 4557 5087 
22623 1487 4669 5038 5079 
22624 1812 1751 1591 1861 
22625 4458 4493 5050 5110 
22626 1487 4761 4669 5079 
22627 1742 1368 4606 4971 
22628 1411 1393 1837 1390 
22629 1781 4605 1782 4704 
22630 1499 1416 1498 1842 
22631 4412 4465 4796 5167 
22632 4441 4814 4598 4894 
22633 1849 1842 1416 1848 
22634 4527 4834 4713 4997 
22635 4426 4555 4904 5088 
22636 1380 4845 4784 4925 
22637 4403 4483 4743 4990 
22638 4546 4972 4876 5136 
22639 4421 4741 4522 5127 
22640 4587 4514 4838 4928 
22641 4567 4871 4553 5009 
22642 1746 1591 1861 1586 
22643 1585 1452 1489 5082 
22644 2098 4498 5020 5061 
22645 1876 1750 1341 1812 
22646 4540 4542 4618 4777 
22647 4598 4814 2090 4970 
22648 1855 1908 1861 1507 
22649 4518 4882 4675 5111 
22650 1787 4804 4491 4852 
22651 4462 4854 4691 5117 
22652 4512 4565 4463 5064 
22653 1568 1622 1563 4810 
22654 2022 4713 2016 4834 
22655 1563 1622 1368 4606 
22656 1780 4760 4605 4958 
22657 1541 1878 1523 1470 
22658 4471 4689 4951 5158 
22659 4423 4598 4814 4894 
22660 4522 4992 4671 5164 
22661 2048 2066 2047 4925 
22662 1432 1433 4688 4784 
22663 4492 4855 4419 4915 
22664 1373 4603 1939 4873 
22665 4693 5134 4865 5135 
22666 1398 1828 1827 1830 
22667 4557 4871 4661 5101 
22668 4458 4744 4558 4745 
22669 1861 1591 1569 1507 
22670 2038 2037 5019 5138 
22671 4424 4623 4893 5062 
22672 4408 4752 4553 4957 
22673 4411 4737 4612 5012 
22674 4722 4739 4482 5050 
22675 4458 4739 4722 5050 
22676 1381 4896 4609 5008 
22677 4681 4937 2062 4973 
22678 2048 4638 2053 4981 
22679 4593 4891 4464 5010 
22680 4485 4808 2088 4814 
22681 4405 4947 4608 5160 
22682 2073 2097 4612 4881 
22683 2107 2091 4808 5109 
22684 1426 1879 1820 1885 
22685 2067 2030 2062 4497 
22686 4677 4842 4484 4985 
22687 1966 4610 1949 4669 
22688 2098 4634 2075 4918 
22689 4447 4489 4817 4879 
22690 1355 1518 1952 4873 
22691 4619 5069 4433 5074 
22692 1853 1855 1506 1854 
22693 4493 4817 4489 4925 
22694 1950 1952 1924 4873 
22695 1919 4864 1889 4866 
22696 4658 4783 4491 5180 
22697 4717 4771 4719 5034 
22698 4526 4809 1975 4832 
22699 1425 1578 1907 1587 
22700 4404 4756 4741 4875 
22701 1856 1857 1809 1495 
22702 2039 4532 2037 5019 
22703 4503 4790 4776 5086 
22704 4496 4982 4948 4983 
22705 1492 4999 4588 5178 
22706 4469 4599 4594 4760 
22707 4601 4413 4851 4887 
22708 1738 4640 1737 4907 
22709 4417 4635 5042 5085 
22710 4405 4882 4517 5104 
22711 4602 4937 4450 4973 
22712 4417 4833 4635 5085 
22713 2108 2074 2102 4702 
22714 2091 4515 2114 4970 
22715 4433 5069 5068 5074 
22716 2020 2011 1534 1916 
22717 4732 4922 4505 5107 
22718 4418 4922 4732 5107 
22719 4488 4429 4874 5087 
22720 4671 4789 4577 5035 
22721 1753 4496 4835 5170 
22722 4545 4938 4683 5049 
22723 4607 4708 4533 5084 
22724 4661 4530 4834 5101 
22725 4502 4418 4732 5107 
22726 2054 4638 2024 5126 
22727 1407 1404 1506 1854 
22728 4682 4714 4694 4922 
22729 4473 4900 4899 5077 
22730 4505 4732 4728 4922 
22731 4434 4482 4712 5103 
22732 1447 4603 1567 5067 
22733 4439 4622 4500 5043 
22734 4702 4930 4428 5048 
22735 2049 4657 4885 4998 
22736 1529 1624 4565 4927 
22737 4903 5117 4462 5124 
22738 4474 4585 4614 4751 
22739 4477 4772 4684 4782 
22740 1619 1533 1602 5178 
22741 2113 4959 4893 5006 
22742 1929 1956 303 5143 
22743 4675 4676 4942 5111 
22744 1440 1615 1444 4681 
22745 1861 1908 1746 1586 
22746 1537 1512 1362 1906 
22747 4413 4835 4766 4836 
22748 4897 4968 1421 5109 
22749 4420 4544 4884 5149 
22750 4578 4821 2063 4974 
22751 1359 2077 1595 4627 
22752 1902 1792 1351 1817 
22753 4674 4675 4920 4941 
22754 2056 2028 2066 1374 
22755 4515 1421 4968 5109 
22756 4420 4672 4715 5014 
22757 4630 4715 4672 5014 
22758 336 4881 4613 5044 
22759 4669 4919 4519 5007 
22760 4593 4702 4427 4891 
22761 1417 1869 1871 1598 
22762 1455 1454 4961 4968 
22763 4538 4666 4537 5102 
22764 4433 4923 4613 4949 
22765 2051 330 2034 4544 
22766 4759 4907 4588 5179 
22767 4431 4657 4819 5057 
22768 4592 4605 4434 4958 
22769 2103 4524 2083 4959 
22770 4448 4794 4502 5137 
22771 4502 4794 4456 5137 
22772 1822 1824 1823 1412 
22773 1535 1362 1958 1886 
22774 4419 4553 4871 5009 
22775 4544 4420 5100 5149 
22776 1794 1522 1875 1344 
22777 4558 4783 4514 5105 
22778 4625 4898 4799 5062 
22779 4592 4605 4436 5125 
22780 2094 4501 2109 5006 
22781 4458 5050 4558 5110 
22782 4570 5089 4720 5176 
22783 4481 4720 5089 5176 
22784 4693 4436 4804 5135 
22785 1838 1904 1903 1461 
22786 1956 304 303 5115 
22787 1928 1814 1605 4996 
22788 2066 1374 2028 4656 
22789 4488 5036 4939 5099 
22790 1378 4567 1594 4855 
22791 4433 5069 4969 5071 
22792 1517 1920 1894 1843 
22793 4557 4661 1964 4662 
22794 2078 4524 2103 4959 
22795 328 2057 327 4596 
22796 4424 4551 4779 4869 
22797 4662 4834 4408 5101 
22798 2040 4660 2041 4998 
22799 4430 4736 5125 5180 
22800 4412 4730 4544 5092 
22801 4558 5050 4430 5110 
22802 4404 4789 5035 5155 
22803 1374 1579 2028 4656 
22804 4431 4818 4783 5105 
22805 2094 2109 4501 4763 
22806 4438 5112 4854 5113 
22807 4515 4627 2114 4970 
22808 4655 4965 1467 5064 
22809 1512 1362 1815 1959 
22810 1813 1909 1505 1344 
22811 4590 4546 4938 5136 
22812 4434 4605 4592 5125 
22813 4899 4900 4473 5124 
22814 1963 4757 4526 4939 
22815 4491 4783 4646 4852 
22816 4408 5036 4757 5087 
22817 4422 4515 4831 4897 
22818 4428 4702 4615 4930 
22819 4501 4624 4623 4991 
22820 4553 4871 4567 5056 
22821 4501 4893 4552 5006 
22822 4671 4773 4522 5164 
22823 4552 4893 4501 5062 
22824 4404 4875 4741 4989 
22825 4764 4626 4931 4932 
22826 1868 1869 1410 1446 
22827 1368 1622 1573 4606 
22828 4455 4683 4550 5049 
22829 2089 2088 2090 4814 
22830 4536 4428 4930 5048 
22831 1380 4784 1379 4925 
22832 4407 4558 4641 5105 
22833 2090 2092 2089 4553 
22834 4552 4501 5006 5062 
22835 4589 4615 4488 5087 
22836 1883 4946 4945 5031 
22837 1499 1532 1416 1848 
22838 4776 4790 4622 5086 
22839 1557 4564 4537 4735 
22840 4426 4902 4556 4904 
22841 1867 1523 1893 1878 
22842 1855 1614 1507 1506 
22843 4926 4938 4547 5058 
22844 4465 4759 4604 5178 
22845 1437 1490 4604 5081 
22846 1446 1620 1449 1866 
22847 4601 4706 2024 4851 
22848 4510 5075 5074 5121 
22849 2091 4808 4515 4970 
22850 1923 1524 1367 4698 
22851 2049 4885 4658 4998 
22852 4692 4749 1942 4924 
22853 4512 4772 4729 4950 
22854 4479 4871 4557 5141 
22855 4465 4588 4759 4999 
22856 1350 1378 1377 4567 
22857 1544 1810 2010 1337 
22858 4626 4932 4764 4978 
22859 4865 5134 4864 5135 
22860 2014 1338 1811 1882 
22861 1532 1517 1516 1894 
22862 1936 1974 1930 4939 
22863 1450 4798 1378 4855 
22864 4587 4820 4818 4928 
22865 4431 4660 4823 5127 
22866 1874 2010 2008 1544 
22867 4499 4836 4413 4887 
22868 4978 4979 4898 4980 
22869 2030 2065 1590 5008 
22870 1874 1810 2010 1544 
22871 4614 4585 4695 4751 
22872 4871 5002 4661 5101 
22873 1557 4564 4735 4896 
22874 4608 4947 4484 5160 
22875 1439 4880 1441 5177 
22876 1541 1388 1895 1544 
22877 4476 4684 4772 4782 
22878 4536 4930 4702 5048 
22879 4583 4789 4576 5108 
22880 1421 1454 1455 4968 
22881 1872 1902 1351 1817 
22882 1939 4873 4603 5118 
22883 4532 2039 4821 5019 
22884 4490 4535 4724 4735 
22885 1598 1872 1871 1505 
22886 1470 1541 1874 1544 
22887 4595 4947 2061 5138 
22888 4502 4732 4622 4734 
22889 1957 1928 1814 1605 
22890 4530 4813 4419 5002 
22891 1375 1467 4655 4965 
22892 1965 4557 4757 4874 
22893 4805 4809 4807 4966 
22894 1868 1410 1508 1449 
22895 2102 4553 5009 5056 
22896 4410 4781 4550 5049 
22897 4410 4650 4781 5049 
22898 4671 4773 4580 4787 
22899 4550 4781 4650 5049 
22900 4671 4992 4668 5164 
22901 4774 4883 4443 5045 
22902 5017 5018 4575 5108 
22903 4807 4809 4526 4966 
22904 4831 4897 4515 4968 
22905 4824 4825 4551 4843 
22906 1720 4912 5054 5090 
22907 4759 5167 4499 5179 
22908 1438 1615 1440 4937 
22909 4892 4916 4612 5012 
22910 4636 5085 4445 5119 
22911 1563 4606 1368 4971 
22912 1486 4600 4733 5040 
22913 1753 4496 1739 4835 
22914 1375 4655 1467 5064 
22915 4863 5130 4819 5132 
22916 4765 4887 4446 5149 
22917 1832 1868 1870 1410 
22918 4411 4707 4607 5011 
22919 1594 1378 1350 4567 
22920 1858 1426 1879 4768 
22921 4431 4670 4660 4998 
22922 4727 4728 1526 4732 
22923 4749 4750 4444 4939 
22924 4502 4456 5107 5137 
22925 4676 4920 4483 5111 
22926 1824 1827 1898 1402 
22927 2020 1534 1609 1916 
22928 4408 4557 4662 5101 
22929 4408 4753 4525 4997 
22930 1362 1517 1537 1920 
22931 4454 4892 4612 5012 
22932 4639 4768 1879 5156 
22933 4668 4671 4667 4992 
22934 4522 4668 4992 5164 
22935 4800 5096 2001 5145 
22936 2083 4916 2084 4959 
22937 4550 4466 4650 4781 
22938 1933 4874 4698 5141 
22939 4482 4434 4712 5063 
22940 1368 1759 1742 4606 
22941 1423 4663 1525 5103 
22942 2073 2097 2084 4612 
22943 4430 4783 4658 5180 
22944 4939 5036 4444 5099 
22945 4510 4586 5150 5151 
22946 1436 1545 1438 4937 
22947 1790 1760 1804 4594 
22948 1889 4766 4494 4767 
22949 4410 4781 4591 5106 
22950 1464 4845 1380 4925 
22951 4401 4502 4790 4791 
22952 4564 4756 4407 5102 
22953 1368 1573 1759 4606 
22954 4492 4419 4813 4915 
22955 1736 1716 1735 4588 
22956 4418 4634 4500 5005 
22957 4700 4467 4869 5142 
22958 4567 4798 4419 4855 
22959 4596 4765 4494 4766 
22960 4657 4670 2059 4862 
22961 2108 340 339 5010 
22962 4517 4654 5022 5024 
22963 1583 1562 1582 4856 
22964 1468 1585 4698 4914 
22965 4779 4869 4467 5142 
22966 4638 4706 2024 4981 
22967 4556 4904 4555 5088 
22968 4429 4871 4567 4914 
22969 2088 2090 4814 4970 
22970 4505 4600 4539 5040 
22971 1803 1819 1764 4486 
22972 4709 4923 4511 5074 
22973 1510 1791 1799 1916 
22974 1476 4727 1475 5079 
22975 1490 4604 4999 5178 
22976 1747 1740 4606 4907 
22977 4676 4920 4675 4941 
22978 1351 1510 1511 1817 
22979 4505 4733 5040 5169 
22980 4573 4882 4699 5111 
22981 4728 4505 5040 5169 
22982 4633 4676 4483 5111 
22983 4649 5100 4420 5149 
22984 1830 1877 1832 1497 
22985 1766 4804 4704 5135 
22986 4456 4794 4797 4886 
22987 1449 1523 1508 1867 
22988 4408 4957 4553 5101 
22989 4458 4722 4739 4745 
22990 1620 1511 1370 1873 
22991 4550 4650 4466 4910 
22992 4517 4985 4654 5024 
22993 4529 4528 4831 5095 
22994 4579 4651 4582 5159 
22995 1871 1909 1504 1505 
22996 4582 4580 4773 4787 
22997 4674 4675 4941 4945 
22998 4651 4652 4578 4975 
22999 2075 4786 2112 5020 
23000 4435 4872 4982 5001 
23001 4647 4744 4513 5037 
23002 2087 2088 2086 4892 
23003 4576 4789 4583 4917 
23004 1876 1532 1848 1812 
23005 4501 4978 4763 5006 
23006 4413 4872 4851 5001 
23007 4435 4982 4872 5148 
23008 1586 1591 1861 1507 
23009 4429 4611 4603 4914 
23010 1909 1871 1813 1505 
23011 4807 4911 4805 4966 
23012 4527 4911 4807 4966 
23013 1526 4732 4728 5169 
23014 1723 1754 1738 4835 
23015 1779 4594 1790 4958 
23016 1939 1940 4873 5118 
23017 4435 4554 4872 5001 
23018 1435 4458 1471 4746 
23019 1983 4827 1891 4829 
23020 337 2097 336 5044 
23021 4604 1437 5081 5178 
23022 4640 4872 4496 4982 
23023 4488 4939 4749 5099 
23024 4612 4737 4454 5012 
23025 1504 1823 1406 1412 
23026 4478 4516 4977 5105 
23027 4674 4920 4676 4941 
23028 4556 4749 1972 4750 
23029 2026 2054 4554 4851 
23030 4624 4424 4799 5062 
23031 4454 4786 5015 5020 
23032 4493 4845 4458 5050 
23033 4422 4515 4808 4831 
23034 1510 1351 1792 1817 
23035 4416 4606 4588 5147 
23036 4694 4899 4457 5077 
23037 1581 4856 4500 5043 
23038 1426 1589 1879 5156 
23039 4557 4429 4874 5141 
23040 1390 1388 1895 1541 
23041 1533 1494 4701 5147 
23042 1949 4610 1950 5093 
23043 4661 4662 4557 5101 
23044 4489 4784 4493 4925 
23045 1819 1879 1589 4486 
23046 2079 1580 1375 4965 
23047 4477 4926 5172 5173 
23048 4411 4612 4916 5012 
23049 2092 4615 2102 4702 
23050 1879 1426 1858 1885 
23051 4430 4516 4783 5110 
23052 4676 4941 4675 4942 
23053 4514 4641 4558 5105 
23054 4671 4787 4577 4789 
23055 4402 4889 4539 5144 
23056 4400 4737 4950 5015 
23057 4419 4798 4567 4871 
23058 4489 4925 2047 5008 
23059 4477 4926 4950 4967 
23060 4418 4728 4727 4732 
23061 1858 1862 1409 4584 
23062 1538 1471 4739 4746 
23063 4531 4887 4499 5167 
23064 1823 1898 1870 1406 
23065 4649 4446 4769 4890 
23066 2066 4656 2028 4925 
23067 2041 2029 4670 4815 
23068 4420 4884 4649 5149 
23069 1882 1874 2008 1470 
23070 1435 1434 4458 4688 
23071 4431 4657 4670 4998 
23072 4493 4430 5050 5110 
23073 1992 2005 1989 4813 
23074 4453 5048 4816 5093 
23075 4474 4751 4614 5172 
23076 4540 4618 4542 5007 
23077 2079 2107 4655 5109 
23078 4515 4968 4897 5109 
23079 1882 1338 1523 1470 
23080 1423 1374 4663 5103 
23081 4505 4732 4733 5169 
23082 1931 1923 1367 4698 
23083 1972 4749 4556 4924 
23084 4408 4530 4834 4997 
23085 4573 4699 4518 5111 
23086 1377 4567 1378 4914 
23087 4588 4606 4416 4907 
23088 2025 2051 4973 5092 
23089 1982 4549 2002 4550 
23090 4502 4792 4791 4794 
23091 4707 4710 4607 4751 
23092 1410 1869 1417 1446 
23093 1883 5031 4945 5032 
23094 1915 1535 1958 1886 
23095 1595 1421 4515 5109 
23096 1488 1452 1363 4648 
23097 1511 1872 1351 1817 
23098 4737 4950 4926 4967 
23099 2098 337 338 5061 
23100 1511 1446 1869 1873 
23101 4493 4736 4656 5050 
23102 4754 4962 4753 4966 
23103 1457 4476 4512 4927 
23104 1373 1939 1924 4873 
23105 4573 4801 4571 4943 
23106 1475 4761 1477 5079 
23107 1976 4692 1951 4749 
23108 1427 1409 4584 4768 
23109 1772 4958 4592 5063 
23110 4446 4531 5000 5100 
23111 4439 4790 4690 4822 
23112 4675 4882 4518 4935 
23113 1729 1738 1737 4907 
23114 1785 1783 4599 4812 
23115 4729 4772 4455 4950 
23116 4567 4871 4798 4914 
23117 1447 1617 1567 4603 
23118 1578 1814 1907 4996 
23119 1489 1927 4698 5082 
23120 1535 1958 1967 1915 
23121 1510 1791 1916 1817 
23122 4505 5107 4922 5137 
23123 2096 4615 2092 4930 
23124 2094 2109 2113 5006 
23125 4741 4778 4421 4989 
23126 4426 4617 4691 5052 
23127 4413 4767 4766 4835 
23128 1604 1358 2056 5065 
23129 4515 4961 4528 4968 
23130 2055 2062 4681 4937 
23131 4441 4623 4814 4894 
23132 2034 2051 4544 5092 
23133 277 4717 5030 5034 
23134 1866 1449 1868 1867 
23135 4646 4783 4491 4818 
23136 4545 4737 4411 5012 
23137 4728 4732 4505 5169 
23138 1609 1510 1799 1916 
23139 4444 4755 4754 4832 
23140 2097 5020 4612 5061 
23141 4465 4759 4588 5179 
23142 4533 4949 4607 5084 
23143 2053 2033 4981 4993 
23144 4534 4583 4697 4888 
23145 4530 4408 4834 5101 
23146 4411 4737 4545 4926 
23147 1464 4656 1424 4845 
23148 327 328 4596 4769 
23149 2046 4658 2050 5055 
23150 2084 4612 4892 4916 
23151 1410 1868 1446 1449 
23152 4619 4923 4433 4949 
23153 2107 2079 4655 4965 
23154 1895 1878 1837 1541 
23155 1817 1511 1872 1873 
23156 1578 1907 1587 4996 
23157 4499 4531 4836 4887 
23158 4585 4443 4614 5150 
23159 335 336 2073 4613 
23160 4647 4745 4744 5037 
23161 1983 1891 4625 4829 
23162 4674 4920 4675 4945 
23163 1761 1513 1778 4712 
23164 1867 1338 1523 1882 
23165 4563 5068 4645 5073 
23166 1785 1804 1364 4599 
23167 1374 1464 1579 4656 
23168 2009 4799 4700 4869 
23169 4465 4999 4759 5178 
23170 1969 4755 4750 4832 
23171 4893 4959 4552 5006 
23172 4545 4950 4737 5012 
23173 4445 5085 4659 5119 
23174 1802 1889 4864 4866 
23175 1739 4640 1754 4835 
23176 1383 1382 1364 4599 
23177 4514 4783 4646 4818 
23178 1845 1881 1907 4848 
23179 4407 4558 5105 5110 
23180 2053 2024 4601 4706 
23181 1550 1551 4520 4566 
23182 4511 4846 4709 5074 
23183 2092 4615 4553 5056 
23184 5069 5071 5068 5073 
23185 1571 1513 1606 4712 
23186 4454 4737 4950 5012 
23187 1871 1909 1823 1504 
23188 1813 1871 1872 1505 
23189 1562 1583 1624 4565 
23190 2059 2026 2049 4885 
23191 1601 2055 2030 4681 
23192 4536 2072 4930 5052 
23193 4772 4950 4512 5015 
23194 1499 1537 1517 1843 
23195 4741 4756 4447 4875 
23196 4691 4802 4462 4900 
23197 1600 1565 4593 5010 
23198 2034 4544 330 5149 
23199 4525 4762 4763 4764 
23200 4480 4908 4667 4992 
23201 1386 1378 4798 4914 
23202 4414 4532 4821 5080 
23203 4481 5089 4720 5090 
23204 4720 5089 4571 5090 
23205 340 2116 1564 5010 
23206 237 1939 1924 1373 
23207 1476 1474 1475 4727 
23208 4800 4831 4528 5095 
23209 1390 1895 1837 1541 
23210 2102 5009 4567 5056 
23211 4424 4829 4799 5062 
23212 4553 4615 4589 5087 
23213 4510 4585 4695 5150 
23214 4474 4607 4707 5011 
23215 1353 1601 1615 4681 
23216 1844 1895 1837 1390 
23217 1473 4734 4733 4792 
23218 2036 2061 4947 5138 
23219 4699 4882 4518 5111 
23220 1533 1354 333 4701 
23221 1878 1877 1837 1411 
23222 4740 4778 4532 5019 
23223 2086 4623 2085 4893 
23224 4481 5089 4631 5120 
23225 4403 4631 5089 5120 
23226 2108 4593 2080 5010 
23227 4400 4772 4512 5015 
23228 4413 4601 4851 4872 
23229 1907 1903 1814 1578 
23230 1490 1437 4604 5178 
23231 1363 1463 1621 4915 
23232 2079 2111 2107 5109 
23233 4438 4556 4902 4905 
23234 5068 5073 4563 5122 
23235 4512 4950 4729 5015 
23236 1740 4523 1742 4606 
23237 4412 4796 4602 5092 
23238 4421 4597 4906 5127 
23239 1525 4712 1571 5103 
23240 1434 1471 1435 4458 
23241 4657 4670 4862 5057 
23242 2058 2027 328 4649 
23243 2107 2114 2091 5109 
23244 1523 1867 1882 1878 
23245 1770 1772 4592 5063 
23246 1855 1861 1853 1507 
23247 1519 4873 4610 5067 
23248 4532 4421 4778 4989 
23249 2025 4973 4602 5092 
23250 1937 1939 4603 5118 
23251 1842 1843 1499 1848 
23252 4529 5097 5096 5098 
23253 5096 5097 4466 5098 
23254 336 2073 4613 4881 
23255 4706 4851 4601 4872 
23256 1567 4603 4873 5067 
23257 1439 1440 1441 4880 
23258 4951 5017 4575 5108 
23259 4797 4846 4511 5121 
23260 1909 1504 1505 1344 
23261 1493 1369 1573 4588 
23262 1436 1438 1431 4880 
23263 4421 4578 4815 4906 
23264 4690 4774 4443 4936 
23265 4935 5021 5026 5027 
23266 4475 4858 4782 5139 
23267 4650 4870 4729 5049 
23268 1778 1513 1371 4712 
23269 4474 4707 4607 4751 
23270 1355 1952 1966 4610 
23271 2112 2075 2107 4786 
23272 4754 4809 4526 4832 
23273 4536 5048 4555 5088 
23274 4542 4682 4402 5007 
23275 4525 4753 4762 4764 
23276 4603 4611 4453 5067 
23277 4555 5048 4427 5093 
23278 1545 1361 2070 4665 
23279 1551 1442 1552 4921 
23280 4417 4833 4497 4921 
23281 4408 4553 5087 5101 
23282 1376 4599 1382 4971 
23283 2099 2072 4536 5052 
23284 2033 4663 2066 4981 
23285 1770 1772 1776 4592 
23286 1610 1535 1967 1915 
23287 1611 1336 1758 4801 
23288 1872 1902 1813 1351 
23289 1941 4692 1942 4816 
23290 4439 4774 4690 4790 
23291 1813 1505 1623 1344 
23292 4493 4845 4656 4925 
23293 4503 4775 4774 5078 
23294 4429 4603 4698 4914 
23295 2041 2039 2063 4815 
23296 1435 4688 4458 4746 
23297 4473 4705 4559 4899 
23298 1475 1348 1564 5010 
23299 1343 4910 4466 5098 
23300 4690 4790 4774 4936 
23301 1467 1582 1562 4965 
23302 4497 4833 4417 5091 
23303 4588 4999 4465 5178 
23304 4430 5125 4592 5180 
23305 4539 4889 4402 5007 
23306 2026 4554 2054 4885 
23307 4708 4710 4707 4711 
23308 4454 4950 4545 5012 
23309 4700 4799 4424 4869 
23310 4780 4969 4949 5084 
23311 331 4601 4796 4993 
23312 2082 2073 2083 4533 
23313 1735 1726 4588 4999 
23314 4447 4778 4741 4989 
23315 1450 4855 1451 4915 
23316 4552 4824 4551 4843 
23317 1969 4750 4755 5114 
23318 4516 5105 4783 5110 
23319 4569 2105 4758 4762 
23320 1969 4905 4750 5114 
23321 1470 1874 2008 1544 
23322 1878 1895 1874 1541 
23323 288 4840 4838 5133 
23324 1754 1739 1738 4640 
23325 1941 4692 4816 5118 
23326 4481 5161 4720 5176 
23327 4569 5114 5113 5116 
23328 1479 5040 4733 5169 
23329 2044 4817 2047 4879 
23330 4496 4982 4872 5001 
23331 4481 4631 4912 5120 
23332 4461 4774 4775 5078 
23333 4763 4764 4762 4962 
23334 4607 4949 4619 5084 
23335 4594 4760 4958 5051 
23336 2115 2102 4567 5056 
23337 2030 2067 2065 5008 
23338 1770 1776 1773 4592 
23339 1561 1562 4565 5064 
23340 1951 1935 1936 4874 
23341 4567 4871 4429 5056 
23342 4450 4937 4681 4973 
23343 1358 1423 1374 4663 
23344 4460 5044 4881 5061 
23345 4484 4947 4884 5160 
23346 4446 4544 4887 5100 
23347 4454 4870 4892 5012 
23348 2043 2038 2037 4778 
23349 1597 4610 1966 4669 
23350 1990 2018 1988 5002 
23351 4570 5013 4720 5089 
23352 4720 5013 4571 5089 
23353 4412 4602 4730 5092 
23354 2060 2041 2029 4670 
23355 4547 4876 4878 4938 
23356 4802 4900 4691 5052 
23357 2098 338 4634 5061 
23358 1786 1767 1768 4739 
23359 4698 4874 4429 5141 
23360 4602 4796 2025 5092 
23361 4949 4969 4619 5084 
23362 1548 1590 4609 5129 
23363 2051 2025 4796 5092 
23364 1511 1620 1446 1873 
23365 1519 1355 4610 4873 
23366 1525 1423 1462 4663 
23367 2092 4702 2099 4930 
23368 332 2025 2052 4796 
23369 4423 4515 4831 4970 
23370 4427 4610 4669 5093 
23371 1596 1570 1618 4664 
23372 1353 4681 1615 4937 
23373 4726 4849 4575 5158 
23374 4531 4887 4544 5100 
23375 4923 5068 4511 5074 
23376 2078 2103 2083 4959 
23377 2097 4612 4881 5061 
23378 1551 1552 4635 4921 
23379 4589 4753 4408 5036 
23380 4428 4692 4816 4924 
23381 2015 4662 4661 4834 
23382 4613 4881 4460 5044 
23383 4443 4614 5150 5153 
23384 4851 4872 4554 5001 
23385 1485 4669 1487 4761 
23386 4404 4522 4741 4992 
23387 1411 1878 1523 1541 
23388 1475 1484 4761 5010 
23389 4533 4881 4425 4949 
23390 4444 4753 4589 5036 
23391 4410 4550 4781 5106 
23392 4781 5096 4467 5145 
23393 4568 4741 4421 4989 
23394 5023 5026 5021 5027 
23395 1756 4766 1889 4767 
23396 2092 4553 2090 5009 
23397 4713 4964 4624 4991 
23398 4399 4583 4888 5119 
23399 1963 1971 1973 4939 
23400 4754 4526 4809 4966 
23401 1985 4648 1986 5083 
23402 1349 4925 1379 5008 
23403 2053 2024 331 4601 
23404 1925 1949 4618 4669 
23405 4812 4948 4731 4982 
23406 1992 1994 1995 4857 
23407 1593 4627 1455 4961 
23408 4446 4887 4531 5100 
23409 1735 1726 1736 4588 
23410 1509 1539 4986 5176 
23411 329 2034 330 5149 
23412 1781 1782 1797 4704 
23413 4456 4797 4742 4886 
23414 4474 4926 4737 5011 
23415 4617 5052 4426 5088 
23416 2062 4937 2052 4973 
23417 1942 4816 4692 4924 
23418 4642 4666 4480 4908 
23419 1476 4728 4727 5079 
23420 1523 1449 1338 1867 
23421 4602 4973 4468 5092 
23422 4517 5022 4935 5024 
23423 4524 4916 2083 4959 
23424 2083 2084 2085 4959 
23425 1426 1427 1589 5156 
23426 1371 1571 1525 4712 
23427 2101 4567 2102 5009 
23428 4466 5096 4781 5145 
23429 4517 5021 4935 5022 
23430 2084 4612 2087 4892 
23431 4638 4981 4434 5051 
23432 1373 1924 1518 4873 
23433 4526 4444 4832 5036 
23434 1982 4449 1900 4549 
23435 4416 4601 4706 4993 
23436 4553 4429 4871 5056 
23437 4435 4706 4638 5051 
23438 1617 1373 1567 4603 
23439 4432 4837 4587 4838 
23440 4408 4753 4526 5036 
23441 4570 5013 4721 5177 
23442 4605 4958 4760 5051 
23443 4819 5130 4491 5154 
23444 328 4649 2027 5149 
23445 1800 4745 4647 5037 
23446 4529 4831 4528 4968 
23447 2034 2035 2036 4947 
23448 4461 4858 4565 4883 
23449 4466 4529 5098 5162 
23450 1978 2004 1994 4857 
23451 4468 4884 4730 5092 
23452 4431 4823 4587 5127 
23453 1941 1938 1942 4692 
23454 1923 1937 1939 4603 
23455 4526 4753 4444 5036 
23456 1552 1553 4635 4921 
23457 1856 1862 1858 4584 
23458 1450 4648 1452 4798 
23459 4650 4729 4455 5049 
23460 1762 4739 4745 4746 
23461 1540 1471 1434 4845 
23462 4429 4553 4871 5087 
23463 1724 1490 4604 4999 
23464 1358 4663 2056 5065 
23465 4707 4708 4607 4710 
23466 1524 1923 238 1373 
23467 4729 4950 4455 5049 
23468 4799 4829 4625 5062 
23469 4528 4961 1454 4968 
23470 4497 4921 4833 5129 
23471 1941 1938 4692 5118 
23472 4400 4737 4830 4967 
23473 4474 4830 4737 4967 
23474 4424 4893 4552 5062 
23475 2047 2067 4879 5008 
23476 4935 4946 4675 5024 
23477 1918 4769 4596 4770 
23478 4764 4966 4962 5059 
23479 4428 4924 4816 5048 
23480 2115 4611 2102 5056 
23481 4818 4820 4819 5154 
23482 4481 5090 4720 5161 
23483 1593 1595 1455 4627 
23484 4545 4683 4938 5058 
23485 1871 1417 1598 1505 
23486 4610 4873 4453 5067 
23487 4715 4920 4420 5014 
23488 4666 4724 4537 5102 
23489 1882 2014 1338 1470 
23490 1597 1599 1355 4610 
23491 4675 4945 4677 5024 
23492 1373 1567 4603 4873 
23493 4439 4500 4856 5043 
23494 4540 4542 4860 5007 
23495 4563 4995 4994 5122 
23496 4426 4904 4556 5088 
23497 4419 4871 4553 4957 
23498 4459 4824 4552 4959 
23499 4772 4858 4782 4967 
23500 1923 1939 238 1373 
23501 1756 4767 1889 5170 
23502 1937 1940 1939 5118 
23503 4731 4982 4948 4987 
23504 1387 4680 4476 4684 
23505 4408 4957 4530 4997 
23506 1373 1924 237 1518 
23507 4408 4530 4957 5101 
23508 4528 4800 4423 4831 
23509 4604 4629 1718 4748 
23510 4439 4856 4500 4918 
23511 4441 4752 4991 4997 
23512 4525 4991 4752 4997 
23513 1761 1767 213 1513 
23514 4461 4883 4774 5045 
23515 4764 4931 4911 4932 
23516 1377 1447 4611 4914 
23517 4527 4911 4764 4931 
23518 4589 5036 4488 5099 
23519 4526 4832 4939 5036 
23520 4402 4860 4542 5007 
23521 327 2058 328 4769 
23522 1726 4759 4588 4999 
23523 4408 4752 4957 4997 
23524 4422 4729 4650 4870 
23525 2101 2115 2102 4567 
23526 1351 1598 1872 1511 
23527 1735 4588 1369 4999 
23528 4510 5070 4619 5074 
23529 4612 4737 4411 5011 
23530 4673 4890 4771 5000 
23531 4771 4890 4770 5000 
23532 4498 4918 4634 5061 
23533 4955 4956 4471 5026 
23534 4557 4874 4429 5087 
23535 1592 1454 4528 4961 
23536 4553 4957 4871 5101 
23537 4461 5045 4774 5046 
23538 4402 4682 4542 5077 
23539 1964 4661 4557 5141 
23540 2095 4617 2100 4758 
23541 4510 5150 4695 5151 
23542 4682 4714 4464 4891 
23543 1932 1927 4479 4698 
23544 4417 4811 4595 5091 
23545 2015 4807 4662 4834 
23546 4545 4477 4926 4950 
23547 4477 4950 4772 4967 
23548 4955 4471 5023 5026 
23549 2099 4536 2072 4930 
23550 4749 4939 4444 5099 
23551 2050 4658 2046 5126 
23552 277 4717 4716 5030 
23553 4576 4639 4582 4787 
23554 4582 4639 4580 4787 
23555 4536 4426 5052 5088 
23556 4435 4872 4706 5148 
23557 4488 4757 4557 4874 
23558 1960 1512 228 1961 
23559 2043 2044 4817 5055 
23560 4446 4765 4596 4766 
23561 1380 1379 1349 4925 
23562 4491 4804 4693 5180 
23563 4406 4899 4705 5124 
23564 1988 5002 4661 5083 
23565 4444 4939 4832 5036 
23566 1547 4895 4609 4896 
23567 1556 4735 4521 4895 
23568 4422 4650 4729 5162 
23569 1931 1367 1927 4698 
23570 1492 1369 4588 4999 
23571 2088 4814 4808 4970 
23572 4691 4900 4462 5117 
23573 4762 4764 4753 4962 
23574 4624 4894 4623 4991 
23575 4512 4463 5015 5064 
23576 1870 1869 1871 1417 
23577 4552 4893 4459 4959 
23578 1728 1725 4604 4759 
23579 4480 4724 4666 5102 
23580 4540 4506 4889 4963 
23581 1349 1379 1340 5008 
23582 1844 1389 4621 4685 
23583 2092 2102 4553 5009 
23584 1351 1813 1505 1623 
23585 4441 4713 4530 4997 
23586 2071 1604 2056 5065 
23587 1982 4549 1900 4828 
23588 4439 4856 4738 5043 
23589 2092 4553 2102 5056 
23590 4648 4419 4915 5002 
23591 4442 4740 4532 5080 
23592 1628 1554 1555 5129 
23593 1794 1813 292 1793 
23594 1777 4804 1787 4852 
23595 1566 4810 4701 5147 
23596 283 1748 1818 1749 
23597 4568 4773 4582 5159 
23598 4605 5125 4638 5168 
23599 1786 1768 1771 4722 
23600 4525 4762 2094 4763 
23601 1960 299 1863 1961 
23602 1925 1418 4669 5038 
23603 4654 4821 4652 4974 
23604 4407 4977 4817 5110 
23605 1785 4599 1783 4760 
23606 4605 5051 4638 5125 
23607 1728 4748 1727 4759 
23608 4693 4804 4436 5180 
23609 4753 4764 4527 4966 
23610 1568 1566 1494 5147 
23611 2060 2029 317 4670 
23612 4515 4528 4831 4968 
23613 1993 254 1978 1520 
23614 2059 4657 2049 4998 
23615 1761 212 1778 1513 
23616 1547 4609 1381 4896 
23617 307 1865 2013 2012 
23618 4775 4461 5078 5140 
23619 1598 1417 1869 1446 
23620 2033 4981 4701 5065 
23621 4675 4946 4945 5024 
23622 4594 4712 4434 4958 
23623 1566 4701 1494 5147 
23624 4640 4835 4496 4872 
23625 4726 4575 4951 5158 
23626 4945 5031 4674 5032 
23627 2074 2099 4702 4891 
23628 2087 4892 4612 5020 
23629 1989 1987 4813 5002 
23630 4652 4821 4578 4974 
23631 4734 4776 4622 5086 
23632 4856 4918 4463 4965 
23633 1545 4665 2070 4937 
23634 4434 4981 4663 5051 
23635 1376 1784 4599 4984 
23636 1450 1378 1451 4855 
23637 1969 4750 1970 4832 
23638 4468 4973 4602 5053 
23639 330 4601 2024 4851 
23640 2072 4617 2095 4930 
23641 299 1863 1961 1807 
23642 4645 4861 1899 5071 
23643 4441 4623 4894 4991 
23644 335 336 4613 4802 
23645 4741 4875 4447 4989 
23646 1741 4983 1784 4984 
23647 1606 1424 1571 5103 
23648 1752 1739 4496 4983 
23649 1990 1988 1989 5002 
23650 4624 4898 4626 4991 
23651 1437 1430 1490 5081 
23652 2114 4627 2101 4970 
23653 1859 1860 1857 4909 
23654 4418 4500 4727 5005 
23655 4436 4885 5126 5168 
23656 1819 4486 1803 4643 
23657 4813 4915 4419 5002 
23658 5038 5039 1478 5079 
23659 1624 1583 1529 4738 
23660 1430 1431 4986 5081 
23661 1802 4866 4495 4988 
23662 4587 4838 4837 4840 
23663 1870 1417 1406 1410 
23664 1515 1525 1383 4594 
23665 4430 4783 4558 5110 
23666 2060 2059 4670 4862 
23667 1514 244 2013 2012 
23668 4447 4740 4778 4989 
23669 4737 4926 4411 5011 
23670 4583 4576 4917 5018 
23671 4609 4896 4489 5008 
23672 4423 4616 4894 5157 
23673 4422 4729 4803 5162 
23674 1568 4810 1566 5147 
23675 1807 1961 300 1954 
23676 1505 1872 1813 1351 
23677 1596 1559 1560 4664 
23678 4399 4689 4726 4951 
23679 4576 5018 4583 5108 
23680 1359 1595 1593 4627 
23681 4655 4803 1465 4897 
23682 4441 4894 4624 4991 
23683 1391 1348 1474 4727 
23684 1761 4712 1769 5063 
23685 1602 4665 5081 5178 
23686 4436 4605 4704 5168 
23687 1864 1807 300 1954 
23688 4461 4565 4858 4927 
23689 4713 4834 4530 4997 
23690 4579 4582 4773 5159 
23691 4419 4957 4530 5101 
23692 4876 4877 4547 4878 
23693 4826 4877 4876 4878 
23694 4694 4714 4457 5044 
23695 4612 5020 4498 5061 
23696 4444 4750 4749 5099 
23697 4419 4530 5002 5101 
23698 1513 212 1778 1371 
23699 4424 4799 4829 4869 
23700 4501 4979 4978 5006 
23701 1485 1519 1599 4610 
23702 1490 4999 1491 5178 
23703 2053 2048 2050 4638 
23704 4580 4773 4671 5164 
23705 4709 4742 4511 4923 
23706 4638 5051 4605 5168 
23707 1447 1365 1377 4611 
23708 4707 4926 4547 5172 
23709 1945 4816 4555 5093 
23710 4446 4890 4649 5100 
23711 4428 4617 4930 5099 
23712 4737 4400 4950 4967 
23713 2101 2110 2115 4567 
23714 4461 4738 4774 4883 
23715 4439 4774 4738 4883 
23716 4419 4567 4855 5009 
23717 4705 4899 4473 5124 
23718 4612 4892 4454 5020 
23719 4442 4532 4740 4989 
23720 4438 4905 4902 5112 
23721 1935 1938 1937 5118 
23722 4567 5009 4553 5056 
23723 4419 4871 4957 5101 
23724 1783 1782 1780 4760 
23725 4501 4624 4898 5062 
23726 4423 4894 4700 5157 
23727 1737 4640 1740 4907 
23728 4423 4800 4528 4857 
23729 4513 4744 4747 5037 
23730 4956 5026 4699 5104 
23731 1505 1598 1872 1351 
23732 4434 4592 4958 5063 
23733 4469 4760 4594 5051 
23734 2105 2104 2076 4569 
23735 4418 4822 4694 5107 
23736 4673 4719 4771 4890 
23737 4577 4789 4787 4917 
23738 4787 4789 4576 4917 
23739 2005 1984 4713 4964 
23740 4695 5072 4510 5151 
23741 4633 4943 4676 5111 
23742 4400 4950 4772 5015 
23743 1846 4620 4695 5072 
23744 1464 1424 1540 4845 
23745 4441 4964 4713 4991 
23746 1717 1735 1629 4999 
23747 4502 4734 4622 5086 
23748 4746 4747 4744 5037 
23749 1716 1747 1759 4606 
23750 1590 2065 1340 5008 
23751 4634 4714 338 5005 
23752 2087 4612 2097 5020 
23753 4413 4835 4640 4872 
23754 1865 1811 307 2013 
23755 1427 4768 4415 5156 
23756 4619 5070 5069 5074 
23757 1987 1986 4648 5002 
23758 4496 4948 4982 4987 
23759 4421 4815 4660 5127 
23760 1419 5095 4529 5097 
23761 1986 4648 5002 5083 
23762 1494 1533 1492 5147 
23763 4577 5035 4789 5155 
23764 1928 1897 1814 4996 
23765 1548 1590 1381 4609 
23766 1974 4757 1963 4939 
23767 4587 4431 4820 4823 
23768 1779 1790 1780 4958 
23769 1593 1607 1451 4855 
23770 2072 5044 4802 5052 
23771 4604 4628 1718 4629 
23772 4529 4968 4528 5095 
23773 1743 4531 1730 4748 
23774 4427 4669 4618 5093 
23775 1417 1871 1504 1505 
23776 4477 4772 4782 4967 
23777 4438 4750 4556 4905 
23778 1337 4449 1982 4679 
23779 4414 4849 4726 5158 
23780 1976 1942 1951 4692 
23781 2081 2104 2105 4854 
23782 4553 4419 4957 5009 
23783 2001 4800 5095 5096 
23784 1519 1518 1355 4873 
23785 1469 1379 1432 4896 
23786 4520 4635 1549 4795 
23787 1475 1484 1477 4761 
23788 4783 4818 4514 5105 
23789 4969 5069 1912 5071 
23790 331 2024 330 4601 
23791 4471 5026 4956 5104 
23792 1366 213 1767 1513 
23793 2048 2033 2066 4981 
23794 1972 4749 1970 4750 
23795 1809 1758 1721 1336 
23796 1970 4749 1930 4939 
23797 2062 2055 2052 4937 
23798 4740 4447 4875 4989 
23799 2045 4687 2038 4879 
23800 4544 4446 4887 5149 
23801 306 2011 1887 2012 
23802 4401 4790 4690 4936 
23803 4469 4663 4981 5051 
23804 1716 1573 195 1735 
23805 4466 5097 1343 5098 
23806 5130 4819 5132 5154 
23807 4675 4920 4677 4945 
23808 2013 1811 308 2014 
23809 2084 2097 2087 4612 
23810 4608 4947 4452 5019 
23811 336 4613 4802 5044 
23812 1778 1779 1769 4712 
23813 1751 1591 205 1750 
23814 4410 5049 4550 5106 
23815 2034 4884 4544 5149 
23816 4455 4550 4910 5049 
23817 2105 4569 2076 4762 
23818 2035 4947 4608 5019 
23819 4694 4714 4418 4922 
23820 2059 2049 2041 4998 
23821 288 1910 1884 5133 
23822 4631 5089 4481 5090 
23823 4571 5089 4631 5090 
23824 4482 4845 4656 5050 
23825 2086 2088 2089 4814 
23826 2093 2095 2094 4762 
23827 329 4765 328 5149 
23828 1341 206 1750 1749 
23829 4490 4895 4735 4896 
23830 4417 4659 5085 5091 
23831 4502 4792 4734 5086 
23832 1973 1974 1963 4939 
23833 2052 2070 4665 4937 
23834 4419 5002 4871 5101 
23835 1802 4495 4987 4988 
23836 4629 4912 1718 4913 
23837 4924 5048 4428 5088 
23838 1968 22 304 5059 
23839 1600 1484 1565 5010 
23840 2044 2045 2038 4879 
23841 1962 1965 4662 4757 
23842 315 4654 5022 5025 
23843 4429 4871 4557 5087 
23844 1982 1810 1900 4449 
23845 1949 1945 4618 5093 
23846 2107 2112 4786 4808 
23847 2046 2050 2043 5055 
23848 4506 4703 4540 4889 
23849 2027 2035 2034 4884 
23850 1875 1813 292 1794 
23851 4734 4793 4776 5086 
23852 4776 4793 4503 5086 
23853 4588 5147 4465 5179 
23854 4628 4912 4629 5120 
23855 4468 4884 4947 5160 
23856 2116 2080 1565 5010 
23857 4649 4769 2058 4842 
23858 1552 1554 1553 4921 
23859 4700 4800 4423 5157 
23860 4792 4793 4734 5086 
23861 304 4755 4754 5116 
23862 4433 4861 4645 5071 
23863 4819 5057 4863 5132 
23864 4633 4573 4943 5111 
23865 196 1717 1735 1629 
23866 1752 4948 4496 5170 
23867 4876 4938 4546 5136 
23868 4962 4966 4754 5059 
23869 2062 2030 2055 4681 
23870 1779 1769 4712 4958 
23871 2034 4544 4884 5092 
23872 4993 5167 4465 5179 
23873 4846 4510 5074 5121 
23874 4540 4919 4618 5007 
23875 1591 1341 205 1750 
23876 4542 4860 4402 5077 
23877 1886 1958 297 1959 
23878 4674 4677 4920 4945 
23879 1600 1485 1484 4761 
23880 4452 4947 4595 5138 
23881 4402 4889 4860 5007 
23882 2030 261 1590 2065 
23883 1865 306 1887 2012 
23884 1589 4486 1879 5156 
23885 1927 1367 1489 4698 
23886 1930 1976 1951 4749 
23887 4688 4744 4458 4746 
23888 4411 4916 4612 5011 
23889 4737 4830 4474 5011 
23890 1520 1993 254 1372 
23891 1762 1538 4739 4746 
23892 4565 4738 4461 4883 
23893 4736 5055 2050 5126 
23894 1457 4512 4565 4927 
23895 1483 4738 1583 4856 
23896 1998 4799 4625 4898 
23897 4691 4438 4902 5112 
23898 1468 1386 1585 4914 
23899 1999 4800 4700 5157 
23900 4782 4858 4475 4967 
23901 1371 211 1778 1760 
23902 4529 5096 4466 5098 
23903 4536 4891 4427 5048 
23904 4720 4570 5176 5177 
23905 1429 4628 1430 4986 
23906 4436 4804 4592 5180 
23907 4488 4557 4757 5087 
23908 4540 4860 4889 5007 
23909 4452 5019 4740 5080 
23910 1983 1891 313 4625 
23911 2053 2024 4706 4981 
23912 4417 4659 4833 5085 
23913 1464 1380 1349 4925 
23914 4594 4958 4434 5051 
23915 1551 1552 1553 4635 
23916 4783 5105 4558 5110 
23917 1376 1364 1382 4599 
23918 2085 2086 2093 4623 
23919 4897 4529 5162 5163 
23920 2064 4821 4654 4974 
23921 1954 301 1864 1957 
23922 1779 1760 1790 4594 
23923 4606 4810 4416 5148 
23924 1434 4784 1380 4845 
23925 4614 4695 4585 5150 
23926 1444 1552 1442 4921 
23927 2039 2040 2037 4778 
23928 1602 1361 1545 4665 
23929 4617 4930 4536 5088 
23930 4428 4930 4617 5088 
23931 1768 1761 1769 5063 
23932 4772 4950 4400 4967 
23933 4465 4993 4796 5167 
23934 1815 1886 297 1959 
23935 4753 4962 4764 4966 
23936 4740 4875 4442 4989 
23937 1988 2018 4661 5002 
23938 1735 1369 1629 4999 
23939 1555 1444 4681 4921 
23940 4586 4510 4846 5151 
23941 1468 1617 1447 4914 
23942 1590 1381 4609 5008 
23943 4654 4974 4652 5025 
23944 244 1514 1370 2012 
23945 1964 4661 4479 5083 
23946 4935 5026 4518 5027 
23947 1483 4738 4856 5043 
23948 4616 4964 4894 5157 
23949 1957 301 1864 1814 
23950 4427 4891 4702 5048 
23951 1452 1450 1363 4648 
23952 4470 5042 4636 5085 
23953 4726 4951 4575 5108 
23954 1432 1379 1380 4784 
23955 336 4802 2072 5044 
23956 4631 4481 4912 5090 
23957 4628 4986 1429 5054 
23958 1954 1961 229 1527 
23959 1533 1494 1354 4701 
23960 4599 4523 4971 4984 
23961 1965 4757 1936 4874 
23962 1797 4704 1782 4731 
23963 1512 1345 228 1961 
23964 4502 4622 4790 5086 
23965 4674 4945 4941 5031 
23966 1375 4655 1420 5109 
23967 1781 1780 1782 4605 
23968 2036 4947 2035 5019 
23969 1790 1785 1783 4760 
23970 1964 4479 4661 5141 
23971 4536 5052 4617 5088 
23972 1386 1377 1378 4914 
23973 1451 4855 1607 4915 
23974 4817 4977 4516 5110 
23975 1482 4733 4734 5169 
23976 1493 1492 1369 4588 
23977 330 2054 329 4851 
23978 282 1750 1749 1876 
23979 2027 4649 4884 5149 
23980 4435 4605 4760 5051 
23981 4536 4930 4617 5052 
23982 257 1985 1488 1363 
23983 4416 4810 4606 5147 
23984 4418 4714 4634 5005 
23985 2098 5020 2097 5061 
23986 1735 1573 195 1369 
23987 1890 4901 4933 5143 
23988 1891 1901 4825 4828 
23989 4426 4691 4900 5052 
23990 2092 2074 2099 4702 
23991 5068 5069 4433 5071 
23992 4567 4914 4611 5056 
23993 4605 4434 5051 5125 
23994 4428 4536 4930 5088 
23995 4553 4871 5087 5101 
23996 1465 4803 4655 5064 
23997 4555 5048 4924 5088 
23998 1802 4864 4865 4866 
23999 4455 4910 4650 5049 
24000 4463 4965 4655 5064 
24001 2063 2039 2042 4821 
24002 4716 4674 5028 5030 
24003 4466 5098 4910 5162 
24004 4744 4745 4458 4746 
24005 4536 4428 5048 5088 
24006 4804 4852 4592 5180 
24007 4650 4466 4910 5162 
24008 1482 4734 4732 5169 
24009 1588 4727 1526 4732 
24010 1797 1796 4704 4731 
24011 4789 4917 4577 5155 
24012 1587 4504 4844 4996 
24013 2029 2063 2064 4974 
24014 4669 4519 4919 5038 
24015 4897 4968 4529 5163 
24016 4667 4908 4668 4992 
24017 1889 4767 4494 4988 
24018 4452 5019 4947 5138 
24019 1553 1570 1608 4635 
24020 4411 4533 4916 5011 
24021 1521 5097 4529 5098 
24022 4638 5125 4736 5126 
24023 4474 4737 4926 4967 
24024 4587 4838 4840 4928 
24025 1986 5002 1988 5083 
24026 1629 1735 196 1369 
24027 4774 4936 5078 5153 
24028 4672 4748 1731 4913 
24029 1375 1465 4655 5064 
24030 1751 204 1591 1746 
24031 261 1340 1590 2065 
24032 2005 4616 1996 4964 
24033 4603 4453 4873 5067 
24034 4605 4436 5125 5168 
24035 4470 4811 5042 5085 
24036 1349 1579 1464 4925 
24037 1749 1818 283 1876 
24038 1924 1952 236 1518 
24039 1925 234 1418 4703 
24040 331 2051 2025 4796 
24041 4502 4791 4792 5086 
24042 1959 298 1815 1960 
24043 2095 2100 2105 4758 
24044 4598 4957 4419 5009 
24045 1774 4722 1771 4852 
24046 5046 5078 4461 5140 
24047 2091 2114 2101 4970 
24048 4607 4949 4533 5011 
24049 1599 1487 1485 4669 
24050 4616 4423 4857 5157 
24051 4742 4797 4511 4886 
24052 4443 4586 4936 5153 
24053 2053 4638 2024 4981 
24054 4570 4720 5013 5177 
24055 4488 4874 4557 5087 
24056 4435 4605 5051 5168 
24057 4488 4757 5036 5087 
24058 1420 4655 4897 5109 
24059 2078 4959 2113 5006 
24060 4740 5019 4532 5080 
24061 2011 243 1370 2012 
24062 4422 4803 4655 4897 
24063 4446 5100 4649 5149 
24064 4443 5150 4586 5153 
24065 4601 4993 4416 5179 
24066 4454 4786 4729 5015 
24067 4567 4429 4914 5056 
24068 1901 4826 1900 4877 
24069 2044 2048 2047 5055 
24070 2033 332 4701 4993 
24071 4830 4967 4474 5045 
24072 4436 4885 4658 5126 
24073 4619 4969 4433 5069 
24074 4481 4628 4986 5120 
24075 4628 4472 4986 5120 
24076 2056 4663 2033 5065 
24077 2015 2016 4807 4834 
24078 4626 4931 4932 4980 
24079 207 1516 1748 1749 
24080 4571 4801 4573 5013 
24081 2006 1356 2019 5095 
24082 4425 4949 4607 5011 
24083 1959 1512 227 1960 
24084 1863 1815 298 1960 
24085 291 1789 1875 1794 
24086 4441 4624 4964 4991 
24087 211 1371 1515 1760 
24088 1473 4792 1587 4793 
24089 4759 4999 4604 5178 
24090 1510 1792 223 1791 
24091 2088 2091 2090 4970 
24092 4774 5045 4443 5046 
24093 4536 4702 4891 5048 
24094 1932 1931 1927 4698 
24095 4575 4909 4768 5016 
24096 4400 4858 4772 4967 
24097 1366 1767 1584 4739 
24098 4459 4916 4892 5012 
24099 2049 2046 4658 4885 
24100 4676 4674 4941 5028 
24101 4545 4926 4737 4950 
24102 1724 1717 1629 4999 
24103 4701 4810 1566 5065 
24104 4611 4914 4429 5056 
24105 4425 4533 4949 5011 
24106 2070 2055 1353 4937 
24107 4656 4845 4493 5050 
24108 2091 2101 2090 4970 
24109 1808 291 1789 1875 
24110 4518 4882 4699 5104 
24111 4423 4894 4814 5142 
24112 4399 4888 4659 5119 
24113 2088 4808 2091 4970 
24114 1492 4588 1493 5147 
24115 4549 1900 4828 4878 
24116 204 1591 1746 1586 
24117 1436 1602 1545 4665 
24118 4443 4774 5046 5153 
24119 1421 1420 4897 5109 
24120 1780 4605 1772 4958 
24121 4443 4936 4774 5153 
24122 4481 4912 4628 5120 
24123 4817 5055 4493 5110 
24124 1966 1952 1949 4610 
24125 4587 4840 4820 4928 
24126 309 2014 1882 2008 
24127 4518 4699 4573 4953 
24128 1431 1509 4986 5176 
24129 4501 4898 4624 4991 
24130 4499 5167 4601 5179 
24131 1534 243 1370 2011 
24132 1585 1386 1452 4798 
24133 4489 4879 4609 5008 
24134 1577 4720 5176 5177 
24135 1560 4521 1556 4696 
24136 4452 4608 5019 5080 
24137 4583 5018 5017 5108 
24138 4602 4730 4468 5053 
24139 1424 4656 1374 5103 
24140 2005 1992 1996 4616 
24141 1928 4562 1897 4996 
24142 2092 2102 2074 4702 
24143 1431 1439 1509 5176 
24144 4516 5055 4817 5110 
24145 2045 2038 4687 5138 
24146 2054 4765 329 4851 
24147 1958 1362 226 1959 
24148 4796 4993 4601 5167 
24149 2068 2058 4769 4842 
24150 4711 4547 4876 4877 
24151 4645 5068 4433 5071 
24152 1723 1738 1732 4836 
24153 5039 5040 1479 5079 
24154 4818 4819 4491 5154 
24155 4948 4982 4812 4983 
24156 2049 4658 2046 4998 
24157 1787 4646 1774 4852 
24158 4690 4790 4401 4822 
24159 2022 2005 1984 4713 
24160 1802 4865 4495 4866 
24161 4575 4954 4951 5158 
24162 4601 5167 4993 5179 
24163 4431 4819 4818 4820 
24164 4556 4924 4428 5088 
24165 4555 4924 4556 5088 
24166 1530 4538 4537 4564 
24167 4697 4888 4583 5119 
24168 2026 4765 2054 4851 
24169 4947 5019 2036 5138 
24170 4781 5106 4550 5146 
24171 1487 1477 4761 5079 
24172 1808 1764 290 1819 
24173 1463 1450 1451 4915 
24174 2116 2108 2080 5010 
24175 4774 5078 5046 5153 
24176 4461 5046 4774 5078 
24177 1464 1374 1424 4656 
24178 4575 4849 4954 5158 
24179 4410 4870 4650 5049 
24180 1588 1391 1474 4727 
24181 1602 4665 1436 5081 
24182 4820 4840 1884 5133 
24183 4951 5016 4575 5017 
24184 4607 4710 4708 5084 
24185 1360 1581 1582 4856 
24186 4462 4900 4802 5124 
24187 4552 4843 1891 5094 
24188 1800 4747 4746 5037 
24189 1540 1366 1471 4739 
24190 4628 4912 4481 5054 
24191 2071 2056 2033 5065 
24192 4468 4730 4602 5092 
24193 4569 4755 5114 5116 
24194 4476 4685 4684 4782 
24195 2014 1811 308 1882 
24196 4530 4957 4441 4997 
24197 4624 4894 4441 4964 
24198 1521 5098 4529 5163 
24199 4401 4791 4790 4936 
24200 4423 4800 4700 5142 
24201 4467 4700 4800 5142 
24202 4420 4730 4672 5014 
24203 245 1338 2013 2014 
24204 2089 2096 2093 4752 
24205 4784 4845 4493 4925 
24206 4800 4857 4423 5157 
24207 4423 4700 4894 5142 
24208 1743 1733 1730 4531 
24209 1722 4715 4716 4717 
24210 1559 4664 1618 5129 
24211 1789 1764 290 1808 
24212 1950 4816 1945 5093 
24213 4476 4782 4772 4858 
24214 1354 2071 4701 5065 
24215 4417 5042 4811 5085 
24216 2045 2044 2047 4879 
24217 4435 5051 4638 5168 
24218 1601 1555 1444 4681 
24219 4548 4620 4710 4751 
24220 1780 1781 1772 4605 
24221 4428 4749 4692 4924 
24222 207 1516 1385 1748 
24223 2092 2090 2102 5009 
24224 1592 1454 1356 4528 
24225 1432 4564 1469 4896 
24226 4555 4816 1943 4924 
24227 206 1341 1516 1749 
24228 4555 4816 4924 5048 
24229 4802 5044 4457 5052 
24230 1981 1488 4648 5083 
24231 1490 1491 1437 5178 
24232 275 4948 4812 4983 
24233 1776 1805 1777 4804 
24234 1491 4999 1492 5178 
24235 1947 4618 4540 4919 
24236 4612 4916 4533 5011 
24237 2071 333 1354 4701 
24238 4444 4758 4750 5099 
24239 5045 5046 4461 5139 
24240 1429 1352 1430 4628 
24241 4481 4986 4628 5054 
24242 4652 4974 4578 4975 
24243 4604 4759 1725 4999 
24244 1468 1367 1524 4698 
24245 222 1793 1792 1623 
24246 1479 5079 5040 5169 
24247 2079 2107 2106 4965 
24248 2008 246 2014 1470 
24249 1604 1462 1358 5065 
24250 1599 1519 1355 4610 
24251 2000 4869 4700 5145 
24252 4477 4967 4782 5171 
24253 2092 2102 4615 5056 
24254 4706 4981 4638 5051 
24255 1621 1463 1372 4915 
24256 269 2111 2079 1375 
24257 1756 4766 1757 4770 
24258 1924 1940 1950 4873 
24259 2065 2028 1349 4925 
24260 4616 4441 4894 4964 
24261 4858 5045 4461 5139 
24262 2111 1357 1595 5109 
24263 4417 4833 4659 5091 
24264 1558 4735 1556 4895 
24265 4683 4549 4938 5058 
24266 1338 1514 245 2013 
24267 1568 1493 1622 5147 
24268 4447 4756 4741 4977 
24269 2100 2095 2072 4617 
24270 4910 5098 4678 5162 
24271 1931 1933 1923 4698 
24272 1557 1469 4564 4896 
24273 4444 5036 4589 5099 
24274 4685 4782 4475 5171 
24275 4430 4592 4852 5180 
24276 1487 4669 1418 5038 
24277 2070 1353 1545 4937 
24278 1457 4565 4512 5064 
24279 4434 4958 4712 5063 
24280 4399 4659 5085 5119 
24281 1560 1546 1596 4696 
24282 4518 4699 5026 5104 
24283 1597 1355 1966 4610 
24284 4605 4434 4958 5051 
24285 1550 1442 1551 4566 
24286 1367 1468 1585 4698 
24287 2018 2015 4661 4834 
24288 4598 4423 4814 4970 
24289 4441 4991 4713 4997 
24290 5068 5071 4645 5073 
24291 4617 4930 2072 5052 
24292 1981 5082 1488 5083 
24293 4502 4790 4791 5086 
24294 4446 4544 5100 5149 
24295 1354 1604 2071 5065 
24296 1420 4655 1465 4897 
24297 4858 4883 4461 5045 
24298 2033 4663 4981 5065 
24299 4951 4471 4954 4955 
24300 4587 4823 4597 5127 
24301 277 4716 5028 5030 
24302 1961 1345 229 1527 
24303 1985 1981 1488 4648 
24304 4650 4910 4550 5049 
24305 4540 4889 4860 4963 
24306 4809 4966 4805 5059 
24307 4436 5126 4638 5168 
24308 4548 4695 4620 4751 
24309 310 1874 2010 2008 
24310 4400 4967 4830 5045 
24311 1483 1583 1582 4856 
24312 4629 1731 4748 4913 
24313 2063 2029 2041 4815 
24314 1795 4731 4948 4987 
24315 4446 5000 4890 5100 
24316 266 1365 2080 2110 
24317 1949 1952 1950 4610 
24318 1442 1441 1440 4566 
24319 2096 2072 2095 4930 
24320 4417 4635 4833 4921 
24321 1891 4827 4825 4843 
24322 4721 5013 4720 5177 
24323 1784 1785 1376 4599 
24324 2045 2047 2067 4879 
24325 263 2028 2056 1374 
24326 1899 4462 4645 4903 
24327 2024 4638 2050 5126 
24328 2085 4893 2113 4959 
24329 1985 1987 1986 4648 
24330 1793 1902 293 1792 
24331 4890 5000 4673 5100 
24332 262 1349 1340 2065 
24333 1724 1629 1490 4999 
24334 2114 2077 2101 4627 
24335 1979 5096 5095 5097 
24336 4416 5147 4588 5179 
24337 1593 1451 1594 4855 
24338 1539 1429 4986 5054 
24339 1430 1436 1431 5081 
24340 2027 4884 2034 5149 
24341 2053 2050 2024 4638 
24342 1425 4504 4848 5066 
24343 1874 309 1882 2008 
24344 1739 1737 1738 4640 
24345 226 1535 1362 1958 
24346 1381 1379 1469 4896 
24347 1521 4528 4968 5095 
24348 1795 1796 4731 4987 
24349 2061 2025 2051 4973 
24350 4453 4816 4692 5118 
24351 1963 1953 4526 4807 
24352 1747 1740 1742 4606 
24353 4754 4966 4809 5059 
24354 1492 1491 1369 4999 
24355 1548 1381 1547 4609 
24356 310 1874 1810 2010 
24357 1481 1418 234 4703 
24358 4911 4966 4764 5059 
24359 1857 1858 1859 4909 
24360 2045 2061 2038 5138 
24361 1564 18 340 1348 
24362 4571 4718 4633 4943 
24363 4532 4778 4740 4989 
24364 4537 4644 4538 4960 
24365 1462 4663 1358 5065 
24366 253 1978 1520 2006 
24367 4954 4471 5021 5023 
24368 1384 1568 1563 4810 
24369 1354 1494 1566 4701 
24370 4653 4954 4849 5158 
24371 4790 4791 4503 4936 
24372 2100 2072 4802 5052 
24373 4658 4885 2046 5126 
24374 1924 1939 1940 4873 
24375 2040 2043 2037 4778 
24376 4526 4939 4757 5036 
24377 1357 2111 1375 5109 
24378 1780 1790 1783 4760 
24379 262 1349 2065 2028 
24380 4830 4883 4400 5045 
24381 4745 4746 4744 5037 
24382 1519 1567 4873 5067 
24383 4436 5125 4638 5126 
24384 2094 4762 2076 4763 
24385 4523 4812 4983 4984 
24386 1548 1628 1590 5129 
24387 4491 4852 4804 5180 
24388 4575 5016 4768 5018 
24389 4638 5051 4434 5125 
24390 5028 277 5030 5031 
24391 1945 1943 4555 4816 
24392 4488 5036 4589 5087 
24393 4589 5036 4408 5087 
24394 1859 4849 4653 4954 
24395 1551 1553 1608 4635 
24396 1952 1355 236 1518 
24397 1557 4735 1558 4895 
24398 4474 4707 4751 5172 
24399 1428 4628 1429 5054 
24400 4422 4803 4897 5162 
24401 302 1928 1897 1814 
24402 1433 1380 1434 4784 
24403 4935 5026 5021 5104 
24404 1529 4738 1472 4775 
24405 1989 1988 1987 5002 
24406 1360 4856 1582 4965 
24407 4552 5006 4979 5062 
24408 4699 4882 4405 5104 
24409 1439 1438 1440 4880 
24410 1728 4604 1718 4748 
24411 1722 4673 4715 4717 
24412 1752 4496 4948 4983 
24413 4518 5026 4935 5104 
24414 4579 5003 4597 5004 
24415 2066 2028 2047 4925 
24416 2058 4842 2032 4985 
24417 4954 4955 4471 5023 
24418 1347 340 18 1348 
24419 1375 1467 1465 5064 
24420 4436 5126 4658 5180 
24421 220 1522 1789 1794 
24422 1813 1902 293 1793 
24423 4436 5125 5126 5180 
24424 1770 1771 1768 5063 
24425 1901 312 1900 4828 
24426 1757 4766 4836 5000 
24427 1722 4715 4630 4716 
24428 2117 2079 2106 4965 
24429 4588 4907 4416 5179 
24430 2032 2064 2042 4985 
24431 2098 338 2075 4634 
24432 2117 1360 2079 4965 
24433 4538 4688 1530 4960 
24434 1558 1556 4521 4895 
24435 4408 5087 4557 5101 
24436 2049 2040 2041 4998 
24437 268 1595 2077 2111 
24438 4480 4756 4724 5102 
24439 2100 4617 2072 5052 
24440 1761 1778 1769 4712 
24441 1805 4804 1766 5135 
24442 282 1750 1876 1812 
24443 4603 4873 4453 5118 
24444 4454 4729 4950 5015 
24445 1964 4479 5082 5083 
24446 4837 4839 4581 5004 
24447 4499 4887 4601 5167 
24448 1451 1378 1594 4855 
24449 4820 4928 4840 5133 
24450 1476 1526 4727 4728 
24451 1786 1762 4739 4745 
24452 1384 1566 4810 5065 
24453 4782 4967 4475 5171 
24454 4774 4936 4503 5078 
24455 1917 4552 4824 4959 
24456 1464 1434 1380 4845 
24457 4477 4926 4967 5172 
24458 1343 4678 4910 5098 
24459 1735 1717 1726 4999 
24460 4475 5046 5045 5139 
24461 1917 4824 4524 4959 
24462 2065 2047 4925 5008 
24463 4638 5125 4436 5168 
24464 2033 2053 332 4993 
24465 2068 2058 327 4769 
24466 4911 4931 4806 4932 
24467 4644 4666 4642 4908 
24468 336 2100 2072 4802 
24469 4579 4906 4597 5003 
24470 1917 4524 4824 5094 
24471 1476 1526 4728 5169 
24472 1917 4824 4552 5094 
24473 4624 4713 1998 4964 
24474 4518 4935 4882 5104 
24475 1718 4629 4628 4912 
24476 1747 1737 1740 4907 
24477 1921 1900 1810 4449 
24478 1819 1803 289 4643 
24479 4402 4860 4889 5144 
24480 4450 4602 4973 5053 
24481 4530 4661 5002 5101 
24482 2064 2063 4821 4974 
24483 1784 4812 4599 4984 
24484 4774 4790 4503 4936 
24485 1861 280 1751 1746 
24486 1551 1549 4520 4635 
24487 1942 1938 1951 4692 
24488 4676 4943 4942 5111 
24489 4438 4750 4905 5114 
24490 1418 1599 1597 4669 
24491 4575 4849 1859 4954 
24492 1433 4688 1435 4960 
24493 1575 5161 1539 5176 
24494 1943 4816 1942 4924 
24495 4882 4935 4517 5104 
24496 2036 5019 2037 5138 
24497 4897 5162 4803 5163 
24498 1992 1996 4616 5157 
24499 1987 1991 1989 4813 
24500 2098 2087 2097 5020 
24501 4805 5059 4911 5060 
24502 4474 4967 4926 5172 
24503 1722 4673 4672 4715 
24504 1725 1724 4604 4999 
24505 2026 328 329 4765 
24506 1797 1766 1781 4704 
24507 1521 4968 4529 5095 
24508 4523 4812 4982 4983 
24509 4862 4863 4657 5057 
24510 4404 4671 4992 5035 
24511 4667 4992 4671 5035 
24512 1999 2004 4800 4857 
24513 1928 302 1957 1814 
24514 2048 2053 2033 4981 
24515 1601 1353 260 2055 
24516 1745 4987 4948 5170 
24517 1386 1378 1450 4798 
24518 4573 4943 4518 4944 
24519 1955 1944 4556 4924 
24520 4941 4945 4675 4946 
24521 4854 5112 4691 5117 
24522 1998 4700 4964 5157 
24523 1998 4700 4624 4964 
24524 329 2054 2026 4765 
24525 1967 1755 1610 1915 
24526 1799 2020 1609 1916 
24527 1457 4512 1561 5064 
24528 1897 4508 4841 4995 
24529 4954 5021 4471 5158 
24530 4653 5021 4954 5158 
24531 1362 1512 227 1959 
24532 1769 4712 4958 5063 
24533 1722 4672 4630 4715 
24534 2060 2059 2041 4670 
24535 2103 4524 1913 4780 
24536 1972 4556 1944 4924 
24537 1750 281 1751 1812 
24538 199 4628 1428 5054 
24539 1982 4449 4549 4686 
24540 2108 2116 340 5010 
24541 4416 4701 4810 5147 
24542 4400 4883 4858 5045 
24543 1972 4750 1969 4905 
24544 1571 1371 1513 4712 
24545 1933 1934 4874 5141 
24546 2095 4758 2105 4762 
24547 4674 4941 5028 5031 
24548 1918 4766 1889 4770 
24549 4541 4889 4506 4963 
24550 1520 1543 1592 4961 
24551 1769 4958 1772 5063 
24552 1423 1358 1462 4663 
24553 1559 1596 1618 4664 
24554 1901 1912 4708 4710 
24555 1739 1740 1737 4640 
24556 1566 1354 4701 5065 
24557 333 17 1533 1361 
24558 335 2100 336 4802 
24559 1580 2079 1360 4965 
24560 1727 1729 1726 4759 
24561 22 1953 4805 4809 
24562 4979 5006 4501 5062 
24563 1420 1375 1465 4655 
24564 2107 2091 2112 4808 
24565 4902 5115 1956 5143 
24566 2000 4591 4869 5145 
24567 1743 1731 4672 4748 
24568 4461 4927 4858 5139 
24569 1564 340 18 2116 
24570 4622 4732 1480 4734 
24571 1375 1580 1467 4965 
24572 4819 4657 4863 5057 
24573 1891 4829 4827 4843 
24574 17 333 1533 1354 
24575 1858 1879 4639 4768 
24576 336 2097 2073 4881 
24577 1627 4971 1741 4984 
24578 2015 326 4661 4662 
24579 1745 4988 4987 5170 
24580 4951 4955 4954 5016 
24581 1955 4555 1943 4924 
24582 331 4796 332 4993 
24583 4538 4564 1530 4688 
24584 4860 4889 4541 4963 
24585 1584 1762 1538 4739 
24586 1577 5176 1439 5177 
24587 2071 2033 4701 5065 
24588 1428 1352 1429 4628 
24589 1592 1455 1454 4961 
24590 2069 2031 319 4867 
24591 2033 2056 2066 4663 
24592 220 1522 1794 1344 
24593 1773 1777 1787 4852 
24594 1985 1981 4648 5083 
24595 332 333 2033 4701 
24596 4764 4911 4527 4966 
24597 1965 1936 1934 4874 
24598 1810 1900 311 1982 
24599 4504 4503 4936 5153 
24600 4433 4619 4949 4969 
24601 280 1861 1908 1746 
24602 1987 1988 1986 5002 
24603 1992 1989 1991 4813 
24604 1521 1356 4528 5095 
24605 1890 5115 4902 5143 
24606 1453 4803 4678 5163 
24607 1949 1950 1945 5093 
24608 1921 1844 4621 4685 
24609 4878 4938 4549 5058 
24610 1599 1418 1487 4669 
24611 1756 4766 4767 4835 
24612 1912 5069 1847 5071 
24613 1581 1483 4856 5043 
24614 1899 4645 4462 4861 
24615 2057 2031 2069 4867 
24616 4452 4595 5091 5138 
24617 1933 4698 1932 5141 
24618 4674 5028 5030 5031 
24619 1629 1491 1490 4999 
24620 1555 1552 1444 4921 
24621 1550 4520 1616 4721 
24622 336 2072 337 5044 
24623 1944 1976 4749 4924 
24624 270 2079 2117 1360 
24625 1435 1433 1434 4688 
24626 4580 4785 4773 5164 
24627 1922 1888 313 4932 
24628 4504 4936 4586 5153 
24629 1485 1487 1477 4761 
24630 1900 4877 4826 4878 
24631 1474 1476 1526 4727 
24632 4474 4926 4707 5172 
24633 1803 289 1764 1819 
24634 1934 1935 1933 4874 
24635 1932 1933 1931 4698 
24636 4503 4791 4790 5086 
24637 1782 1795 4731 4812 
24638 2079 270 1580 1360 
24639 4592 5125 4436 5180 
24640 4767 4835 4496 5170 
24641 4475 5045 4858 5139 
24642 1992 1995 1996 5157 
24643 4584 4953 4952 4955 
24644 2084 2087 2086 4892 
24645 278 1758 1809 4944 
24646 1458 1563 1368 4971 
24647 1764 219 1335 1789 
24648 1801 4864 5134 5135 
24649 1627 1458 1741 4971 
24650 1351 1792 223 1510 
24651 219 1522 1335 1789 
24652 4467 4800 4831 5142 
24653 4423 4831 4800 5142 
24654 2022 2016 2021 4834 
24655 4663 4469 4981 5065 
24656 1590 1333 261 2030 
24657 1996 4964 4616 5157 
24658 246 1338 2014 1470 
24659 4441 4957 4752 4997 
24660 4557 5087 4871 5101 
24661 1451 1607 1463 4915 
24662 1891 4843 4552 4979 
24663 2055 260 1601 2030 
24664 1526 1588 1474 4727 
24665 1998 4624 4700 4799 
24666 1595 1357 1421 5109 
24667 1859 4653 1860 4909 
24668 2037 2036 2035 5019 
24669 4678 4680 4679 4910 
24670 2025 2062 2052 4973 
24671 5046 4461 5139 5140 
24672 1601 1444 1615 4681 
24673 1575 4720 5161 5176 
24674 1901 1900 4826 4828 
24675 1584 1538 1471 4739 
24676 2075 2112 2098 5020 
24677 1964 4557 1965 5141 
24678 1555 1554 1552 4921 
24679 1458 1376 1382 4971 
24680 4902 4905 1956 5115 
24681 1376 1627 1784 4984 
24682 1812 281 1751 1861 
24683 1802 1889 4866 4988 
24684 1801 4704 1796 4865 
24685 2104 2119 320 4854 
24686 287 1802 1889 4864 
24687 4475 4967 4858 5045 
24688 1375 2079 269 1580 
24689 1889 4494 4866 4988 
24690 4541 4889 4860 5144 
24691 1950 1941 1945 4816 
24692 5021 5023 4471 5026 
24693 1568 1384 1566 4810 
24694 1424 1374 1423 5103 
24695 1607 1372 1463 4915 
24696 2054 2046 4885 5126 
24697 1774 1771 1773 4852 
24698 1725 4759 1726 4999 
24699 4678 4803 5162 5163 
24700 1724 1718 4604 4628 
24701 1997 1999 4700 5157 
24702 1349 2028 1579 4925 
24703 1919 287 1889 4864 
24704 4787 4788 4577 4917 
24705 1890 4902 4901 5143 
24706 1627 1376 1458 4971 
24707 4951 4954 4471 5158 
24708 4440 4695 5150 5151 
24709 5021 5026 4471 5104 
24710 4858 4967 4400 5045 
24711 1351 222 1792 1623 
24712 4504 4503 4791 4936 
24713 1588 1480 4622 4732 
24714 1519 1567 1518 4873 
24715 315 4974 4654 5025 
24716 266 1350 1365 2110 
24717 4418 4694 4922 5107 
24718 1442 1550 1441 4566 
24719 4691 4854 4438 5112 
24720 2111 269 1357 1375 
24721 1548 1559 1618 5129 
24722 1491 1492 1619 5178 
24723 1941 1942 1943 4816 
24724 4449 4679 1337 4685 
24725 4571 5013 4990 5089 
24726 1418 1597 1925 4669 
24727 1727 1728 1730 4748 
24728 267 1594 2110 2077 
24729 2023 4931 4626 4980 
24730 4477 4967 5171 5172 
24731 1742 1759 1747 4606 
24732 332 331 2025 4796 
24733 1721 1908 279 1809 
24734 1889 4988 1745 5170 
24735 1720 5054 1572 5161 
24736 1729 1737 1736 4907 
24737 1753 1752 1739 4496 
24738 1753 1752 4496 5170 
24739 1457 1561 4565 5064 
24740 1576 1336 1611 4801 
24741 4547 4938 4878 5058 
24742 2053 331 332 4993 
24743 1770 1769 1772 5063 
24744 1564 2116 1565 5010 
24745 4477 5172 5171 5173 
24746 2047 2065 2067 5008 
24747 1594 267 1359 2077 
24748 1757 4836 4531 5000 
24749 1984 1998 4713 4964 
24750 1999 2001 4800 5095 
24751 2114 2107 2111 5109 
24752 4642 4723 4513 5047 
24753 4457 4900 4802 5052 
24754 1890 5112 4902 5115 
24755 4552 4959 1917 5006 
24756 1765 5131 4818 5154 
24757 4909 4954 4653 5023 
24758 4644 4747 4538 4960 
24759 1899 4462 4903 5117 
24760 1860 5022 4653 5025 
24761 4555 4816 5048 5093 
24762 4625 4979 4898 5062 
24763 4898 4979 4501 5062 
24764 1358 263 2056 1374 
24765 2038 2036 2037 5138 
24766 2118 2082 2103 4780 
24767 1481 5038 4703 5039 
24768 1480 4734 1473 4793 
24769 4898 4978 4501 4979 
24770 2052 2055 2070 4937 
24771 1377 1468 1447 4914 
24772 1448 1447 1567 5067 
24773 4451 4573 4437 5013 
24774 1600 1448 1519 5067 
24775 1456 4746 4747 4960 
24776 1757 4531 1733 5000 
24777 1999 4857 4800 5157 
24778 1785 4599 1784 4812 
24779 1487 5038 1478 5079 
24780 1353 1545 259 2070 
24781 1901 4708 4524 4972 
24782 4942 4944 4940 5027 
24783 1478 5039 1479 5079 
24784 4688 4746 1435 4960 
24785 4511 4846 5074 5121 
24786 1962 4662 326 4807 
24787 1386 1450 1452 4798 
24788 2023 4527 4713 4931 
24789 4630 4672 1722 4913 
24790 1890 303 5115 5143 
24791 2083 2085 2113 4959 
24792 1356 253 1520 2006 
24793 1431 1438 1439 4880 
24794 1582 1581 1483 4856 
24795 1803 4486 1612 4644 
24796 2049 2046 2040 4998 
24797 263 2028 1374 1579 
24798 1932 4479 1964 5141 
24799 1509 1575 1539 5176 
24800 337 2098 2097 5061 
24801 1483 1472 4738 4776 
24802 1466 4512 4680 4803 
24803 2008 2010 247 1544 
24804 1756 4766 4835 4836 
24805 4951 4954 4575 5016 
24806 1846 1912 4620 5070 
24807 1536 1488 258 5082 
24808 4488 4757 4939 5036 
24809 4452 5091 4687 5138 
24810 1384 1462 1566 5065 
24811 1724 1352 1718 4628 
24812 1521 4528 1454 4968 
24813 1467 1562 1561 5064 
24814 22 1968 1953 4809 
24815 2039 2037 2035 5019 
24816 4440 4695 4614 5150 
24817 1721 203 1746 1586 
24818 1722 4716 277 4717 
24819 1756 4835 4767 5170 
24820 1914 277 5029 5031 
24821 1347 18 340 2117 
24822 1423 1525 1571 5103 
24823 1373 1518 1567 4873 
24824 1921 4621 4548 4685 
24825 215 1538 1762 4746 
24826 311 1810 1982 2010 
24827 1466 4680 4678 4803 
24828 4529 4968 1521 5163 
24829 1584 1366 214 1767 
24830 1728 1727 1725 4759 
24831 268 1595 1359 2077 
24832 2078 1917 4959 5006 
24833 1746 1908 279 1721 
24834 2109 2094 2076 4763 
24835 1797 1782 1796 4731 
24836 2088 2112 2091 4808 
24837 1472 4775 4738 4776 
24838 4626 4932 4978 4980 
24839 2071 2033 333 4701 
24840 1721 203 1586 1336 
24841 1593 1455 1543 4961 
24842 4862 4863 1910 4868 
24843 1953 2007 4805 4807 
24844 1941 1940 1938 5118 
24845 1556 4521 4535 5156 
24846 2058 2032 2042 4985 
24847 1734 4912 4631 4913 
24848 1538 1435 1471 4746 
24849 1718 4912 1720 4913 
24850 2015 326 4662 4807 
24851 4433 4949 4780 4969 
24852 1608 1549 4635 4795 
24853 1925 4618 1947 4919 
24854 2006 2019 2003 5095 
24855 4486 4788 1879 5156 
24856 1340 1379 1381 5008 
24857 1566 1604 1354 5065 
24858 1452 1488 1489 5082 
24859 328 2027 329 5149 
24860 1509 1539 1429 4986 
24861 1890 4841 4560 4903 
24862 1972 1930 1970 4749 
24863 1796 1802 4495 4987 
24864 1429 1430 1431 4986 
24865 2078 1917 4524 4959 
24866 1994 2004 1995 4857 
24867 1366 1584 1471 4739 
24868 4820 1910 5132 5133 
24869 4517 4935 5021 5104 
24870 1891 4625 4843 4979 
24871 1795 4731 4812 4948 
24872 4652 4975 1859 5025 
24873 1626 1546 4696 4795 
24874 1556 4725 4535 4735 
24875 1421 1357 1420 5109 
24876 1758 1721 278 1809 
24877 1788 4987 1745 4988 
24878 1983 4591 4827 4829 
24879 1717 1725 1726 4999 
24880 4580 4639 4785 5165 
24881 4494 4596 1918 4867 
24882 305 2011 1916 1887 
24883 1966 1949 1925 4669 
24884 2105 2076 2094 4762 
24885 1519 1448 1567 5067 
24886 1946 4618 4555 4777 
24887 1800 4746 4745 5037 
24888 329 2027 2034 5149 
24889 1890 4901 4902 5112 
24890 233 1339 1481 4703 
24891 4805 4966 4911 5059 
24892 4626 4978 4898 4980 
24893 1818 1748 284 1915 
24894 1804 1515 210 1364 
24895 1743 4672 1722 4673 
24896 198 1724 1490 1352 
24897 1983 4625 1998 4799 
24898 1528 4461 4775 5140 
24899 1458 1368 193 4971 
24900 1998 4700 2009 4799 
24901 193 1368 1742 4971 
24902 1879 4788 4639 5156 
24903 1464 1540 1434 4845 
24904 1930 1974 1973 4939 
24905 2002 4591 4590 4827 
24906 1343 4466 1980 5097 
24907 4571 4631 4718 5090 
24908 1983 4591 4829 4869 
24909 1788 4948 1745 4987 
24910 2002 4549 1982 4828 
24911 4512 4803 1466 5064 
24912 1484 1564 1565 5010 
24913 2054 2024 2046 5126 
24914 1470 2008 247 1544 
24915 1333 1601 260 2030 
24916 2016 2023 4527 4713 
24917 1901 4826 4825 4828 
24918 1561 4512 1466 5064 
24919 5066 5078 4503 5153 
24920 1901 4972 4524 5094 
24921 1779 1772 1769 4958 
24922 1725 1717 1724 4999 
24923 1467 1360 1582 4965 
24924 1747 1736 1737 4907 
24925 1806 1787 4804 5130 
24926 1963 1962 1953 4807 
24927 1610 208 1385 1748 
24928 1919 287 4864 4868 
24929 1602 5081 1437 5178 
24930 313 1922 4932 4980 
24931 1741 1740 4983 4984 
24932 2071 264 2056 1604 
24933 1917 1891 4552 4979 
24934 4847 4995 4994 4996 
24935 1936 1935 1934 4874 
24936 1476 5079 1479 5169 
24937 268 1595 2111 1357 
24938 1760 1515 210 1804 
24939 1762 1584 1767 4739 
24940 1859 4849 4575 4850 
24941 1480 1588 4622 5043 
24942 1428 199 1352 4628 
24943 1335 1612 218 1764 
24944 1859 4575 4768 4850 
24945 1998 4624 4799 4898 
24946 1953 4526 4807 4809 
24947 1717 197 1724 1629 
24948 4994 4995 4508 4996 
24949 1891 1983 312 4827 
24950 1369 1491 1629 4999 
24951 1432 1380 1433 4784 
24952 1999 1995 4857 5157 
24953 1479 4733 1473 5169 
24954 5098 5162 4529 5163 
24955 1944 1942 1976 4924 
24956 1615 1438 1545 4937 
24957 1890 4903 4560 4933 
24958 2103 324 1913 4524 
24959 1857 4944 4584 4953 
24960 1741 275 13 1784 
24961 1764 1612 218 1803 
24962 1357 1375 1420 5109 
24963 1445 1528 4775 5140 
24964 4673 4717 1744 4771 
24965 1458 1382 1563 4971 
24966 1556 4521 4415 4696 
24967 1590 1340 1381 5008 
24968 2054 330 2024 4851 
24969 1925 1597 1966 4669 
24970 1468 1377 1386 4914 
24971 324 2078 1917 4524 
24972 1784 1627 1741 4984 
24973 1484 1485 1477 4761 
24974 1859 4582 4639 4785 
24975 1478 5038 1481 5039 
24976 208 1610 1755 1748 
24977 2016 4527 2023 4931 
24978 1979 2001 5096 5097 
24979 2048 2050 4736 5055 
24980 1945 4555 1946 4618 
24981 1615 1545 1353 4937 
24982 1748 1755 284 1915 
24983 305 2011 2020 1916 
24984 1970 1930 1973 4939 
24985 286 2020 1799 1916 
24986 285 1755 1967 1915 
24987 1969 1972 1970 4750 
24988 2002 4590 4591 5106 
24989 1484 1475 1564 5010 
24990 2101 2102 2090 5009 
24991 4586 4846 5123 5151 
24992 1577 4720 1575 5176 
24993 2010 1982 248 1337 
24994 4735 4895 1557 4896 
24995 1490 1724 197 1629 
24996 1998 1997 4700 5157 
24997 1799 21 286 1916 
24998 2020 286 21 1916 
24999 1755 285 20 1915 
25000 1967 20 285 1915 
25001 1466 1387 1343 4680 
25002 1731 4629 1718 4913 
25003 1602 1437 1619 5178 
25004 1604 264 2056 1358 
25005 1860 4940 1914 5027 
25006 1486 4733 1479 5040 
25007 1757 1733 4531 4836 
25008 1480 4622 4734 4776 
25009 323 2078 2109 5006 
25010 327 4596 1918 4769 
25011 1953 4807 4805 4809 
25012 23 2068 327 4769 
25013 4451 4437 4721 5013 
25014 2081 2119 2104 4854 
25015 1752 1740 1739 4983 
25016 1915 1958 296 1886 
25017 1628 1618 1554 5129 
25018 2065 2047 2028 4925 
25019 4506 4600 4448 4844 
25020 1795 4812 275 4948 
25021 4707 4710 4548 4711 
25022 1985 1986 1981 5083 
25023 4440 4548 4475 4614 
25024 1972 1944 4749 4924 
25025 1782 1783 1795 4812 
25026 288 1884 4840 5133 
25027 1891 4825 4827 4828 
25028 1806 5130 4804 5134 
25029 1888 4962 4569 5116 
25030 1780 1772 1779 4958 
25031 1762 4745 1800 4746 
25032 1889 287 19 1802 
25033 1983 312 313 1891 
25034 2078 2083 2113 4959 
25035 1891 312 1901 4828 
25036 1365 1565 266 2080 
25037 1796 4495 1802 4865 
25038 1916 1791 295 1817 
25039 4506 4934 4541 4963 
25040 1964 4661 326 4662 
25041 1718 4629 1731 4748 
25042 2032 2058 2068 4842 
25043 2070 259 1353 2055 
25044 4518 4944 4942 5027 
25045 1741 1458 193 4971 
25046 1890 4561 4841 4903 
25047 1892 4823 4815 5003 
25048 288 4839 4838 4840 
25049 1454 1521 1356 4528 
25050 1346 1456 4747 4960 
25051 2117 1347 270 1360 
25052 1846 4620 1912 4710 
25053 1799 1791 295 1916 
25054 2000 4800 2001 5145 
25055 2028 262 1349 1579 
25056 1947 1925 1949 4618 
25057 4548 4710 4707 4751 
25058 1940 1937 1938 5118 
25059 1753 1739 1754 4835 
25060 1547 1381 1469 4896 
25061 1985 1981 257 1488 
25062 1892 4578 4974 4975 
25063 1819 1816 4486 4643 
25064 1364 209 1785 1376 
25065 1884 4820 4823 4840 
25066 2096 2092 2099 4930 
25067 1389 4621 4440 5066 
25068 1967 1958 296 1915 
25069 1528 4461 1529 4775 
25070 2087 2098 2112 5020 
25071 1494 1493 1568 5147 
25072 17 333 2070 1361 
25073 2023 4898 1998 4980 
25074 4440 5066 5151 5153 
25075 16 1981 2017 5082 
25076 1891 4625 4829 4843 
25077 4754 4755 1968 4832 
25078 2031 2059 2060 4862 
25079 302 1948 303 4934 
25080 1918 4494 1889 4766 
25081 1947 4618 1946 4777 
25082 4504 5151 5066 5153 
25083 1559 1547 1558 4895 
25084 1565 1564 265 2116 
25085 2019 1356 1419 5095 
25086 1389 4440 4621 4685 
25087 1975 4526 1953 4809 
25088 2024 2050 2046 5126 
25089 1539 1428 1429 5054 
25090 2007 4911 4806 5060 
25091 1927 16 1964 5082 
25092 1953 1975 1963 4526 
25093 2026 2054 2049 4885 
25094 1528 4927 4461 5140 
25095 1768 1769 1770 5063 
25096 1742 1741 193 4971 
25097 1544 2010 248 1337 
25098 1727 1726 1725 4759 
25099 1927 1931 240 1367 
25100 1495 1443 1409 4584 
25101 1611 202 1758 1336 
25102 314 2068 23 4769 
25103 1929 4543 4904 5143 
25104 1550 1551 1549 4520 
25105 1999 1995 2004 4857 
25106 313 4625 4979 4980 
25107 1998 4964 1996 5157 
25108 4636 4795 4520 5128 
25109 4826 4828 1900 4878 
25110 1587 4504 1425 5066 
25111 4571 4720 4801 5013 
25112 1551 1608 1549 4635 
25113 1926 4703 1925 4919 
25114 1847 5069 1912 5070 
25115 1858 4639 1859 4909 
25116 333 17 2071 1354 
25117 4466 4781 4550 5146 
25118 2005 1996 1984 4964 
25119 1605 1957 231 1334 
25120 4721 4801 4720 5013 
25121 1917 4552 1891 5094 
25122 2044 2043 2050 5055 
25123 1917 1922 4979 5006 
25124 2095 2105 2094 4762 
25125 1775 4646 4647 4722 
25126 4637 4696 4445 4795 
25127 1765 5130 5131 5154 
25128 1557 1530 4537 4564 
25129 2017 1964 5082 5083 
25130 1864 300 301 1954 
25131 313 4625 1891 4979 
25132 1457 4565 1624 4927 
25133 2070 1545 259 1361 
25134 1494 1492 1493 5147 
25135 1789 290 291 1808 
25136 1890 4901 4903 4933 
25137 1445 4776 1480 4793 
25138 1965 1974 1936 4757 
25139 1930 1972 1976 4749 
25140 1892 4670 4815 4823 
25141 4866 4867 1919 4868 
25142 315 2032 4842 4985 
25143 275 4812 1784 4983 
25144 1778 212 211 1371 
25145 1625 1560 1556 4696 
25146 1558 1556 1560 4521 
25147 4518 4943 4942 4944 
25148 2069 1918 4596 4867 
25149 1801 4865 4864 5135 
25150 2109 2078 2113 5006 
25151 1801 1797 1796 4704 
25152 1912 4620 4619 5084 
25153 4543 4934 4933 5143 
25154 1441 1577 1439 5177 
25155 1431 1509 1429 4986 
25156 267 1594 1350 2110 
25157 1419 1979 5095 5097 
25158 2007 4805 4911 5060 
25159 1764 289 290 1819 
25160 2020 15 286 1799 
25161 1755 14 285 1967 
25162 16 2017 1964 5082 
25163 334 1899 4462 4861 
25164 1574 4721 4720 5177 
25165 4504 4792 1587 4844 
25166 4569 5113 321 5116 
25167 215 1456 1538 4746 
25168 1573 194 1368 1759 
25169 238 239 1923 1524 
25170 4678 5162 5098 5163 
25171 287 4863 5132 5134 
25172 1965 1963 1974 4757 
25173 1949 1945 1947 4618 
25174 1806 1765 1787 5130 
25175 1927 1536 16 5082 
25176 278 4572 1758 4944 
25177 1983 4625 4799 4829 
25178 1728 1725 1718 4604 
25179 1976 1972 1944 4749 
25180 4506 4539 4703 4889 
25181 4704 4865 1801 5135 
25182 210 211 1515 1760 
25183 4622 4776 1480 5043 
25184 1457 1466 4512 4680 
25185 2046 2049 2054 4885 
25186 1453 1465 4803 4897 
25187 1897 4562 1928 4934 
25188 1744 4771 4770 5000 
25189 4548 4614 4695 4751 
25190 4639 4850 4768 5018 
25191 1999 2000 4700 4800 
25192 1423 1571 1424 5103 
25193 1928 1948 302 4934 
25194 1419 1521 4529 5095 
25195 322 2109 2076 4763 
25196 1846 4548 1921 4621 
25197 2116 265 1565 2080 
25198 2009 4700 2000 4869 
25199 1998 1997 2009 4700 
25200 1489 1927 240 1367 
25201 1575 4720 1342 5161 
25202 2018 2021 2015 4834 
25203 4503 4504 4791 4793 
25204 4590 4549 4828 5136 
25205 1891 4843 4825 5094 
25206 1961 300 299 1807 
25207 236 237 1924 1518 
25208 1863 298 299 1960 
25209 276 4766 1756 4770 
25210 1985 257 256 1363 
25211 1445 4793 1587 5066 
25212 279 278 1721 1809 
25213 2002 4549 4828 5106 
25214 1718 4628 199 5054 
25215 1865 307 306 2012 
25216 1419 4529 1521 5097 
25217 1899 2119 334 4462 
25218 1860 4653 5021 5023 
25219 2017 4661 1964 5083 
25220 237 238 1939 1373 
25221 4621 5066 4848 5151 
25222 1735 195 196 1369 
25223 1785 1784 1783 4812 
25224 1455 1592 1543 4961 
25225 1897 303 1890 4841 
25226 1889 4766 276 4770 
25227 1756 1889 1745 5170 
25228 287 5132 5130 5134 
25229 1806 5134 4804 5135 
25230 1566 1462 1604 5065 
25231 1892 4670 2029 4815 
25232 1775 4722 4647 4745 
25233 4548 4685 4475 5171 
25234 1953 1962 326 4807 
25235 4448 4792 4504 4844 
25236 4818 4929 4928 5131 
25237 1453 4897 4803 5163 
25238 1912 4619 4620 5070 
25239 1443 4584 1495 5128 
25240 297 296 1958 1886 
25241 4451 4437 4573 4699 
25242 1489 1488 1536 5082 
25243 4440 5151 5150 5153 
25244 1874 310 309 2008 
25245 1466 1343 4678 4680 
25246 1616 4520 4437 4721 
25247 1529 4461 1528 4927 
25248 1889 19 276 1745 
25249 2076 4569 321 4962 
25250 1479 1478 1481 5039 
25251 284 283 1748 1818 
25252 1536 1927 1489 5082 
25253 1813 293 292 1793 
25254 1910 4863 287 4868 
25255 1901 1912 1913 4708 
25256 1572 5054 1539 5161 
25257 1811 308 307 2013 
25258 1626 1427 1443 4637 
25259 244 245 1514 2013 
25260 1956 4904 4902 5143 
25261 2011 305 306 1887 
25262 2025 2061 2062 4973 
25263 1602 1436 1437 5081 
25264 2069 1918 327 4596 
25265 2036 2038 2061 5138 
25266 1475 1477 1476 5079 
25267 194 1573 1716 1759 
25268 1761 213 212 1513 
25269 1999 2003 2001 5095 
25270 4571 4631 4633 4718 
25271 1445 4775 4776 4793 
25272 1917 1901 4524 5094 
25273 1846 1921 1844 4621 
25274 1928 1957 231 1605 
25275 1722 1734 277 4716 
25276 1480 4732 1482 4734 
25277 1762 1584 214 1767 
25278 4647 5037 4513 5047 
25279 1581 1613 1483 5043 
25280 1993 255 254 1372 
25281 1803 4643 4486 4644 
25282 1922 2109 4763 5006 
25283 1806 287 5130 5134 
25284 4848 5066 4504 5151 
25285 1457 1562 1624 4565 
25286 1846 4621 1845 5072 
25287 1387 1457 4476 4680 
25288 1480 1613 1588 5043 
25289 1859 4653 4909 4954 
25290 1466 4803 1465 5064 
25291 1557 4537 1531 4735 
25292 294 295 1791 1817 
25293 1561 1465 1467 5064 
25294 1457 1561 1562 4565 
25295 2023 4713 4626 4931 
25296 208 207 1385 1748 
25297 1911 4771 276 5034 
25298 1482 1588 1526 4732 
25299 278 1809 1914 4944 
25300 229 228 1345 1961 
25301 242 243 1534 2011 
25302 313 1998 4625 4980 
25303 1890 4901 5112 5117 
25304 1751 281 280 1861 
25305 1487 1478 1477 5079 
25306 1919 2031 4862 4867 
25307 1802 4987 1788 4988 
25308 1804 209 1785 1364 
25309 2016 2022 2023 4713 
25310 1919 4867 4862 4868 
25311 1557 4895 1547 4896 
25312 1933 1932 1934 5141 
25313 1744 4770 1757 5000 
25314 235 234 1597 1966 
25315 1927 1964 4479 5082 
25316 1427 1409 1443 4584 
25317 220 221 1344 1794 
25318 213 214 1366 1767 
25319 1483 1480 4776 5043 
25320 1724 1718 1725 4604 
25321 1922 4763 4978 5006 
25322 1491 1619 1437 5178 
25323 1910 287 4863 5132 
25324 1456 4746 1800 4747 
25325 1749 283 282 1876 
25326 308 309 2014 1882 
25327 1368 193 1742 1759 
25328 243 244 1370 2012 
25329 1921 4548 4449 4685 
25330 1576 1443 1495 5128 
25331 4547 4711 4707 5174 
25332 1530 4564 1432 4688 
25333 4583 4637 5017 5018 
25334 4806 4911 2007 4931 
25335 1859 4909 4575 4954 
25336 1482 4732 1526 5169 
25337 4909 4955 4584 5016 
25338 1982 1900 311 4828 
25339 1580 1360 1467 4965 
25340 4632 4720 4571 5090 
25341 1436 1430 1437 5081 
25342 302 301 1957 1814 
25343 1884 4839 288 4840 
25344 4806 313 4932 4980 
25345 1978 254 253 1520 
25346 1340 261 262 2065 
25347 1588 1482 1480 4732 
25348 1728 1718 1731 4748 
25349 264 2071 1354 1604 
25350 297 298 1815 1959 
25351 1846 4877 1900 5174 
25352 2096 2099 2072 4930 
25353 1550 4721 1574 5177 
25354 304 5113 5114 5116 
25355 226 225 1535 1958 
25356 1875 292 291 1794 
25357 209 1784 1785 1376 
25358 1765 4646 4491 5154 
25359 1343 4679 4466 4910 
25360 4768 4917 4639 5018 
25361 313 1891 1922 4979 
25362 1755 1610 14 1967 
25363 2020 1609 15 1799 
25364 1626 4696 4637 4795 
25365 209 1784 1376 1627 
25366 1912 4710 4620 5084 
25367 1752 1745 4948 5170 
25368 1558 1557 1556 4735 
25369 206 205 1341 1750 
25370 4928 4929 4838 5133 
25371 1819 289 1816 4643 
25372 2017 5082 1981 5083 
25373 4543 4777 1929 4904 
25374 1427 4584 4415 4768 
25375 4486 4666 4667 4725 
25376 1962 1963 1965 4757 
25377 4763 4932 1888 4978 
25378 4537 4538 4644 4666 
25379 1931 239 240 1367 
25380 1473 1587 1445 4793 
25381 1531 4725 1589 5156 
25382 1901 1913 4524 4708 
25383 2020 21 305 1916 
25384 1755 20 284 1915 
25385 1816 1879 1819 4486 
25386 1964 1932 1927 4479 
25387 1964 1965 1934 5141 
25388 1752 1741 1740 4983 
25389 4486 4666 4644 4908 
25390 4509 4844 4504 4996 
25391 1945 1941 1943 4816 
25392 1897 1928 302 4934 
25393 1476 1478 1479 5079 
25394 1892 2029 4578 4815 
25395 313 4979 1922 4980 
25396 4520 4795 1549 5128 
25397 201 1342 1611 4632 
25398 1627 193 1741 1458 
25399 207 206 1516 1749 
25400 1529 1457 1624 4927 
25401 1945 1943 1946 4555 
25402 1521 1419 1356 5095 
25403 1625 1546 1560 4696 
25404 227 226 1362 1959 
25405 288 1816 289 4643 
25406 265 266 1565 2080 
25407 216 1456 1800 4747 
25408 245 246 1338 2014 
25409 1346 1763 217 4644 
25410 4781 5145 4591 5146 
25411 1964 326 1962 4662 
25412 228 227 1512 1960 
25413 1773 1787 1774 4852 
25414 1998 1996 1997 5157 
25415 2016 2015 2021 4834 
25416 4572 4943 4801 4944 
25417 1901 4825 4826 5136 
25418 1387 4476 1457 4927 
25419 1910 4823 4820 5057 
25420 4639 4788 4787 4917 
25421 1798 4643 4642 4723 
25422 1983 313 1998 4625 
25423 1758 4572 1719 4944 
25424 1479 1482 1526 5169 
25425 1439 1577 1509 5176 
25426 2017 326 16 1964 
25427 4432 4839 4642 4908 
25428 196 197 1717 1629 
25429 4562 4844 4509 4996 
25430 4451 4470 4437 4699 
25431 1982 4550 2002 5146 
25432 223 224 1510 1791 
25433 1564 18 265 2116 
25434 1802 1788 19 4988 
25435 1427 4584 1443 4637 
25436 205 204 1591 1751 
25437 1766 4704 1801 5135 
25438 4754 1968 4809 4832 
25439 259 260 1353 2055 
25440 1777 1806 1787 4804 
25441 2007 4807 4527 4911 
25442 4621 4440 5066 5151 
25443 2076 1888 4763 4962 
25444 1775 4647 1800 4745 
25445 4432 4668 4839 4908 
25446 1799 295 21 1916 
25447 1783 1784 1795 4812 
25448 1910 4670 4823 5057 
25449 4514 4818 4646 4929 
25450 4527 2007 4911 4931 
25451 1968 4754 304 4755 
25452 4621 5072 4695 5151 
25453 2048 2044 2050 5055 
25454 1806 1801 5134 5135 
25455 1724 198 1718 1352 
25456 4847 4995 5076 5122 
25457 4449 4684 4679 4685 
25458 202 1721 1758 1336 
25459 296 20 1967 1915 
25460 278 1719 1758 4572 
25461 279 280 1908 1746 
25462 4415 4584 1427 4637 
25463 1774 4646 1775 4722 
25464 4504 4792 4791 4793 
25465 1557 1530 1531 4537 
25466 4801 4943 4573 4944 
25467 1910 2060 4670 4862 
25468 4928 5131 4929 5133 
25469 1756 4835 1723 4836 
25470 1927 241 1536 1489 
25471 1765 1787 4491 4646 
25472 1758 1719 4801 4944 
25473 1786 1762 1767 4739 
25474 1731 1722 4672 4913 
25475 1944 1943 1942 4924 
25476 246 247 1470 2008 
25477 258 1488 1981 5082 
25478 1427 1531 1589 5156 
25479 2007 4805 4807 4911 
25480 4847 5076 5075 5122 
25481 4504 4792 4448 4794 
25482 1910 4862 4670 5057 
25483 1765 4491 1787 5154 
25484 1346 1456 216 4747 
25485 1795 4948 1788 4987 
25486 1943 1955 1946 4555 
25487 1628 1548 1618 5129 
25488 1765 288 4929 5131 
25489 2031 2060 318 4862 
25490 1890 4933 4560 4934 
25491 2000 1999 2001 4800 
25492 4825 4828 4826 5136 
25493 4653 4849 1859 5025 
25494 1890 4933 4934 5143 
25495 222 223 1351 1792 
25496 224 15 1609 1799 
25497 14 208 1610 1755 
25498 225 14 1610 1967 
25499 15 242 1609 2020 
25500 2078 323 1917 5006 
25501 24 1899 4861 5071 
25502 1589 4725 4486 5156 
25503 201 1611 1758 4632 
25504 1577 1574 4720 5177 
25505 1919 4866 1889 4867 
25506 1953 326 2007 4807 
25507 1616 1550 1549 4520 
25508 4699 4953 4518 5026 
25509 1765 4818 4646 5154 
25510 4643 4642 4839 4908 
25511 324 1917 1913 4524 
25512 233 1926 1339 4703 
25513 4952 4953 4584 5128 
25514 1333 260 261 2030 
25515 327 1918 23 4769 
25516 1810 311 310 2010 
25517 1798 4723 4642 5047 
25518 1432 1530 1469 4564 
25519 234 1925 1926 4703 
25520 1573 195 194 1716 
25521 2015 326 2017 4661 
25522 1901 4876 4826 4877 
25523 277 1719 278 4572 
25524 4486 4668 4667 4908 
25525 1621 255 256 1977 
25526 204 203 1586 1746 
25527 1982 4679 4449 4686 
25528 1919 1910 287 4868 
25529 1561 1457 1466 4512 
25530 1766 1797 1801 4704 
25531 1884 4823 4597 4840 
25532 4445 4696 4637 4697 
25533 1926 232 233 1339 
25534 1583 1483 1472 4738 
25535 4768 5016 4584 5017 
25536 1445 4775 5066 5140 
25537 1433 1530 4688 4960 
25538 4720 4721 1574 4801 
25539 1453 1420 1465 4897 
25540 278 1914 4572 4944 
25541 4437 4470 4451 5042 
25542 1955 1943 1944 4924 
25543 2111 269 268 1357 
25544 1922 4978 4979 5006 
25545 1433 1530 1432 4688 
25546 4449 4878 4549 5058 
25547 4449 4549 4683 5058 
25548 1846 4711 4877 5174 
25549 4637 4584 4952 5017 
25550 1422 1421 4897 4968 
25551 282 281 1750 1812 
25552 1453 1466 4678 4803 
25553 1897 303 4841 4934 
25554 1911 4770 276 4771 
25555 4597 4823 1884 5003 
25556 275 1752 1745 4948 
25557 1557 1469 1530 4564 
25558 1999 2000 1997 4700 
25559 1889 1756 276 4766 
25560 4415 4584 4637 4768 
25561 1734 1731 1718 4913 
25562 4475 4614 4548 5171 
25563 4652 1859 4849 5025 
25564 1919 4862 1910 4868 
25565 1860 5023 5021 5027 
25566 4838 4839 4837 4840 
25567 219 220 1522 1789 
25568 1734 1720 4631 4912 
25569 215 1762 1800 4746 
25570 230 229 1527 1954 
25571 1473 4792 4733 4844 
25572 4506 4889 4541 5144 
25573 4549 4683 4550 4686 
25574 1387 1337 1343 4679 
25575 2015 2017 2018 4661 
25576 1860 4946 4940 5027 
25577 1763 1803 217 4644 
25578 1387 4679 4680 4684 
25579 1743 1730 1731 4748 
25580 1929 4934 4543 5143 
25581 1388 1337 1387 4685 
25582 1902 294 293 1792 
25583 1561 1466 1465 5064 
25584 1795 1784 275 4812 
25585 4909 5023 1860 5027 
25586 1979 2001 5095 5096 
25587 1741 275 1784 4983 
25588 4642 4432 4723 4839 
25589 1734 277 4716 4718 
25590 2023 1984 1998 4713 
25591 4733 4792 4448 4844 
25592 1387 4679 1343 4680 
25593 4399 4637 4636 4952 
25594 1387 4684 4476 4685 
25595 264 263 2056 1358 
25596 4507 4889 4506 5144 
25597 4437 4470 4636 4952 
25598 1800 5037 4647 5047 
25599 1802 19 1889 4988 
25600 1912 5069 4969 5070 
25601 1982 311 2002 4828 
25602 312 2002 311 4828 
25603 2019 1419 1979 5095 
25604 4548 4614 4621 4695 
25605 1756 1757 4766 4836 
25606 267 268 1359 2077 
25607 270 18 1347 2117 
25608 1883 5032 4945 5033 
25609 4646 4647 4514 4929 
25610 1796 1782 1795 4731 
25611 1427 1556 1531 5156 
25612 1482 1479 1473 5169 
25613 4415 4583 4917 5018 
25614 1910 5057 4820 5132 
25615 221 222 1623 1793 
25616 2071 17 264 1354 
25617 1795 1788 1796 4987 
25618 1857 1860 1914 5027 
25619 1557 1531 1556 4735 
25620 1928 232 1926 1339 
25621 4636 4637 4445 4795 
25622 1858 1857 1856 4584 
25623 2068 314 2032 4842 
25624 2016 2007 4527 4931 
25625 1803 1798 289 4643 
25626 4621 4848 1845 5072 
25627 4503 4793 4775 5066 
25628 1456 1435 4746 4960 
25629 275 1745 1788 4948 
25630 1346 217 1612 4644 
25631 1445 4775 1472 4776 
25632 4514 4928 4818 4929 
25633 1926 1925 1947 4919 
25634 4440 4859 1389 5140 
25635 16 241 1536 1927 
25636 2070 259 17 1361 
25637 1765 1787 5130 5154 
25638 1745 19 1788 4988 
25639 1487 1481 1478 5038 
25640 1901 4711 4876 4877 
25641 2009 1997 2000 4700 
25642 270 269 2079 1580 
25643 1912 4969 4619 5070 
25644 1775 1798 1800 4647 
25645 1487 1418 1481 5038 
25646 322 1922 2109 4763 
25647 5016 5017 4768 5018 
25648 1859 4975 4651 4976 
25649 1757 1732 1733 4836 
25650 4399 4636 4637 5119 
25651 1482 4733 1473 4734 
25652 1626 1546 1625 4696 
25653 250 1343 249 4679 
25654 1988 4661 2017 5083 
25655 4619 4969 1912 5084 
25656 1948 4540 4506 4703 
25657 1858 4768 4639 4909 
25658 1752 275 1741 4983 
25659 1422 4968 4897 5163 
25660 1884 4840 4597 5004 
25661 2000 4591 1983 4869 
25662 1798 288 289 4643 
25663 4513 4723 4647 4929 
25664 4470 4520 4437 4636 
25665 4560 4933 4541 4934 
25666 235 1966 1355 1952 
25667 1509 1577 1575 5176 
25668 1752 4948 275 4983 
25669 2007 2016 4527 4807 
25670 1860 4935 4946 5027 
25671 1529 1583 1472 4738 
25672 1860 4946 4935 5022 
25673 317 2029 1892 4670 
25674 2006 1356 252 2019 
25675 4572 4801 1719 4944 
25676 1948 4506 4540 4963 
25677 1486 1473 1479 4733 
25678 1734 1720 4912 4913 
25679 1743 1731 1722 4672 
25680 1718 1352 199 4628 
25681 1572 1539 1575 5161 
25682 1983 4829 4799 4869 
25683 203 202 1336 1721 
25684 250 249 1980 4679 
25685 1469 1557 1547 4896 
25686 4642 4644 4643 5047 
25687 1420 1422 1421 4897 
25688 1427 4415 4637 4696 
25689 1914 1809 1857 4944 
25690 1860 4909 4653 5023 
25691 251 250 1980 5097 
25692 1626 1608 1546 4795 
25693 4541 4934 4933 4963 
25694 1528 1389 4859 5140 
25695 1616 4520 1549 5128 
25696 4775 5078 5066 5140 
25697 231 230 1334 1957 
25698 1389 1388 1387 4685 
25699 4504 4586 4797 4846 
25700 4475 4548 4440 4685 
25701 4902 4904 1956 4905 
25702 1846 1844 1845 4621 
25703 1917 1922 1891 4979 
25704 1846 4548 4710 4711 
25705 4654 4985 1883 5024 
25706 1775 1786 4722 4745 
25707 1846 4620 4548 4695 
25708 1346 4747 4644 4960 
25709 4507 4539 4506 4889 
25710 2015 2007 326 4807 
25711 1611 4632 1342 4801 
25712 1910 4863 4862 5057 
25713 1901 4972 4825 5136 
25714 1901 4826 4876 5136 
25715 1922 1888 4932 4978 
25716 1892 1884 4823 5003 
25717 1756 1754 1723 4835 
25718 1611 1758 4632 4801 
25719 1339 1928 232 1605 
25720 1343 4679 4678 4680 
25721 4504 4509 4448 4844 
25722 1342 200 1572 5161 
25723 1980 4466 4679 5146 
25724 1550 1574 1441 5177 
25725 1901 4876 4972 5136 
25726 4763 4764 1888 4932 
25727 266 267 1350 2110 
25728 313 2023 1998 4980 
25729 1859 4768 4575 4909 
25730 1917 1901 1913 4524 
25731 4440 1389 5066 5140 
25732 1482 1473 4733 5169 
25733 1744 4531 4673 5000 
25734 4556 1956 4904 4905 
25735 1337 4679 1387 4685 
25736 1860 4935 5021 5022 
25737 1997 1995 1999 5157 
25738 4825 4590 4827 4828 
25739 1910 4820 1884 5133 
25740 1884 4597 5003 5004 
25741 199 200 1720 1572 
25742 1734 1718 1720 4913 
25743 1947 1945 1946 4618 
25744 1796 1788 1802 4987 
25745 1720 1718 199 5054 
25746 1801 4864 287 5134 
25747 4399 4637 4952 5017 
25748 4506 1928 4562 4934 
25749 1476 1479 1526 5169 
25750 2002 4828 4590 5106 
25751 1473 1587 4792 4844 
25752 1997 1996 1995 5157 
25753 1968 4755 1969 4832 
25754 1733 4531 1744 5000 
25755 1481 5039 4703 5041 
25756 1343 5097 1521 5098 
25757 4509 4847 4797 4994 
25758 1343 5098 1521 5163 
25759 1342 1572 1575 5161 
25760 4654 1883 5022 5024 
25761 2119 4462 1899 4854 
25762 1445 1587 1425 5066 
25763 4440 5150 4614 5153 
25764 1445 1472 1480 4776 
25765 4440 4614 4475 5046 
25766 1612 217 1803 4644 
25767 4437 4520 4470 5042 
25768 1800 216 215 1456 
25769 1453 4678 1343 5163 
25770 251 252 1419 2019 
25771 4543 4933 4934 4963 
25772 1918 2069 319 4867 
25773 1948 4777 4543 4963 
25774 1846 4695 4621 5072 
25775 1972 1956 4556 4905 
25776 1445 1480 1473 4793 
25777 1964 2017 326 4661 
25778 4584 4909 4953 4955 
25779 317 1910 2060 4670 
25780 1860 5021 4935 5027 
25781 1922 323 2109 5006 
25782 2009 1983 4799 4869 
25783 4449 4548 1921 5174 
25784 1538 1456 1435 4746 
25785 4503 4504 5066 5153 
25786 1744 4531 1743 4673 
25787 1884 1816 288 4839 
25788 1343 4678 4679 4910 
25789 1948 4540 4777 4963 
25790 1577 1574 1575 4720 
25791 4643 4838 4723 4929 
25792 1730 1728 1731 4748 
25793 1343 1980 4466 4679 
25794 277 4572 278 5029 
25795 4445 4637 4636 5119 
25796 1986 1988 2017 5083 
25797 1816 1879 4486 5165 
25798 4503 5066 4775 5078 
25799 1547 1557 1558 4895 
25800 304 5114 4755 5116 
25801 312 311 1900 4828 
25802 4653 1860 5021 5022 
25803 1901 4711 4708 4972 
25804 1796 1802 1801 4865 
25805 1926 1339 4703 5041 
25806 1575 1574 1342 4720 
25807 4470 4952 4437 4956 
25808 2016 2023 2007 4931 
25809 1775 4647 1765 4929 
25810 1922 4763 1888 4978 
25811 4673 4771 1744 5000 
25812 217 218 1612 1803 
25813 1914 277 278 5029 
25814 1814 1897 1907 4996 
25815 1745 19 275 1788 
25816 215 1800 1456 4746 
25817 249 1343 1337 4679 
25818 4679 4684 1387 4685 
25819 1802 4864 1801 4865 
25820 288 4838 4929 5133 
25821 1775 4646 1765 4647 
25822 1918 276 1911 4770 
25823 1901 4825 4972 5094 
25824 1911 4769 4719 4842 
25825 1608 1626 1549 4795 
25826 1911 4842 4719 5033 
25827 263 262 2028 1579 
25828 1483 1480 1472 4776 
25829 1387 1466 1457 4680 
25830 1419 251 1979 5097 
25831 4633 4716 4676 4718 
25832 1847 5074 5070 5075 
25833 1900 4449 1921 5174 
25834 1784 209 13 1627 
25835 4445 4697 4637 5119 
25836 247 248 1544 2010 
25837 251 1343 250 5097 
25838 4518 5026 4953 5027 
25839 1983 2002 312 4827 
25840 218 219 1335 1764 
25841 318 2060 1910 4862 
25842 4475 4440 5046 5139 
25843 1528 1529 1472 4775 
25844 4440 4621 4614 4695 
25845 1847 5069 5070 5074 
25846 4509 4797 4886 4994 
25847 1741 13 193 1627 
25848 276 1756 1757 4770 
25849 1425 1389 1445 5066 
25850 4518 4573 4944 4953 
25851 4854 5112 1899 5113 
25852 1745 1889 19 4988 
25853 4580 4787 4639 4788 
25854 4521 4415 4696 4697 
25855 1888 4569 321 5116 
25856 4825 4590 4828 5136 
25857 1418 234 1925 1597 
25858 322 2076 1888 4763 
25859 1911 4770 4771 4890 
25860 1918 327 23 2069 
25861 4929 5131 288 5133 
25862 1572 1428 1539 5054 
25863 1984 2023 2022 4713 
25864 1859 4639 4582 4850 
25865 1765 288 1798 4929 
25866 4953 5023 4909 5027 
25867 1806 1801 287 5134 
25868 1574 1342 4720 4801 
25869 1910 4863 5057 5132 
25870 4678 5098 1343 5163 
25871 4642 4853 4644 5047 
25872 4572 4716 277 4718 
25873 1983 4591 2002 4827 
25874 1988 2018 2017 4661 
25875 4535 4725 1556 5156 
25876 4637 4697 4583 5119 
25877 2007 22 1953 4805 
25878 4504 4996 4848 5123 
25879 22 4805 2007 5060 
25880 1457 1529 1528 4927 
25881 4548 4614 4440 4621 
25882 1982 1980 4679 5146 
25883 4571 4718 4632 5090 
25884 1911 4719 4771 5034 
25885 4470 4437 4699 4956 
25886 1719 201 1758 4632 
25887 1550 1616 1574 4721 
25888 4573 4699 4437 4953 
25889 4723 4838 4643 4839 
25890 1911 4771 4719 4890 
25891 4437 4573 4801 5013 
25892 1453 1465 1466 4803 
25893 1888 4764 4911 4932 
25894 1538 1584 215 1762 
25895 1897 4508 4995 4996 
25896 1422 1521 4968 5163 
25897 1477 1478 1476 5079 
25898 1720 4632 4631 5090 
25899 1911 4769 1918 4770 
25900 1433 1435 1530 4960 
25901 1528 1389 1387 4685 
25902 1806 4804 1805 5135 
25903 302 303 1897 4934 
25904 303 4934 1929 5143 
25905 1454 1421 1422 4968 
25906 1914 278 4572 5029 
25907 1531 4725 1556 4735 
25908 4456 4507 4509 4559 
25909 4506 4539 4507 4600 
25910 1816 4643 288 4839 
25911 1626 4795 4637 5128 
25912 240 241 1927 1489 
25913 1771 1774 1775 4722 
25914 4559 4560 4541 4562 
25915 1918 1889 276 4770 
25916 4671 4788 4667 5035 
25917 1969 304 4905 5114 
25918 1926 1928 1339 4506 
25919 4548 4751 4707 5172 
25920 2002 4550 5106 5146 
25921 197 198 1724 1490 
25922 1422 1453 1343 5163 
25923 1953 326 22 2007 
25924 4583 5017 4637 5119 
25925 1846 1900 1921 5174 
25926 1857 4909 1860 5027 
25927 4547 4877 4711 5174 
25928 4572 277 4716 5028 
25929 2007 2015 2016 4807 
25930 4508 4560 4559 4562 
25931 4600 4733 4448 4844 
25932 4642 4723 4643 4839 
25933 4462 1899 4854 5117 
25934 315 2032 314 4842 
25935 4455 4686 4680 4910 
25936 1900 4877 4878 5174 
25937 1884 4820 1910 4823 
25938 1846 4548 4620 4710 
25939 1597 235 1966 1355 
25940 1998 1984 1996 4964 
25941 1928 1605 1339 4506 
25942 1528 1472 1445 4775 
25943 1955 4556 1956 4904 
25944 1845 4848 1907 5076 
25945 4630 4716 4633 4718 
25946 4847 4996 4509 5123 
25947 1948 4540 1947 4777 
25948 13 1741 1784 1627 
25949 1722 1744 4673 4717 
25950 319 2031 1919 4867 
25951 1911 4719 4769 4890 
25952 1343 1521 1422 5163 
25953 1888 4764 4763 4962 
25954 4455 4684 4680 4686 
25955 1980 249 1982 4679 
25956 4848 5072 4621 5152 
25957 1486 1339 1605 5041 
25958 4510 5070 5075 5152 
25959 1626 1443 1549 4795 
25960 1616 1574 4721 4801 
25961 251 1980 1979 5097 
25962 4942 4944 4943 5029 
25963 304 1956 4905 5115 
25964 1756 1753 4835 5170 
25965 5028 5029 277 5031 
25966 4547 5172 5173 5174 
25967 315 4654 1883 5022 
25968 1556 4415 4521 5156 
25969 1859 4768 4639 4850 
25970 4521 4415 4697 5155 
25971 4699 4956 4953 5026 
25972 2003 1979 2001 5095 
25973 234 1966 1925 1597 
25974 250 1980 1343 4679 
25975 4668 5164 4581 5165 
25976 2019 1979 2003 5095 
25977 4639 4768 1859 4909 
25978 4782 5171 4685 5175 
25979 4399 4637 5017 5119 
25980 4509 4559 4508 4994 
25981 1346 4747 216 5047 
25982 1846 1921 4548 5174 
25983 4432 4838 4723 4839 
25984 4859 5139 4927 5140 
25985 4440 4621 4695 5151 
25986 1890 1899 4903 5117 
25987 2002 4827 4590 4828 
25988 4456 4509 4507 5137 
25989 4448 4507 4509 5137 
25990 1419 1343 251 5097 
25991 2064 4654 315 4974 
25992 4466 1980 5097 5146 
25993 1479 5039 1481 5041 
25994 1803 4644 1763 5047 
25995 1342 4720 4632 5161 
25996 1969 4755 304 5114 
25997 314 1883 4842 5033 
25998 4580 4788 4639 5165 
25999 1911 5032 4719 5034 
26000 4509 4886 4559 4994 
26001 1929 4777 1946 4904 
26002 4456 4559 4509 4886 
26003 4440 4614 5046 5153 
26004 1577 1441 1574 5177 
26005 4415 4917 4768 5018 
26006 1919 318 1910 4862 
26007 4506 4562 4541 4934 
26008 1983 1998 2009 4799 
26009 1758 1719 4632 4801 
26010 4571 4720 4632 4801 
26011 4600 5040 1486 5041 
26012 249 248 1982 1337 
26013 4548 4621 4440 4685 
26014 252 253 1356 2006 
26015 1775 1762 1786 4745 
26016 4647 4723 4514 4929 
26017 1757 1723 1732 4836 
26018 1775 1798 4647 4929 
26019 1744 1733 1743 4531 
26020 1928 231 232 1605 
26021 1968 1969 1970 4832 
26022 1763 217 216 1346 
26023 4584 4768 1858 4909 
26024 1901 4876 4711 4972 
26025 1857 4584 1858 4909 
26026 4504 5123 4848 5151 
26027 1892 1910 4670 4823 
26028 4510 5072 5070 5152 
26029 1453 1466 1343 4678 
26030 1775 1774 1765 4646 
26031 4437 4953 4952 5128 
26032 1857 4584 4909 4953 
26033 1956 1944 1972 4556 
26034 324 325 2103 1913 
26035 4703 5039 4539 5041 
26036 250 1343 1980 5097 
26037 1816 4581 4785 5165 
26038 1857 1914 4944 5027 
26039 1806 1805 1766 5135 
26040 1756 1889 276 1745 
26041 288 4838 4643 4929 
26042 4437 4801 4721 5013 
26043 1756 1753 1754 4835 
26044 276 4770 1744 4771 
26045 4614 4548 5171 5172 
26046 201 202 1758 1611 
26047 1722 4716 4630 4718 
26048 4475 4859 4440 5139 
26049 4643 4838 288 4839 
26050 1847 4995 5073 5122 
26051 1486 4733 4600 4844 
26052 1718 198 199 1352 
26053 4940 4944 1914 5027 
26054 1528 4685 1387 4859 
26055 1765 1774 1787 4646 
26056 1480 1483 1613 5043 
26057 1911 4719 5032 5033 
26058 1890 4903 4901 5117 
26059 2076 2104 321 4569 
26060 1911 4769 4770 4890 
26061 258 257 1981 1488 
26062 1528 1389 4685 4859 
26063 1934 1932 1964 5141 
26064 1722 4718 4630 4913 
26065 1919 2031 318 4862 
26066 4475 4782 4685 4859 
26067 4476 4685 4782 4859 
26068 4720 5090 4632 5161 
26069 1528 1387 1457 4927 
26070 1922 323 322 2109 
26071 1771 1775 1786 4722 
26072 1605 1486 4506 4844 
26073 4538 4642 4641 4853 
26074 1800 1762 1775 4745 
26075 1443 4637 4584 5128 
26076 4538 4641 4513 4853 
26077 4641 4642 4513 4853 
26078 322 1888 1922 4763 
26079 4466 5097 5096 5146 
26080 1900 4878 4449 5174 
26081 1972 1969 1956 4905 
26082 216 4747 1800 5047 
26083 1956 1955 1944 4556 
26084 4952 4955 4953 4956 
26085 236 235 1355 1952 
26086 1356 252 2019 1419 
26087 4847 4994 4509 4996 
26088 1443 1576 1616 5128 
26089 4509 4797 4794 4886 
26090 1922 1917 323 5006 
26091 1883 4985 4842 5024 
26092 4504 4793 4503 5066 
26093 4541 4562 4560 4934 
26094 1948 4506 1926 4703 
26095 1803 4643 4644 5047 
26096 1926 4703 4506 5041 
26097 1802 287 1801 4864 
26098 4440 4685 1389 4859 
26099 4475 4685 4440 4859 
26100 1883 4842 4677 5024 
26101 4677 4842 1883 5033 
26102 4509 4994 4508 4996 
26103 1531 1346 1612 4644 
26104 1918 1919 1889 4867 
26105 1805 1806 1777 4804 
26106 1616 4437 4520 5128 
26107 1626 1443 4795 5128 
26108 4456 4794 4509 5137 
26109 4448 4509 4794 5137 
26110 321 4569 1888 4962 
26111 4572 4716 4676 5028 
26112 1857 4944 4953 5027 
26113 1891 4827 312 4828 
26114 1387 4859 4476 4927 
26115 1804 210 209 1364 
26116 1419 1521 1343 5097 
26117 1795 275 1788 4948 
26118 1616 4721 4437 4801 
26119 1847 5074 5075 5121 
26120 4504 4586 5123 5151 
26121 249 1337 1982 4679 
26122 4684 4782 4685 5175 
26123 1765 4929 4818 5131 
26124 1955 1929 1946 4904 
26125 318 317 1910 2060 
26126 4475 4782 4859 5139 
26127 1982 2002 1980 5146 
26128 1890 5112 1899 5117 
26129 1753 1745 1752 5170 
26130 2078 323 324 1917 
26131 4537 4725 1531 4735 
26132 1576 4437 1616 5128 
26133 4448 4509 4504 4794 
26134 1948 4934 4506 4963 
26135 314 4842 1911 5033 
26136 1486 1605 4506 5041 
26137 251 1979 2019 1419 
26138 316 1892 4974 4975 
26139 4577 4917 4415 5155 
26140 4559 4562 4541 5144 
26141 4440 5046 5139 5140 
26142 1798 4642 4643 5047 
26143 1929 4904 1956 5143 
26144 1339 1481 4703 5041 
26145 4768 4909 4584 5016 
26146 4449 4683 4549 4686 
26147 1756 1723 1757 4836 
26148 2017 1981 1986 5083 
26149 4476 4927 4859 5139 
26150 2009 2000 1983 4869 
26151 1473 1480 1482 4734 
26152 1549 1443 1616 5128 
26153 1765 4646 4818 4929 
26154 1611 1342 1576 4801 
26155 1798 1803 1763 5047 
26156 4632 4718 4631 5090 
26157 5096 5097 2001 5146 
26158 4909 4954 4955 5016 
26159 1339 4506 1605 5041 
26160 1765 4647 4646 4929 
26161 4847 4995 4996 5076 
26162 4456 4509 4794 4886 
26163 4630 4718 4631 4913 
26164 1443 1549 4795 5128 
26165 1616 4437 1576 4801 
26166 4909 4955 4954 5023 
26167 1427 4415 1556 5156 
26168 1605 1587 1486 4844 
26169 4680 4686 4679 4910 
26170 334 24 1899 4861 
26171 4504 4847 4509 5123 
26172 4614 4751 4548 5172 
26173 4486 4644 4666 4725 
26174 1626 4637 1443 5128 
26175 4685 5171 4548 5175 
26176 2029 2064 316 4974 
26177 1763 1800 1798 5047 
26178 4723 4838 4514 4929 
26179 1847 5069 5074 5122 
26180 4666 4724 4667 4725 
26181 1744 276 1757 4770 
26182 1926 1948 1928 4506 
26183 1968 1975 4809 4832 
26184 1899 24 334 2119 
26185 4507 4562 4559 5144 
26186 4630 4633 4631 4718 
26187 1847 5074 5121 5122 
26188 4572 4632 1719 4801 
26189 2076 321 1888 4962 
26190 4504 4586 4846 5123 
26191 1948 1928 4506 4934 
26192 1946 1948 1947 4777 
26193 5171 5173 4548 5175 
26194 4846 4847 4797 5123 
26195 194 193 1368 1759 
26196 4791 4794 4504 4797 
26197 1857 4953 4909 5027 
26198 4838 4928 4514 4929 
26199 1479 5040 5039 5041 
26200 1975 1953 1968 4809 
26201 1890 4934 303 5143 
26202 1342 4632 4720 4801 
26203 1556 4725 1531 5156 
26204 4677 4945 1883 5024 
26205 1897 4562 4508 4996 
26206 200 1342 201 4632 
26207 4953 5026 5023 5027 
26208 4513 4853 4642 5047 
26209 4449 4684 4685 5175 
26210 1956 1969 304 4905 
26211 4437 4801 4573 4944 
26212 4680 4684 4679 4686 
26213 1983 2000 2002 4591 
26214 1883 4946 5022 5024 
26215 4577 4788 4671 5035 
26216 4651 4652 1859 4850 
26217 1968 1971 1975 4832 
26218 1918 319 1919 4867 
26219 1574 1576 1342 4801 
26220 214 215 1584 1762 
26221 4455 4683 4684 4686 
26222 1860 1883 4946 5022 
26223 1847 5121 5075 5122 
26224 1798 4647 4513 5047 
26225 1422 4897 1453 5163 
26226 4677 1883 4945 5033 
26227 1734 1722 1731 4913 
26228 1720 1734 4631 4632 
26229 4466 5145 4781 5146 
26230 4510 5075 4846 5152 
26231 1846 4548 4621 4695 
26232 1775 1765 1798 4929 
26233 1899 5112 4854 5117 
26234 1473 4733 1486 4844 
26235 4848 4621 5151 5152 
26236 1948 1929 4543 4777 
26237 1798 4513 4723 5047 
26238 4642 4538 4666 4853 
26239 4504 4797 4509 4847 
26240 1798 4643 1803 5047 
26241 4513 5037 4747 5047 
26242 4941 5029 5028 5031 
26243 4652 4849 1859 4850 
26244 315 1883 4654 4985 
26245 4847 5076 4996 5123 
26246 4477 4684 4683 5175 
26247 1420 1453 1422 4897 
26248 1798 1800 4647 5047 
26249 4847 4846 5121 5123 
26250 1346 216 1763 5047 
26251 4415 4637 4583 5018 
26252 1918 23 319 2069 
26253 5096 5145 4466 5146 
26254 1926 4506 1339 5041 
26255 1339 1479 1481 5041 
26256 4538 4513 4747 4853 
26257 4637 4696 4415 4697 
26258 4437 4636 4520 5128 
26259 4440 5078 5066 5153 
26260 1798 4513 4647 4929 
26261 317 1892 1910 4670 
26262 4518 4953 4944 5027 
26263 4510 4846 5151 5152 
26264 1911 23 1918 4769 
26265 4538 4747 4644 4853 
26266 1846 4548 4711 5174 
26267 4504 4791 4792 4794 
26268 1757 1733 1744 5000 
26269 1719 200 201 4632 
26270 4455 4550 4683 4686 
26271 1859 4582 4651 4850 
26272 4449 4679 4684 4686 
26273 4637 4768 4584 5017 
26274 1816 4486 4643 5165 
26275 4666 4537 4724 4725 
26276 1968 1970 1971 4832 
26277 4683 5058 4477 5175 
26278 4637 4795 4636 5128 
26279 1486 5040 1479 5041 
26280 1969 1968 304 4755 
26281 4747 5037 1800 5047 
26282 1744 1743 1722 4673 
26283 320 2119 1899 4854 
26284 4667 4671 4668 5166 
26285 1907 4848 4996 5076 
26286 1342 4632 200 5161 
26287 2002 312 4827 4828 
26288 4504 4797 4847 5123 
26289 4847 5075 5076 5123 
26290 315 4842 1883 4985 
26291 4768 5017 4637 5018 
26292 1892 1884 1910 4823 
26293 4449 4548 5173 5175 
26294 1486 4506 4844 5041 
26295 4432 4837 4838 4839 
26296 1859 4652 4651 4975 
26297 4580 4785 5164 5165 
26298 4581 5164 4785 5165 
26299 1528 4859 4927 5140 
26300 1806 1766 1801 5135 
26301 1445 4775 4793 5066 
26302 1346 4644 4747 5047 
26303 4637 4636 4952 5128 
26304 1422 1521 1454 4968 
26305 4455 4550 4686 4910 
26306 4707 4711 4548 5174 
26307 1798 4723 4513 4929 
26308 1883 4945 4946 5024 
26309 4637 4952 4584 5128 
26310 200 1719 1720 4632 
26311 4437 4952 4636 5128 
26312 1616 1576 1574 4801 
26313 4953 4955 5023 5026 
26314 4953 4956 4955 5026 
26315 4504 4509 4996 5123 
26316 1979 2001 5097 5146 
26317 4509 4504 4794 4797 
26318 319 318 1919 2031 
26319 4535 4725 4724 4735 
26320 4537 4724 4725 4735 
26321 4600 4539 5040 5041 
26322 4477 4782 4684 5175 
26323 4486 4668 4839 5165 
26324 2001 1980 2002 5146 
26325 4440 5078 5046 5140 
26326 4449 4685 4548 5175 
26327 4848 5151 5123 5152 
26328 1486 4844 4600 5041 
26329 4537 4666 4644 4725 
26330 1847 5076 4995 5122 
26331 1722 1734 4716 4718 
26332 1888 322 321 2076 
26333 4600 4844 4506 5041 
26334 1339 1486 1479 5041 
26335 1847 5071 5069 5073 
26336 4581 4839 4668 5165 
26337 4573 4437 4944 4953 
26338 4437 4953 4699 4956 
26339 1528 4859 1387 4927 
26340 1911 314 23 4769 
26341 1473 1486 1587 4844 
26342 4506 4703 4539 5041 
26343 4440 5139 4859 5140 
26344 4572 1719 4632 4718 
26345 1946 1929 1948 4777 
26346 1979 5097 1980 5146 
26347 1346 1763 4644 5047 
26348 5058 5173 4477 5175 
26349 4940 4942 4941 5029 
26350 5039 5040 4539 5041 
26351 4943 4944 4572 5029 
26352 216 1800 1763 5047 
26353 4510 5151 5072 5152 
26354 4548 4449 5173 5174 
26355 1387 4685 4476 4859 
26356 4847 5121 5075 5123 
26357 5075 5121 4846 5123 
26358 1798 4643 4723 4929 
26359 277 5028 4572 5029 
26360 4508 4562 4509 4996 
26361 5072 5151 4621 5152 
26362 1745 1753 1756 5170 
26363 4952 4953 4437 4956 
26364 303 1948 1929 4934 
26365 1929 1955 1956 4904 
26366 1798 288 4643 4929 
26367 4577 4787 4671 4788 
26368 4671 4787 4580 4788 
26369 5035 5155 4577 5156 
26370 4535 5155 5035 5156 
26371 5075 5076 1847 5122 
26372 4440 5066 5078 5140 
26373 4631 4632 1734 4718 
26374 4486 4725 4667 5156 
26375 4583 4637 4415 4697 
26376 4537 4644 1531 4725 
26377 4543 4934 1948 4963 
26378 4996 5076 4848 5123 
26379 1948 4543 1929 4934 
26380 315 314 1883 4842 
26381 5171 5172 4548 5173 
26382 4671 5164 4668 5166 
26383 1722 1734 4718 4913 
26384 2001 5145 5096 5146 
26385 4667 5035 4788 5156 
26386 1914 4572 4944 5029 
26387 4547 5173 5058 5174 
26388 4415 4768 4637 5018 
26389 4440 5046 5078 5153 
26390 1734 4631 4718 4913 
26391 4642 4666 4644 4853 
26392 4644 4666 4538 4853 
26393 4449 4684 4683 4686 
26394 1816 4839 4581 5165 
26395 4547 4878 4877 5174 
26396 4580 5164 4671 5166 
26397 1979 1980 2001 5146 
26398 4909 4953 4955 5023 
26399 4486 4667 4668 5166 
26400 4504 4846 4797 5123 
26401 4547 5058 4878 5174 
26402 4644 4853 4747 5047 
26403 4572 4676 4716 4718 
26404 317 316 1892 2029 
26405 4577 5155 4415 5156 
26406 4509 4559 4507 4562 
26407 4508 4559 4509 4562 
26408 4486 4839 4643 5165 
26409 4477 5171 4782 5175 
26410 1720 1719 1734 4632 
26411 4548 5173 5172 5174 
26412 4667 4788 4671 5166 
26413 4788 5035 4577 5156 
26414 4676 4572 5028 5029 
26415 4449 4683 4684 5175 
26416 1899 320 24 2119 
26417 4477 5173 5171 5175 
26418 5123 5151 4846 5152 
26419 4539 4600 4506 5041 
26420 4667 4725 5035 5156 
26421 4535 5035 4725 5156 
26422 1816 4643 4839 5165 
26423 5164 5165 4668 5166 
26424 4486 4667 4788 5156 
26425 4449 4878 5058 5174 
26426 4788 5165 4580 5166 
26427 316 2064 315 4974 
26428 4486 4668 5165 5166 
26429 1719 1734 4632 4718 
26430 4449 5058 4683 5175 
26431 4513 4747 4853 5047 
26432 5075 5123 4846 5152 
26433 4486 4788 4667 5166 
26434 4449 5058 5173 5174 
26435 4486 5165 4788 5166 
26436 4580 5165 5164 5166 
26437 4449 5173 5058 5175 
26438 4671 4788 4580 5166 
26439 1897 1890 1847 4561 
26440 1858 1879 1859 4639 
26441 1722 277 1744 4717 
26442 276 1744 277 4717 
26443 313 22 2007 4806 
26444 1897 1890 4561 4841 
26445 1846 4711 1901 4877 
26446 316 1859 1892 4975 
26447 1859 1816 1884 4976 
26448 1859 4785 1816 4976 
26449 1897 4561 1847 4995 
26450 1897 4841 4561 4995 
26451 4974 4975 4652 5025 
26452 4945 4946 4941 5031 
26453 277 1883 1911 5032 
26454 1911 5032 1883 5033 
26455 276 4771 4717 5034 
26456 276 4717 277 5034 
26457 1968 4754 4809 5059 
26458 313 1888 22 5060 
26459 313 22 4806 5060 
26460 22 1888 304 5060 
26461 1846 1847 1912 5070 
26462 1912 1847 24 5071 
26463 24 1847 1899 5071 
26464 1847 4995 4561 5073 
26465 1845 1907 1847 5076 
26466 1912 4708 4710 5084 
26467 1917 1891 1901 5094 
26468 1891 4825 1901 5094 
26469 304 321 1899 5113 
26470 304 1890 303 5115 
26471 4754 5059 304 5116 
26472 287 288 1765 5131 
26473 287 1765 5130 5131 
26474 288 5131 5132 5133 
26475 1956 5115 303 5143 
26476 4811 5053 4451 4450 
26477 4451 5053 4811 4743 
26478 5127 4432 4837 4587 
26479 5127 4837 4432 4522 
26480 313 4980 4931 2023 
26481 4931 4980 313 4806 
26482 4931 2007 313 2023 
26483 313 2007 4931 4806 
26484 5001 4866 4554 4494 
26485 5001 4554 4866 4495 
26486 4868 5134 287 4864 
26487 287 5134 4868 4863 
26488 4676 5014 4633 4483 
26489 4633 5014 4676 4630 
26490 1860 5022 315 1883 
26491 1860 315 5022 5025 
26492 4698 5082 1585 1489 
26493 1585 5082 4698 4479 
26494 4733 5137 4600 4448 
26495 4600 5137 4733 4505 
26496 4710 1846 1901 1912 
26497 4710 1901 1846 4711 
26498 4851 4494 2026 4765 
26499 4851 2026 4494 4554 
26500 4665 1533 333 4465 
26501 4665 333 1533 1361 
26502 4881 2082 4533 2073 
26503 4881 4533 2082 4780 
26504 4563 4994 4511 4847 
26505 4563 4511 4994 4886 
26506 4797 4511 4994 4847 
26507 4797 4994 4511 4886 
26508 4668 4837 4839 4581 
26509 4839 4837 4668 4432 
26510 4752 2095 2096 2093 
26511 4752 2096 2095 4589 
26512 4879 4875 4740 4447 
26513 4879 4740 4875 4409 
26514 5138 2045 2062 4687 
26515 5138 2062 2045 2061 
26516 5096 5162 4467 4529 
26517 4467 5162 5096 4650 
26518 4823 5057 4431 4820 
26519 4431 5057 4823 4670 
26520 4831 4650 4870 4422 
26521 4831 4870 4650 4467 
26522 5164 4837 4597 4522 
26523 5164 4597 4837 4581 
26524 1400 1851 1852 1829 
26525 1852 1851 1400 1405 
26526 4813 4598 4957 4419 
26527 4813 4957 4598 4616 
26528 4977 4480 4741 4478 
26529 4977 4741 4480 4756 
26530 4981 5148 5051 4706 
26531 5051 5148 4981 4469 
26532 4965 4500 4918 2106 
26533 4965 4918 4500 4856 
26534 1836 1393 1394 1392 
26535 1394 1393 1836 1833 
26536 4870 4786 4729 4454 
26537 4870 4729 4786 4422 
26538 4610 1600 5067 4593 
26539 4610 5067 1600 1519 
26540 4517 5160 4608 4484 
26541 4608 5160 4517 4405 
26542 5040 4519 5079 5039 
26543 5040 5079 4519 4728 
26544 1513 1767 4482 1761 
26545 1513 4482 1767 1366 
26546 5042 4721 4437 4520 
26547 5042 4437 4721 4451 
26548 4843 5062 4551 4552 
26549 4551 5062 4843 4829 
26550 2074 5005 4464 339 
26551 4464 5005 2074 4891 
26552 5063 4852 1770 1771 
26553 5063 1770 4852 4592 
26554 4985 2064 2063 4654 
26555 2063 2064 4985 2042 
26556 2063 4821 4985 4654 
26557 4985 4821 2063 2042 
26558 4882 5024 4935 4675 
26559 4935 5024 4882 4517 
26560 5129 1333 1555 1628 
26561 5129 1555 1333 4497 
26562 4871 4698 5141 4479 
26563 4871 5141 4698 4429 
26564 4973 5092 4947 4468 
26565 5020 4463 5015 4498 
26566 5020 5015 4463 4786 
26567 4914 4871 4698 4429 
26568 4914 4698 4871 4798 
26569 5005 2074 338 339 
26570 5005 338 2074 4714 
26571 4920 5160 4882 4484 
26572 4882 5160 4920 4483 
26573 4811 4468 5053 4595 
26574 4811 5053 4468 4743 
26575 4994 4559 4563 4886 
26576 4994 4563 4559 4508 
26577 1365 5067 1447 1448 
26578 1447 5067 1365 4611 
26579 4777 4860 4426 4543 
26580 4426 4860 4777 4542 
26581 4795 1570 4635 1608 
26582 4795 4635 1570 4445 
26583 1389 1836 1390 1844 
26584 1389 1390 1836 1392 
26585 4978 4525 4764 4626 
26586 4978 4764 4525 4763 
26587 1514 1866 1865 1811 
26588 1865 1866 1514 1620 
26589 4683 4772 4950 4455 
26590 4950 4772 4683 4477 
26591 2112 4892 2088 2087 
26592 2088 4892 2112 4808 
26593 4880 5081 1431 1436 
26594 1431 5081 4880 4472 
26595 2036 5092 4973 2051 
26596 4973 5092 2036 4947 
26597 4973 2061 2036 2051 
26598 2036 2061 4973 4947 
26599 1965 4662 1964 1962 
26600 1964 4662 1965 4557 
26601 1460 1843 1842 1841 
26602 1842 1843 1460 1499 
26603 4992 4756 4724 4480 
26604 4992 4724 4756 4404 
26605 4982 4987 5001 4496 
26606 5001 4987 4982 4731 
26607 5178 5147 1533 4465 
26608 5178 1533 5147 1492 
26609 1578 1864 1461 1903 
26610 1578 1461 1864 1527 
26611 2066 4736 4493 2048 
26612 4493 4736 2066 4656 
26613 4493 4925 2066 2048 
26614 2066 4925 4493 4656 
26615 1517 1818 1516 1894 
26616 1516 1818 1517 1385 
26617 5159 4597 4579 4906 
26618 5159 4579 4597 4773 
26619 5178 4665 4604 4465 
26620 5178 4604 4665 5081 
26621 4411 4972 4707 4876 
26622 4411 4707 4972 4708 
26623 4711 4707 4972 4876 
26624 4711 4972 4707 4708 
26625 1845 1392 1881 1425 
26626 1881 1392 1845 1836 
26627 1861 1569 1812 1896 
26628 1861 1812 1569 1591 
26629 1896 1415 1507 1569 
26630 1896 1507 1415 1853 
26631 1957 1527 230 1334 
26632 230 1527 1957 1954 
26633 1527 1807 1904 1864 
26634 1527 1904 1807 1345 
26635 1436 4937 5081 4665 
26636 1436 5081 4937 4880 
26637 4472 5081 4937 4665 
26638 4472 4937 5081 4880 
26639 4740 4879 2038 4687 
26640 2038 4879 4740 4447 
26641 1520 4961 1372 1543 
26642 1520 1372 4961 4492 
26643 1607 1372 4961 1543 
26644 1607 4961 1372 4492 
26645 1542 1821 1501 1820 
26646 1501 1821 1542 1503 
26647 1867 1514 1866 1449 
26648 1867 1866 1514 1811 
26649 1569 1848 1812 1896 
26650 1812 1848 1569 1532 
26651 1821 1522 1542 1503 
26652 1821 1542 1522 1808 
26653 1821 1501 1412 1503 
26654 1412 1501 1821 1822 
26655 4824 4916 4959 4459 
26656 4959 4916 4824 4524 
26657 1504 1821 1344 1909 
26658 1504 1344 1821 1503 
26659 1344 1821 1522 1875 
26660 1344 1522 1821 1503 
26661 4865 4868 4693 4487 
26662 4693 4868 4865 4864 
26663 4834 1990 2018 2021 
26664 4834 2018 1990 4530 
26665 1470 1878 1882 1874 
26666 1470 1882 1878 1523 
26667 1508 1867 1868 1449 
26668 1868 1867 1508 1893 
26669 4662 1963 4807 1962 
26670 4662 4807 1963 4526 
26671 1511 1887 1370 1873 
26672 1370 1887 1511 1534 
26673 5095 5096 4467 4529 
26674 4467 5096 5095 4800 
26675 4467 4831 5095 4529 
26676 5095 4831 4467 4800 
26677 4911 4932 5060 1888 
26678 4911 5060 4932 4806 
26679 313 5060 4932 1888 
26680 313 4932 5060 4806 
26681 4882 4920 5111 4483 
26682 5111 4920 4882 4675 
26683 4991 4763 2094 4501 
26684 4991 2094 4763 4525 
26685 1512 1961 1863 1345 
26686 1863 1961 1512 1960 
26687 1363 1977 256 1985 
26688 256 1977 1363 1621 
26689 5158 5104 5021 4471 
26690 5158 5021 5104 4517 
26691 4702 2108 4891 4593 
26692 4702 4891 2108 2074 
26693 5095 2004 2006 4528 
26694 5095 2006 2004 2003 
26695 4890 5100 4719 4420 
26696 4890 4719 5100 4673 
26697 4715 4719 5100 4420 
26698 4715 5100 4719 4673 
26699 1587 4996 1605 1578 
26700 1605 4996 1587 4844 
26701 4828 4878 5136 4549 
26702 5136 4878 4828 4826 
26703 4944 1336 1758 1809 
26704 4944 1758 1336 4801 
26705 4915 1363 1450 4648 
26706 4915 1450 1363 1463 
26707 5050 4739 4845 4458 
26708 5050 4845 4739 4482 
26709 1961 1527 1807 1345 
26710 1807 1527 1961 1954 
26711 5067 1565 1600 1448 
26712 5067 1600 1565 4593 
26713 4869 5142 4424 4700 
26714 4424 5142 4869 4779 
26715 4504 4793 1587 4792 
26716 4504 1587 4793 5066 
26717 4785 5004 4976 4579 
26718 5003 4976 5004 4579 
26719 5003 5004 4976 1884 
26720 5010 1600 4761 4593 
26721 5010 4761 1600 1484 
26722 5165 4785 1879 4639 
26723 5165 1879 4785 1816 
26724 1859 1879 4785 4639 
26725 1859 4785 1879 1816 
26726 5157 1992 4857 4616 
26727 5157 4857 1992 1995 
26728 5126 5180 4736 4658 
26729 4736 5180 5126 5125 
26730 5005 2075 338 4634 
26731 5005 338 2075 339 
26732 5162 4831 4897 4422 
26733 5162 4897 4831 4529 
26734 1367 1923 239 1524 
26735 1367 239 1923 1931 
26736 4915 5002 1987 4648 
26737 1987 5002 4915 4813 
26738 4978 4991 4898 4501 
26739 4898 4991 4978 4626 
26740 5008 1349 2065 1340 
26741 5008 2065 1349 4925 
26742 4985 2064 315 2032 
26743 4985 315 2064 4654 
26744 4812 1782 4760 4731 
26745 4812 4760 1782 1783 
26746 5141 1965 4874 4557 
26747 5141 4874 1965 1934 
26748 4562 4844 1605 4506 
26749 1605 4844 4562 4996 
26750 1605 1928 4562 4506 
26751 4562 1928 1605 4996 
26752 5176 1431 4880 4986 
26753 5176 4880 1431 1439 
26754 1623 1813 1902 1351 
26755 1902 1813 1623 1793 
26756 1902 1792 1623 1351 
26757 1623 1792 1902 1793 
26758 5177 1550 4566 1441 
26759 5177 4566 1550 4721 
26760 5004 4840 4839 1884 
26761 5004 4839 4840 4837 
26762 1817 1792 294 1902 
26763 1817 294 1792 1791 
26764 1510 1799 224 1609 
26765 224 1799 1510 1791 
26766 1372 1977 255 1621 
26767 1372 255 1977 1993 
26768 1392 4621 1425 1845 
26769 4848 1425 4621 1845 
26770 4848 4621 1425 5066 
26771 1793 1344 221 1794 
26772 221 1344 1793 1623 
26773 4700 5145 4800 2000 
26774 4800 5145 4700 4467 
26775 4939 1971 1970 4832 
26776 4939 1970 1971 1973 
26777 5004 1816 4976 1884 
26778 5004 4976 1816 4785 
26779 5089 5176 5120 4481 
26780 5120 5176 5089 4570 
26781 5084 4780 4708 4533 
26782 5084 4708 4780 1913 
26783 4524 4708 4780 4533 
26784 4524 4780 4708 1913 
26785 1576 4437 1495 4801 
26786 1576 1495 4437 5128 
26787 4944 1495 4437 4801 
26788 4841 4934 1890 4560 
26789 1890 4934 4841 303 
26790 4908 4643 4644 4486 
26791 4908 4644 4643 4642 
26792 1610 1748 1915 1755 
26793 1915 1748 1610 1385 
26794 1534 2020 242 2011 
26795 242 2020 1534 1609 
26796 4934 4562 4508 1897 
26797 4508 4562 4934 4560 
26798 4508 4841 4934 1897 
26799 4934 4841 4508 4560 
26800 5095 1999 2004 4800 
26801 5095 2004 1999 2003 
26802 4996 4848 1587 4504 
26803 4996 1587 4848 1907 
26804 1425 1587 4848 4504 
26805 1425 4848 1587 1907 
26806 4401 4936 4797 4791 
26807 4401 4797 4936 4586 
26808 4504 4797 4936 4791 
26809 4504 4936 4797 4586 
26810 4971 4984 1742 1741 
26811 4971 1742 4984 4523 
26812 1740 1742 4984 1741 
26813 1740 4984 1742 4523 
26814 4696 1427 1626 4637 
26815 4696 1626 1427 1625 
26816 1535 1967 225 1610 
26817 225 1967 1535 1958 
26818 5004 1816 4839 4581 
26819 5004 4839 1816 1884 
26820 4975 1884 1859 1892 
26821 4975 1859 1884 4976 
26822 4578 5003 4975 1892 
26823 5003 1884 4975 1892 
26824 5003 4975 1884 4976 
26825 1946 4904 4555 1955 
26826 4555 4904 1946 4777 
26827 4506 4507 4448 4600 
26828 199 5054 1572 1720 
26829 1572 5054 199 1428 
26830 4686 1982 5146 4550 
26831 4686 5146 1982 4679 
26832 4466 4686 5146 4550 
26833 4466 5146 4686 4679 
26834 4910 4686 4466 4550 
26835 4910 4466 4686 4679 
26836 4898 2023 4624 4626 
26837 4898 4624 2023 1998 
26838 4713 4624 2023 4626 
26839 4713 2023 4624 1998 
26840 4703 233 234 1481 
26841 4703 234 233 1926 
26842 4801 4943 4632 4571 
26843 4801 4632 4943 4572 
26844 4718 4632 4943 4571 
26845 4718 4943 4632 4572 
26846 5054 1718 4912 1720 
26847 5054 4912 1718 4628 
26848 4696 1427 1556 1625 
26849 4696 1556 1427 4415 
26850 4725 1589 4644 1531 
26851 4725 4644 1589 4486 
26852 1612 4644 1589 1531 
26853 1612 1589 4644 4486 
26854 258 5082 16 1536 
26855 16 5082 258 1981 
26856 4506 5144 4562 4507 
26857 4562 5144 4506 4541 
26858 5140 1445 1389 5066 
26859 5140 1389 1445 1528 
26860 4703 1948 4919 1926 
26861 4703 4919 1948 4540 
26862 1947 4919 1948 1926 
26863 1947 1948 4919 4540 
26864 4780 325 2103 2118 
26865 4780 2103 325 1913 
26866 1889 4867 4494 1918 
26867 4494 4867 1889 4866 
26868 5156 4521 5155 4415 
26869 5156 5155 4521 4535 
26870 4788 5165 1879 4639 
26871 1879 5165 4788 4486 
26872 4718 277 1719 1734 
26873 4718 1719 277 4572 
26874 5116 5059 4962 4754 
26875 5029 4676 4941 5028 
26876 5029 4941 4676 4942 
26877 5155 4917 4583 4534 
26878 4583 4917 5155 4415 
26879 4583 4697 5155 4534 
26880 5155 4697 4583 4415 
26881 5161 1720 5090 4632 
26882 5161 5090 1720 5054 
26883 5139 4476 4782 4859 
26884 5139 4782 4476 4858 
26885 1892 4974 2029 316 
26886 2029 4974 1892 4578 
26887 5161 200 1720 4632 
26888 5161 1720 200 1572 
26889 5106 5146 4591 2002 
26890 4591 5146 5106 4781 
26891 4725 5035 4724 4667 
26892 4724 5035 4725 4535 
26893 4769 314 4842 1911 
26894 4769 4842 314 2068 
26895 4839 4486 4908 4668 
26896 4839 4908 4486 4643 
26897 4562 4844 4448 4509 
26898 4448 4844 4562 4506 
26899 4448 4507 4562 4509 
26900 4562 4507 4448 4506 
26901 4707 5174 5172 4547 
26902 5172 5174 4707 4548 
26903 4943 5029 4676 4942 
26904 4676 5029 4943 4572 
26905 5146 2001 2000 2002 
26906 2000 2001 5146 5145 
26907 2000 4591 5146 2002 
26908 5146 4591 2000 5145 
26909 4718 4943 4676 4633 
26910 4676 4943 4718 4572 
26911 315 1859 5025 1860 
26912 1914 1883 4946 1860 
26913 4946 1883 1914 5031 
26914 4946 4940 1914 1860 
26915 1911 277 5034 276 
26916 5034 277 1911 5032 
26917 277 1883 5031 1914 
26918 277 5031 1883 5032 
26919 5032 4674 5030 5031 
26920 5030 4674 5032 5034 
26921 5030 277 5032 5031 
26922 5032 277 5030 5034 
26923 4805 5059 22 4809 
26924 4805 22 5059 5060 
26925 4903 4645 1890 4561 
26926 4903 1890 4645 1899 
26927 5072 1845 5076 4848 
26928 5075 5076 5152 5070 
26929 5152 5072 5076 4848 
26930 5152 5076 5072 5070 
26931 1907 1847 4995 1897 
26932 4995 1847 1907 5076 
26933 4995 4996 1907 1897 
26934 1907 4996 4995 5076 
26935 321 1899 4854 320 
26936 4854 1899 321 5113 
26937 4854 2104 321 320 
26938 304 321 5116 1888 
26939 304 5116 321 5113 
26940 304 1899 5112 5113 
26941 5112 5114 304 5113 
26942 5156 1426 4768 1879 
26943 5156 4768 1426 1427 
26944 5159 4579 4578 4906 
26945 5159 4578 4579 4651 
26946 5003 4578 4579 4906 
26947 4976 4785 4582 1859 
26948 4582 4785 4976 4579 
26949 4582 4651 4976 1859 
26950 4976 4651 4582 4579 
26951 1346 4960 1531 1530 
26952 1346 1531 4960 4644 
26953 4537 1531 4960 1530 
26954 4537 4960 1531 4644 
26955 1890 5112 304 1899 
26956 1890 304 5112 5115 
26957 5029 4940 4944 1914 
26958 5029 4944 4940 4942 
26959 5069 5073 5122 1847 
26960 5122 5073 5069 5068 
26961 4861 4969 24 5071 
26962 1912 24 4969 5071 
26963 1847 1899 4561 1890 
26964 4645 4561 1899 1890 
26965 4639 4917 5156 4788 
26966 4577 5156 4917 4788 
26967 4577 4917 5156 4415 
26968 1389 1425 4621 5066 
26969 4621 1425 1389 1392 
26970 4584 1495 4953 4944 
26971 4584 4953 1495 5128 
26972 4437 4953 1495 4944 
26973 4437 1495 4953 5128 
26974 4578 5003 4815 4906 
26975 4578 4815 5003 1892 
26976 4946 4941 5029 4940 
26977 5029 4941 4946 5031 
26978 5029 1914 4946 4940 
26979 4946 1914 5029 5031 
26980 4780 2118 24 325 
26981 24 1913 4780 325 
26982 1847 5070 1845 5076 
26983 1847 1845 5070 1846 
26984 5072 1845 5070 5076 
26985 5072 5070 1845 1846 
26986 321 4854 4569 2104 
26987 4569 4854 321 5113 
26988 304 5112 4905 5114 
26989 4905 5112 304 5115 
26990 4911 5060 4764 1888 
26991 4911 4764 5060 5059 
26992 5060 304 5116 1888 
26993 5060 5116 304 5059 
26994 4962 5060 5116 1888 
26995 4962 5116 5060 5059 
26996 4764 5060 4962 1888 
26997 4764 4962 5060 5059 
26998 5123 5152 5076 4848 
26999 5076 5152 5123 5075 
27000 1859 315 4975 316 
27001 1859 4975 315 5025 
27002 4974 4975 315 316 
27003 4974 315 4975 5025 
27004 4579 4651 4975 4976 
27005 4975 4651 4579 4578 
27006 4975 5003 4579 4976 
27007 4579 5003 4975 4578 
27008 4969 24 4780 4861 
27009 1912 24 4780 4969 
27010 4780 24 1912 1913 
27011 4780 5084 1912 4969 
27012 1912 5084 4780 1913 
27013 1899 4645 5073 4561 
27014 5073 4645 1899 5071 
27015 5073 1847 1899 4561 
27016 1899 1847 5073 5071 
27017 4917 5156 4768 4639 
27018 4917 4768 5156 4415 
27019 4780 2082 334 2118 
27020 334 2082 4780 4861 
27021 334 24 4780 2118 
27022 4780 24 334 4861 
3 10 4 168
27023 2027 5181 328 5184 
27024 2041 5181 2039 5184 
27025 2026 328 5181 5184 
27026 2042 5181 2027 5184 
27027 2039 5181 2042 5184 
27028 2049 5181 2041 5184 
27029 328 2027 2058 5181 
27030 2049 2026 5181 5184 
27031 2063 2039 2041 5181 
27032 332 5183 2052 5185 
27033 332 2052 2025 5185 
27034 329 2027 328 5184 
27035 2042 2039 2063 5181 
27036 2058 2027 2042 5181 
27037 2057 2026 328 5181 
27038 2041 2049 2059 5181 
27039 2052 5183 2062 5185 
27040 2025 2052 2062 5185 
27041 2120 327 2068 5181 
27042 2059 2049 2026 5181 
27043 2067 5183 2047 5185 
27044 2069 327 2120 5181 
27045 2035 2042 2027 5184 
27046 2026 329 328 5184 
27047 2040 2041 2039 5184 
27048 2067 2062 5183 5185 
27049 332 2033 5183 5185 
27050 2035 2039 2042 5184 
27051 2067 2047 2045 5185 
27052 2067 2045 2062 5185 
27053 2031 2120 2060 5181 
27054 2059 2026 2057 5181 
27055 2120 2068 2032 5181 
27056 2069 2120 2031 5181 
27057 2071 1714 333 5183 
27058 333 1714 2070 5183 
27059 2047 5183 2048 5185 
27060 2071 2056 1714 5183 
27061 2048 5183 2033 5185 
27062 2055 2070 1714 5183 
27063 2029 2060 2120 5181 
27064 2028 2065 1714 5183 
27065 2028 1714 2056 5183 
27066 2030 1714 2065 5183 
27067 2040 2049 2041 5184 
27068 2037 5182 2043 5184 
27069 2055 1714 2030 5183 
27070 2051 5182 331 5185 
27071 330 5182 2034 5184 
27072 2044 5182 2038 5185 
27073 2055 2070 259 1714 
27074 329 330 2034 5184 
27075 2066 2033 2048 5183 
27076 2037 2043 2040 5184 
27077 2038 2044 2043 5182 
27078 2064 2120 2032 5181 
27079 2065 2030 261 1714 
27080 2066 2048 2047 5183 
27081 2034 5182 2036 5184 
27082 2061 5182 2051 5185 
27083 2037 2036 5182 5184 
27084 333 17 2070 1714 
27085 17 333 2071 1714 
27086 2025 2051 331 5185 
27087 2028 2065 262 1714 
27088 259 260 2055 1714 
27089 2064 2029 2120 5181 
27090 328 2058 327 5181 
27091 331 2051 330 5182 
27092 2030 2055 260 1714 
27093 332 2053 2033 5185 
27094 2056 2028 263 1714 
27095 328 327 2057 5181 
27096 2045 2047 2044 5185 
27097 330 2051 2034 5182 
27098 331 332 2025 5185 
27099 2061 2038 5182 5185 
27100 333 2052 332 5183 
27101 2065 261 262 1714 
27102 2037 2035 2036 5184 
27103 2034 2036 2035 5184 
27104 2071 2056 264 1714 
27105 2025 2061 2051 5185 
27106 2046 2043 5182 5184 
27107 2027 329 2034 5184 
27108 2050 5182 2044 5185 
27109 2036 2051 2061 5182 
27110 2048 2033 2053 5185 
27111 2038 2043 2037 5182 
27112 2034 2051 2036 5182 
27113 2024 331 5182 5185 
27114 2050 2043 2044 5182 
27115 2027 2034 2035 5184 
27116 2036 2061 2038 5182 
27117 2038 2037 2036 5182 
27118 2054 5182 330 5184 
27119 2044 2047 2048 5185 
27120 2046 2040 2043 5184 
27121 327 2058 2068 5181 
27122 263 264 2056 1714 
27123 2063 2041 2029 5181 
27124 2035 2037 2039 5184 
27125 329 2054 330 5184 
27126 2039 2037 2040 5184 
27127 2038 2045 2044 5185 
27128 2069 2031 2057 5181 
27129 2029 2041 2060 5181 
27130 327 2069 2057 5181 
27131 2038 2061 2045 5185 
27132 2032 2068 2058 5181 
27133 2033 333 332 5183 
27134 2047 2065 2028 5183 
27135 2030 260 261 1714 
27136 331 2053 332 5185 
27137 2024 331 330 5182 
27138 2071 264 17 1714 
27139 2062 2030 2067 5183 
27140 2032 2058 2042 5181 
27141 2042 2063 2064 5181 
27142 2042 2064 2032 5181 
27143 2025 2062 2061 5185 
27144 2050 2024 5182 5185 
27145 17 259 2070 1714 
27146 2052 2055 2062 5183 
27147 262 263 2028 1714 
27148 2047 2028 2066 5183 
27149 2062 2055 2030 5183 
27150 2061 2062 2045 5185 
27151 2070 2052 333 5183 
27152 2028 2056 2066 5183 
27153 2031 2059 2057 5181 
27154 2033 2056 2071 5183 
27155 2067 2065 2047 5183 
27156 2046 5182 2054 5184 
27157 2069 2120 319 2031 
27158 2060 2041 2059 5181 
27159 23 327 2068 2120 
27160 2024 2053 331 5185 
27161 23 327 2120 2069 
27162 2067 2030 2065 5183 
27163 2033 2066 2056 5183 
27164 2070 2055 2052 5183 
27165 2050 2053 2024 5185 
27166 2033 2071 333 5183 
27167 2060 2059 2031 5181 
27168 2050 2048 2053 5185 
27169 2050 2044 2048 5185 
27170 2054 2024 330 5182 
27171 2054 2046 2024 5182 
27172 2049 2054 2026 5184 
27173 2026 2054 329 5184 
27174 2064 2063 2029 5181 
27175 2050 2024 2046 5182 
27176 2050 2046 2043 5182 
27177 2031 2120 318 2060 
27178 2049 2046 2054 5184 
27179 2049 2040 2046 5184 
27180 2060 2120 317 2029 
27181 2120 2068 314 2032 
27182 2120 319 23 2069 
27183 2120 318 319 2031 
27184 317 318 2120 2060 
27185 314 23 2068 2120 
27186 2029 2120 316 2064 
27187 2064 2120 315 2032 
27188 316 317 2120 2029 
27189 2120 314 315 2032 
27190 315 316 2120 2064 
3 11 4 161
27191 2112 2088 338 5188 
27192 2084 2073 2085 5188 
27193 2073 2083 2085 5187 
27194 2092 338 2088 5188 
27195 339 2102 2091 5186 
27196 335 2073 2100 5187 
27197 2091 2075 339 5186 
27198 2098 2112 338 5188 
27199 2092 338 2112 2088 
27200 2112 2090 338 2092 
27201 2092 2112 2090 2088 
27202 2090 338 2074 2112 
27203 2073 2095 2085 5188 
27204 2091 2102 339 2075 
27205 2090 2074 338 2092 
27206 2075 2074 338 2112 
27207 2101 2091 2102 5186 
27208 2102 2074 339 2075 
27209 2085 2095 2093 5188 
27210 2099 338 2092 5188 
27211 2091 2107 2075 5186 
27212 2085 2083 2113 5187 
27213 2106 339 2075 5186 
27214 2108 2102 339 5186 
27215 336 335 2073 2100 
27216 2085 2113 2094 5187 
27217 2092 2088 2089 5188 
27218 336 2073 2097 5188 
27219 2090 2102 2101 2091 
27220 2090 2102 2074 2092 
27221 2084 2097 2073 5188 
27222 335 2082 2073 5187 
27223 2073 2084 2085 2083 
27224 2095 2105 2100 5187 
27225 2106 2075 2107 5186 
27226 2088 2090 2092 2089 
27227 339 2108 2074 2102 
27228 2112 2091 2090 2088 
27229 2099 338 2074 2092 
27230 338 2075 2112 2098 
27231 336 2072 2100 5188 
27232 2073 2082 2083 5187 
27233 2095 2094 2105 5187 
27234 2100 2081 335 5187 
27235 2098 338 337 5188 
27236 338 339 2074 2075 
27237 2114 2091 2101 5186 
27238 2084 2085 2086 5188 
27239 338 2099 337 5188 
27240 2105 2081 2100 5187 
27241 2100 2072 2095 5188 
27242 2093 2086 2085 5188 
27243 334 2121 2118 5187 
27244 2114 2107 2091 5186 
27245 2101 2102 2115 5186 
27246 2115 2102 2108 5186 
27247 2107 2091 2075 2112 
27248 2093 2085 2094 2095 
27249 2119 2121 334 5187 
27250 340 2117 1715 5186 
27251 2119 2104 2121 5187 
27252 2078 2121 2109 5187 
27253 1715 340 18 2117 
27254 1715 2111 2077 5186 
27255 2103 2118 2121 5187 
27256 2116 340 1715 5186 
27257 1715 2079 2111 5186 
27258 1715 2117 2079 5186 
27259 2078 2103 2121 5187 
27260 2116 1715 2080 5186 
27261 18 340 1715 2116 
27262 2080 1715 2110 5186 
27263 2077 1715 268 2111 
27264 2111 1715 269 2079 
27265 1715 2077 2110 5186 
27266 2095 2096 2093 5188 
27267 2079 1715 270 2117 
27268 340 339 2106 5186 
27269 2109 2121 2076 5187 
27270 335 2081 334 5187 
27271 2110 1715 267 2077 
27272 2076 2121 2104 5187 
27273 2086 2089 2088 5188 
27274 2116 1715 265 2080 
27275 2087 2086 2088 5188 
27276 2082 335 334 5187 
27277 2095 2072 2096 5188 
27278 336 2097 337 5188 
27279 323 2109 2078 2121 
27280 268 267 1715 2077 
27281 2121 2103 325 2118 
27282 2080 1715 266 2110 
27283 270 269 1715 2079 
27284 1715 265 18 2116 
27285 2092 2089 2096 5188 
27286 2086 2093 2089 5188 
27287 2084 2086 2087 5188 
27288 2084 2087 2097 5188 
27289 340 2108 339 5186 
27290 2099 2092 2096 5188 
27291 337 2097 2098 5188 
27292 269 268 1715 2111 
27293 2101 2077 2114 5186 
27294 2082 2103 2083 5187 
27295 18 270 1715 2117 
27296 2110 2077 2101 5186 
27297 2098 2097 2087 5188 
27298 2096 2089 2093 5188 
27299 2079 2117 2106 5186 
27300 266 265 1715 2080 
27301 2083 2078 2113 5187 
27302 2103 2078 2083 5187 
27303 2081 2105 2104 5187 
27304 2110 2101 2115 5186 
27305 2082 334 2118 5187 
27306 2104 2119 2081 5187 
27307 2078 2103 324 2121 
27308 2081 2119 334 5187 
27309 2119 2104 320 2121 
27310 2106 2117 340 5186 
27311 336 337 2072 5188 
27312 2107 2079 2106 5186 
27313 2094 2076 2105 5187 
27314 2094 2109 2076 5187 
27315 2113 2109 2094 5187 
27316 2077 2111 2114 5186 
27317 2111 2107 2114 5186 
27318 2111 2079 2107 5186 
27319 267 266 1715 2110 
27320 2082 2118 2103 5187 
27321 2108 2116 2080 5186 
27322 2108 2080 2115 5186 
27323 2115 2080 2110 5186 
27324 2076 2104 2105 5187 
27325 2108 340 2116 5186 
27326 325 324 2103 2121 
27327 2099 2096 2072 5188 
27328 2109 2113 2078 5187 
27329 337 2099 2072 5188 
27330 2078 324 323 2121 
27331 2076 2109 322 2121 
27332 2109 323 322 2121 
27333 24 334 2121 2118 
27334 24 334 2119 2121 
27335 2104 2076 321 2121 
27336 2121 325 24 2118 
27337 2119 320 24 2121 
27338 321 320 2104 2121 
27339 322 321 2076 2121 
27340 2073 2095 2094 2085 
27341 2094 5187 2073 2085 
27342 2091 2112 2102 2075 
27343 2091 2102 2112 2090 
27344 2074 2102 2112 2075 
27345 2074 2112 2102 2090 
27346 2100 5188 2073 336 
27347 2073 5188 2100 2095 
27348 5187 2095 2073 2100 
27349 5187 2073 2095 2094 
27350 5188 2112 2087 2098 
27351 5188 2087 2112 2088 
$EndElements
